usage_date,raw_material_name,consumed_quantity,unit,activity_type,finished_product_name
2026-03-01,"Bell Pepper",152.89,g,"Production Batch Processing","Kibets (Crispy Chiton)"
2026-03-01,"Butter/Margarine",665.32,g,"Production Batch Processing","Binayong Hipon"
2026-03-01,"Cabbage",379.12,g,"Production Batch Processing","Crispy Bucheron"
2026-03-01,"Carrots",321.76,g,"Production Batch Processing","Salted Banana Chips"
2026-03-01,"Chicken",1215.08,g,"Production Batch Processing","Creamy Peanut Butter"
2026-03-01,"Chiton",2019.87,g,"Production Batch Processing","Crunchy Peanut Butter"
2026-03-01,"Cooking Oil",17.49,L,"Production Batch Processing","Biscocho Chips"
2026-03-01,"Garlic",252.05,g,"Production Batch Processing","Kibets (Crispy Chiton)"
2026-03-01,"Ground Pepper",67.46,g,"Production Batch Processing","Binayong Hipon"
2026-03-01,"Honey",513.29,ml,"Production Batch Processing","Crispy Bucheron"
2026-03-01,"Loaf Bread",8.11,pcs,"Production Batch Processing","Salted Banana Chips"
2026-03-01,"Onion",350.9,g,"Production Batch Processing","Creamy Peanut Butter"
2026-03-01,"Oyster Sauce",135.4,ml,"Production Batch Processing","Crunchy Peanut Butter"
2026-03-01,"Peanuts",3164.72,g,"Production Batch Processing","Biscocho Chips"
2026-03-01,"Pork",1328.96,g,"Production Batch Processing","Kibets (Crispy Chiton)"
2026-03-01,"Pork Skin",2352.18,g,"Production Batch Processing","Binayong Hipon"
2026-03-01,"Raw Bananas",3392.27,g,"Production Batch Processing","Crispy Bucheron"
2026-03-01,"Salt",249.98,g,"Production Batch Processing","Salted Banana Chips"
2026-03-01,"Sea Salt",124.03,g,"Production Batch Processing","Creamy Peanut Butter"
2026-03-01,"Sesame Oil",88.99,ml,"Production Batch Processing","Crunchy Peanut Butter"
2026-03-01,"Small Shrimp",3384.17,g,"Production Batch Processing","Biscocho Chips"
2026-03-01,"Soy Sauce",214.45,ml,"Production Batch Processing","Kibets (Crispy Chiton)"
2026-03-01,"Spring Onion",142.52,g,"Production Batch Processing","Binayong Hipon"
2026-03-01,"Sugar",582.6,g,"Production Batch Processing","Crispy Bucheron"
2026-03-01,"Turmeric Powder",80.63,g,"Production Batch Processing","Salted Banana Chips"
2026-03-01,"Water",45.73,L,"Production Batch Processing","Creamy Peanut Butter"
2026-03-02,"Bell Pepper",105.66,g,"Production Batch Processing","Kibets (Crispy Chiton)"
2026-03-02,"Butter/Margarine",414.78,g,"Production Batch Processing","Binayong Hipon"
2026-03-02,"Cabbage",298.87,g,"Production Batch Processing","Crispy Bucheron"
2026-03-02,"Carrots",207.22,g,"Production Batch Processing","Salted Banana Chips"
2026-03-02,"Chicken",931.75,g,"Production Batch Processing","Creamy Peanut Butter"
2026-03-02,"Chiton",1589.83,g,"Production Batch Processing","Crunchy Peanut Butter"
2026-03-02,"Cooking Oil",11.83,L,"Production Batch Processing","Biscocho Chips"
2026-03-02,"Garlic",158.76,g,"Production Batch Processing","Kibets (Crispy Chiton)"
2026-03-02,"Ground Pepper",47.22,g,"Production Batch Processing","Binayong Hipon"
2026-03-02,"Honey",328.94,ml,"Production Batch Processing","Crispy Bucheron"
2026-03-02,"Loaf Bread",5.66,pcs,"Production Batch Processing","Salted Banana Chips"
2026-03-02,"Onion",290.27,g,"Production Batch Processing","Creamy Peanut Butter"
2026-03-02,"Oyster Sauce",111.21,ml,"Production Batch Processing","Crunchy Peanut Butter"
2026-03-02,"Peanuts",1916.94,g,"Production Batch Processing","Biscocho Chips"
2026-03-02,"Pork",933.42,g,"Production Batch Processing","Kibets (Crispy Chiton)"
2026-03-02,"Pork Skin",1640.79,g,"Production Batch Processing","Binayong Hipon"
2026-03-02,"Raw Bananas",2818.07,g,"Production Batch Processing","Crispy Bucheron"
2026-03-02,"Salt",173.49,g,"Production Batch Processing","Salted Banana Chips"
2026-03-02,"Sea Salt",85.26,g,"Production Batch Processing","Creamy Peanut Butter"
2026-03-02,"Sesame Oil",72.74,ml,"Production Batch Processing","Crunchy Peanut Butter"
2026-03-02,"Small Shrimp",2351.8,g,"Production Batch Processing","Biscocho Chips"
2026-03-02,"Soy Sauce",170.51,ml,"Production Batch Processing","Kibets (Crispy Chiton)"
2026-03-02,"Spring Onion",109.81,g,"Production Batch Processing","Binayong Hipon"
2026-03-02,"Sugar",450.17,g,"Production Batch Processing","Crispy Bucheron"
2026-03-02,"Turmeric Powder",59.29,g,"Production Batch Processing","Salted Banana Chips"
2026-03-02,"Water",30.99,L,"Production Batch Processing","Creamy Peanut Butter"
2026-03-03,"Bell Pepper",119.87,g,"Production Batch Processing","Kibets (Crispy Chiton)"
2026-03-03,"Butter/Margarine",403.26,g,"Production Batch Processing","Binayong Hipon"
2026-03-03,"Cabbage",266.12,g,"Production Batch Processing","Crispy Bucheron"
2026-03-03,"Carrots",238.77,g,"Production Batch Processing","Salted Banana Chips"
2026-03-03,"Chicken",907.51,g,"Production Batch Processing","Creamy Peanut Butter"
2026-03-03,"Chiton",1700.56,g,"Production Batch Processing","Crunchy Peanut Butter"
2026-03-03,"Cooking Oil",13.36,L,"Production Batch Processing","Biscocho Chips"
2026-03-03,"Garlic",200.91,g,"Production Batch Processing","Kibets (Crispy Chiton)"
2026-03-03,"Ground Pepper",45.71,g,"Production Batch Processing","Binayong Hipon"
2026-03-03,"Honey",324.24,ml,"Production Batch Processing","Crispy Bucheron"
2026-03-03,"Loaf Bread",5.62,pcs,"Production Batch Processing","Salted Banana Chips"
2026-03-03,"Onion",311.37,g,"Production Batch Processing","Creamy Peanut Butter"
2026-03-03,"Oyster Sauce",107.59,ml,"Production Batch Processing","Crunchy Peanut Butter"
2026-03-03,"Peanuts",1942.55,g,"Production Batch Processing","Biscocho Chips"
2026-03-03,"Pork",1018.94,g,"Production Batch Processing","Kibets (Crispy Chiton)"
2026-03-03,"Pork Skin",2013.33,g,"Production Batch Processing","Binayong Hipon"
2026-03-03,"Raw Bananas",2485.78,g,"Production Batch Processing","Crispy Bucheron"
2026-03-03,"Salt",201.43,g,"Production Batch Processing","Salted Banana Chips"
2026-03-03,"Sea Salt",102.08,g,"Production Batch Processing","Creamy Peanut Butter"
2026-03-03,"Sesame Oil",61.33,ml,"Production Batch Processing","Crunchy Peanut Butter"
2026-03-03,"Small Shrimp",2461.51,g,"Production Batch Processing","Biscocho Chips"
2026-03-03,"Soy Sauce",168.7,ml,"Production Batch Processing","Kibets (Crispy Chiton)"
2026-03-03,"Spring Onion",122.54,g,"Production Batch Processing","Binayong Hipon"
2026-03-03,"Sugar",405.66,g,"Production Batch Processing","Crispy Bucheron"
2026-03-03,"Turmeric Powder",48.62,g,"Production Batch Processing","Salted Banana Chips"
2026-03-03,"Water",36.33,L,"Production Batch Processing","Creamy Peanut Butter"
2026-03-04,"Bell Pepper",123.48,g,"Production Batch Processing","Kibets (Crispy Chiton)"
2026-03-04,"Butter/Margarine",403.45,g,"Production Batch Processing","Binayong Hipon"
2026-03-04,"Cabbage",293.87,g,"Production Batch Processing","Crispy Bucheron"
2026-03-04,"Carrots",210.64,g,"Production Batch Processing","Salted Banana Chips"
2026-03-04,"Chicken",919.55,g,"Production Batch Processing","Creamy Peanut Butter"
2026-03-04,"Chiton",1532.82,g,"Production Batch Processing","Crunchy Peanut Butter"
2026-03-04,"Cooking Oil",11.06,L,"Production Batch Processing","Biscocho Chips"
2026-03-04,"Garlic",193.46,g,"Production Batch Processing","Kibets (Crispy Chiton)"
2026-03-04,"Ground Pepper",48.13,g,"Production Batch Processing","Binayong Hipon"
2026-03-04,"Honey",328.63,ml,"Production Batch Processing","Crispy Bucheron"
2026-03-04,"Loaf Bread",6.28,pcs,"Production Batch Processing","Salted Banana Chips"
2026-03-04,"Onion",273.49,g,"Production Batch Processing","Creamy Peanut Butter"
2026-03-04,"Oyster Sauce",104.61,ml,"Production Batch Processing","Crunchy Peanut Butter"
2026-03-04,"Peanuts",1851.5,g,"Production Batch Processing","Biscocho Chips"
2026-03-04,"Pork",930.8,g,"Production Batch Processing","Kibets (Crispy Chiton)"
2026-03-04,"Pork Skin",1730.35,g,"Production Batch Processing","Binayong Hipon"
2026-03-04,"Raw Bananas",2771.84,g,"Production Batch Processing","Crispy Bucheron"
2026-03-04,"Salt",206,g,"Production Batch Processing","Salted Banana Chips"
2026-03-04,"Sea Salt",86.92,g,"Production Batch Processing","Creamy Peanut Butter"
2026-03-04,"Sesame Oil",66.86,ml,"Production Batch Processing","Crunchy Peanut Butter"
2026-03-04,"Small Shrimp",2509.09,g,"Production Batch Processing","Biscocho Chips"
2026-03-04,"Soy Sauce",161.59,ml,"Production Batch Processing","Kibets (Crispy Chiton)"
2026-03-04,"Spring Onion",113.78,g,"Production Batch Processing","Binayong Hipon"
2026-03-04,"Sugar",395.95,g,"Production Batch Processing","Crispy Bucheron"
2026-03-04,"Turmeric Powder",55.54,g,"Production Batch Processing","Salted Banana Chips"
2026-03-04,"Water",34.17,L,"Production Batch Processing","Creamy Peanut Butter"
2026-03-05,"Bell Pepper",121.78,g,"Production Batch Processing","Kibets (Crispy Chiton)"
2026-03-05,"Butter/Margarine",410.3,g,"Production Batch Processing","Binayong Hipon"
2026-03-05,"Cabbage",295.19,g,"Production Batch Processing","Crispy Bucheron"
2026-03-05,"Carrots",216.63,g,"Production Batch Processing","Salted Banana Chips"
2026-03-05,"Chicken",1003.45,g,"Production Batch Processing","Creamy Peanut Butter"
2026-03-05,"Chiton",1558.15,g,"Production Batch Processing","Crunchy Peanut Butter"
2026-03-05,"Cooking Oil",11.98,L,"Production Batch Processing","Biscocho Chips"
2026-03-05,"Garlic",194.19,g,"Production Batch Processing","Kibets (Crispy Chiton)"
2026-03-05,"Ground Pepper",45.75,g,"Production Batch Processing","Binayong Hipon"
2026-03-05,"Honey",376.91,ml,"Production Batch Processing","Crispy Bucheron"
2026-03-05,"Loaf Bread",6.65,pcs,"Production Batch Processing","Salted Banana Chips"
2026-03-05,"Onion",262.5,g,"Production Batch Processing","Creamy Peanut Butter"
2026-03-05,"Oyster Sauce",108.61,ml,"Production Batch Processing","Crunchy Peanut Butter"
2026-03-05,"Peanuts",1908.38,g,"Production Batch Processing","Biscocho Chips"
2026-03-05,"Pork",994.03,g,"Production Batch Processing","Kibets (Crispy Chiton)"
2026-03-05,"Pork Skin",1593.31,g,"Production Batch Processing","Binayong Hipon"
2026-03-05,"Raw Bananas",2773.13,g,"Production Batch Processing","Crispy Bucheron"
2026-03-05,"Salt",176.99,g,"Production Batch Processing","Salted Banana Chips"
2026-03-05,"Sea Salt",92.55,g,"Production Batch Processing","Creamy Peanut Butter"
2026-03-05,"Sesame Oil",60.83,ml,"Production Batch Processing","Crunchy Peanut Butter"
2026-03-05,"Small Shrimp",2372.99,g,"Production Batch Processing","Biscocho Chips"
2026-03-05,"Soy Sauce",175.54,ml,"Production Batch Processing","Kibets (Crispy Chiton)"
2026-03-05,"Spring Onion",118.7,g,"Production Batch Processing","Binayong Hipon"
2026-03-05,"Sugar",384.97,g,"Production Batch Processing","Crispy Bucheron"
2026-03-05,"Turmeric Powder",48.44,g,"Production Batch Processing","Salted Banana Chips"
2026-03-05,"Water",31.84,L,"Production Batch Processing","Creamy Peanut Butter"
2026-03-06,"Bell Pepper",107.95,g,"Production Batch Processing","Kibets (Crispy Chiton)"
2026-03-06,"Butter/Margarine",491.54,g,"Production Batch Processing","Binayong Hipon"
2026-03-06,"Cabbage",281.66,g,"Production Batch Processing","Crispy Bucheron"
2026-03-06,"Carrots",236.96,g,"Production Batch Processing","Salted Banana Chips"
2026-03-06,"Chicken",893.32,g,"Production Batch Processing","Creamy Peanut Butter"
2026-03-06,"Chiton",1774.79,g,"Production Batch Processing","Crunchy Peanut Butter"
2026-03-06,"Cooking Oil",13.6,L,"Production Batch Processing","Biscocho Chips"
2026-03-06,"Garlic",176.91,g,"Production Batch Processing","Kibets (Crispy Chiton)"
2026-03-06,"Ground Pepper",49.36,g,"Production Batch Processing","Binayong Hipon"
2026-03-06,"Honey",355.63,ml,"Production Batch Processing","Crispy Bucheron"
2026-03-06,"Loaf Bread",6.5,pcs,"Production Batch Processing","Salted Banana Chips"
2026-03-06,"Onion",270.07,g,"Production Batch Processing","Creamy Peanut Butter"
2026-03-06,"Oyster Sauce",109.17,ml,"Production Batch Processing","Crunchy Peanut Butter"
2026-03-06,"Peanuts",1992.31,g,"Production Batch Processing","Biscocho Chips"
2026-03-06,"Pork",1026.86,g,"Production Batch Processing","Kibets (Crispy Chiton)"
2026-03-06,"Pork Skin",1620.88,g,"Production Batch Processing","Binayong Hipon"
2026-03-06,"Raw Bananas",2413.17,g,"Production Batch Processing","Crispy Bucheron"
2026-03-06,"Salt",177.07,g,"Production Batch Processing","Salted Banana Chips"
2026-03-06,"Sea Salt",93.86,g,"Production Batch Processing","Creamy Peanut Butter"
2026-03-06,"Sesame Oil",71.38,ml,"Production Batch Processing","Crunchy Peanut Butter"
2026-03-06,"Small Shrimp",2294.27,g,"Production Batch Processing","Biscocho Chips"
2026-03-06,"Soy Sauce",162.8,ml,"Production Batch Processing","Kibets (Crispy Chiton)"
2026-03-06,"Spring Onion",97.57,g,"Production Batch Processing","Binayong Hipon"
2026-03-06,"Sugar",411.59,g,"Production Batch Processing","Crispy Bucheron"
2026-03-06,"Turmeric Powder",57,g,"Production Batch Processing","Salted Banana Chips"
2026-03-06,"Water",32.31,L,"Production Batch Processing","Creamy Peanut Butter"
2026-03-07,"Bell Pepper",173.78,g,"Production Batch Processing","Kibets (Crispy Chiton)"
2026-03-07,"Butter/Margarine",601.85,g,"Production Batch Processing","Binayong Hipon"
2026-03-07,"Cabbage",397.37,g,"Production Batch Processing","Crispy Bucheron"
2026-03-07,"Carrots",277.24,g,"Production Batch Processing","Salted Banana Chips"
2026-03-07,"Chicken",1360.97,g,"Production Batch Processing","Creamy Peanut Butter"
2026-03-07,"Chiton",2353.38,g,"Production Batch Processing","Crunchy Peanut Butter"
2026-03-07,"Cooking Oil",16.54,L,"Production Batch Processing","Biscocho Chips"
2026-03-07,"Garlic",253.03,g,"Production Batch Processing","Kibets (Crispy Chiton)"
2026-03-07,"Ground Pepper",65.48,g,"Production Batch Processing","Binayong Hipon"
2026-03-07,"Honey",449.74,ml,"Production Batch Processing","Crispy Bucheron"
2026-03-07,"Loaf Bread",7.36,pcs,"Production Batch Processing","Salted Banana Chips"
2026-03-07,"Onion",335.08,g,"Production Batch Processing","Creamy Peanut Butter"
2026-03-07,"Oyster Sauce",140.46,ml,"Production Batch Processing","Crunchy Peanut Butter"
2026-03-07,"Peanuts",2738.01,g,"Production Batch Processing","Biscocho Chips"
2026-03-07,"Pork",1194.14,g,"Production Batch Processing","Kibets (Crispy Chiton)"
2026-03-07,"Pork Skin",2695.93,g,"Production Batch Processing","Binayong Hipon"
2026-03-07,"Raw Bananas",3123.38,g,"Production Batch Processing","Crispy Bucheron"
2026-03-07,"Salt",226.97,g,"Production Batch Processing","Salted Banana Chips"
2026-03-07,"Sea Salt",125.24,g,"Production Batch Processing","Creamy Peanut Butter"
2026-03-07,"Sesame Oil",89.34,ml,"Production Batch Processing","Crunchy Peanut Butter"
2026-03-07,"Small Shrimp",2996.36,g,"Production Batch Processing","Biscocho Chips"
2026-03-07,"Soy Sauce",212.12,ml,"Production Batch Processing","Kibets (Crispy Chiton)"
2026-03-07,"Spring Onion",149.48,g,"Production Batch Processing","Binayong Hipon"
2026-03-07,"Sugar",532.91,g,"Production Batch Processing","Crispy Bucheron"
2026-03-07,"Turmeric Powder",76.28,g,"Production Batch Processing","Salted Banana Chips"
2026-03-07,"Water",49.19,L,"Production Batch Processing","Creamy Peanut Butter"
2026-03-08,"Bell Pepper",143.39,g,"Production Batch Processing","Kibets (Crispy Chiton)"
2026-03-08,"Butter/Margarine",575.01,g,"Production Batch Processing","Binayong Hipon"
2026-03-08,"Cabbage",380.77,g,"Production Batch Processing","Crispy Bucheron"
2026-03-08,"Carrots",317.81,g,"Production Batch Processing","Salted Banana Chips"
2026-03-08,"Chicken",1275.64,g,"Production Batch Processing","Creamy Peanut Butter"
2026-03-08,"Chiton",2041.47,g,"Production Batch Processing","Crunchy Peanut Butter"
2026-03-08,"Cooking Oil",15.92,L,"Production Batch Processing","Biscocho Chips"
2026-03-08,"Garlic",230.98,g,"Production Batch Processing","Kibets (Crispy Chiton)"
2026-03-08,"Ground Pepper",65.13,g,"Production Batch Processing","Binayong Hipon"
2026-03-08,"Honey",442.05,ml,"Production Batch Processing","Crispy Bucheron"
2026-03-08,"Loaf Bread",7.22,pcs,"Production Batch Processing","Salted Banana Chips"
2026-03-08,"Onion",354.62,g,"Production Batch Processing","Creamy Peanut Butter"
2026-03-08,"Oyster Sauce",163.2,ml,"Production Batch Processing","Crunchy Peanut Butter"
2026-03-08,"Peanuts",3157.94,g,"Production Batch Processing","Biscocho Chips"
2026-03-08,"Pork",1174.04,g,"Production Batch Processing","Kibets (Crispy Chiton)"
2026-03-08,"Pork Skin",2534.35,g,"Production Batch Processing","Binayong Hipon"
2026-03-08,"Raw Bananas",3209.18,g,"Production Batch Processing","Crispy Bucheron"
2026-03-08,"Salt",239.35,g,"Production Batch Processing","Salted Banana Chips"
2026-03-08,"Sea Salt",125.49,g,"Production Batch Processing","Creamy Peanut Butter"
2026-03-08,"Sesame Oil",95.68,ml,"Production Batch Processing","Crunchy Peanut Butter"
2026-03-08,"Small Shrimp",3574.01,g,"Production Batch Processing","Biscocho Chips"
2026-03-08,"Soy Sauce",203.38,ml,"Production Batch Processing","Kibets (Crispy Chiton)"
2026-03-08,"Spring Onion",131.2,g,"Production Batch Processing","Binayong Hipon"
2026-03-08,"Sugar",589.01,g,"Production Batch Processing","Crispy Bucheron"
2026-03-08,"Turmeric Powder",81.07,g,"Production Batch Processing","Salted Banana Chips"
2026-03-08,"Water",48.33,L,"Production Batch Processing","Creamy Peanut Butter"
2026-03-09,"Bell Pepper",123.27,g,"Production Batch Processing","Kibets (Crispy Chiton)"
2026-03-09,"Butter/Margarine",428.31,g,"Production Batch Processing","Binayong Hipon"
2026-03-09,"Cabbage",308.12,g,"Production Batch Processing","Crispy Bucheron"
2026-03-09,"Carrots",224.29,g,"Production Batch Processing","Salted Banana Chips"
2026-03-09,"Chicken",972.15,g,"Production Batch Processing","Creamy Peanut Butter"
2026-03-09,"Chiton",1631.26,g,"Production Batch Processing","Crunchy Peanut Butter"
2026-03-09,"Cooking Oil",11.15,L,"Production Batch Processing","Biscocho Chips"
2026-03-09,"Garlic",165.17,g,"Production Batch Processing","Kibets (Crispy Chiton)"
2026-03-09,"Ground Pepper",49.77,g,"Production Batch Processing","Binayong Hipon"
2026-03-09,"Honey",356.63,ml,"Production Batch Processing","Crispy Bucheron"
2026-03-09,"Loaf Bread",6.71,pcs,"Production Batch Processing","Salted Banana Chips"
2026-03-09,"Onion",255.76,g,"Production Batch Processing","Creamy Peanut Butter"
2026-03-09,"Oyster Sauce",104.62,ml,"Production Batch Processing","Crunchy Peanut Butter"
2026-03-09,"Peanuts",1950.27,g,"Production Batch Processing","Biscocho Chips"
2026-03-09,"Pork",971.03,g,"Production Batch Processing","Kibets (Crispy Chiton)"
2026-03-09,"Pork Skin",1890.17,g,"Production Batch Processing","Binayong Hipon"
2026-03-09,"Raw Bananas",2626.16,g,"Production Batch Processing","Crispy Bucheron"
2026-03-09,"Salt",189.97,g,"Production Batch Processing","Salted Banana Chips"
2026-03-09,"Sea Salt",102.37,g,"Production Batch Processing","Creamy Peanut Butter"
2026-03-09,"Sesame Oil",70.29,ml,"Production Batch Processing","Crunchy Peanut Butter"
2026-03-09,"Small Shrimp",2320.66,g,"Production Batch Processing","Biscocho Chips"
2026-03-09,"Soy Sauce",170.07,ml,"Production Batch Processing","Kibets (Crispy Chiton)"
2026-03-09,"Spring Onion",113.02,g,"Production Batch Processing","Binayong Hipon"
2026-03-09,"Sugar",378.99,g,"Production Batch Processing","Crispy Bucheron"
2026-03-09,"Turmeric Powder",55.15,g,"Production Batch Processing","Salted Banana Chips"
2026-03-09,"Water",39.11,L,"Production Batch Processing","Creamy Peanut Butter"
2026-03-10,"Bell Pepper",111.42,g,"Production Batch Processing","Kibets (Crispy Chiton)"
2026-03-10,"Butter/Margarine",449.08,g,"Production Batch Processing","Binayong Hipon"
2026-03-10,"Cabbage",265.48,g,"Production Batch Processing","Crispy Bucheron"
2026-03-10,"Carrots",220.64,g,"Production Batch Processing","Salted Banana Chips"
2026-03-10,"Chicken",1005.3,g,"Production Batch Processing","Creamy Peanut Butter"
2026-03-10,"Chiton",1787.56,g,"Production Batch Processing","Crunchy Peanut Butter"
2026-03-10,"Cooking Oil",12.65,L,"Production Batch Processing","Biscocho Chips"
2026-03-10,"Garlic",165.51,g,"Production Batch Processing","Kibets (Crispy Chiton)"
2026-03-10,"Ground Pepper",42.1,g,"Production Batch Processing","Binayong Hipon"
2026-03-10,"Honey",318.49,ml,"Production Batch Processing","Crispy Bucheron"
2026-03-10,"Loaf Bread",5.4,pcs,"Production Batch Processing","Salted Banana Chips"
2026-03-10,"Onion",254.11,g,"Production Batch Processing","Creamy Peanut Butter"
2026-03-10,"Oyster Sauce",122.57,ml,"Production Batch Processing","Crunchy Peanut Butter"
2026-03-10,"Peanuts",1972.76,g,"Production Batch Processing","Biscocho Chips"
2026-03-10,"Pork",940.77,g,"Production Batch Processing","Kibets (Crispy Chiton)"
2026-03-10,"Pork Skin",1831.14,g,"Production Batch Processing","Binayong Hipon"
2026-03-10,"Raw Bananas",2511.31,g,"Production Batch Processing","Crispy Bucheron"
2026-03-10,"Salt",205.01,g,"Production Batch Processing","Salted Banana Chips"
2026-03-10,"Sea Salt",90.71,g,"Production Batch Processing","Creamy Peanut Butter"
2026-03-10,"Sesame Oil",59.95,ml,"Production Batch Processing","Crunchy Peanut Butter"
2026-03-10,"Small Shrimp",2483.19,g,"Production Batch Processing","Biscocho Chips"
2026-03-10,"Soy Sauce",158.44,ml,"Production Batch Processing","Kibets (Crispy Chiton)"
2026-03-10,"Spring Onion",106.73,g,"Production Batch Processing","Binayong Hipon"
2026-03-10,"Sugar",459,g,"Production Batch Processing","Crispy Bucheron"
2026-03-10,"Turmeric Powder",55.2,g,"Production Batch Processing","Salted Banana Chips"
2026-03-10,"Water",32.53,L,"Production Batch Processing","Creamy Peanut Butter"
2026-03-11,"Bell Pepper",121.26,g,"Production Batch Processing","Kibets (Crispy Chiton)"
2026-03-11,"Butter/Margarine",420.92,g,"Production Batch Processing","Binayong Hipon"
2026-03-11,"Cabbage",288.06,g,"Production Batch Processing","Crispy Bucheron"
2026-03-11,"Carrots",229.68,g,"Production Batch Processing","Salted Banana Chips"
2026-03-11,"Chicken",1047.6,g,"Production Batch Processing","Creamy Peanut Butter"
2026-03-11,"Chiton",1663.01,g,"Production Batch Processing","Crunchy Peanut Butter"
2026-03-11,"Cooking Oil",12.8,L,"Production Batch Processing","Biscocho Chips"
2026-03-11,"Garlic",192.35,g,"Production Batch Processing","Kibets (Crispy Chiton)"
2026-03-11,"Ground Pepper",47.98,g,"Production Batch Processing","Binayong Hipon"
2026-03-11,"Honey",336.5,ml,"Production Batch Processing","Crispy Bucheron"
2026-03-11,"Loaf Bread",6.23,pcs,"Production Batch Processing","Salted Banana Chips"
2026-03-11,"Onion",298.97,g,"Production Batch Processing","Creamy Peanut Butter"
2026-03-11,"Oyster Sauce",102.33,ml,"Production Batch Processing","Crunchy Peanut Butter"
2026-03-11,"Peanuts",2121.64,g,"Production Batch Processing","Biscocho Chips"
2026-03-11,"Pork",816.76,g,"Production Batch Processing","Kibets (Crispy Chiton)"
2026-03-11,"Pork Skin",1735.07,g,"Production Batch Processing","Binayong Hipon"
2026-03-11,"Raw Bananas",2780.54,g,"Production Batch Processing","Crispy Bucheron"
2026-03-11,"Salt",210.88,g,"Production Batch Processing","Salted Banana Chips"
2026-03-11,"Sea Salt",99.47,g,"Production Batch Processing","Creamy Peanut Butter"
2026-03-11,"Sesame Oil",62.47,ml,"Production Batch Processing","Crunchy Peanut Butter"
2026-03-11,"Small Shrimp",2370.36,g,"Production Batch Processing","Biscocho Chips"
2026-03-11,"Soy Sauce",160.88,ml,"Production Batch Processing","Kibets (Crispy Chiton)"
2026-03-11,"Spring Onion",98.99,g,"Production Batch Processing","Binayong Hipon"
2026-03-11,"Sugar",428.71,g,"Production Batch Processing","Crispy Bucheron"
2026-03-11,"Turmeric Powder",55.35,g,"Production Batch Processing","Salted Banana Chips"
2026-03-11,"Water",38.43,L,"Production Batch Processing","Creamy Peanut Butter"
2026-03-12,"Bell Pepper",118.41,g,"Production Batch Processing","Kibets (Crispy Chiton)"
2026-03-12,"Butter/Margarine",482.81,g,"Production Batch Processing","Binayong Hipon"
2026-03-12,"Cabbage",308.19,g,"Production Batch Processing","Crispy Bucheron"
2026-03-12,"Carrots",242.12,g,"Production Batch Processing","Salted Banana Chips"
2026-03-12,"Chicken",887.6,g,"Production Batch Processing","Creamy Peanut Butter"
2026-03-12,"Chiton",1775.74,g,"Production Batch Processing","Crunchy Peanut Butter"
2026-03-12,"Cooking Oil",11.69,L,"Production Batch Processing","Biscocho Chips"
2026-03-12,"Garlic",201.29,g,"Production Batch Processing","Kibets (Crispy Chiton)"
2026-03-12,"Ground Pepper",40.22,g,"Production Batch Processing","Binayong Hipon"
2026-03-12,"Honey",372.92,ml,"Production Batch Processing","Crispy Bucheron"
2026-03-12,"Loaf Bread",6.55,pcs,"Production Batch Processing","Salted Banana Chips"
2026-03-12,"Onion",293.59,g,"Production Batch Processing","Creamy Peanut Butter"
2026-03-12,"Oyster Sauce",108.27,ml,"Production Batch Processing","Crunchy Peanut Butter"
2026-03-12,"Peanuts",1982.88,g,"Production Batch Processing","Biscocho Chips"
2026-03-12,"Pork",851.22,g,"Production Batch Processing","Kibets (Crispy Chiton)"
2026-03-12,"Pork Skin",1814.34,g,"Production Batch Processing","Binayong Hipon"
2026-03-12,"Raw Bananas",2452.58,g,"Production Batch Processing","Crispy Bucheron"
2026-03-12,"Salt",167.42,g,"Production Batch Processing","Salted Banana Chips"
2026-03-12,"Sea Salt",102.62,g,"Production Batch Processing","Creamy Peanut Butter"
2026-03-12,"Sesame Oil",64.57,ml,"Production Batch Processing","Crunchy Peanut Butter"
2026-03-12,"Small Shrimp",2169.78,g,"Production Batch Processing","Biscocho Chips"
2026-03-12,"Soy Sauce",147.02,ml,"Production Batch Processing","Kibets (Crispy Chiton)"
2026-03-12,"Spring Onion",112.47,g,"Production Batch Processing","Binayong Hipon"
2026-03-12,"Sugar",409.87,g,"Production Batch Processing","Crispy Bucheron"
2026-03-12,"Turmeric Powder",56.23,g,"Production Batch Processing","Salted Banana Chips"
2026-03-12,"Water",35.01,L,"Production Batch Processing","Creamy Peanut Butter"
2026-03-13,"Bell Pepper",124.38,g,"Production Batch Processing","Kibets (Crispy Chiton)"
2026-03-13,"Butter/Margarine",396.73,g,"Production Batch Processing","Binayong Hipon"
2026-03-13,"Cabbage",335.05,g,"Production Batch Processing","Crispy Bucheron"
2026-03-13,"Carrots",219.37,g,"Production Batch Processing","Salted Banana Chips"
2026-03-13,"Chicken",962.42,g,"Production Batch Processing","Creamy Peanut Butter"
2026-03-13,"Chiton",1516.48,g,"Production Batch Processing","Crunchy Peanut Butter"
2026-03-13,"Cooking Oil",12.53,L,"Production Batch Processing","Biscocho Chips"
2026-03-13,"Garlic",179.49,g,"Production Batch Processing","Kibets (Crispy Chiton)"
2026-03-13,"Ground Pepper",40.42,g,"Production Batch Processing","Binayong Hipon"
2026-03-13,"Honey",357.5,ml,"Production Batch Processing","Crispy Bucheron"
2026-03-13,"Loaf Bread",5.87,pcs,"Production Batch Processing","Salted Banana Chips"
2026-03-13,"Onion",279.37,g,"Production Batch Processing","Creamy Peanut Butter"
2026-03-13,"Oyster Sauce",98.56,ml,"Production Batch Processing","Crunchy Peanut Butter"
2026-03-13,"Peanuts",2158.71,g,"Production Batch Processing","Biscocho Chips"
2026-03-13,"Pork",927.66,g,"Production Batch Processing","Kibets (Crispy Chiton)"
2026-03-13,"Pork Skin",1876.77,g,"Production Batch Processing","Binayong Hipon"
2026-03-13,"Raw Bananas",2655.44,g,"Production Batch Processing","Crispy Bucheron"
2026-03-13,"Salt",178.09,g,"Production Batch Processing","Salted Banana Chips"
2026-03-13,"Sea Salt",89.78,g,"Production Batch Processing","Creamy Peanut Butter"
2026-03-13,"Sesame Oil",71.96,ml,"Production Batch Processing","Crunchy Peanut Butter"
2026-03-13,"Small Shrimp",2222.2,g,"Production Batch Processing","Biscocho Chips"
2026-03-13,"Soy Sauce",177.47,ml,"Production Batch Processing","Kibets (Crispy Chiton)"
2026-03-13,"Spring Onion",120.35,g,"Production Batch Processing","Binayong Hipon"
2026-03-13,"Sugar",435.99,g,"Production Batch Processing","Crispy Bucheron"
2026-03-13,"Turmeric Powder",61.07,g,"Production Batch Processing","Salted Banana Chips"
2026-03-13,"Water",32.05,L,"Production Batch Processing","Creamy Peanut Butter"
2026-03-14,"Bell Pepper",153.75,g,"Production Batch Processing","Kibets (Crispy Chiton)"
2026-03-14,"Butter/Margarine",601.22,g,"Production Batch Processing","Binayong Hipon"
2026-03-14,"Cabbage",425.47,g,"Production Batch Processing","Crispy Bucheron"
2026-03-14,"Carrots",286.82,g,"Production Batch Processing","Salted Banana Chips"
2026-03-14,"Chicken",1171.23,g,"Production Batch Processing","Creamy Peanut Butter"
2026-03-14,"Chiton",1984.16,g,"Production Batch Processing","Crunchy Peanut Butter"
2026-03-14,"Cooking Oil",16.08,L,"Production Batch Processing","Biscocho Chips"
2026-03-14,"Garlic",253.88,g,"Production Batch Processing","Kibets (Crispy Chiton)"
2026-03-14,"Ground Pepper",58.85,g,"Production Batch Processing","Binayong Hipon"
2026-03-14,"Honey",492.53,ml,"Production Batch Processing","Crispy Bucheron"
2026-03-14,"Loaf Bread",7.4,pcs,"Production Batch Processing","Salted Banana Chips"
2026-03-14,"Onion",348.17,g,"Production Batch Processing","Creamy Peanut Butter"
2026-03-14,"Oyster Sauce",136.1,ml,"Production Batch Processing","Crunchy Peanut Butter"
2026-03-14,"Peanuts",2554.41,g,"Production Batch Processing","Biscocho Chips"
2026-03-14,"Pork",1249.26,g,"Production Batch Processing","Kibets (Crispy Chiton)"
2026-03-14,"Pork Skin",2524.83,g,"Production Batch Processing","Binayong Hipon"
2026-03-14,"Raw Bananas",3609.07,g,"Production Batch Processing","Crispy Bucheron"
2026-03-14,"Salt",238.39,g,"Production Batch Processing","Salted Banana Chips"
2026-03-14,"Sea Salt",132.59,g,"Production Batch Processing","Creamy Peanut Butter"
2026-03-14,"Sesame Oil",87.99,ml,"Production Batch Processing","Crunchy Peanut Butter"
2026-03-14,"Small Shrimp",3357.63,g,"Production Batch Processing","Biscocho Chips"
2026-03-14,"Soy Sauce",239.82,ml,"Production Batch Processing","Kibets (Crispy Chiton)"
2026-03-14,"Spring Onion",135.34,g,"Production Batch Processing","Binayong Hipon"
2026-03-14,"Sugar",510.1,g,"Production Batch Processing","Crispy Bucheron"
2026-03-14,"Turmeric Powder",82.05,g,"Production Batch Processing","Salted Banana Chips"
2026-03-14,"Water",44.4,L,"Production Batch Processing","Creamy Peanut Butter"
2026-03-15,"Bell Pepper",152.78,g,"Production Batch Processing","Kibets (Crispy Chiton)"
2026-03-15,"Butter/Margarine",671.71,g,"Production Batch Processing","Binayong Hipon"
2026-03-15,"Cabbage",400.68,g,"Production Batch Processing","Crispy Bucheron"
2026-03-15,"Carrots",281.19,g,"Production Batch Processing","Salted Banana Chips"
2026-03-15,"Chicken",1435.22,g,"Production Batch Processing","Creamy Peanut Butter"
2026-03-15,"Chiton",2336.55,g,"Production Batch Processing","Crunchy Peanut Butter"
2026-03-15,"Cooking Oil",16.66,L,"Production Batch Processing","Biscocho Chips"
2026-03-15,"Garlic",268.73,g,"Production Batch Processing","Kibets (Crispy Chiton)"
2026-03-15,"Ground Pepper",55.1,g,"Production Batch Processing","Binayong Hipon"
2026-03-15,"Honey",514.45,ml,"Production Batch Processing","Crispy Bucheron"
2026-03-15,"Loaf Bread",8.33,pcs,"Production Batch Processing","Salted Banana Chips"
2026-03-15,"Onion",343.56,g,"Production Batch Processing","Creamy Peanut Butter"
2026-03-15,"Oyster Sauce",162.45,ml,"Production Batch Processing","Crunchy Peanut Butter"
2026-03-15,"Peanuts",2680.13,g,"Production Batch Processing","Biscocho Chips"
2026-03-15,"Pork",1119.92,g,"Production Batch Processing","Kibets (Crispy Chiton)"
2026-03-15,"Pork Skin",2431.87,g,"Production Batch Processing","Binayong Hipon"
2026-03-15,"Raw Bananas",3427.11,g,"Production Batch Processing","Crispy Bucheron"
2026-03-15,"Salt",274.16,g,"Production Batch Processing","Salted Banana Chips"
2026-03-15,"Sea Salt",121.09,g,"Production Batch Processing","Creamy Peanut Butter"
2026-03-15,"Sesame Oil",83.12,ml,"Production Batch Processing","Crunchy Peanut Butter"
2026-03-15,"Small Shrimp",3531.73,g,"Production Batch Processing","Biscocho Chips"
2026-03-15,"Soy Sauce",200.07,ml,"Production Batch Processing","Kibets (Crispy Chiton)"
2026-03-15,"Spring Onion",156.45,g,"Production Batch Processing","Binayong Hipon"
2026-03-15,"Sugar",632.81,g,"Production Batch Processing","Crispy Bucheron"
2026-03-15,"Turmeric Powder",82.3,g,"Production Batch Processing","Salted Banana Chips"
2026-03-15,"Water",48.34,L,"Production Batch Processing","Creamy Peanut Butter"
2026-03-16,"Bell Pepper",123.49,g,"Production Batch Processing","Kibets (Crispy Chiton)"
2026-03-16,"Butter/Margarine",407.39,g,"Production Batch Processing","Binayong Hipon"
2026-03-16,"Cabbage",288.93,g,"Production Batch Processing","Crispy Bucheron"
2026-03-16,"Carrots",220.26,g,"Production Batch Processing","Salted Banana Chips"
2026-03-16,"Chicken",1027.74,g,"Production Batch Processing","Creamy Peanut Butter"
2026-03-16,"Chiton",1716.64,g,"Production Batch Processing","Crunchy Peanut Butter"
2026-03-16,"Cooking Oil",13.04,L,"Production Batch Processing","Biscocho Chips"
2026-03-16,"Garlic",179.97,g,"Production Batch Processing","Kibets (Crispy Chiton)"
2026-03-16,"Ground Pepper",47.71,g,"Production Batch Processing","Binayong Hipon"
2026-03-16,"Honey",386.58,ml,"Production Batch Processing","Crispy Bucheron"
2026-03-16,"Loaf Bread",6.27,pcs,"Production Batch Processing","Salted Banana Chips"
2026-03-16,"Onion",290.66,g,"Production Batch Processing","Creamy Peanut Butter"
2026-03-16,"Oyster Sauce",106.7,ml,"Production Batch Processing","Crunchy Peanut Butter"
2026-03-16,"Peanuts",2036.13,g,"Production Batch Processing","Biscocho Chips"
2026-03-16,"Pork",873.35,g,"Production Batch Processing","Kibets (Crispy Chiton)"
2026-03-16,"Pork Skin",1971.95,g,"Production Batch Processing","Binayong Hipon"
2026-03-16,"Raw Bananas",2477.01,g,"Production Batch Processing","Crispy Bucheron"
2026-03-16,"Salt",176.39,g,"Production Batch Processing","Salted Banana Chips"
2026-03-16,"Sea Salt",85.19,g,"Production Batch Processing","Creamy Peanut Butter"
2026-03-16,"Sesame Oil",64.89,ml,"Production Batch Processing","Crunchy Peanut Butter"
2026-03-16,"Small Shrimp",2414.01,g,"Production Batch Processing","Biscocho Chips"
2026-03-16,"Soy Sauce",163.05,ml,"Production Batch Processing","Kibets (Crispy Chiton)"
2026-03-16,"Spring Onion",112.55,g,"Production Batch Processing","Binayong Hipon"
2026-03-16,"Sugar",408.9,g,"Production Batch Processing","Crispy Bucheron"
2026-03-16,"Turmeric Powder",51.1,g,"Production Batch Processing","Salted Banana Chips"
2026-03-16,"Water",33.66,L,"Production Batch Processing","Creamy Peanut Butter"
2026-03-17,"Bell Pepper",125.76,g,"Production Batch Processing","Kibets (Crispy Chiton)"
2026-03-17,"Butter/Margarine",425.44,g,"Production Batch Processing","Binayong Hipon"
2026-03-17,"Cabbage",311.07,g,"Production Batch Processing","Crispy Bucheron"
2026-03-17,"Carrots",219.48,g,"Production Batch Processing","Salted Banana Chips"
2026-03-17,"Chicken",874.54,g,"Production Batch Processing","Creamy Peanut Butter"
2026-03-17,"Chiton",1812.86,g,"Production Batch Processing","Crunchy Peanut Butter"
2026-03-17,"Cooking Oil",11.46,L,"Production Batch Processing","Biscocho Chips"
2026-03-17,"Garlic",184.36,g,"Production Batch Processing","Kibets (Crispy Chiton)"
2026-03-17,"Ground Pepper",42.65,g,"Production Batch Processing","Binayong Hipon"
2026-03-17,"Honey",379.13,ml,"Production Batch Processing","Crispy Bucheron"
2026-03-17,"Loaf Bread",5.86,pcs,"Production Batch Processing","Salted Banana Chips"
2026-03-17,"Onion",272.02,g,"Production Batch Processing","Creamy Peanut Butter"
2026-03-17,"Oyster Sauce",111.4,ml,"Production Batch Processing","Crunchy Peanut Butter"
2026-03-17,"Peanuts",2202.3,g,"Production Batch Processing","Biscocho Chips"
2026-03-17,"Pork",986.95,g,"Production Batch Processing","Kibets (Crispy Chiton)"
2026-03-17,"Pork Skin",1884.94,g,"Production Batch Processing","Binayong Hipon"
2026-03-17,"Raw Bananas",2497.3,g,"Production Batch Processing","Crispy Bucheron"
2026-03-17,"Salt",190.58,g,"Production Batch Processing","Salted Banana Chips"
2026-03-17,"Sea Salt",104.02,g,"Production Batch Processing","Creamy Peanut Butter"
2026-03-17,"Sesame Oil",72.77,ml,"Production Batch Processing","Crunchy Peanut Butter"
2026-03-17,"Small Shrimp",2562.6,g,"Production Batch Processing","Biscocho Chips"
2026-03-17,"Soy Sauce",175.89,ml,"Production Batch Processing","Kibets (Crispy Chiton)"
2026-03-17,"Spring Onion",109.72,g,"Production Batch Processing","Binayong Hipon"
2026-03-17,"Sugar",446.24,g,"Production Batch Processing","Crispy Bucheron"
2026-03-17,"Turmeric Powder",56.44,g,"Production Batch Processing","Salted Banana Chips"
2026-03-17,"Water",39.16,L,"Production Batch Processing","Creamy Peanut Butter"
2026-03-18,"Bell Pepper",127.02,g,"Production Batch Processing","Kibets (Crispy Chiton)"
2026-03-18,"Butter/Margarine",474.53,g,"Production Batch Processing","Binayong Hipon"
2026-03-18,"Cabbage",295.09,g,"Production Batch Processing","Crispy Bucheron"
2026-03-18,"Carrots",209.13,g,"Production Batch Processing","Salted Banana Chips"
2026-03-18,"Chicken",884.23,g,"Production Batch Processing","Creamy Peanut Butter"
2026-03-18,"Chiton",1818.23,g,"Production Batch Processing","Crunchy Peanut Butter"
2026-03-18,"Cooking Oil",13.71,L,"Production Batch Processing","Biscocho Chips"
2026-03-18,"Garlic",200.53,g,"Production Batch Processing","Kibets (Crispy Chiton)"
2026-03-18,"Ground Pepper",50.15,g,"Production Batch Processing","Binayong Hipon"
2026-03-18,"Honey",346.63,ml,"Production Batch Processing","Crispy Bucheron"
2026-03-18,"Loaf Bread",6.51,pcs,"Production Batch Processing","Salted Banana Chips"
2026-03-18,"Onion",305.67,g,"Production Batch Processing","Creamy Peanut Butter"
2026-03-18,"Oyster Sauce",97.63,ml,"Production Batch Processing","Crunchy Peanut Butter"
2026-03-18,"Peanuts",1908.64,g,"Production Batch Processing","Biscocho Chips"
2026-03-18,"Pork",940.06,g,"Production Batch Processing","Kibets (Crispy Chiton)"
2026-03-18,"Pork Skin",1777.26,g,"Production Batch Processing","Binayong Hipon"
2026-03-18,"Raw Bananas",2417.89,g,"Production Batch Processing","Crispy Bucheron"
2026-03-18,"Salt",195.99,g,"Production Batch Processing","Salted Banana Chips"
2026-03-18,"Sea Salt",104.31,g,"Production Batch Processing","Creamy Peanut Butter"
2026-03-18,"Sesame Oil",68.53,ml,"Production Batch Processing","Crunchy Peanut Butter"
2026-03-18,"Small Shrimp",2290.41,g,"Production Batch Processing","Biscocho Chips"
2026-03-18,"Soy Sauce",163.1,ml,"Production Batch Processing","Kibets (Crispy Chiton)"
2026-03-18,"Spring Onion",108.91,g,"Production Batch Processing","Binayong Hipon"
2026-03-18,"Sugar",416.75,g,"Production Batch Processing","Crispy Bucheron"
2026-03-18,"Turmeric Powder",61.26,g,"Production Batch Processing","Salted Banana Chips"
2026-03-18,"Water",35.96,L,"Production Batch Processing","Creamy Peanut Butter"
2026-03-19,"Bell Pepper",121.58,g,"Production Batch Processing","Kibets (Crispy Chiton)"
2026-03-19,"Butter/Margarine",462.44,g,"Production Batch Processing","Binayong Hipon"
2026-03-19,"Cabbage",318.93,g,"Production Batch Processing","Crispy Bucheron"
2026-03-19,"Carrots",207.05,g,"Production Batch Processing","Salted Banana Chips"
2026-03-19,"Chicken",836.68,g,"Production Batch Processing","Creamy Peanut Butter"
2026-03-19,"Chiton",1463.47,g,"Production Batch Processing","Crunchy Peanut Butter"
2026-03-19,"Cooking Oil",12.18,L,"Production Batch Processing","Biscocho Chips"
2026-03-19,"Garlic",194.29,g,"Production Batch Processing","Kibets (Crispy Chiton)"
2026-03-19,"Ground Pepper",40.42,g,"Production Batch Processing","Binayong Hipon"
2026-03-19,"Honey",378.55,ml,"Production Batch Processing","Crispy Bucheron"
2026-03-19,"Loaf Bread",5.58,pcs,"Production Batch Processing","Salted Banana Chips"
2026-03-19,"Onion",258.56,g,"Production Batch Processing","Creamy Peanut Butter"
2026-03-19,"Oyster Sauce",101.82,ml,"Production Batch Processing","Crunchy Peanut Butter"
2026-03-19,"Peanuts",2331.88,g,"Production Batch Processing","Biscocho Chips"
2026-03-19,"Pork",1002.36,g,"Production Batch Processing","Kibets (Crispy Chiton)"
2026-03-19,"Pork Skin",1971.52,g,"Production Batch Processing","Binayong Hipon"
2026-03-19,"Raw Bananas",2703.24,g,"Production Batch Processing","Crispy Bucheron"
2026-03-19,"Salt",203.25,g,"Production Batch Processing","Salted Banana Chips"
2026-03-19,"Sea Salt",93.62,g,"Production Batch Processing","Creamy Peanut Butter"
2026-03-19,"Sesame Oil",61.83,ml,"Production Batch Processing","Crunchy Peanut Butter"
2026-03-19,"Small Shrimp",2372.92,g,"Production Batch Processing","Biscocho Chips"
2026-03-19,"Soy Sauce",166.66,ml,"Production Batch Processing","Kibets (Crispy Chiton)"
2026-03-19,"Spring Onion",111.22,g,"Production Batch Processing","Binayong Hipon"
2026-03-19,"Sugar",449.54,g,"Production Batch Processing","Crispy Bucheron"
2026-03-19,"Turmeric Powder",61.37,g,"Production Batch Processing","Salted Banana Chips"
2026-03-19,"Water",33.7,L,"Production Batch Processing","Creamy Peanut Butter"
2026-03-20,"Bell Pepper",110.79,g,"Production Batch Processing","Kibets (Crispy Chiton)"
2026-03-20,"Butter/Margarine",480.52,g,"Production Batch Processing","Binayong Hipon"
2026-03-20,"Cabbage",305.5,g,"Production Batch Processing","Crispy Bucheron"
2026-03-20,"Carrots",226.41,g,"Production Batch Processing","Salted Banana Chips"
2026-03-20,"Chicken",1044.1,g,"Production Batch Processing","Creamy Peanut Butter"
2026-03-20,"Chiton",1825.4,g,"Production Batch Processing","Crunchy Peanut Butter"
2026-03-20,"Cooking Oil",13.46,L,"Production Batch Processing","Biscocho Chips"
2026-03-20,"Garlic",181.45,g,"Production Batch Processing","Kibets (Crispy Chiton)"
2026-03-20,"Ground Pepper",42.81,g,"Production Batch Processing","Binayong Hipon"
2026-03-20,"Honey",386.88,ml,"Production Batch Processing","Crispy Bucheron"
2026-03-20,"Loaf Bread",6.65,pcs,"Production Batch Processing","Salted Banana Chips"
2026-03-20,"Onion",276.76,g,"Production Batch Processing","Creamy Peanut Butter"
2026-03-20,"Oyster Sauce",110.92,ml,"Production Batch Processing","Crunchy Peanut Butter"
2026-03-20,"Peanuts",2123.12,g,"Production Batch Processing","Biscocho Chips"
2026-03-20,"Pork",998.51,g,"Production Batch Processing","Kibets (Crispy Chiton)"
2026-03-20,"Pork Skin",1822,g,"Production Batch Processing","Binayong Hipon"
2026-03-20,"Raw Bananas",2790.02,g,"Production Batch Processing","Crispy Bucheron"
2026-03-20,"Salt",203.78,g,"Production Batch Processing","Salted Banana Chips"
2026-03-20,"Sea Salt",85.28,g,"Production Batch Processing","Creamy Peanut Butter"
2026-03-20,"Sesame Oil",59.45,ml,"Production Batch Processing","Crunchy Peanut Butter"
2026-03-20,"Small Shrimp",2571.71,g,"Production Batch Processing","Biscocho Chips"
2026-03-20,"Soy Sauce",141.66,ml,"Production Batch Processing","Kibets (Crispy Chiton)"
2026-03-20,"Spring Onion",123.19,g,"Production Batch Processing","Binayong Hipon"
2026-03-20,"Sugar",407.79,g,"Production Batch Processing","Crispy Bucheron"
2026-03-20,"Turmeric Powder",53.57,g,"Production Batch Processing","Salted Banana Chips"
2026-03-20,"Water",37.9,L,"Production Batch Processing","Creamy Peanut Butter"
2026-03-21,"Bell Pepper",169.48,g,"Production Batch Processing","Kibets (Crispy Chiton)"
2026-03-21,"Butter/Margarine",538.24,g,"Production Batch Processing","Binayong Hipon"
2026-03-21,"Cabbage",441.07,g,"Production Batch Processing","Crispy Bucheron"
2026-03-21,"Carrots",328.88,g,"Production Batch Processing","Salted Banana Chips"
2026-03-21,"Chicken",1421.31,g,"Production Batch Processing","Creamy Peanut Butter"
2026-03-21,"Chiton",2192.92,g,"Production Batch Processing","Crunchy Peanut Butter"
2026-03-21,"Cooking Oil",18.25,L,"Production Batch Processing","Biscocho Chips"
2026-03-21,"Garlic",250.19,g,"Production Batch Processing","Kibets (Crispy Chiton)"
2026-03-21,"Ground Pepper",67.56,g,"Production Batch Processing","Binayong Hipon"
2026-03-21,"Honey",435.57,ml,"Production Batch Processing","Crispy Bucheron"
2026-03-21,"Loaf Bread",8.15,pcs,"Production Batch Processing","Salted Banana Chips"
2026-03-21,"Onion",373.69,g,"Production Batch Processing","Creamy Peanut Butter"
2026-03-21,"Oyster Sauce",142.51,ml,"Production Batch Processing","Crunchy Peanut Butter"
2026-03-21,"Peanuts",2844.16,g,"Production Batch Processing","Biscocho Chips"
2026-03-21,"Pork",1336.84,g,"Production Batch Processing","Kibets (Crispy Chiton)"
2026-03-21,"Pork Skin",2662.38,g,"Production Batch Processing","Binayong Hipon"
2026-03-21,"Raw Bananas",3654.64,g,"Production Batch Processing","Crispy Bucheron"
2026-03-21,"Salt",230.53,g,"Production Batch Processing","Salted Banana Chips"
2026-03-21,"Sea Salt",113.19,g,"Production Batch Processing","Creamy Peanut Butter"
2026-03-21,"Sesame Oil",79.32,ml,"Production Batch Processing","Crunchy Peanut Butter"
2026-03-21,"Small Shrimp",3136.8,g,"Production Batch Processing","Biscocho Chips"
2026-03-21,"Soy Sauce",213.84,ml,"Production Batch Processing","Kibets (Crispy Chiton)"
2026-03-21,"Spring Onion",154.22,g,"Production Batch Processing","Binayong Hipon"
2026-03-21,"Sugar",574.61,g,"Production Batch Processing","Crispy Bucheron"
2026-03-21,"Turmeric Powder",72.07,g,"Production Batch Processing","Salted Banana Chips"
2026-03-21,"Water",42.57,L,"Production Batch Processing","Creamy Peanut Butter"
2026-03-22,"Bell Pepper",161.67,g,"Production Batch Processing","Kibets (Crispy Chiton)"
2026-03-22,"Butter/Margarine",635.9,g,"Production Batch Processing","Binayong Hipon"
2026-03-22,"Cabbage",441.46,g,"Production Batch Processing","Crispy Bucheron"
2026-03-22,"Carrots",292.96,g,"Production Batch Processing","Salted Banana Chips"
2026-03-22,"Chicken",1331.79,g,"Production Batch Processing","Creamy Peanut Butter"
2026-03-22,"Chiton",2003.6,g,"Production Batch Processing","Crunchy Peanut Butter"
2026-03-22,"Cooking Oil",16.76,L,"Production Batch Processing","Biscocho Chips"
2026-03-22,"Garlic",243.65,g,"Production Batch Processing","Kibets (Crispy Chiton)"
2026-03-22,"Ground Pepper",56.93,g,"Production Batch Processing","Binayong Hipon"
2026-03-22,"Honey",528.54,ml,"Production Batch Processing","Crispy Bucheron"
2026-03-22,"Loaf Bread",7.73,pcs,"Production Batch Processing","Salted Banana Chips"
2026-03-22,"Onion",402.18,g,"Production Batch Processing","Creamy Peanut Butter"
2026-03-22,"Oyster Sauce",144.76,ml,"Production Batch Processing","Crunchy Peanut Butter"
2026-03-22,"Peanuts",2701.52,g,"Production Batch Processing","Biscocho Chips"
2026-03-22,"Pork",1204.28,g,"Production Batch Processing","Kibets (Crispy Chiton)"
2026-03-22,"Pork Skin",2345.22,g,"Production Batch Processing","Binayong Hipon"
2026-03-22,"Raw Bananas",3698.23,g,"Production Batch Processing","Crispy Bucheron"
2026-03-22,"Salt",277.92,g,"Production Batch Processing","Salted Banana Chips"
2026-03-22,"Sea Salt",123.85,g,"Production Batch Processing","Creamy Peanut Butter"
2026-03-22,"Sesame Oil",82.73,ml,"Production Batch Processing","Crunchy Peanut Butter"
2026-03-22,"Small Shrimp",2853.97,g,"Production Batch Processing","Biscocho Chips"
2026-03-22,"Soy Sauce",192.22,ml,"Production Batch Processing","Kibets (Crispy Chiton)"
2026-03-22,"Spring Onion",165.11,g,"Production Batch Processing","Binayong Hipon"
2026-03-22,"Sugar",603.05,g,"Production Batch Processing","Crispy Bucheron"
2026-03-22,"Turmeric Powder",80.6,g,"Production Batch Processing","Salted Banana Chips"
2026-03-22,"Water",49.57,L,"Production Batch Processing","Creamy Peanut Butter"
2026-03-23,"Bell Pepper",116.2,g,"Production Batch Processing","Kibets (Crispy Chiton)"
2026-03-23,"Butter/Margarine",472.9,g,"Production Batch Processing","Binayong Hipon"
2026-03-23,"Cabbage",273.48,g,"Production Batch Processing","Crispy Bucheron"
2026-03-23,"Carrots",236.28,g,"Production Batch Processing","Salted Banana Chips"
2026-03-23,"Chicken",876.44,g,"Production Batch Processing","Creamy Peanut Butter"
2026-03-23,"Chiton",1671.74,g,"Production Batch Processing","Crunchy Peanut Butter"
2026-03-23,"Cooking Oil",13.16,L,"Production Batch Processing","Biscocho Chips"
2026-03-23,"Garlic",159.53,g,"Production Batch Processing","Kibets (Crispy Chiton)"
2026-03-23,"Ground Pepper",40.74,g,"Production Batch Processing","Binayong Hipon"
2026-03-23,"Honey",353.81,ml,"Production Batch Processing","Crispy Bucheron"
2026-03-23,"Loaf Bread",5.66,pcs,"Production Batch Processing","Salted Banana Chips"
2026-03-23,"Onion",291.31,g,"Production Batch Processing","Creamy Peanut Butter"
2026-03-23,"Oyster Sauce",99.67,ml,"Production Batch Processing","Crunchy Peanut Butter"
2026-03-23,"Peanuts",2208.19,g,"Production Batch Processing","Biscocho Chips"
2026-03-23,"Pork",813.83,g,"Production Batch Processing","Kibets (Crispy Chiton)"
2026-03-23,"Pork Skin",1715.49,g,"Production Batch Processing","Binayong Hipon"
2026-03-23,"Raw Bananas",2828.51,g,"Production Batch Processing","Crispy Bucheron"
2026-03-23,"Salt",173.68,g,"Production Batch Processing","Salted Banana Chips"
2026-03-23,"Sea Salt",96.7,g,"Production Batch Processing","Creamy Peanut Butter"
2026-03-23,"Sesame Oil",68.81,ml,"Production Batch Processing","Crunchy Peanut Butter"
2026-03-23,"Small Shrimp",2442.68,g,"Production Batch Processing","Biscocho Chips"
2026-03-23,"Soy Sauce",165.72,ml,"Production Batch Processing","Kibets (Crispy Chiton)"
2026-03-23,"Spring Onion",122.9,g,"Production Batch Processing","Binayong Hipon"
2026-03-23,"Sugar",442.42,g,"Production Batch Processing","Crispy Bucheron"
2026-03-23,"Turmeric Powder",60.77,g,"Production Batch Processing","Salted Banana Chips"
2026-03-23,"Water",36.38,L,"Production Batch Processing","Creamy Peanut Butter"
2026-03-24,"Bell Pepper",123.78,g,"Production Batch Processing","Kibets (Crispy Chiton)"
2026-03-24,"Butter/Margarine",471.52,g,"Production Batch Processing","Binayong Hipon"
2026-03-24,"Cabbage",318.25,g,"Production Batch Processing","Crispy Bucheron"
2026-03-24,"Carrots",211.03,g,"Production Batch Processing","Salted Banana Chips"
2026-03-24,"Chicken",990.25,g,"Production Batch Processing","Creamy Peanut Butter"
2026-03-24,"Chiton",1616.26,g,"Production Batch Processing","Crunchy Peanut Butter"
2026-03-24,"Cooking Oil",11.5,L,"Production Batch Processing","Biscocho Chips"
2026-03-24,"Garlic",179.5,g,"Production Batch Processing","Kibets (Crispy Chiton)"
2026-03-24,"Ground Pepper",45.45,g,"Production Batch Processing","Binayong Hipon"
2026-03-24,"Honey",367.41,ml,"Production Batch Processing","Crispy Bucheron"
2026-03-24,"Loaf Bread",6.27,pcs,"Production Batch Processing","Salted Banana Chips"
2026-03-24,"Onion",250.2,g,"Production Batch Processing","Creamy Peanut Butter"
2026-03-24,"Oyster Sauce",99.44,ml,"Production Batch Processing","Crunchy Peanut Butter"
2026-03-24,"Peanuts",1933.63,g,"Production Batch Processing","Biscocho Chips"
2026-03-24,"Pork",881.85,g,"Production Batch Processing","Kibets (Crispy Chiton)"
2026-03-24,"Pork Skin",1856.37,g,"Production Batch Processing","Binayong Hipon"
2026-03-24,"Raw Bananas",2451.01,g,"Production Batch Processing","Crispy Bucheron"
2026-03-24,"Salt",192.92,g,"Production Batch Processing","Salted Banana Chips"
2026-03-24,"Sea Salt",99.49,g,"Production Batch Processing","Creamy Peanut Butter"
2026-03-24,"Sesame Oil",64.76,ml,"Production Batch Processing","Crunchy Peanut Butter"
2026-03-24,"Small Shrimp",2238.36,g,"Production Batch Processing","Biscocho Chips"
2026-03-24,"Soy Sauce",143.52,ml,"Production Batch Processing","Kibets (Crispy Chiton)"
2026-03-24,"Spring Onion",102.82,g,"Production Batch Processing","Binayong Hipon"
2026-03-24,"Sugar",383.09,g,"Production Batch Processing","Crispy Bucheron"
2026-03-24,"Turmeric Powder",60.86,g,"Production Batch Processing","Salted Banana Chips"
2026-03-24,"Water",36.81,L,"Production Batch Processing","Creamy Peanut Butter"
2026-03-25,"Bell Pepper",127.74,g,"Production Batch Processing","Kibets (Crispy Chiton)"
2026-03-25,"Butter/Margarine",486.95,g,"Production Batch Processing","Binayong Hipon"
2026-03-25,"Cabbage",333.01,g,"Production Batch Processing","Crispy Bucheron"
2026-03-25,"Carrots",227.11,g,"Production Batch Processing","Salted Banana Chips"
2026-03-25,"Chicken",1007.26,g,"Production Batch Processing","Creamy Peanut Butter"
2026-03-25,"Chiton",1752.56,g,"Production Batch Processing","Crunchy Peanut Butter"
2026-03-25,"Cooking Oil",11.55,L,"Production Batch Processing","Biscocho Chips"
2026-03-25,"Garlic",190.49,g,"Production Batch Processing","Kibets (Crispy Chiton)"
2026-03-25,"Ground Pepper",41.74,g,"Production Batch Processing","Binayong Hipon"
2026-03-25,"Honey",366.41,ml,"Production Batch Processing","Crispy Bucheron"
2026-03-25,"Loaf Bread",6.48,pcs,"Production Batch Processing","Salted Banana Chips"
2026-03-25,"Onion",270.44,g,"Production Batch Processing","Creamy Peanut Butter"
2026-03-25,"Oyster Sauce",118.11,ml,"Production Batch Processing","Crunchy Peanut Butter"
2026-03-25,"Peanuts",2107.44,g,"Production Batch Processing","Biscocho Chips"
2026-03-25,"Pork",902.11,g,"Production Batch Processing","Kibets (Crispy Chiton)"
2026-03-25,"Pork Skin",1964.13,g,"Production Batch Processing","Binayong Hipon"
2026-03-25,"Raw Bananas",2814.16,g,"Production Batch Processing","Crispy Bucheron"
2026-03-25,"Salt",209.64,g,"Production Batch Processing","Salted Banana Chips"
2026-03-25,"Sea Salt",88.34,g,"Production Batch Processing","Creamy Peanut Butter"
2026-03-25,"Sesame Oil",61.68,ml,"Production Batch Processing","Crunchy Peanut Butter"
2026-03-25,"Small Shrimp",2256.03,g,"Production Batch Processing","Biscocho Chips"
2026-03-25,"Soy Sauce",159.63,ml,"Production Batch Processing","Kibets (Crispy Chiton)"
2026-03-25,"Spring Onion",103.07,g,"Production Batch Processing","Binayong Hipon"
2026-03-25,"Sugar",378.86,g,"Production Batch Processing","Crispy Bucheron"
2026-03-25,"Turmeric Powder",51.35,g,"Production Batch Processing","Salted Banana Chips"
2026-03-25,"Water",34.24,L,"Production Batch Processing","Creamy Peanut Butter"
2026-03-26,"Bell Pepper",111.38,g,"Production Batch Processing","Kibets (Crispy Chiton)"
2026-03-26,"Butter/Margarine",414.13,g,"Production Batch Processing","Binayong Hipon"
2026-03-26,"Cabbage",275.19,g,"Production Batch Processing","Crispy Bucheron"
2026-03-26,"Carrots",234.7,g,"Production Batch Processing","Salted Banana Chips"
2026-03-26,"Chicken",1001.62,g,"Production Batch Processing","Creamy Peanut Butter"
2026-03-26,"Chiton",1647.24,g,"Production Batch Processing","Crunchy Peanut Butter"
2026-03-26,"Cooking Oil",12.18,L,"Production Batch Processing","Biscocho Chips"
2026-03-26,"Garlic",192.63,g,"Production Batch Processing","Kibets (Crispy Chiton)"
2026-03-26,"Ground Pepper",49.6,g,"Production Batch Processing","Binayong Hipon"
2026-03-26,"Honey",359.32,ml,"Production Batch Processing","Crispy Bucheron"
2026-03-26,"Loaf Bread",6.15,pcs,"Production Batch Processing","Salted Banana Chips"
2026-03-26,"Onion",311.52,g,"Production Batch Processing","Creamy Peanut Butter"
2026-03-26,"Oyster Sauce",104.28,ml,"Production Batch Processing","Crunchy Peanut Butter"
2026-03-26,"Peanuts",2235.91,g,"Production Batch Processing","Biscocho Chips"
2026-03-26,"Pork",843.16,g,"Production Batch Processing","Kibets (Crispy Chiton)"
2026-03-26,"Pork Skin",1639.36,g,"Production Batch Processing","Binayong Hipon"
2026-03-26,"Raw Bananas",2512.8,g,"Production Batch Processing","Crispy Bucheron"
2026-03-26,"Salt",177.46,g,"Production Batch Processing","Salted Banana Chips"
2026-03-26,"Sea Salt",84.62,g,"Production Batch Processing","Creamy Peanut Butter"
2026-03-26,"Sesame Oil",69.77,ml,"Production Batch Processing","Crunchy Peanut Butter"
2026-03-26,"Small Shrimp",2475.92,g,"Production Batch Processing","Biscocho Chips"
2026-03-26,"Soy Sauce",149.02,ml,"Production Batch Processing","Kibets (Crispy Chiton)"
2026-03-26,"Spring Onion",110.61,g,"Production Batch Processing","Binayong Hipon"
2026-03-26,"Sugar",435.34,g,"Production Batch Processing","Crispy Bucheron"
2026-03-26,"Turmeric Powder",57.53,g,"Production Batch Processing","Salted Banana Chips"
2026-03-26,"Water",33.46,L,"Production Batch Processing","Creamy Peanut Butter"
2026-03-27,"Bell Pepper",111.81,g,"Production Batch Processing","Kibets (Crispy Chiton)"
2026-03-27,"Butter/Margarine",436.48,g,"Production Batch Processing","Binayong Hipon"
2026-03-27,"Cabbage",313.77,g,"Production Batch Processing","Crispy Bucheron"
2026-03-27,"Carrots",244.69,g,"Production Batch Processing","Salted Banana Chips"
2026-03-27,"Chicken",982.81,g,"Production Batch Processing","Creamy Peanut Butter"
2026-03-27,"Chiton",1705.59,g,"Production Batch Processing","Crunchy Peanut Butter"
2026-03-27,"Cooking Oil",12.3,L,"Production Batch Processing","Biscocho Chips"
2026-03-27,"Garlic",176.95,g,"Production Batch Processing","Kibets (Crispy Chiton)"
2026-03-27,"Ground Pepper",49.43,g,"Production Batch Processing","Binayong Hipon"
2026-03-27,"Honey",372.32,ml,"Production Batch Processing","Crispy Bucheron"
2026-03-27,"Loaf Bread",6.2,pcs,"Production Batch Processing","Salted Banana Chips"
2026-03-27,"Onion",300.66,g,"Production Batch Processing","Creamy Peanut Butter"
2026-03-27,"Oyster Sauce",114.87,ml,"Production Batch Processing","Crunchy Peanut Butter"
2026-03-27,"Peanuts",2263.09,g,"Production Batch Processing","Biscocho Chips"
2026-03-27,"Pork",928.46,g,"Production Batch Processing","Kibets (Crispy Chiton)"
2026-03-27,"Pork Skin",1709.12,g,"Production Batch Processing","Binayong Hipon"
2026-03-27,"Raw Bananas",2478.84,g,"Production Batch Processing","Crispy Bucheron"
2026-03-27,"Salt",193.9,g,"Production Batch Processing","Salted Banana Chips"
2026-03-27,"Sea Salt",104.04,g,"Production Batch Processing","Creamy Peanut Butter"
2026-03-27,"Sesame Oil",66.54,ml,"Production Batch Processing","Crunchy Peanut Butter"
2026-03-27,"Small Shrimp",2232.15,g,"Production Batch Processing","Biscocho Chips"
2026-03-27,"Soy Sauce",143.03,ml,"Production Batch Processing","Kibets (Crispy Chiton)"
2026-03-27,"Spring Onion",103.67,g,"Production Batch Processing","Binayong Hipon"
2026-03-27,"Sugar",374.81,g,"Production Batch Processing","Crispy Bucheron"
2026-03-27,"Turmeric Powder",58.09,g,"Production Batch Processing","Salted Banana Chips"
2026-03-27,"Water",34.13,L,"Production Batch Processing","Creamy Peanut Butter"
2026-03-28,"Bell Pepper",149.59,g,"Production Batch Processing","Kibets (Crispy Chiton)"
2026-03-28,"Butter/Margarine",654.78,g,"Production Batch Processing","Binayong Hipon"
2026-03-28,"Cabbage",366.45,g,"Production Batch Processing","Crispy Bucheron"
2026-03-28,"Carrots",306.2,g,"Production Batch Processing","Salted Banana Chips"
2026-03-28,"Chicken",1205.44,g,"Production Batch Processing","Creamy Peanut Butter"
2026-03-28,"Chiton",2467.49,g,"Production Batch Processing","Crunchy Peanut Butter"
2026-03-28,"Cooking Oil",16.77,L,"Production Batch Processing","Biscocho Chips"
2026-03-28,"Garlic",236.42,g,"Production Batch Processing","Kibets (Crispy Chiton)"
2026-03-28,"Ground Pepper",63.94,g,"Production Batch Processing","Binayong Hipon"
2026-03-28,"Honey",490.7,ml,"Production Batch Processing","Crispy Bucheron"
2026-03-28,"Loaf Bread",8.46,pcs,"Production Batch Processing","Salted Banana Chips"
2026-03-28,"Onion",407.69,g,"Production Batch Processing","Creamy Peanut Butter"
2026-03-28,"Oyster Sauce",141.25,ml,"Production Batch Processing","Crunchy Peanut Butter"
2026-03-28,"Peanuts",2938.64,g,"Production Batch Processing","Biscocho Chips"
2026-03-28,"Pork",1254.73,g,"Production Batch Processing","Kibets (Crispy Chiton)"
2026-03-28,"Pork Skin",2583.33,g,"Production Batch Processing","Binayong Hipon"
2026-03-28,"Raw Bananas",3502.22,g,"Production Batch Processing","Crispy Bucheron"
2026-03-28,"Salt",249.74,g,"Production Batch Processing","Salted Banana Chips"
2026-03-28,"Sea Salt",130.96,g,"Production Batch Processing","Creamy Peanut Butter"
2026-03-28,"Sesame Oil",90.98,ml,"Production Batch Processing","Crunchy Peanut Butter"
2026-03-28,"Small Shrimp",3025.22,g,"Production Batch Processing","Biscocho Chips"
2026-03-28,"Soy Sauce",224.26,ml,"Production Batch Processing","Kibets (Crispy Chiton)"
2026-03-28,"Spring Onion",162.76,g,"Production Batch Processing","Binayong Hipon"
2026-03-28,"Sugar",502.6,g,"Production Batch Processing","Crispy Bucheron"
2026-03-28,"Turmeric Powder",82.79,g,"Production Batch Processing","Salted Banana Chips"
2026-03-28,"Water",52.74,L,"Production Batch Processing","Creamy Peanut Butter"
2026-03-29,"Bell Pepper",145.3,g,"Production Batch Processing","Kibets (Crispy Chiton)"
2026-03-29,"Butter/Margarine",677.24,g,"Production Batch Processing","Binayong Hipon"
2026-03-29,"Cabbage",406.23,g,"Production Batch Processing","Crispy Bucheron"
2026-03-29,"Carrots",286.51,g,"Production Batch Processing","Salted Banana Chips"
2026-03-29,"Chicken",1380.15,g,"Production Batch Processing","Creamy Peanut Butter"
2026-03-29,"Chiton",2369.48,g,"Production Batch Processing","Crunchy Peanut Butter"
2026-03-29,"Cooking Oil",16.16,L,"Production Batch Processing","Biscocho Chips"
2026-03-29,"Garlic",263.28,g,"Production Batch Processing","Kibets (Crispy Chiton)"
2026-03-29,"Ground Pepper",54.24,g,"Production Batch Processing","Binayong Hipon"
2026-03-29,"Honey",426.42,ml,"Production Batch Processing","Crispy Bucheron"
2026-03-29,"Loaf Bread",8.33,pcs,"Production Batch Processing","Salted Banana Chips"
2026-03-29,"Onion",365.32,g,"Production Batch Processing","Creamy Peanut Butter"
2026-03-29,"Oyster Sauce",155.14,ml,"Production Batch Processing","Crunchy Peanut Butter"
2026-03-29,"Peanuts",2633.76,g,"Production Batch Processing","Biscocho Chips"
2026-03-29,"Pork",1282.09,g,"Production Batch Processing","Kibets (Crispy Chiton)"
2026-03-29,"Pork Skin",2145.45,g,"Production Batch Processing","Binayong Hipon"
2026-03-29,"Raw Bananas",3719.07,g,"Production Batch Processing","Crispy Bucheron"
2026-03-29,"Salt",242.2,g,"Production Batch Processing","Salted Banana Chips"
2026-03-29,"Sea Salt",122.43,g,"Production Batch Processing","Creamy Peanut Butter"
2026-03-29,"Sesame Oil",82.86,ml,"Production Batch Processing","Crunchy Peanut Butter"
2026-03-29,"Small Shrimp",3171.09,g,"Production Batch Processing","Biscocho Chips"
2026-03-29,"Soy Sauce",216.38,ml,"Production Batch Processing","Kibets (Crispy Chiton)"
2026-03-29,"Spring Onion",139.26,g,"Production Batch Processing","Binayong Hipon"
2026-03-29,"Sugar",555.66,g,"Production Batch Processing","Crispy Bucheron"
2026-03-29,"Turmeric Powder",79.75,g,"Production Batch Processing","Salted Banana Chips"
2026-03-29,"Water",42.48,L,"Production Batch Processing","Creamy Peanut Butter"
2026-03-30,"Bell Pepper",108.83,g,"Production Batch Processing","Kibets (Crispy Chiton)"
2026-03-30,"Butter/Margarine",486.05,g,"Production Batch Processing","Binayong Hipon"
2026-03-30,"Cabbage",266.14,g,"Production Batch Processing","Crispy Bucheron"
2026-03-30,"Carrots",218.47,g,"Production Batch Processing","Salted Banana Chips"
2026-03-30,"Chicken",1042.91,g,"Production Batch Processing","Creamy Peanut Butter"
2026-03-30,"Chiton",1708.38,g,"Production Batch Processing","Crunchy Peanut Butter"
2026-03-30,"Cooking Oil",12.52,L,"Production Batch Processing","Biscocho Chips"
2026-03-30,"Garlic",169.34,g,"Production Batch Processing","Kibets (Crispy Chiton)"
2026-03-30,"Ground Pepper",48.22,g,"Production Batch Processing","Binayong Hipon"
2026-03-30,"Honey",334.1,ml,"Production Batch Processing","Crispy Bucheron"
2026-03-30,"Loaf Bread",6.2,pcs,"Production Batch Processing","Salted Banana Chips"
2026-03-30,"Onion",302.05,g,"Production Batch Processing","Creamy Peanut Butter"
2026-03-30,"Oyster Sauce",106.59,ml,"Production Batch Processing","Crunchy Peanut Butter"
2026-03-30,"Peanuts",1905.9,g,"Production Batch Processing","Biscocho Chips"
2026-03-30,"Pork",878.76,g,"Production Batch Processing","Kibets (Crispy Chiton)"
2026-03-30,"Pork Skin",1799.6,g,"Production Batch Processing","Binayong Hipon"
2026-03-30,"Raw Bananas",2512.18,g,"Production Batch Processing","Crispy Bucheron"
2026-03-30,"Salt",203.29,g,"Production Batch Processing","Salted Banana Chips"
2026-03-30,"Sea Salt",90.5,g,"Production Batch Processing","Creamy Peanut Butter"
2026-03-30,"Sesame Oil",69.38,ml,"Production Batch Processing","Crunchy Peanut Butter"
2026-03-30,"Small Shrimp",2541.14,g,"Production Batch Processing","Biscocho Chips"
2026-03-30,"Soy Sauce",179.04,ml,"Production Batch Processing","Kibets (Crispy Chiton)"
2026-03-30,"Spring Onion",114.14,g,"Production Batch Processing","Binayong Hipon"
2026-03-30,"Sugar",433.55,g,"Production Batch Processing","Crispy Bucheron"
2026-03-30,"Turmeric Powder",54.69,g,"Production Batch Processing","Salted Banana Chips"
2026-03-30,"Water",35.43,L,"Production Batch Processing","Creamy Peanut Butter"
2026-03-31,"Bell Pepper",128.22,g,"Production Batch Processing","Kibets (Crispy Chiton)"
2026-03-31,"Butter/Margarine",494.26,g,"Production Batch Processing","Binayong Hipon"
2026-03-31,"Cabbage",279.2,g,"Production Batch Processing","Crispy Bucheron"
2026-03-31,"Carrots",195.35,g,"Production Batch Processing","Salted Banana Chips"
2026-03-31,"Chicken",885.71,g,"Production Batch Processing","Creamy Peanut Butter"
2026-03-31,"Chiton",1742.85,g,"Production Batch Processing","Crunchy Peanut Butter"
2026-03-31,"Cooking Oil",12.18,L,"Production Batch Processing","Biscocho Chips"
2026-03-31,"Garlic",193.82,g,"Production Batch Processing","Kibets (Crispy Chiton)"
2026-03-31,"Ground Pepper",40.85,g,"Production Batch Processing","Binayong Hipon"
2026-03-31,"Honey",324.8,ml,"Production Batch Processing","Crispy Bucheron"
2026-03-31,"Loaf Bread",6.46,pcs,"Production Batch Processing","Salted Banana Chips"
2026-03-31,"Onion",288.83,g,"Production Batch Processing","Creamy Peanut Butter"
2026-03-31,"Oyster Sauce",106.63,ml,"Production Batch Processing","Crunchy Peanut Butter"
2026-03-31,"Peanuts",2246.48,g,"Production Batch Processing","Biscocho Chips"
2026-03-31,"Pork",939.33,g,"Production Batch Processing","Kibets (Crispy Chiton)"
2026-03-31,"Pork Skin",1823.23,g,"Production Batch Processing","Binayong Hipon"
2026-03-31,"Raw Bananas",2443.4,g,"Production Batch Processing","Crispy Bucheron"
2026-03-31,"Salt",190.89,g,"Production Batch Processing","Salted Banana Chips"
2026-03-31,"Sea Salt",95.01,g,"Production Batch Processing","Creamy Peanut Butter"
2026-03-31,"Sesame Oil",66.39,ml,"Production Batch Processing","Crunchy Peanut Butter"
2026-03-31,"Small Shrimp",2304.95,g,"Production Batch Processing","Biscocho Chips"
2026-03-31,"Soy Sauce",152.96,ml,"Production Batch Processing","Kibets (Crispy Chiton)"
2026-03-31,"Spring Onion",110.68,g,"Production Batch Processing","Binayong Hipon"
2026-03-31,"Sugar",427.4,g,"Production Batch Processing","Crispy Bucheron"
2026-03-31,"Turmeric Powder",48.6,g,"Production Batch Processing","Salted Banana Chips"
2026-03-31,"Water",31.81,L,"Production Batch Processing","Creamy Peanut Butter"
2026-04-01,"Bell Pepper",126.2,g,"Production Batch Processing","Kibets (Crispy Chiton)"
2026-04-01,"Butter/Margarine",498.36,g,"Production Batch Processing","Binayong Hipon"
2026-04-01,"Cabbage",295.49,g,"Production Batch Processing","Crispy Bucheron"
2026-04-01,"Carrots",233.52,g,"Production Batch Processing","Salted Banana Chips"
2026-04-01,"Chicken",1039.1,g,"Production Batch Processing","Creamy Peanut Butter"
2026-04-01,"Chiton",1827.78,g,"Production Batch Processing","Crunchy Peanut Butter"
2026-04-01,"Cooking Oil",13.42,L,"Production Batch Processing","Biscocho Chips"
2026-04-01,"Garlic",199.35,g,"Production Batch Processing","Kibets (Crispy Chiton)"
2026-04-01,"Ground Pepper",45.04,g,"Production Batch Processing","Binayong Hipon"
2026-04-01,"Honey",329.52,ml,"Production Batch Processing","Crispy Bucheron"
2026-04-01,"Loaf Bread",6.39,pcs,"Production Batch Processing","Salted Banana Chips"
2026-04-01,"Onion",253.55,g,"Production Batch Processing","Creamy Peanut Butter"
2026-04-01,"Oyster Sauce",102.74,ml,"Production Batch Processing","Crunchy Peanut Butter"
2026-04-01,"Peanuts",1858.73,g,"Production Batch Processing","Biscocho Chips"
2026-04-01,"Pork",912.39,g,"Production Batch Processing","Kibets (Crispy Chiton)"
2026-04-01,"Pork Skin",1650.4,g,"Production Batch Processing","Binayong Hipon"
2026-04-01,"Raw Bananas",2830.47,g,"Production Batch Processing","Crispy Bucheron"
2026-04-01,"Salt",188.92,g,"Production Batch Processing","Salted Banana Chips"
2026-04-01,"Sea Salt",84.92,g,"Production Batch Processing","Creamy Peanut Butter"
2026-04-01,"Sesame Oil",65.92,ml,"Production Batch Processing","Crunchy Peanut Butter"
2026-04-01,"Small Shrimp",2667.7,g,"Production Batch Processing","Biscocho Chips"
2026-04-01,"Soy Sauce",178.94,ml,"Production Batch Processing","Kibets (Crispy Chiton)"
2026-04-01,"Spring Onion",111.3,g,"Production Batch Processing","Binayong Hipon"
2026-04-01,"Sugar",466.71,g,"Production Batch Processing","Crispy Bucheron"
2026-04-01,"Turmeric Powder",58.87,g,"Production Batch Processing","Salted Banana Chips"
2026-04-01,"Water",34.34,L,"Production Batch Processing","Creamy Peanut Butter"
2026-04-02,"Bell Pepper",132.88,g,"Production Batch Processing","Kibets (Crispy Chiton)"
2026-04-02,"Butter/Margarine",425.11,g,"Production Batch Processing","Binayong Hipon"
2026-04-02,"Cabbage",270.15,g,"Production Batch Processing","Crispy Bucheron"
2026-04-02,"Carrots",197.7,g,"Production Batch Processing","Salted Banana Chips"
2026-04-02,"Chicken",959.53,g,"Production Batch Processing","Creamy Peanut Butter"
2026-04-02,"Chiton",1703.11,g,"Production Batch Processing","Crunchy Peanut Butter"
2026-04-02,"Cooking Oil",12.49,L,"Production Batch Processing","Biscocho Chips"
2026-04-02,"Garlic",171.48,g,"Production Batch Processing","Kibets (Crispy Chiton)"
2026-04-02,"Ground Pepper",49.45,g,"Production Batch Processing","Binayong Hipon"
2026-04-02,"Honey",340.87,ml,"Production Batch Processing","Crispy Bucheron"
2026-04-02,"Loaf Bread",5.35,pcs,"Production Batch Processing","Salted Banana Chips"
2026-04-02,"Onion",256.25,g,"Production Batch Processing","Creamy Peanut Butter"
2026-04-02,"Oyster Sauce",106.04,ml,"Production Batch Processing","Crunchy Peanut Butter"
2026-04-02,"Peanuts",2151.44,g,"Production Batch Processing","Biscocho Chips"
2026-04-02,"Pork",821.46,g,"Production Batch Processing","Kibets (Crispy Chiton)"
2026-04-02,"Pork Skin",1674.54,g,"Production Batch Processing","Binayong Hipon"
2026-04-02,"Raw Bananas",2497.63,g,"Production Batch Processing","Crispy Bucheron"
2026-04-02,"Salt",202.82,g,"Production Batch Processing","Salted Banana Chips"
2026-04-02,"Sea Salt",87.55,g,"Production Batch Processing","Creamy Peanut Butter"
2026-04-02,"Sesame Oil",62.05,ml,"Production Batch Processing","Crunchy Peanut Butter"
2026-04-02,"Small Shrimp",2263.49,g,"Production Batch Processing","Biscocho Chips"
2026-04-02,"Soy Sauce",143.08,ml,"Production Batch Processing","Kibets (Crispy Chiton)"
2026-04-02,"Spring Onion",122.83,g,"Production Batch Processing","Binayong Hipon"
2026-04-02,"Sugar",467.89,g,"Production Batch Processing","Crispy Bucheron"
2026-04-02,"Turmeric Powder",56.54,g,"Production Batch Processing","Salted Banana Chips"
2026-04-02,"Water",37.63,L,"Production Batch Processing","Creamy Peanut Butter"
2026-04-03,"Bell Pepper",120.94,g,"Production Batch Processing","Kibets (Crispy Chiton)"
2026-04-03,"Butter/Margarine",494.09,g,"Production Batch Processing","Binayong Hipon"
2026-04-03,"Cabbage",287.39,g,"Production Batch Processing","Crispy Bucheron"
2026-04-03,"Carrots",227.57,g,"Production Batch Processing","Salted Banana Chips"
2026-04-03,"Chicken",989.07,g,"Production Batch Processing","Creamy Peanut Butter"
2026-04-03,"Chiton",1654.06,g,"Production Batch Processing","Crunchy Peanut Butter"
2026-04-03,"Cooking Oil",11.67,L,"Production Batch Processing","Biscocho Chips"
2026-04-03,"Garlic",194.56,g,"Production Batch Processing","Kibets (Crispy Chiton)"
2026-04-03,"Ground Pepper",46.01,g,"Production Batch Processing","Binayong Hipon"
2026-04-03,"Honey",326.08,ml,"Production Batch Processing","Crispy Bucheron"
2026-04-03,"Loaf Bread",6.2,pcs,"Production Batch Processing","Salted Banana Chips"
2026-04-03,"Onion",309.49,g,"Production Batch Processing","Creamy Peanut Butter"
2026-04-03,"Oyster Sauce",101.45,ml,"Production Batch Processing","Crunchy Peanut Butter"
2026-04-03,"Peanuts",1951.24,g,"Production Batch Processing","Biscocho Chips"
2026-04-03,"Pork",965.5,g,"Production Batch Processing","Kibets (Crispy Chiton)"
2026-04-03,"Pork Skin",1950.45,g,"Production Batch Processing","Binayong Hipon"
2026-04-03,"Raw Bananas",2781.73,g,"Production Batch Processing","Crispy Bucheron"
2026-04-03,"Salt",207.38,g,"Production Batch Processing","Salted Banana Chips"
2026-04-03,"Sea Salt",89.88,g,"Production Batch Processing","Creamy Peanut Butter"
2026-04-03,"Sesame Oil",57.24,ml,"Production Batch Processing","Crunchy Peanut Butter"
2026-04-03,"Small Shrimp",2493.91,g,"Production Batch Processing","Biscocho Chips"
2026-04-03,"Soy Sauce",176.39,ml,"Production Batch Processing","Kibets (Crispy Chiton)"
2026-04-03,"Spring Onion",103.72,g,"Production Batch Processing","Binayong Hipon"
2026-04-03,"Sugar",415.27,g,"Production Batch Processing","Crispy Bucheron"
2026-04-03,"Turmeric Powder",48.7,g,"Production Batch Processing","Salted Banana Chips"
2026-04-03,"Water",38.26,L,"Production Batch Processing","Creamy Peanut Butter"
2026-04-04,"Bell Pepper",151.9,g,"Production Batch Processing","Kibets (Crispy Chiton)"
2026-04-04,"Butter/Margarine",645.23,g,"Production Batch Processing","Binayong Hipon"
2026-04-04,"Cabbage",399.43,g,"Production Batch Processing","Crispy Bucheron"
2026-04-04,"Carrots",293.93,g,"Production Batch Processing","Salted Banana Chips"
2026-04-04,"Chicken",1254.76,g,"Production Batch Processing","Creamy Peanut Butter"
2026-04-04,"Chiton",2045.18,g,"Production Batch Processing","Crunchy Peanut Butter"
2026-04-04,"Cooking Oil",16.94,L,"Production Batch Processing","Biscocho Chips"
2026-04-04,"Garlic",263.74,g,"Production Batch Processing","Kibets (Crispy Chiton)"
2026-04-04,"Ground Pepper",57.64,g,"Production Batch Processing","Binayong Hipon"
2026-04-04,"Honey",521.68,ml,"Production Batch Processing","Crispy Bucheron"
2026-04-04,"Loaf Bread",7.77,pcs,"Production Batch Processing","Salted Banana Chips"
2026-04-04,"Onion",419.41,g,"Production Batch Processing","Creamy Peanut Butter"
2026-04-04,"Oyster Sauce",161.74,ml,"Production Batch Processing","Crunchy Peanut Butter"
2026-04-04,"Peanuts",2553.84,g,"Production Batch Processing","Biscocho Chips"
2026-04-04,"Pork",1340.36,g,"Production Batch Processing","Kibets (Crispy Chiton)"
2026-04-04,"Pork Skin",2281.4,g,"Production Batch Processing","Binayong Hipon"
2026-04-04,"Raw Bananas",3898.74,g,"Production Batch Processing","Crispy Bucheron"
2026-04-04,"Salt",265.11,g,"Production Batch Processing","Salted Banana Chips"
2026-04-04,"Sea Salt",136.37,g,"Production Batch Processing","Creamy Peanut Butter"
2026-04-04,"Sesame Oil",79.95,ml,"Production Batch Processing","Crunchy Peanut Butter"
2026-04-04,"Small Shrimp",3143.84,g,"Production Batch Processing","Biscocho Chips"
2026-04-04,"Soy Sauce",223.89,ml,"Production Batch Processing","Kibets (Crispy Chiton)"
2026-04-04,"Spring Onion",158.53,g,"Production Batch Processing","Binayong Hipon"
2026-04-04,"Sugar",512.29,g,"Production Batch Processing","Crispy Bucheron"
2026-04-04,"Turmeric Powder",70.41,g,"Production Batch Processing","Salted Banana Chips"
2026-04-04,"Water",44.35,L,"Production Batch Processing","Creamy Peanut Butter"
2026-04-05,"Bell Pepper",180.31,g,"Production Batch Processing","Kibets (Crispy Chiton)"
2026-04-05,"Butter/Margarine",662,g,"Production Batch Processing","Binayong Hipon"
2026-04-05,"Cabbage",419.34,g,"Production Batch Processing","Crispy Bucheron"
2026-04-05,"Carrots",267.62,g,"Production Batch Processing","Salted Banana Chips"
2026-04-05,"Chicken",1227.76,g,"Production Batch Processing","Creamy Peanut Butter"
2026-04-05,"Chiton",2446.08,g,"Production Batch Processing","Crunchy Peanut Butter"
2026-04-05,"Cooking Oil",16.52,L,"Production Batch Processing","Biscocho Chips"
2026-04-05,"Garlic",261.53,g,"Production Batch Processing","Kibets (Crispy Chiton)"
2026-04-05,"Ground Pepper",66.58,g,"Production Batch Processing","Binayong Hipon"
2026-04-05,"Honey",488.11,ml,"Production Batch Processing","Crispy Bucheron"
2026-04-05,"Loaf Bread",8.26,pcs,"Production Batch Processing","Salted Banana Chips"
2026-04-05,"Onion",366.17,g,"Production Batch Processing","Creamy Peanut Butter"
2026-04-05,"Oyster Sauce",138.82,ml,"Production Batch Processing","Crunchy Peanut Butter"
2026-04-05,"Peanuts",2971.79,g,"Production Batch Processing","Biscocho Chips"
2026-04-05,"Pork",1259.46,g,"Production Batch Processing","Kibets (Crispy Chiton)"
2026-04-05,"Pork Skin",2212.82,g,"Production Batch Processing","Binayong Hipon"
2026-04-05,"Raw Bananas",3821.01,g,"Production Batch Processing","Crispy Bucheron"
2026-04-05,"Salt",269.79,g,"Production Batch Processing","Salted Banana Chips"
2026-04-05,"Sea Salt",123.89,g,"Production Batch Processing","Creamy Peanut Butter"
2026-04-05,"Sesame Oil",97.56,ml,"Production Batch Processing","Crunchy Peanut Butter"
2026-04-05,"Small Shrimp",3232.17,g,"Production Batch Processing","Biscocho Chips"
2026-04-05,"Soy Sauce",215.82,ml,"Production Batch Processing","Kibets (Crispy Chiton)"
2026-04-05,"Spring Onion",151.67,g,"Production Batch Processing","Binayong Hipon"
2026-04-05,"Sugar",529.99,g,"Production Batch Processing","Crispy Bucheron"
2026-04-05,"Turmeric Powder",81.32,g,"Production Batch Processing","Salted Banana Chips"
2026-04-05,"Water",48.62,L,"Production Batch Processing","Creamy Peanut Butter"
2026-04-06,"Bell Pepper",122.05,g,"Production Batch Processing","Kibets (Crispy Chiton)"
2026-04-06,"Butter/Margarine",479.9,g,"Production Batch Processing","Binayong Hipon"
2026-04-06,"Cabbage",318.26,g,"Production Batch Processing","Crispy Bucheron"
2026-04-06,"Carrots",237.85,g,"Production Batch Processing","Salted Banana Chips"
2026-04-06,"Chicken",931.11,g,"Production Batch Processing","Creamy Peanut Butter"
2026-04-06,"Chiton",1794.41,g,"Production Batch Processing","Crunchy Peanut Butter"
2026-04-06,"Cooking Oil",12.01,L,"Production Batch Processing","Biscocho Chips"
2026-04-06,"Garlic",197.92,g,"Production Batch Processing","Kibets (Crispy Chiton)"
2026-04-06,"Ground Pepper",41.65,g,"Production Batch Processing","Binayong Hipon"
2026-04-06,"Honey",359.87,ml,"Production Batch Processing","Crispy Bucheron"
2026-04-06,"Loaf Bread",5.57,pcs,"Production Batch Processing","Salted Banana Chips"
2026-04-06,"Onion",289.57,g,"Production Batch Processing","Creamy Peanut Butter"
2026-04-06,"Oyster Sauce",106.11,ml,"Production Batch Processing","Crunchy Peanut Butter"
2026-04-06,"Peanuts",2081.83,g,"Production Batch Processing","Biscocho Chips"
2026-04-06,"Pork",841.29,g,"Production Batch Processing","Kibets (Crispy Chiton)"
2026-04-06,"Pork Skin",1858.82,g,"Production Batch Processing","Binayong Hipon"
2026-04-06,"Raw Bananas",2711.57,g,"Production Batch Processing","Crispy Bucheron"
2026-04-06,"Salt",199.41,g,"Production Batch Processing","Salted Banana Chips"
2026-04-06,"Sea Salt",90.64,g,"Production Batch Processing","Creamy Peanut Butter"
2026-04-06,"Sesame Oil",66.56,ml,"Production Batch Processing","Crunchy Peanut Butter"
2026-04-06,"Small Shrimp",2585.12,g,"Production Batch Processing","Biscocho Chips"
2026-04-06,"Soy Sauce",176.38,ml,"Production Batch Processing","Kibets (Crispy Chiton)"
2026-04-06,"Spring Onion",119.29,g,"Production Batch Processing","Binayong Hipon"
2026-04-06,"Sugar",377.96,g,"Production Batch Processing","Crispy Bucheron"
2026-04-06,"Turmeric Powder",56.63,g,"Production Batch Processing","Salted Banana Chips"
2026-04-06,"Water",32.3,L,"Production Batch Processing","Creamy Peanut Butter"
2026-04-07,"Bell Pepper",114.35,g,"Production Batch Processing","Kibets (Crispy Chiton)"
2026-04-07,"Butter/Margarine",423.58,g,"Production Batch Processing","Binayong Hipon"
2026-04-07,"Cabbage",296.08,g,"Production Batch Processing","Crispy Bucheron"
2026-04-07,"Carrots",220.95,g,"Production Batch Processing","Salted Banana Chips"
2026-04-07,"Chicken",848.28,g,"Production Batch Processing","Creamy Peanut Butter"
2026-04-07,"Chiton",1484.2,g,"Production Batch Processing","Crunchy Peanut Butter"
2026-04-07,"Cooking Oil",12.26,L,"Production Batch Processing","Biscocho Chips"
2026-04-07,"Garlic",161.22,g,"Production Batch Processing","Kibets (Crispy Chiton)"
2026-04-07,"Ground Pepper",45.96,g,"Production Batch Processing","Binayong Hipon"
2026-04-07,"Honey",337.11,ml,"Production Batch Processing","Crispy Bucheron"
2026-04-07,"Loaf Bread",5.35,pcs,"Production Batch Processing","Salted Banana Chips"
2026-04-07,"Onion",254.66,g,"Production Batch Processing","Creamy Peanut Butter"
2026-04-07,"Oyster Sauce",97.34,ml,"Production Batch Processing","Crunchy Peanut Butter"
2026-04-07,"Peanuts",2323.04,g,"Production Batch Processing","Biscocho Chips"
2026-04-07,"Pork",1014.56,g,"Production Batch Processing","Kibets (Crispy Chiton)"
2026-04-07,"Pork Skin",1929.8,g,"Production Batch Processing","Binayong Hipon"
2026-04-07,"Raw Bananas",2553.47,g,"Production Batch Processing","Crispy Bucheron"
2026-04-07,"Salt",205.11,g,"Production Batch Processing","Salted Banana Chips"
2026-04-07,"Sea Salt",97.87,g,"Production Batch Processing","Creamy Peanut Butter"
2026-04-07,"Sesame Oil",62.08,ml,"Production Batch Processing","Crunchy Peanut Butter"
2026-04-07,"Small Shrimp",2257.78,g,"Production Batch Processing","Biscocho Chips"
2026-04-07,"Soy Sauce",173.06,ml,"Production Batch Processing","Kibets (Crispy Chiton)"
2026-04-07,"Spring Onion",120.15,g,"Production Batch Processing","Binayong Hipon"
2026-04-07,"Sugar",425.17,g,"Production Batch Processing","Crispy Bucheron"
2026-04-07,"Turmeric Powder",58.14,g,"Production Batch Processing","Salted Banana Chips"
2026-04-07,"Water",38.42,L,"Production Batch Processing","Creamy Peanut Butter"
2026-04-08,"Bell Pepper",126.04,g,"Production Batch Processing","Kibets (Crispy Chiton)"
2026-04-08,"Butter/Margarine",407.01,g,"Production Batch Processing","Binayong Hipon"
2026-04-08,"Cabbage",316.64,g,"Production Batch Processing","Crispy Bucheron"
2026-04-08,"Carrots",211.86,g,"Production Batch Processing","Salted Banana Chips"
2026-04-08,"Chicken",935.9,g,"Production Batch Processing","Creamy Peanut Butter"
2026-04-08,"Chiton",1678.78,g,"Production Batch Processing","Crunchy Peanut Butter"
2026-04-08,"Cooking Oil",11.59,L,"Production Batch Processing","Biscocho Chips"
2026-04-08,"Garlic",188.18,g,"Production Batch Processing","Kibets (Crispy Chiton)"
2026-04-08,"Ground Pepper",43.14,g,"Production Batch Processing","Binayong Hipon"
2026-04-08,"Honey",325.24,ml,"Production Batch Processing","Crispy Bucheron"
2026-04-08,"Loaf Bread",5.35,pcs,"Production Batch Processing","Salted Banana Chips"
2026-04-08,"Onion",308.7,g,"Production Batch Processing","Creamy Peanut Butter"
2026-04-08,"Oyster Sauce",102.68,ml,"Production Batch Processing","Crunchy Peanut Butter"
2026-04-08,"Peanuts",2029.83,g,"Production Batch Processing","Biscocho Chips"
2026-04-08,"Pork",965.63,g,"Production Batch Processing","Kibets (Crispy Chiton)"
2026-04-08,"Pork Skin",1812.79,g,"Production Batch Processing","Binayong Hipon"
2026-04-08,"Raw Bananas",2706.24,g,"Production Batch Processing","Crispy Bucheron"
2026-04-08,"Salt",204.42,g,"Production Batch Processing","Salted Banana Chips"
2026-04-08,"Sea Salt",89.4,g,"Production Batch Processing","Creamy Peanut Butter"
2026-04-08,"Sesame Oil",69.7,ml,"Production Batch Processing","Crunchy Peanut Butter"
2026-04-08,"Small Shrimp",2325.59,g,"Production Batch Processing","Biscocho Chips"
2026-04-08,"Soy Sauce",159.43,ml,"Production Batch Processing","Kibets (Crispy Chiton)"
2026-04-08,"Spring Onion",110.92,g,"Production Batch Processing","Binayong Hipon"
2026-04-08,"Sugar",398.91,g,"Production Batch Processing","Crispy Bucheron"
2026-04-08,"Turmeric Powder",51.95,g,"Production Batch Processing","Salted Banana Chips"
2026-04-08,"Water",30.86,L,"Production Batch Processing","Creamy Peanut Butter"
2026-04-09,"Bell Pepper",128.09,g,"Production Batch Processing","Kibets (Crispy Chiton)"
2026-04-09,"Butter/Margarine",444.94,g,"Production Batch Processing","Binayong Hipon"
2026-04-09,"Cabbage",267,g,"Production Batch Processing","Crispy Bucheron"
2026-04-09,"Carrots",204.97,g,"Production Batch Processing","Salted Banana Chips"
2026-04-09,"Chicken",977.96,g,"Production Batch Processing","Creamy Peanut Butter"
2026-04-09,"Chiton",1550.59,g,"Production Batch Processing","Crunchy Peanut Butter"
2026-04-09,"Cooking Oil",13.43,L,"Production Batch Processing","Biscocho Chips"
2026-04-09,"Garlic",166.4,g,"Production Batch Processing","Kibets (Crispy Chiton)"
2026-04-09,"Ground Pepper",49.13,g,"Production Batch Processing","Binayong Hipon"
2026-04-09,"Honey",326.23,ml,"Production Batch Processing","Crispy Bucheron"
2026-04-09,"Loaf Bread",6.04,pcs,"Production Batch Processing","Salted Banana Chips"
2026-04-09,"Onion",294.21,g,"Production Batch Processing","Creamy Peanut Butter"
2026-04-09,"Oyster Sauce",114.14,ml,"Production Batch Processing","Crunchy Peanut Butter"
2026-04-09,"Peanuts",2273.68,g,"Production Batch Processing","Biscocho Chips"
2026-04-09,"Pork",968.94,g,"Production Batch Processing","Kibets (Crispy Chiton)"
2026-04-09,"Pork Skin",1628.33,g,"Production Batch Processing","Binayong Hipon"
2026-04-09,"Raw Bananas",2856.65,g,"Production Batch Processing","Crispy Bucheron"
2026-04-09,"Salt",198.37,g,"Production Batch Processing","Salted Banana Chips"
2026-04-09,"Sea Salt",98.53,g,"Production Batch Processing","Creamy Peanut Butter"
2026-04-09,"Sesame Oil",61.97,ml,"Production Batch Processing","Crunchy Peanut Butter"
2026-04-09,"Small Shrimp",2330.03,g,"Production Batch Processing","Biscocho Chips"
2026-04-09,"Soy Sauce",158.56,ml,"Production Batch Processing","Kibets (Crispy Chiton)"
2026-04-09,"Spring Onion",121.27,g,"Production Batch Processing","Binayong Hipon"
2026-04-09,"Sugar",376.78,g,"Production Batch Processing","Crispy Bucheron"
2026-04-09,"Turmeric Powder",60.24,g,"Production Batch Processing","Salted Banana Chips"
2026-04-09,"Water",36.65,L,"Production Batch Processing","Creamy Peanut Butter"
2026-04-10,"Bell Pepper",115.3,g,"Production Batch Processing","Kibets (Crispy Chiton)"
2026-04-10,"Butter/Margarine",463.78,g,"Production Batch Processing","Binayong Hipon"
2026-04-10,"Cabbage",312.89,g,"Production Batch Processing","Crispy Bucheron"
2026-04-10,"Carrots",202.05,g,"Production Batch Processing","Salted Banana Chips"
2026-04-10,"Chicken",1021.97,g,"Production Batch Processing","Creamy Peanut Butter"
2026-04-10,"Chiton",1604.02,g,"Production Batch Processing","Crunchy Peanut Butter"
2026-04-10,"Cooking Oil",11.24,L,"Production Batch Processing","Biscocho Chips"
2026-04-10,"Garlic",191.05,g,"Production Batch Processing","Kibets (Crispy Chiton)"
2026-04-10,"Ground Pepper",46.91,g,"Production Batch Processing","Binayong Hipon"
2026-04-10,"Honey",351.67,ml,"Production Batch Processing","Crispy Bucheron"
2026-04-10,"Loaf Bread",6.61,pcs,"Production Batch Processing","Salted Banana Chips"
2026-04-10,"Onion",276.24,g,"Production Batch Processing","Creamy Peanut Butter"
2026-04-10,"Oyster Sauce",104.81,ml,"Production Batch Processing","Crunchy Peanut Butter"
2026-04-10,"Peanuts",2308.26,g,"Production Batch Processing","Biscocho Chips"
2026-04-10,"Pork",1005.07,g,"Production Batch Processing","Kibets (Crispy Chiton)"
2026-04-10,"Pork Skin",1797.91,g,"Production Batch Processing","Binayong Hipon"
2026-04-10,"Raw Bananas",2616.54,g,"Production Batch Processing","Crispy Bucheron"
2026-04-10,"Salt",210.61,g,"Production Batch Processing","Salted Banana Chips"
2026-04-10,"Sea Salt",96.73,g,"Production Batch Processing","Creamy Peanut Butter"
2026-04-10,"Sesame Oil",72.28,ml,"Production Batch Processing","Crunchy Peanut Butter"
2026-04-10,"Small Shrimp",2626.33,g,"Production Batch Processing","Biscocho Chips"
2026-04-10,"Soy Sauce",176.83,ml,"Production Batch Processing","Kibets (Crispy Chiton)"
2026-04-10,"Spring Onion",112.08,g,"Production Batch Processing","Binayong Hipon"
2026-04-10,"Sugar",410.55,g,"Production Batch Processing","Crispy Bucheron"
2026-04-10,"Turmeric Powder",54.81,g,"Production Batch Processing","Salted Banana Chips"
2026-04-10,"Water",32.86,L,"Production Batch Processing","Creamy Peanut Butter"
2026-04-11,"Bell Pepper",175.51,g,"Production Batch Processing","Kibets (Crispy Chiton)"
2026-04-11,"Butter/Margarine",612.49,g,"Production Batch Processing","Binayong Hipon"
2026-04-11,"Cabbage",427.38,g,"Production Batch Processing","Crispy Bucheron"
2026-04-11,"Carrots",284.54,g,"Production Batch Processing","Salted Banana Chips"
2026-04-11,"Chicken",1171.88,g,"Production Batch Processing","Creamy Peanut Butter"
2026-04-11,"Chiton",2269.83,g,"Production Batch Processing","Crunchy Peanut Butter"
2026-04-11,"Cooking Oil",16.43,L,"Production Batch Processing","Biscocho Chips"
2026-04-11,"Garlic",236.77,g,"Production Batch Processing","Kibets (Crispy Chiton)"
2026-04-11,"Ground Pepper",57.93,g,"Production Batch Processing","Binayong Hipon"
2026-04-11,"Honey",527.56,ml,"Production Batch Processing","Crispy Bucheron"
2026-04-11,"Loaf Bread",8.68,pcs,"Production Batch Processing","Salted Banana Chips"
2026-04-11,"Onion",369.37,g,"Production Batch Processing","Creamy Peanut Butter"
2026-04-11,"Oyster Sauce",153.66,ml,"Production Batch Processing","Crunchy Peanut Butter"
2026-04-11,"Peanuts",3145.09,g,"Production Batch Processing","Biscocho Chips"
2026-04-11,"Pork",1143.27,g,"Production Batch Processing","Kibets (Crispy Chiton)"
2026-04-11,"Pork Skin",2517.44,g,"Production Batch Processing","Binayong Hipon"
2026-04-11,"Raw Bananas",3452.67,g,"Production Batch Processing","Crispy Bucheron"
2026-04-11,"Salt",260.92,g,"Production Batch Processing","Salted Banana Chips"
2026-04-11,"Sea Salt",121.95,g,"Production Batch Processing","Creamy Peanut Butter"
2026-04-11,"Sesame Oil",96.86,ml,"Production Batch Processing","Crunchy Peanut Butter"
2026-04-11,"Small Shrimp",3115.65,g,"Production Batch Processing","Biscocho Chips"
2026-04-11,"Soy Sauce",220.54,ml,"Production Batch Processing","Kibets (Crispy Chiton)"
2026-04-11,"Spring Onion",160.79,g,"Production Batch Processing","Binayong Hipon"
2026-04-11,"Sugar",634.39,g,"Production Batch Processing","Crispy Bucheron"
2026-04-11,"Turmeric Powder",72.72,g,"Production Batch Processing","Salted Banana Chips"
2026-04-11,"Water",42.25,L,"Production Batch Processing","Creamy Peanut Butter"
2026-04-12,"Bell Pepper",175.31,g,"Production Batch Processing","Kibets (Crispy Chiton)"
2026-04-12,"Butter/Margarine",677.25,g,"Production Batch Processing","Binayong Hipon"
2026-04-12,"Cabbage",427.79,g,"Production Batch Processing","Crispy Bucheron"
2026-04-12,"Carrots",262.42,g,"Production Batch Processing","Salted Banana Chips"
2026-04-12,"Chicken",1424.12,g,"Production Batch Processing","Creamy Peanut Butter"
2026-04-12,"Chiton",2177.89,g,"Production Batch Processing","Crunchy Peanut Butter"
2026-04-12,"Cooking Oil",16.86,L,"Production Batch Processing","Biscocho Chips"
2026-04-12,"Garlic",229.83,g,"Production Batch Processing","Kibets (Crispy Chiton)"
2026-04-12,"Ground Pepper",55.79,g,"Production Batch Processing","Binayong Hipon"
2026-04-12,"Honey",479.91,ml,"Production Batch Processing","Crispy Bucheron"
2026-04-12,"Loaf Bread",7.69,pcs,"Production Batch Processing","Salted Banana Chips"
2026-04-12,"Onion",399.96,g,"Production Batch Processing","Creamy Peanut Butter"
2026-04-12,"Oyster Sauce",157.52,ml,"Production Batch Processing","Crunchy Peanut Butter"
2026-04-12,"Peanuts",3055.88,g,"Production Batch Processing","Biscocho Chips"
2026-04-12,"Pork",1318.27,g,"Production Batch Processing","Kibets (Crispy Chiton)"
2026-04-12,"Pork Skin",2552.07,g,"Production Batch Processing","Binayong Hipon"
2026-04-12,"Raw Bananas",3132.6,g,"Production Batch Processing","Crispy Bucheron"
2026-04-12,"Salt",240.48,g,"Production Batch Processing","Salted Banana Chips"
2026-04-12,"Sea Salt",113.23,g,"Production Batch Processing","Creamy Peanut Butter"
2026-04-12,"Sesame Oil",88.41,ml,"Production Batch Processing","Crunchy Peanut Butter"
2026-04-12,"Small Shrimp",3152.21,g,"Production Batch Processing","Biscocho Chips"
2026-04-12,"Soy Sauce",232.34,ml,"Production Batch Processing","Kibets (Crispy Chiton)"
2026-04-12,"Spring Onion",158.96,g,"Production Batch Processing","Binayong Hipon"
2026-04-12,"Sugar",585.97,g,"Production Batch Processing","Crispy Bucheron"
2026-04-12,"Turmeric Powder",72.12,g,"Production Batch Processing","Salted Banana Chips"
2026-04-12,"Water",48.02,L,"Production Batch Processing","Creamy Peanut Butter"
2026-04-13,"Bell Pepper",122.56,g,"Production Batch Processing","Kibets (Crispy Chiton)"
2026-04-13,"Butter/Margarine",463.84,g,"Production Batch Processing","Binayong Hipon"
2026-04-13,"Cabbage",277.36,g,"Production Batch Processing","Crispy Bucheron"
2026-04-13,"Carrots",241.97,g,"Production Batch Processing","Salted Banana Chips"
2026-04-13,"Chicken",941.97,g,"Production Batch Processing","Creamy Peanut Butter"
2026-04-13,"Chiton",1613.36,g,"Production Batch Processing","Crunchy Peanut Butter"
2026-04-13,"Cooking Oil",12.38,L,"Production Batch Processing","Biscocho Chips"
2026-04-13,"Garlic",184.92,g,"Production Batch Processing","Kibets (Crispy Chiton)"
2026-04-13,"Ground Pepper",39.84,g,"Production Batch Processing","Binayong Hipon"
2026-04-13,"Honey",387.59,ml,"Production Batch Processing","Crispy Bucheron"
2026-04-13,"Loaf Bread",5.6,pcs,"Production Batch Processing","Salted Banana Chips"
2026-04-13,"Onion",301.45,g,"Production Batch Processing","Creamy Peanut Butter"
2026-04-13,"Oyster Sauce",112.27,ml,"Production Batch Processing","Crunchy Peanut Butter"
2026-04-13,"Peanuts",2272.85,g,"Production Batch Processing","Biscocho Chips"
2026-04-13,"Pork",924.76,g,"Production Batch Processing","Kibets (Crispy Chiton)"
2026-04-13,"Pork Skin",1837.5,g,"Production Batch Processing","Binayong Hipon"
2026-04-13,"Raw Bananas",2643.25,g,"Production Batch Processing","Crispy Bucheron"
2026-04-13,"Salt",186.14,g,"Production Batch Processing","Salted Banana Chips"
2026-04-13,"Sea Salt",97.99,g,"Production Batch Processing","Creamy Peanut Butter"
2026-04-13,"Sesame Oil",70.38,ml,"Production Batch Processing","Crunchy Peanut Butter"
2026-04-13,"Small Shrimp",2598.93,g,"Production Batch Processing","Biscocho Chips"
2026-04-13,"Soy Sauce",140.96,ml,"Production Batch Processing","Kibets (Crispy Chiton)"
2026-04-13,"Spring Onion",106.92,g,"Production Batch Processing","Binayong Hipon"
2026-04-13,"Sugar",451.72,g,"Production Batch Processing","Crispy Bucheron"
2026-04-13,"Turmeric Powder",58.17,g,"Production Batch Processing","Salted Banana Chips"
2026-04-13,"Water",38.62,L,"Production Batch Processing","Creamy Peanut Butter"
2026-04-14,"Bell Pepper",133.69,g,"Production Batch Processing","Kibets (Crispy Chiton)"
2026-04-14,"Butter/Margarine",503.81,g,"Production Batch Processing","Binayong Hipon"
2026-04-14,"Cabbage",272.73,g,"Production Batch Processing","Crispy Bucheron"
2026-04-14,"Carrots",202.76,g,"Production Batch Processing","Salted Banana Chips"
2026-04-14,"Chicken",899.07,g,"Production Batch Processing","Creamy Peanut Butter"
2026-04-14,"Chiton",1843.7,g,"Production Batch Processing","Crunchy Peanut Butter"
2026-04-14,"Cooking Oil",11.19,L,"Production Batch Processing","Biscocho Chips"
2026-04-14,"Garlic",159.1,g,"Production Batch Processing","Kibets (Crispy Chiton)"
2026-04-14,"Ground Pepper",40.25,g,"Production Batch Processing","Binayong Hipon"
2026-04-14,"Honey",317.86,ml,"Production Batch Processing","Crispy Bucheron"
2026-04-14,"Loaf Bread",5.9,pcs,"Production Batch Processing","Salted Banana Chips"
2026-04-14,"Onion",274.09,g,"Production Batch Processing","Creamy Peanut Butter"
2026-04-14,"Oyster Sauce",100.43,ml,"Production Batch Processing","Crunchy Peanut Butter"
2026-04-14,"Peanuts",2061.53,g,"Production Batch Processing","Biscocho Chips"
2026-04-14,"Pork",879.7,g,"Production Batch Processing","Kibets (Crispy Chiton)"
2026-04-14,"Pork Skin",1661.07,g,"Production Batch Processing","Binayong Hipon"
2026-04-14,"Raw Bananas",2441.91,g,"Production Batch Processing","Crispy Bucheron"
2026-04-14,"Salt",210.96,g,"Production Batch Processing","Salted Banana Chips"
2026-04-14,"Sea Salt",88.79,g,"Production Batch Processing","Creamy Peanut Butter"
2026-04-14,"Sesame Oil",71.83,ml,"Production Batch Processing","Crunchy Peanut Butter"
2026-04-14,"Small Shrimp",2272.85,g,"Production Batch Processing","Biscocho Chips"
2026-04-14,"Soy Sauce",176.41,ml,"Production Batch Processing","Kibets (Crispy Chiton)"
2026-04-14,"Spring Onion",101.99,g,"Production Batch Processing","Binayong Hipon"
2026-04-14,"Sugar",425.2,g,"Production Batch Processing","Crispy Bucheron"
2026-04-14,"Turmeric Powder",58.29,g,"Production Batch Processing","Salted Banana Chips"
2026-04-14,"Water",34.25,L,"Production Batch Processing","Creamy Peanut Butter"
2026-04-15,"Bell Pepper",109.8,g,"Production Batch Processing","Kibets (Crispy Chiton)"
2026-04-15,"Butter/Margarine",464.49,g,"Production Batch Processing","Binayong Hipon"
2026-04-15,"Cabbage",333.53,g,"Production Batch Processing","Crispy Bucheron"
2026-04-15,"Carrots",239.16,g,"Production Batch Processing","Salted Banana Chips"
2026-04-15,"Chicken",924.5,g,"Production Batch Processing","Creamy Peanut Butter"
2026-04-15,"Chiton",1692.05,g,"Production Batch Processing","Crunchy Peanut Butter"
2026-04-15,"Cooking Oil",13.17,L,"Production Batch Processing","Biscocho Chips"
2026-04-15,"Garlic",166.34,g,"Production Batch Processing","Kibets (Crispy Chiton)"
2026-04-15,"Ground Pepper",42.34,g,"Production Batch Processing","Binayong Hipon"
2026-04-15,"Honey",344.34,ml,"Production Batch Processing","Crispy Bucheron"
2026-04-15,"Loaf Bread",6.28,pcs,"Production Batch Processing","Salted Banana Chips"
2026-04-15,"Onion",311.46,g,"Production Batch Processing","Creamy Peanut Butter"
2026-04-15,"Oyster Sauce",102.97,ml,"Production Batch Processing","Crunchy Peanut Butter"
2026-04-15,"Peanuts",2285.15,g,"Production Batch Processing","Biscocho Chips"
2026-04-15,"Pork",981.75,g,"Production Batch Processing","Kibets (Crispy Chiton)"
2026-04-15,"Pork Skin",1701.05,g,"Production Batch Processing","Binayong Hipon"
2026-04-15,"Raw Bananas",2500.51,g,"Production Batch Processing","Crispy Bucheron"
2026-04-15,"Salt",174.09,g,"Production Batch Processing","Salted Banana Chips"
2026-04-15,"Sea Salt",104.83,g,"Production Batch Processing","Creamy Peanut Butter"
2026-04-15,"Sesame Oil",60.72,ml,"Production Batch Processing","Crunchy Peanut Butter"
2026-04-15,"Small Shrimp",2156.15,g,"Production Batch Processing","Biscocho Chips"
2026-04-15,"Soy Sauce",145.36,ml,"Production Batch Processing","Kibets (Crispy Chiton)"
2026-04-15,"Spring Onion",120.09,g,"Production Batch Processing","Binayong Hipon"
2026-04-15,"Sugar",455.15,g,"Production Batch Processing","Crispy Bucheron"
2026-04-15,"Turmeric Powder",51.21,g,"Production Batch Processing","Salted Banana Chips"
2026-04-15,"Water",38.65,L,"Production Batch Processing","Creamy Peanut Butter"
2026-04-16,"Bell Pepper",129.12,g,"Production Batch Processing","Kibets (Crispy Chiton)"
2026-04-16,"Butter/Margarine",453.55,g,"Production Batch Processing","Binayong Hipon"
2026-04-16,"Cabbage",294.78,g,"Production Batch Processing","Crispy Bucheron"
2026-04-16,"Carrots",229.76,g,"Production Batch Processing","Salted Banana Chips"
2026-04-16,"Chicken",933.94,g,"Production Batch Processing","Creamy Peanut Butter"
2026-04-16,"Chiton",1491.09,g,"Production Batch Processing","Crunchy Peanut Butter"
2026-04-16,"Cooking Oil",12.67,L,"Production Batch Processing","Biscocho Chips"
2026-04-16,"Garlic",186.12,g,"Production Batch Processing","Kibets (Crispy Chiton)"
2026-04-16,"Ground Pepper",43.27,g,"Production Batch Processing","Binayong Hipon"
2026-04-16,"Honey",360.76,ml,"Production Batch Processing","Crispy Bucheron"
2026-04-16,"Loaf Bread",6.36,pcs,"Production Batch Processing","Salted Banana Chips"
2026-04-16,"Onion",247.06,g,"Production Batch Processing","Creamy Peanut Butter"
2026-04-16,"Oyster Sauce",112.43,ml,"Production Batch Processing","Crunchy Peanut Butter"
2026-04-16,"Peanuts",2092.29,g,"Production Batch Processing","Biscocho Chips"
2026-04-16,"Pork",892.72,g,"Production Batch Processing","Kibets (Crispy Chiton)"
2026-04-16,"Pork Skin",1675.02,g,"Production Batch Processing","Binayong Hipon"
2026-04-16,"Raw Bananas",2308.01,g,"Production Batch Processing","Crispy Bucheron"
2026-04-16,"Salt",194.61,g,"Production Batch Processing","Salted Banana Chips"
2026-04-16,"Sea Salt",86.65,g,"Production Batch Processing","Creamy Peanut Butter"
2026-04-16,"Sesame Oil",62.75,ml,"Production Batch Processing","Crunchy Peanut Butter"
2026-04-16,"Small Shrimp",2211.69,g,"Production Batch Processing","Biscocho Chips"
2026-04-16,"Soy Sauce",144.63,ml,"Production Batch Processing","Kibets (Crispy Chiton)"
2026-04-16,"Spring Onion",101.52,g,"Production Batch Processing","Binayong Hipon"
2026-04-16,"Sugar",399.35,g,"Production Batch Processing","Crispy Bucheron"
2026-04-16,"Turmeric Powder",52.9,g,"Production Batch Processing","Salted Banana Chips"
2026-04-16,"Water",31.39,L,"Production Batch Processing","Creamy Peanut Butter"
2026-04-17,"Bell Pepper",114.14,g,"Production Batch Processing","Kibets (Crispy Chiton)"
2026-04-17,"Butter/Margarine",458.14,g,"Production Batch Processing","Binayong Hipon"
2026-04-17,"Cabbage",267.63,g,"Production Batch Processing","Crispy Bucheron"
2026-04-17,"Carrots",235.52,g,"Production Batch Processing","Salted Banana Chips"
2026-04-17,"Chicken",936.14,g,"Production Batch Processing","Creamy Peanut Butter"
2026-04-17,"Chiton",1551.54,g,"Production Batch Processing","Crunchy Peanut Butter"
2026-04-17,"Cooking Oil",12.74,L,"Production Batch Processing","Biscocho Chips"
2026-04-17,"Garlic",171.17,g,"Production Batch Processing","Kibets (Crispy Chiton)"
2026-04-17,"Ground Pepper",45.95,g,"Production Batch Processing","Binayong Hipon"
2026-04-17,"Honey",376.94,ml,"Production Batch Processing","Crispy Bucheron"
2026-04-17,"Loaf Bread",6.25,pcs,"Production Batch Processing","Salted Banana Chips"
2026-04-17,"Onion",262.99,g,"Production Batch Processing","Creamy Peanut Butter"
2026-04-17,"Oyster Sauce",106.26,ml,"Production Batch Processing","Crunchy Peanut Butter"
2026-04-17,"Peanuts",2272.18,g,"Production Batch Processing","Biscocho Chips"
2026-04-17,"Pork",881.84,g,"Production Batch Processing","Kibets (Crispy Chiton)"
2026-04-17,"Pork Skin",1911.85,g,"Production Batch Processing","Binayong Hipon"
2026-04-17,"Raw Bananas",2467.37,g,"Production Batch Processing","Crispy Bucheron"
2026-04-17,"Salt",211.8,g,"Production Batch Processing","Salted Banana Chips"
2026-04-17,"Sea Salt",88.28,g,"Production Batch Processing","Creamy Peanut Butter"
2026-04-17,"Sesame Oil",70.21,ml,"Production Batch Processing","Crunchy Peanut Butter"
2026-04-17,"Small Shrimp",2451.25,g,"Production Batch Processing","Biscocho Chips"
2026-04-17,"Soy Sauce",158.88,ml,"Production Batch Processing","Kibets (Crispy Chiton)"
2026-04-17,"Spring Onion",116.55,g,"Production Batch Processing","Binayong Hipon"
2026-04-17,"Sugar",466.01,g,"Production Batch Processing","Crispy Bucheron"
2026-04-17,"Turmeric Powder",51.85,g,"Production Batch Processing","Salted Banana Chips"
2026-04-17,"Water",32.14,L,"Production Batch Processing","Creamy Peanut Butter"
2026-04-18,"Bell Pepper",155.69,g,"Production Batch Processing","Kibets (Crispy Chiton)"
2026-04-18,"Butter/Margarine",609.01,g,"Production Batch Processing","Binayong Hipon"
2026-04-18,"Cabbage",433.67,g,"Production Batch Processing","Crispy Bucheron"
2026-04-18,"Carrots",324.36,g,"Production Batch Processing","Salted Banana Chips"
2026-04-18,"Chicken",1383.64,g,"Production Batch Processing","Creamy Peanut Butter"
2026-04-18,"Chiton",2163.28,g,"Production Batch Processing","Crunchy Peanut Butter"
2026-04-18,"Cooking Oil",17.76,L,"Production Batch Processing","Biscocho Chips"
2026-04-18,"Garlic",230.71,g,"Production Batch Processing","Kibets (Crispy Chiton)"
2026-04-18,"Ground Pepper",66.64,g,"Production Batch Processing","Binayong Hipon"
2026-04-18,"Honey",529.06,ml,"Production Batch Processing","Crispy Bucheron"
2026-04-18,"Loaf Bread",7.54,pcs,"Production Batch Processing","Salted Banana Chips"
2026-04-18,"Onion",349.46,g,"Production Batch Processing","Creamy Peanut Butter"
2026-04-18,"Oyster Sauce",150.45,ml,"Production Batch Processing","Crunchy Peanut Butter"
2026-04-18,"Peanuts",2812.05,g,"Production Batch Processing","Biscocho Chips"
2026-04-18,"Pork",1293.48,g,"Production Batch Processing","Kibets (Crispy Chiton)"
2026-04-18,"Pork Skin",2426.28,g,"Production Batch Processing","Binayong Hipon"
2026-04-18,"Raw Bananas",3138.29,g,"Production Batch Processing","Crispy Bucheron"
2026-04-18,"Salt",255.47,g,"Production Batch Processing","Salted Banana Chips"
2026-04-18,"Sea Salt",119.84,g,"Production Batch Processing","Creamy Peanut Butter"
2026-04-18,"Sesame Oil",83.8,ml,"Production Batch Processing","Crunchy Peanut Butter"
2026-04-18,"Small Shrimp",3284.06,g,"Production Batch Processing","Biscocho Chips"
2026-04-18,"Soy Sauce",197.47,ml,"Production Batch Processing","Kibets (Crispy Chiton)"
2026-04-18,"Spring Onion",144.91,g,"Production Batch Processing","Binayong Hipon"
2026-04-18,"Sugar",596.87,g,"Production Batch Processing","Crispy Bucheron"
2026-04-18,"Turmeric Powder",70.89,g,"Production Batch Processing","Salted Banana Chips"
2026-04-18,"Water",49.33,L,"Production Batch Processing","Creamy Peanut Butter"
2026-04-19,"Bell Pepper",149.61,g,"Production Batch Processing","Kibets (Crispy Chiton)"
2026-04-19,"Butter/Margarine",601.11,g,"Production Batch Processing","Binayong Hipon"
2026-04-19,"Cabbage",415.38,g,"Production Batch Processing","Crispy Bucheron"
2026-04-19,"Carrots",309.24,g,"Production Batch Processing","Salted Banana Chips"
2026-04-19,"Chicken",1207.41,g,"Production Batch Processing","Creamy Peanut Butter"
2026-04-19,"Chiton",1980.44,g,"Production Batch Processing","Crunchy Peanut Butter"
2026-04-19,"Cooking Oil",15.67,L,"Production Batch Processing","Biscocho Chips"
2026-04-19,"Garlic",243.87,g,"Production Batch Processing","Kibets (Crispy Chiton)"
2026-04-19,"Ground Pepper",62.03,g,"Production Batch Processing","Binayong Hipon"
2026-04-19,"Honey",428.51,ml,"Production Batch Processing","Crispy Bucheron"
2026-04-19,"Loaf Bread",8.26,pcs,"Production Batch Processing","Salted Banana Chips"
2026-04-19,"Onion",413.7,g,"Production Batch Processing","Creamy Peanut Butter"
2026-04-19,"Oyster Sauce",164.3,ml,"Production Batch Processing","Crunchy Peanut Butter"
2026-04-19,"Peanuts",3092.17,g,"Production Batch Processing","Biscocho Chips"
2026-04-19,"Pork",1322.94,g,"Production Batch Processing","Kibets (Crispy Chiton)"
2026-04-19,"Pork Skin",2459.86,g,"Production Batch Processing","Binayong Hipon"
2026-04-19,"Raw Bananas",3909.47,g,"Production Batch Processing","Crispy Bucheron"
2026-04-19,"Salt",227.8,g,"Production Batch Processing","Salted Banana Chips"
2026-04-19,"Sea Salt",142.26,g,"Production Batch Processing","Creamy Peanut Butter"
2026-04-19,"Sesame Oil",90.74,ml,"Production Batch Processing","Crunchy Peanut Butter"
2026-04-19,"Small Shrimp",3311.2,g,"Production Batch Processing","Biscocho Chips"
2026-04-19,"Soy Sauce",203.1,ml,"Production Batch Processing","Kibets (Crispy Chiton)"
2026-04-19,"Spring Onion",159.49,g,"Production Batch Processing","Binayong Hipon"
2026-04-19,"Sugar",605.04,g,"Production Batch Processing","Crispy Bucheron"
2026-04-19,"Turmeric Powder",76.12,g,"Production Batch Processing","Salted Banana Chips"
2026-04-19,"Water",49.65,L,"Production Batch Processing","Creamy Peanut Butter"
2026-04-20,"Bell Pepper",116.92,g,"Production Batch Processing","Kibets (Crispy Chiton)"
2026-04-20,"Butter/Margarine",493.73,g,"Production Batch Processing","Binayong Hipon"
2026-04-20,"Cabbage",318.08,g,"Production Batch Processing","Crispy Bucheron"
2026-04-20,"Carrots",236.85,g,"Production Batch Processing","Salted Banana Chips"
2026-04-20,"Chicken",1032.07,g,"Production Batch Processing","Creamy Peanut Butter"
2026-04-20,"Chiton",1818.49,g,"Production Batch Processing","Crunchy Peanut Butter"
2026-04-20,"Cooking Oil",11.35,L,"Production Batch Processing","Biscocho Chips"
2026-04-20,"Garlic",160.08,g,"Production Batch Processing","Kibets (Crispy Chiton)"
2026-04-20,"Ground Pepper",44.04,g,"Production Batch Processing","Binayong Hipon"
2026-04-20,"Honey",320.52,ml,"Production Batch Processing","Crispy Bucheron"
2026-04-20,"Loaf Bread",6.02,pcs,"Production Batch Processing","Salted Banana Chips"
2026-04-20,"Onion",262.01,g,"Production Batch Processing","Creamy Peanut Butter"
2026-04-20,"Oyster Sauce",96.83,ml,"Production Batch Processing","Crunchy Peanut Butter"
2026-04-20,"Peanuts",2138.23,g,"Production Batch Processing","Biscocho Chips"
2026-04-20,"Pork",866.94,g,"Production Batch Processing","Kibets (Crispy Chiton)"
2026-04-20,"Pork Skin",1933.92,g,"Production Batch Processing","Binayong Hipon"
2026-04-20,"Raw Bananas",2512.88,g,"Production Batch Processing","Crispy Bucheron"
2026-04-20,"Salt",180.25,g,"Production Batch Processing","Salted Banana Chips"
2026-04-20,"Sea Salt",102.96,g,"Production Batch Processing","Creamy Peanut Butter"
2026-04-20,"Sesame Oil",63.77,ml,"Production Batch Processing","Crunchy Peanut Butter"
2026-04-20,"Small Shrimp",2283.21,g,"Production Batch Processing","Biscocho Chips"
2026-04-20,"Soy Sauce",176.7,ml,"Production Batch Processing","Kibets (Crispy Chiton)"
2026-04-20,"Spring Onion",110.07,g,"Production Batch Processing","Binayong Hipon"
2026-04-20,"Sugar",408.34,g,"Production Batch Processing","Crispy Bucheron"
2026-04-20,"Turmeric Powder",56.7,g,"Production Batch Processing","Salted Banana Chips"
2026-04-20,"Water",33.08,L,"Production Batch Processing","Creamy Peanut Butter"
2026-04-21,"Bell Pepper",109.44,g,"Production Batch Processing","Kibets (Crispy Chiton)"
2026-04-21,"Butter/Margarine",478.13,g,"Production Batch Processing","Binayong Hipon"
2026-04-21,"Cabbage",275.07,g,"Production Batch Processing","Crispy Bucheron"
2026-04-21,"Carrots",217.61,g,"Production Batch Processing","Salted Banana Chips"
2026-04-21,"Chicken",1022,g,"Production Batch Processing","Creamy Peanut Butter"
2026-04-21,"Chiton",1665.37,g,"Production Batch Processing","Crunchy Peanut Butter"
2026-04-21,"Cooking Oil",11.91,L,"Production Batch Processing","Biscocho Chips"
2026-04-21,"Garlic",200.54,g,"Production Batch Processing","Kibets (Crispy Chiton)"
2026-04-21,"Ground Pepper",41.65,g,"Production Batch Processing","Binayong Hipon"
2026-04-21,"Honey",363.68,ml,"Production Batch Processing","Crispy Bucheron"
2026-04-21,"Loaf Bread",5.61,pcs,"Production Batch Processing","Salted Banana Chips"
2026-04-21,"Onion",275.9,g,"Production Batch Processing","Creamy Peanut Butter"
2026-04-21,"Oyster Sauce",111.45,ml,"Production Batch Processing","Crunchy Peanut Butter"
2026-04-21,"Peanuts",2191.54,g,"Production Batch Processing","Biscocho Chips"
2026-04-21,"Pork",890.85,g,"Production Batch Processing","Kibets (Crispy Chiton)"
2026-04-21,"Pork Skin",1925.47,g,"Production Batch Processing","Binayong Hipon"
2026-04-21,"Raw Bananas",2583.89,g,"Production Batch Processing","Crispy Bucheron"
2026-04-21,"Salt",191.48,g,"Production Batch Processing","Salted Banana Chips"
2026-04-21,"Sea Salt",98.23,g,"Production Batch Processing","Creamy Peanut Butter"
2026-04-21,"Sesame Oil",65.13,ml,"Production Batch Processing","Crunchy Peanut Butter"
2026-04-21,"Small Shrimp",2178.65,g,"Production Batch Processing","Biscocho Chips"
2026-04-21,"Soy Sauce",149.28,ml,"Production Batch Processing","Kibets (Crispy Chiton)"
2026-04-21,"Spring Onion",117.02,g,"Production Batch Processing","Binayong Hipon"
2026-04-21,"Sugar",371.62,g,"Production Batch Processing","Crispy Bucheron"
2026-04-21,"Turmeric Powder",55.21,g,"Production Batch Processing","Salted Banana Chips"
2026-04-21,"Water",31.75,L,"Production Batch Processing","Creamy Peanut Butter"
2026-04-22,"Bell Pepper",110.44,g,"Production Batch Processing","Kibets (Crispy Chiton)"
2026-04-22,"Butter/Margarine",397.93,g,"Production Batch Processing","Binayong Hipon"
2026-04-22,"Cabbage",318.02,g,"Production Batch Processing","Crispy Bucheron"
2026-04-22,"Carrots",207,g,"Production Batch Processing","Salted Banana Chips"
2026-04-22,"Chicken",1055.61,g,"Production Batch Processing","Creamy Peanut Butter"
2026-04-22,"Chiton",1623.41,g,"Production Batch Processing","Crunchy Peanut Butter"
2026-04-22,"Cooking Oil",13.07,L,"Production Batch Processing","Biscocho Chips"
2026-04-22,"Garlic",183.32,g,"Production Batch Processing","Kibets (Crispy Chiton)"
2026-04-22,"Ground Pepper",47.89,g,"Production Batch Processing","Binayong Hipon"
2026-04-22,"Honey",383.54,ml,"Production Batch Processing","Crispy Bucheron"
2026-04-22,"Loaf Bread",6.07,pcs,"Production Batch Processing","Salted Banana Chips"
2026-04-22,"Onion",258.23,g,"Production Batch Processing","Creamy Peanut Butter"
2026-04-22,"Oyster Sauce",102.63,ml,"Production Batch Processing","Crunchy Peanut Butter"
2026-04-22,"Peanuts",2344.58,g,"Production Batch Processing","Biscocho Chips"
2026-04-22,"Pork",860.6,g,"Production Batch Processing","Kibets (Crispy Chiton)"
2026-04-22,"Pork Skin",1681.69,g,"Production Batch Processing","Binayong Hipon"
2026-04-22,"Raw Bananas",2497.22,g,"Production Batch Processing","Crispy Bucheron"
2026-04-22,"Salt",183.82,g,"Production Batch Processing","Salted Banana Chips"
2026-04-22,"Sea Salt",86.16,g,"Production Batch Processing","Creamy Peanut Butter"
2026-04-22,"Sesame Oil",70.92,ml,"Production Batch Processing","Crunchy Peanut Butter"
2026-04-22,"Small Shrimp",2340.91,g,"Production Batch Processing","Biscocho Chips"
2026-04-22,"Soy Sauce",155.49,ml,"Production Batch Processing","Kibets (Crispy Chiton)"
2026-04-22,"Spring Onion",113.76,g,"Production Batch Processing","Binayong Hipon"
2026-04-22,"Sugar",384.51,g,"Production Batch Processing","Crispy Bucheron"
2026-04-22,"Turmeric Powder",49.4,g,"Production Batch Processing","Salted Banana Chips"
2026-04-22,"Water",34.41,L,"Production Batch Processing","Creamy Peanut Butter"
2026-04-23,"Bell Pepper",122.82,g,"Production Batch Processing","Kibets (Crispy Chiton)"
2026-04-23,"Butter/Margarine",400.31,g,"Production Batch Processing","Binayong Hipon"
2026-04-23,"Cabbage",319.09,g,"Production Batch Processing","Crispy Bucheron"
2026-04-23,"Carrots",210.81,g,"Production Batch Processing","Salted Banana Chips"
2026-04-23,"Chicken",850.43,g,"Production Batch Processing","Creamy Peanut Butter"
2026-04-23,"Chiton",1692.02,g,"Production Batch Processing","Crunchy Peanut Butter"
2026-04-23,"Cooking Oil",12.29,L,"Production Batch Processing","Biscocho Chips"
2026-04-23,"Garlic",191.51,g,"Production Batch Processing","Kibets (Crispy Chiton)"
2026-04-23,"Ground Pepper",43.63,g,"Production Batch Processing","Binayong Hipon"
2026-04-23,"Honey",377.96,ml,"Production Batch Processing","Crispy Bucheron"
2026-04-23,"Loaf Bread",5.55,pcs,"Production Batch Processing","Salted Banana Chips"
2026-04-23,"Onion",278.48,g,"Production Batch Processing","Creamy Peanut Butter"
2026-04-23,"Oyster Sauce",104.96,ml,"Production Batch Processing","Crunchy Peanut Butter"
2026-04-23,"Peanuts",1996.33,g,"Production Batch Processing","Biscocho Chips"
2026-04-23,"Pork",865.71,g,"Production Batch Processing","Kibets (Crispy Chiton)"
2026-04-23,"Pork Skin",1652.65,g,"Production Batch Processing","Binayong Hipon"
2026-04-23,"Raw Bananas",2617.51,g,"Production Batch Processing","Crispy Bucheron"
2026-04-23,"Salt",196.16,g,"Production Batch Processing","Salted Banana Chips"
2026-04-23,"Sea Salt",85.84,g,"Production Batch Processing","Creamy Peanut Butter"
2026-04-23,"Sesame Oil",69.73,ml,"Production Batch Processing","Crunchy Peanut Butter"
2026-04-23,"Small Shrimp",2396.97,g,"Production Batch Processing","Biscocho Chips"
2026-04-23,"Soy Sauce",178.68,ml,"Production Batch Processing","Kibets (Crispy Chiton)"
2026-04-23,"Spring Onion",115.59,g,"Production Batch Processing","Binayong Hipon"
2026-04-23,"Sugar",372.4,g,"Production Batch Processing","Crispy Bucheron"
2026-04-23,"Turmeric Powder",49.13,g,"Production Batch Processing","Salted Banana Chips"
2026-04-23,"Water",36.8,L,"Production Batch Processing","Creamy Peanut Butter"
2026-04-24,"Bell Pepper",108.98,g,"Production Batch Processing","Kibets (Crispy Chiton)"
2026-04-24,"Butter/Margarine",495.23,g,"Production Batch Processing","Binayong Hipon"
2026-04-24,"Cabbage",323.2,g,"Production Batch Processing","Crispy Bucheron"
2026-04-24,"Carrots",242.44,g,"Production Batch Processing","Salted Banana Chips"
2026-04-24,"Chicken",994.32,g,"Production Batch Processing","Creamy Peanut Butter"
2026-04-24,"Chiton",1768.43,g,"Production Batch Processing","Crunchy Peanut Butter"
2026-04-24,"Cooking Oil",13.72,L,"Production Batch Processing","Biscocho Chips"
2026-04-24,"Garlic",174.6,g,"Production Batch Processing","Kibets (Crispy Chiton)"
2026-04-24,"Ground Pepper",45.05,g,"Production Batch Processing","Binayong Hipon"
2026-04-24,"Honey",352.55,ml,"Production Batch Processing","Crispy Bucheron"
2026-04-24,"Loaf Bread",5.94,pcs,"Production Batch Processing","Salted Banana Chips"
2026-04-24,"Onion",275.7,g,"Production Batch Processing","Creamy Peanut Butter"
2026-04-24,"Oyster Sauce",98.89,ml,"Production Batch Processing","Crunchy Peanut Butter"
2026-04-24,"Peanuts",1976.04,g,"Production Batch Processing","Biscocho Chips"
2026-04-24,"Pork",840.23,g,"Production Batch Processing","Kibets (Crispy Chiton)"
2026-04-24,"Pork Skin",1840.82,g,"Production Batch Processing","Binayong Hipon"
2026-04-24,"Raw Bananas",2703.34,g,"Production Batch Processing","Crispy Bucheron"
2026-04-24,"Salt",192.32,g,"Production Batch Processing","Salted Banana Chips"
2026-04-24,"Sea Salt",92.86,g,"Production Batch Processing","Creamy Peanut Butter"
2026-04-24,"Sesame Oil",69.38,ml,"Production Batch Processing","Crunchy Peanut Butter"
2026-04-24,"Small Shrimp",2161.35,g,"Production Batch Processing","Biscocho Chips"
2026-04-24,"Soy Sauce",171.71,ml,"Production Batch Processing","Kibets (Crispy Chiton)"
2026-04-24,"Spring Onion",110.87,g,"Production Batch Processing","Binayong Hipon"
2026-04-24,"Sugar",448.65,g,"Production Batch Processing","Crispy Bucheron"
2026-04-24,"Turmeric Powder",59.56,g,"Production Batch Processing","Salted Banana Chips"
2026-04-24,"Water",36.48,L,"Production Batch Processing","Creamy Peanut Butter"
2026-04-25,"Bell Pepper",163.69,g,"Production Batch Processing","Kibets (Crispy Chiton)"
2026-04-25,"Butter/Margarine",676.53,g,"Production Batch Processing","Binayong Hipon"
2026-04-25,"Cabbage",374.57,g,"Production Batch Processing","Crispy Bucheron"
2026-04-25,"Carrots",289.37,g,"Production Batch Processing","Salted Banana Chips"
2026-04-25,"Chicken",1433.16,g,"Production Batch Processing","Creamy Peanut Butter"
2026-04-25,"Chiton",2073.01,g,"Production Batch Processing","Crunchy Peanut Butter"
2026-04-25,"Cooking Oil",16.43,L,"Production Batch Processing","Biscocho Chips"
2026-04-25,"Garlic",249.94,g,"Production Batch Processing","Kibets (Crispy Chiton)"
2026-04-25,"Ground Pepper",63.64,g,"Production Batch Processing","Binayong Hipon"
2026-04-25,"Honey",436.93,ml,"Production Batch Processing","Crispy Bucheron"
2026-04-25,"Loaf Bread",7.73,pcs,"Production Batch Processing","Salted Banana Chips"
2026-04-25,"Onion",353.62,g,"Production Batch Processing","Creamy Peanut Butter"
2026-04-25,"Oyster Sauce",151.64,ml,"Production Batch Processing","Crunchy Peanut Butter"
2026-04-25,"Peanuts",3028.77,g,"Production Batch Processing","Biscocho Chips"
2026-04-25,"Pork",1226.22,g,"Production Batch Processing","Kibets (Crispy Chiton)"
2026-04-25,"Pork Skin",2193.3,g,"Production Batch Processing","Binayong Hipon"
2026-04-25,"Raw Bananas",3354.63,g,"Production Batch Processing","Crispy Bucheron"
2026-04-25,"Salt",239.85,g,"Production Batch Processing","Salted Banana Chips"
2026-04-25,"Sea Salt",131.04,g,"Production Batch Processing","Creamy Peanut Butter"
2026-04-25,"Sesame Oil",81.86,ml,"Production Batch Processing","Crunchy Peanut Butter"
2026-04-25,"Small Shrimp",3363.82,g,"Production Batch Processing","Biscocho Chips"
2026-04-25,"Soy Sauce",198.25,ml,"Production Batch Processing","Kibets (Crispy Chiton)"
2026-04-25,"Spring Onion",153.97,g,"Production Batch Processing","Binayong Hipon"
2026-04-25,"Sugar",611.14,g,"Production Batch Processing","Crispy Bucheron"
2026-04-25,"Turmeric Powder",80.11,g,"Production Batch Processing","Salted Banana Chips"
2026-04-25,"Water",44.84,L,"Production Batch Processing","Creamy Peanut Butter"
2026-04-26,"Bell Pepper",159.22,g,"Production Batch Processing","Kibets (Crispy Chiton)"
2026-04-26,"Butter/Margarine",587.26,g,"Production Batch Processing","Binayong Hipon"
2026-04-26,"Cabbage",388.43,g,"Production Batch Processing","Crispy Bucheron"
2026-04-26,"Carrots",307.25,g,"Production Batch Processing","Salted Banana Chips"
2026-04-26,"Chicken",1321.95,g,"Production Batch Processing","Creamy Peanut Butter"
2026-04-26,"Chiton",2230.59,g,"Production Batch Processing","Crunchy Peanut Butter"
2026-04-26,"Cooking Oil",16.34,L,"Production Batch Processing","Biscocho Chips"
2026-04-26,"Garlic",232.58,g,"Production Batch Processing","Kibets (Crispy Chiton)"
2026-04-26,"Ground Pepper",61.55,g,"Production Batch Processing","Binayong Hipon"
2026-04-26,"Honey",467.59,ml,"Production Batch Processing","Crispy Bucheron"
2026-04-26,"Loaf Bread",7.23,pcs,"Production Batch Processing","Salted Banana Chips"
2026-04-26,"Onion",370.48,g,"Production Batch Processing","Creamy Peanut Butter"
2026-04-26,"Oyster Sauce",145.97,ml,"Production Batch Processing","Crunchy Peanut Butter"
2026-04-26,"Peanuts",2613.31,g,"Production Batch Processing","Biscocho Chips"
2026-04-26,"Pork",1232.36,g,"Production Batch Processing","Kibets (Crispy Chiton)"
2026-04-26,"Pork Skin",2382.8,g,"Production Batch Processing","Binayong Hipon"
2026-04-26,"Raw Bananas",3861.95,g,"Production Batch Processing","Crispy Bucheron"
2026-04-26,"Salt",240.65,g,"Production Batch Processing","Salted Banana Chips"
2026-04-26,"Sea Salt",129.72,g,"Production Batch Processing","Creamy Peanut Butter"
2026-04-26,"Sesame Oil",84.69,ml,"Production Batch Processing","Crunchy Peanut Butter"
2026-04-26,"Small Shrimp",3043.99,g,"Production Batch Processing","Biscocho Chips"
2026-04-26,"Soy Sauce",204.94,ml,"Production Batch Processing","Kibets (Crispy Chiton)"
2026-04-26,"Spring Onion",143.31,g,"Production Batch Processing","Binayong Hipon"
2026-04-26,"Sugar",500.27,g,"Production Batch Processing","Crispy Bucheron"
2026-04-26,"Turmeric Powder",80.67,g,"Production Batch Processing","Salted Banana Chips"
2026-04-26,"Water",52.58,L,"Production Batch Processing","Creamy Peanut Butter"
2026-04-27,"Bell Pepper",131.8,g,"Production Batch Processing","Kibets (Crispy Chiton)"
2026-04-27,"Butter/Margarine",483.45,g,"Production Batch Processing","Binayong Hipon"
2026-04-27,"Cabbage",282.69,g,"Production Batch Processing","Crispy Bucheron"
2026-04-27,"Carrots",231.53,g,"Production Batch Processing","Salted Banana Chips"
2026-04-27,"Chicken",860.27,g,"Production Batch Processing","Creamy Peanut Butter"
2026-04-27,"Chiton",1817.38,g,"Production Batch Processing","Crunchy Peanut Butter"
2026-04-27,"Cooking Oil",11.31,L,"Production Batch Processing","Biscocho Chips"
2026-04-27,"Garlic",182.57,g,"Production Batch Processing","Kibets (Crispy Chiton)"
2026-04-27,"Ground Pepper",50.11,g,"Production Batch Processing","Binayong Hipon"
2026-04-27,"Honey",369.62,ml,"Production Batch Processing","Crispy Bucheron"
2026-04-27,"Loaf Bread",6.32,pcs,"Production Batch Processing","Salted Banana Chips"
2026-04-27,"Onion",274.59,g,"Production Batch Processing","Creamy Peanut Butter"
2026-04-27,"Oyster Sauce",102.06,ml,"Production Batch Processing","Crunchy Peanut Butter"
2026-04-27,"Peanuts",2212.8,g,"Production Batch Processing","Biscocho Chips"
2026-04-27,"Pork",849.14,g,"Production Batch Processing","Kibets (Crispy Chiton)"
2026-04-27,"Pork Skin",1664.67,g,"Production Batch Processing","Binayong Hipon"
2026-04-27,"Raw Bananas",2816.6,g,"Production Batch Processing","Crispy Bucheron"
2026-04-27,"Salt",169.88,g,"Production Batch Processing","Salted Banana Chips"
2026-04-27,"Sea Salt",93.16,g,"Production Batch Processing","Creamy Peanut Butter"
2026-04-27,"Sesame Oil",61.22,ml,"Production Batch Processing","Crunchy Peanut Butter"
2026-04-27,"Small Shrimp",2614.44,g,"Production Batch Processing","Biscocho Chips"
2026-04-27,"Soy Sauce",169.05,ml,"Production Batch Processing","Kibets (Crispy Chiton)"
2026-04-27,"Spring Onion",121.41,g,"Production Batch Processing","Binayong Hipon"
2026-04-27,"Sugar",413.29,g,"Production Batch Processing","Crispy Bucheron"
2026-04-27,"Turmeric Powder",52,g,"Production Batch Processing","Salted Banana Chips"
2026-04-27,"Water",38.57,L,"Production Batch Processing","Creamy Peanut Butter"
2026-04-28,"Bell Pepper",110.62,g,"Production Batch Processing","Kibets (Crispy Chiton)"
2026-04-28,"Butter/Margarine",460.77,g,"Production Batch Processing","Binayong Hipon"
2026-04-28,"Cabbage",316.91,g,"Production Batch Processing","Crispy Bucheron"
2026-04-28,"Carrots",224.21,g,"Production Batch Processing","Salted Banana Chips"
2026-04-28,"Chicken",965.72,g,"Production Batch Processing","Creamy Peanut Butter"
2026-04-28,"Chiton",1704.2,g,"Production Batch Processing","Crunchy Peanut Butter"
2026-04-28,"Cooking Oil",13.71,L,"Production Batch Processing","Biscocho Chips"
2026-04-28,"Garlic",173.56,g,"Production Batch Processing","Kibets (Crispy Chiton)"
2026-04-28,"Ground Pepper",47.27,g,"Production Batch Processing","Binayong Hipon"
2026-04-28,"Honey",389.85,ml,"Production Batch Processing","Crispy Bucheron"
2026-04-28,"Loaf Bread",5.9,pcs,"Production Batch Processing","Salted Banana Chips"
2026-04-28,"Onion",305.09,g,"Production Batch Processing","Creamy Peanut Butter"
2026-04-28,"Oyster Sauce",115.12,ml,"Production Batch Processing","Crunchy Peanut Butter"
2026-04-28,"Peanuts",2119.51,g,"Production Batch Processing","Biscocho Chips"
2026-04-28,"Pork",899.84,g,"Production Batch Processing","Kibets (Crispy Chiton)"
2026-04-28,"Pork Skin",1779.31,g,"Production Batch Processing","Binayong Hipon"
2026-04-28,"Raw Bananas",2706.42,g,"Production Batch Processing","Crispy Bucheron"
2026-04-28,"Salt",198.2,g,"Production Batch Processing","Salted Banana Chips"
2026-04-28,"Sea Salt",95.17,g,"Production Batch Processing","Creamy Peanut Butter"
2026-04-28,"Sesame Oil",63.9,ml,"Production Batch Processing","Crunchy Peanut Butter"
2026-04-28,"Small Shrimp",2195.12,g,"Production Batch Processing","Biscocho Chips"
2026-04-28,"Soy Sauce",168.28,ml,"Production Batch Processing","Kibets (Crispy Chiton)"
2026-04-28,"Spring Onion",104.95,g,"Production Batch Processing","Binayong Hipon"
2026-04-28,"Sugar",440.36,g,"Production Batch Processing","Crispy Bucheron"
2026-04-28,"Turmeric Powder",60.91,g,"Production Batch Processing","Salted Banana Chips"
2026-04-28,"Water",38.58,L,"Production Batch Processing","Creamy Peanut Butter"
2026-04-29,"Bell Pepper",130.77,g,"Production Batch Processing","Kibets (Crispy Chiton)"
2026-04-29,"Butter/Margarine",460.27,g,"Production Batch Processing","Binayong Hipon"
2026-04-29,"Cabbage",335.14,g,"Production Batch Processing","Crispy Bucheron"
2026-04-29,"Carrots",221.29,g,"Production Batch Processing","Salted Banana Chips"
2026-04-29,"Chicken",1009.57,g,"Production Batch Processing","Creamy Peanut Butter"
2026-04-29,"Chiton",1534.12,g,"Production Batch Processing","Crunchy Peanut Butter"
2026-04-29,"Cooking Oil",11.09,L,"Production Batch Processing","Biscocho Chips"
2026-04-29,"Garlic",182.46,g,"Production Batch Processing","Kibets (Crispy Chiton)"
2026-04-29,"Ground Pepper",43.01,g,"Production Batch Processing","Binayong Hipon"
2026-04-29,"Honey",362.29,ml,"Production Batch Processing","Crispy Bucheron"
2026-04-29,"Loaf Bread",5.31,pcs,"Production Batch Processing","Salted Banana Chips"
2026-04-29,"Onion",296.94,g,"Production Batch Processing","Creamy Peanut Butter"
2026-04-29,"Oyster Sauce",107.59,ml,"Production Batch Processing","Crunchy Peanut Butter"
2026-04-29,"Peanuts",1946.34,g,"Production Batch Processing","Biscocho Chips"
2026-04-29,"Pork",972.7,g,"Production Batch Processing","Kibets (Crispy Chiton)"
2026-04-29,"Pork Skin",1890.32,g,"Production Batch Processing","Binayong Hipon"
2026-04-29,"Raw Bananas",2583.55,g,"Production Batch Processing","Crispy Bucheron"
2026-04-29,"Salt",183.02,g,"Production Batch Processing","Salted Banana Chips"
2026-04-29,"Sea Salt",94.32,g,"Production Batch Processing","Creamy Peanut Butter"
2026-04-29,"Sesame Oil",64.38,ml,"Production Batch Processing","Crunchy Peanut Butter"
2026-04-29,"Small Shrimp",2527.1,g,"Production Batch Processing","Biscocho Chips"
2026-04-29,"Soy Sauce",172.34,ml,"Production Batch Processing","Kibets (Crispy Chiton)"
2026-04-29,"Spring Onion",102.69,g,"Production Batch Processing","Binayong Hipon"
2026-04-29,"Sugar",382.33,g,"Production Batch Processing","Crispy Bucheron"
2026-04-29,"Turmeric Powder",55.76,g,"Production Batch Processing","Salted Banana Chips"
2026-04-29,"Water",38.38,L,"Production Batch Processing","Creamy Peanut Butter"
2026-04-30,"Bell Pepper",133.67,g,"Production Batch Processing","Kibets (Crispy Chiton)"
2026-04-30,"Butter/Margarine",460.15,g,"Production Batch Processing","Binayong Hipon"
2026-04-30,"Cabbage",318.86,g,"Production Batch Processing","Crispy Bucheron"
2026-04-30,"Carrots",218.29,g,"Production Batch Processing","Salted Banana Chips"
2026-04-30,"Chicken",967.66,g,"Production Batch Processing","Creamy Peanut Butter"
2026-04-30,"Chiton",1484.69,g,"Production Batch Processing","Crunchy Peanut Butter"
2026-04-30,"Cooking Oil",13.6,L,"Production Batch Processing","Biscocho Chips"
2026-04-30,"Garlic",177.17,g,"Production Batch Processing","Kibets (Crispy Chiton)"
2026-04-30,"Ground Pepper",45.02,g,"Production Batch Processing","Binayong Hipon"
2026-04-30,"Honey",385.8,ml,"Production Batch Processing","Crispy Bucheron"
2026-04-30,"Loaf Bread",6.49,pcs,"Production Batch Processing","Salted Banana Chips"
2026-04-30,"Onion",299.3,g,"Production Batch Processing","Creamy Peanut Butter"
2026-04-30,"Oyster Sauce",104.05,ml,"Production Batch Processing","Crunchy Peanut Butter"
2026-04-30,"Peanuts",2313.57,g,"Production Batch Processing","Biscocho Chips"
2026-04-30,"Pork",815.37,g,"Production Batch Processing","Kibets (Crispy Chiton)"
2026-04-30,"Pork Skin",1888.85,g,"Production Batch Processing","Binayong Hipon"
2026-04-30,"Raw Bananas",2609.43,g,"Production Batch Processing","Crispy Bucheron"
2026-04-30,"Salt",210.72,g,"Production Batch Processing","Salted Banana Chips"
2026-04-30,"Sea Salt",89.04,g,"Production Batch Processing","Creamy Peanut Butter"
2026-04-30,"Sesame Oil",62.25,ml,"Production Batch Processing","Crunchy Peanut Butter"
2026-04-30,"Small Shrimp",2654.77,g,"Production Batch Processing","Biscocho Chips"
2026-04-30,"Soy Sauce",148.64,ml,"Production Batch Processing","Kibets (Crispy Chiton)"
2026-04-30,"Spring Onion",111.58,g,"Production Batch Processing","Binayong Hipon"
2026-04-30,"Sugar",461.71,g,"Production Batch Processing","Crispy Bucheron"
2026-04-30,"Turmeric Powder",57.07,g,"Production Batch Processing","Salted Banana Chips"
2026-04-30,"Water",36.58,L,"Production Batch Processing","Creamy Peanut Butter"
2026-05-01,"Bell Pepper",106.62,g,"Production Batch Processing","Kibets (Crispy Chiton)"
2026-05-01,"Butter/Margarine",446.89,g,"Production Batch Processing","Binayong Hipon"
2026-05-01,"Cabbage",326.41,g,"Production Batch Processing","Crispy Bucheron"
2026-05-01,"Carrots",226.75,g,"Production Batch Processing","Salted Banana Chips"
2026-05-01,"Chicken",868.95,g,"Production Batch Processing","Creamy Peanut Butter"
2026-05-01,"Chiton",1621.02,g,"Production Batch Processing","Crunchy Peanut Butter"
2026-05-01,"Cooking Oil",12.82,L,"Production Batch Processing","Biscocho Chips"
2026-05-01,"Garlic",197.37,g,"Production Batch Processing","Kibets (Crispy Chiton)"
2026-05-01,"Ground Pepper",41.05,g,"Production Batch Processing","Binayong Hipon"
2026-05-01,"Honey",324.5,ml,"Production Batch Processing","Crispy Bucheron"
2026-05-01,"Loaf Bread",6.07,pcs,"Production Batch Processing","Salted Banana Chips"
2026-05-01,"Onion",285.89,g,"Production Batch Processing","Creamy Peanut Butter"
2026-05-01,"Oyster Sauce",114.13,ml,"Production Batch Processing","Crunchy Peanut Butter"
2026-05-01,"Peanuts",2204.36,g,"Production Batch Processing","Biscocho Chips"
2026-05-01,"Pork",855.29,g,"Production Batch Processing","Kibets (Crispy Chiton)"
2026-05-01,"Pork Skin",1793.44,g,"Production Batch Processing","Binayong Hipon"
2026-05-01,"Raw Bananas",2685.26,g,"Production Batch Processing","Crispy Bucheron"
2026-05-01,"Salt",199.42,g,"Production Batch Processing","Salted Banana Chips"
2026-05-01,"Sea Salt",84.3,g,"Production Batch Processing","Creamy Peanut Butter"
2026-05-01,"Sesame Oil",67.49,ml,"Production Batch Processing","Crunchy Peanut Butter"
2026-05-01,"Small Shrimp",2627.29,g,"Production Batch Processing","Biscocho Chips"
2026-05-01,"Soy Sauce",175.37,ml,"Production Batch Processing","Kibets (Crispy Chiton)"
2026-05-01,"Spring Onion",103.3,g,"Production Batch Processing","Binayong Hipon"
2026-05-01,"Sugar",460.69,g,"Production Batch Processing","Crispy Bucheron"
2026-05-01,"Turmeric Powder",54.72,g,"Production Batch Processing","Salted Banana Chips"
2026-05-01,"Water",32.22,L,"Production Batch Processing","Creamy Peanut Butter"
2026-05-02,"Bell Pepper",165.21,g,"Production Batch Processing","Kibets (Crispy Chiton)"
2026-05-02,"Butter/Margarine",653.79,g,"Production Batch Processing","Binayong Hipon"
2026-05-02,"Cabbage",444.92,g,"Production Batch Processing","Crispy Bucheron"
2026-05-02,"Carrots",307.5,g,"Production Batch Processing","Salted Banana Chips"
2026-05-02,"Chicken",1269.64,g,"Production Batch Processing","Creamy Peanut Butter"
2026-05-02,"Chiton",2293.21,g,"Production Batch Processing","Crunchy Peanut Butter"
2026-05-02,"Cooking Oil",18.03,L,"Production Batch Processing","Biscocho Chips"
2026-05-02,"Garlic",265.09,g,"Production Batch Processing","Kibets (Crispy Chiton)"
2026-05-02,"Ground Pepper",58.22,g,"Production Batch Processing","Binayong Hipon"
2026-05-02,"Honey",469.51,ml,"Production Batch Processing","Crispy Bucheron"
2026-05-02,"Loaf Bread",8.64,pcs,"Production Batch Processing","Salted Banana Chips"
2026-05-02,"Onion",400.09,g,"Production Batch Processing","Creamy Peanut Butter"
2026-05-02,"Oyster Sauce",148.89,ml,"Production Batch Processing","Crunchy Peanut Butter"
2026-05-02,"Peanuts",2785.2,g,"Production Batch Processing","Biscocho Chips"
2026-05-02,"Pork",1350.42,g,"Production Batch Processing","Kibets (Crispy Chiton)"
2026-05-02,"Pork Skin",2251.76,g,"Production Batch Processing","Binayong Hipon"
2026-05-02,"Raw Bananas",3106.56,g,"Production Batch Processing","Crispy Bucheron"
2026-05-02,"Salt",256.48,g,"Production Batch Processing","Salted Banana Chips"
2026-05-02,"Sea Salt",124.35,g,"Production Batch Processing","Creamy Peanut Butter"
2026-05-02,"Sesame Oil",78.48,ml,"Production Batch Processing","Crunchy Peanut Butter"
2026-05-02,"Small Shrimp",3366.41,g,"Production Batch Processing","Biscocho Chips"
2026-05-02,"Soy Sauce",209.3,ml,"Production Batch Processing","Kibets (Crispy Chiton)"
2026-05-02,"Spring Onion",151.69,g,"Production Batch Processing","Binayong Hipon"
2026-05-02,"Sugar",546.47,g,"Production Batch Processing","Crispy Bucheron"
2026-05-02,"Turmeric Powder",67.42,g,"Production Batch Processing","Salted Banana Chips"
2026-05-02,"Water",43.96,L,"Production Batch Processing","Creamy Peanut Butter"
2026-05-03,"Bell Pepper",147.11,g,"Production Batch Processing","Kibets (Crispy Chiton)"
2026-05-03,"Butter/Margarine",627.19,g,"Production Batch Processing","Binayong Hipon"
2026-05-03,"Cabbage",415.64,g,"Production Batch Processing","Crispy Bucheron"
2026-05-03,"Carrots",321.8,g,"Production Batch Processing","Salted Banana Chips"
2026-05-03,"Chicken",1197.82,g,"Production Batch Processing","Creamy Peanut Butter"
2026-05-03,"Chiton",2376.03,g,"Production Batch Processing","Crunchy Peanut Butter"
2026-05-03,"Cooking Oil",17.84,L,"Production Batch Processing","Biscocho Chips"
2026-05-03,"Garlic",269.71,g,"Production Batch Processing","Kibets (Crispy Chiton)"
2026-05-03,"Ground Pepper",57.98,g,"Production Batch Processing","Binayong Hipon"
2026-05-03,"Honey",431.67,ml,"Production Batch Processing","Crispy Bucheron"
2026-05-03,"Loaf Bread",7.84,pcs,"Production Batch Processing","Salted Banana Chips"
2026-05-03,"Onion",409.15,g,"Production Batch Processing","Creamy Peanut Butter"
2026-05-03,"Oyster Sauce",131.63,ml,"Production Batch Processing","Crunchy Peanut Butter"
2026-05-03,"Peanuts",3144.61,g,"Production Batch Processing","Biscocho Chips"
2026-05-03,"Pork",1252.89,g,"Production Batch Processing","Kibets (Crispy Chiton)"
2026-05-03,"Pork Skin",2587.75,g,"Production Batch Processing","Binayong Hipon"
2026-05-03,"Raw Bananas",3824.25,g,"Production Batch Processing","Crispy Bucheron"
2026-05-03,"Salt",238.06,g,"Production Batch Processing","Salted Banana Chips"
2026-05-03,"Sea Salt",123.61,g,"Production Batch Processing","Creamy Peanut Butter"
2026-05-03,"Sesame Oil",86.86,ml,"Production Batch Processing","Crunchy Peanut Butter"
2026-05-03,"Small Shrimp",3389.47,g,"Production Batch Processing","Biscocho Chips"
2026-05-03,"Soy Sauce",227.79,ml,"Production Batch Processing","Kibets (Crispy Chiton)"
2026-05-03,"Spring Onion",138.14,g,"Production Batch Processing","Binayong Hipon"
2026-05-03,"Sugar",610.23,g,"Production Batch Processing","Crispy Bucheron"
2026-05-03,"Turmeric Powder",80.76,g,"Production Batch Processing","Salted Banana Chips"
2026-05-03,"Water",47.26,L,"Production Batch Processing","Creamy Peanut Butter"
2026-05-04,"Bell Pepper",110.22,g,"Production Batch Processing","Kibets (Crispy Chiton)"
2026-05-04,"Butter/Margarine",472.37,g,"Production Batch Processing","Binayong Hipon"
2026-05-04,"Cabbage",293.21,g,"Production Batch Processing","Crispy Bucheron"
2026-05-04,"Carrots",243.18,g,"Production Batch Processing","Salted Banana Chips"
2026-05-04,"Chicken",893.29,g,"Production Batch Processing","Creamy Peanut Butter"
2026-05-04,"Chiton",1732.77,g,"Production Batch Processing","Crunchy Peanut Butter"
2026-05-04,"Cooking Oil",13.04,L,"Production Batch Processing","Biscocho Chips"
2026-05-04,"Garlic",185.49,g,"Production Batch Processing","Kibets (Crispy Chiton)"
2026-05-04,"Ground Pepper",50.13,g,"Production Batch Processing","Binayong Hipon"
2026-05-04,"Honey",367.88,ml,"Production Batch Processing","Crispy Bucheron"
2026-05-04,"Loaf Bread",5.95,pcs,"Production Batch Processing","Salted Banana Chips"
2026-05-04,"Onion",284.77,g,"Production Batch Processing","Creamy Peanut Butter"
2026-05-04,"Oyster Sauce",110.01,ml,"Production Batch Processing","Crunchy Peanut Butter"
2026-05-04,"Peanuts",1971.89,g,"Production Batch Processing","Biscocho Chips"
2026-05-04,"Pork",976.44,g,"Production Batch Processing","Kibets (Crispy Chiton)"
2026-05-04,"Pork Skin",1670.45,g,"Production Batch Processing","Binayong Hipon"
2026-05-04,"Raw Bananas",2440.56,g,"Production Batch Processing","Crispy Bucheron"
2026-05-04,"Salt",198.15,g,"Production Batch Processing","Salted Banana Chips"
2026-05-04,"Sea Salt",92.31,g,"Production Batch Processing","Creamy Peanut Butter"
2026-05-04,"Sesame Oil",67.84,ml,"Production Batch Processing","Crunchy Peanut Butter"
2026-05-04,"Small Shrimp",2512.36,g,"Production Batch Processing","Biscocho Chips"
2026-05-04,"Soy Sauce",149.31,ml,"Production Batch Processing","Kibets (Crispy Chiton)"
2026-05-04,"Spring Onion",110.11,g,"Production Batch Processing","Binayong Hipon"
2026-05-04,"Sugar",431.46,g,"Production Batch Processing","Crispy Bucheron"
2026-05-04,"Turmeric Powder",53.33,g,"Production Batch Processing","Salted Banana Chips"
2026-05-04,"Water",38.96,L,"Production Batch Processing","Creamy Peanut Butter"
2026-05-05,"Bell Pepper",120.19,g,"Production Batch Processing","Kibets (Crispy Chiton)"
2026-05-05,"Butter/Margarine",433.75,g,"Production Batch Processing","Binayong Hipon"
2026-05-05,"Cabbage",274.47,g,"Production Batch Processing","Crispy Bucheron"
2026-05-05,"Carrots",246.27,g,"Production Batch Processing","Salted Banana Chips"
2026-05-05,"Chicken",1029.26,g,"Production Batch Processing","Creamy Peanut Butter"
2026-05-05,"Chiton",1671.07,g,"Production Batch Processing","Crunchy Peanut Butter"
2026-05-05,"Cooking Oil",11.98,L,"Production Batch Processing","Biscocho Chips"
2026-05-05,"Garlic",173.36,g,"Production Batch Processing","Kibets (Crispy Chiton)"
2026-05-05,"Ground Pepper",41.88,g,"Production Batch Processing","Binayong Hipon"
2026-05-05,"Honey",372.54,ml,"Production Batch Processing","Crispy Bucheron"
2026-05-05,"Loaf Bread",5.7,pcs,"Production Batch Processing","Salted Banana Chips"
2026-05-05,"Onion",246.65,g,"Production Batch Processing","Creamy Peanut Butter"
2026-05-05,"Oyster Sauce",104.13,ml,"Production Batch Processing","Crunchy Peanut Butter"
2026-05-05,"Peanuts",2243.36,g,"Production Batch Processing","Biscocho Chips"
2026-05-05,"Pork",886.63,g,"Production Batch Processing","Kibets (Crispy Chiton)"
2026-05-05,"Pork Skin",1827.31,g,"Production Batch Processing","Binayong Hipon"
2026-05-05,"Raw Bananas",2347.71,g,"Production Batch Processing","Crispy Bucheron"
2026-05-05,"Salt",173.45,g,"Production Batch Processing","Salted Banana Chips"
2026-05-05,"Sea Salt",94.55,g,"Production Batch Processing","Creamy Peanut Butter"
2026-05-05,"Sesame Oil",59.73,ml,"Production Batch Processing","Crunchy Peanut Butter"
2026-05-05,"Small Shrimp",2317.17,g,"Production Batch Processing","Biscocho Chips"
2026-05-05,"Soy Sauce",147.54,ml,"Production Batch Processing","Kibets (Crispy Chiton)"
2026-05-05,"Spring Onion",102.99,g,"Production Batch Processing","Binayong Hipon"
2026-05-05,"Sugar",458.39,g,"Production Batch Processing","Crispy Bucheron"
2026-05-05,"Turmeric Powder",48.7,g,"Production Batch Processing","Salted Banana Chips"
2026-05-05,"Water",33.13,L,"Production Batch Processing","Creamy Peanut Butter"
2026-05-06,"Bell Pepper",108.77,g,"Production Batch Processing","Kibets (Crispy Chiton)"
2026-05-06,"Butter/Margarine",452.74,g,"Production Batch Processing","Binayong Hipon"
2026-05-06,"Cabbage",292.38,g,"Production Batch Processing","Crispy Bucheron"
2026-05-06,"Carrots",199.11,g,"Production Batch Processing","Salted Banana Chips"
2026-05-06,"Chicken",961.82,g,"Production Batch Processing","Creamy Peanut Butter"
2026-05-06,"Chiton",1660.97,g,"Production Batch Processing","Crunchy Peanut Butter"
2026-05-06,"Cooking Oil",12.84,L,"Production Batch Processing","Biscocho Chips"
2026-05-06,"Garlic",199.72,g,"Production Batch Processing","Kibets (Crispy Chiton)"
2026-05-06,"Ground Pepper",44.25,g,"Production Batch Processing","Binayong Hipon"
2026-05-06,"Honey",372.59,ml,"Production Batch Processing","Crispy Bucheron"
2026-05-06,"Loaf Bread",6.61,pcs,"Production Batch Processing","Salted Banana Chips"
2026-05-06,"Onion",286.14,g,"Production Batch Processing","Creamy Peanut Butter"
2026-05-06,"Oyster Sauce",112.3,ml,"Production Batch Processing","Crunchy Peanut Butter"
2026-05-06,"Peanuts",2340.9,g,"Production Batch Processing","Biscocho Chips"
2026-05-06,"Pork",945.82,g,"Production Batch Processing","Kibets (Crispy Chiton)"
2026-05-06,"Pork Skin",1952.31,g,"Production Batch Processing","Binayong Hipon"
2026-05-06,"Raw Bananas",2855.37,g,"Production Batch Processing","Crispy Bucheron"
2026-05-06,"Salt",198.36,g,"Production Batch Processing","Salted Banana Chips"
2026-05-06,"Sea Salt",103.32,g,"Production Batch Processing","Creamy Peanut Butter"
2026-05-06,"Sesame Oil",63.05,ml,"Production Batch Processing","Crunchy Peanut Butter"
2026-05-06,"Small Shrimp",2406.54,g,"Production Batch Processing","Biscocho Chips"
2026-05-06,"Soy Sauce",149.61,ml,"Production Batch Processing","Kibets (Crispy Chiton)"
2026-05-06,"Spring Onion",108.46,g,"Production Batch Processing","Binayong Hipon"
2026-05-06,"Sugar",386.09,g,"Production Batch Processing","Crispy Bucheron"
2026-05-06,"Turmeric Powder",58.28,g,"Production Batch Processing","Salted Banana Chips"
2026-05-06,"Water",36.36,L,"Production Batch Processing","Creamy Peanut Butter"
2026-05-07,"Bell Pepper",128.9,g,"Production Batch Processing","Kibets (Crispy Chiton)"
2026-05-07,"Butter/Margarine",399.44,g,"Production Batch Processing","Binayong Hipon"
2026-05-07,"Cabbage",267.84,g,"Production Batch Processing","Crispy Bucheron"
2026-05-07,"Carrots",196.91,g,"Production Batch Processing","Salted Banana Chips"
2026-05-07,"Chicken",924.11,g,"Production Batch Processing","Creamy Peanut Butter"
2026-05-07,"Chiton",1526.54,g,"Production Batch Processing","Crunchy Peanut Butter"
2026-05-07,"Cooking Oil",11.95,L,"Production Batch Processing","Biscocho Chips"
2026-05-07,"Garlic",172.71,g,"Production Batch Processing","Kibets (Crispy Chiton)"
2026-05-07,"Ground Pepper",46.83,g,"Production Batch Processing","Binayong Hipon"
2026-05-07,"Honey",310.78,ml,"Production Batch Processing","Crispy Bucheron"
2026-05-07,"Loaf Bread",5.87,pcs,"Production Batch Processing","Salted Banana Chips"
2026-05-07,"Onion",272.69,g,"Production Batch Processing","Creamy Peanut Butter"
2026-05-07,"Oyster Sauce",118.58,ml,"Production Batch Processing","Crunchy Peanut Butter"
2026-05-07,"Peanuts",1888.3,g,"Production Batch Processing","Biscocho Chips"
2026-05-07,"Pork",950.71,g,"Production Batch Processing","Kibets (Crispy Chiton)"
2026-05-07,"Pork Skin",1862.26,g,"Production Batch Processing","Binayong Hipon"
2026-05-07,"Raw Bananas",2807,g,"Production Batch Processing","Crispy Bucheron"
2026-05-07,"Salt",198.77,g,"Production Batch Processing","Salted Banana Chips"
2026-05-07,"Sea Salt",85.94,g,"Production Batch Processing","Creamy Peanut Butter"
2026-05-07,"Sesame Oil",62.39,ml,"Production Batch Processing","Crunchy Peanut Butter"
2026-05-07,"Small Shrimp",2606.25,g,"Production Batch Processing","Biscocho Chips"
2026-05-07,"Soy Sauce",171.47,ml,"Production Batch Processing","Kibets (Crispy Chiton)"
2026-05-07,"Spring Onion",100.78,g,"Production Batch Processing","Binayong Hipon"
2026-05-07,"Sugar",458.8,g,"Production Batch Processing","Crispy Bucheron"
2026-05-07,"Turmeric Powder",56.44,g,"Production Batch Processing","Salted Banana Chips"
2026-05-07,"Water",36.11,L,"Production Batch Processing","Creamy Peanut Butter"
2026-05-08,"Bell Pepper",108.46,g,"Production Batch Processing","Kibets (Crispy Chiton)"
2026-05-08,"Butter/Margarine",471.67,g,"Production Batch Processing","Binayong Hipon"
2026-05-08,"Cabbage",321.23,g,"Production Batch Processing","Crispy Bucheron"
2026-05-08,"Carrots",218.34,g,"Production Batch Processing","Salted Banana Chips"
2026-05-08,"Chicken",868.77,g,"Production Batch Processing","Creamy Peanut Butter"
2026-05-08,"Chiton",1648.17,g,"Production Batch Processing","Crunchy Peanut Butter"
2026-05-08,"Cooking Oil",12.95,L,"Production Batch Processing","Biscocho Chips"
2026-05-08,"Garlic",195.15,g,"Production Batch Processing","Kibets (Crispy Chiton)"
2026-05-08,"Ground Pepper",46.04,g,"Production Batch Processing","Binayong Hipon"
2026-05-08,"Honey",319.47,ml,"Production Batch Processing","Crispy Bucheron"
2026-05-08,"Loaf Bread",6.38,pcs,"Production Batch Processing","Salted Banana Chips"
2026-05-08,"Onion",296.47,g,"Production Batch Processing","Creamy Peanut Butter"
2026-05-08,"Oyster Sauce",108.57,ml,"Production Batch Processing","Crunchy Peanut Butter"
2026-05-08,"Peanuts",1921.88,g,"Production Batch Processing","Biscocho Chips"
2026-05-08,"Pork",1016.55,g,"Production Batch Processing","Kibets (Crispy Chiton)"
2026-05-08,"Pork Skin",1860.2,g,"Production Batch Processing","Binayong Hipon"
2026-05-08,"Raw Bananas",2540.12,g,"Production Batch Processing","Crispy Bucheron"
2026-05-08,"Salt",175.29,g,"Production Batch Processing","Salted Banana Chips"
2026-05-08,"Sea Salt",90.35,g,"Production Batch Processing","Creamy Peanut Butter"
2026-05-08,"Sesame Oil",62.37,ml,"Production Batch Processing","Crunchy Peanut Butter"
2026-05-08,"Small Shrimp",2682.38,g,"Production Batch Processing","Biscocho Chips"
2026-05-08,"Soy Sauce",173,ml,"Production Batch Processing","Kibets (Crispy Chiton)"
2026-05-08,"Spring Onion",108.08,g,"Production Batch Processing","Binayong Hipon"
2026-05-08,"Sugar",393.67,g,"Production Batch Processing","Crispy Bucheron"
2026-05-08,"Turmeric Powder",50.49,g,"Production Batch Processing","Salted Banana Chips"
2026-05-08,"Water",32.14,L,"Production Batch Processing","Creamy Peanut Butter"
2026-05-09,"Bell Pepper",167.01,g,"Production Batch Processing","Kibets (Crispy Chiton)"
2026-05-09,"Butter/Margarine",623.61,g,"Production Batch Processing","Binayong Hipon"
2026-05-09,"Cabbage",443.18,g,"Production Batch Processing","Crispy Bucheron"
2026-05-09,"Carrots",282.45,g,"Production Batch Processing","Salted Banana Chips"
2026-05-09,"Chicken",1164.99,g,"Production Batch Processing","Creamy Peanut Butter"
2026-05-09,"Chiton",2207.89,g,"Production Batch Processing","Crunchy Peanut Butter"
2026-05-09,"Cooking Oil",17.31,L,"Production Batch Processing","Biscocho Chips"
2026-05-09,"Garlic",252.3,g,"Production Batch Processing","Kibets (Crispy Chiton)"
2026-05-09,"Ground Pepper",54.38,g,"Production Batch Processing","Binayong Hipon"
2026-05-09,"Honey",467.71,ml,"Production Batch Processing","Crispy Bucheron"
2026-05-09,"Loaf Bread",8.33,pcs,"Production Batch Processing","Salted Banana Chips"
2026-05-09,"Onion",369.48,g,"Production Batch Processing","Creamy Peanut Butter"
2026-05-09,"Oyster Sauce",163.61,ml,"Production Batch Processing","Crunchy Peanut Butter"
2026-05-09,"Peanuts",2762.49,g,"Production Batch Processing","Biscocho Chips"
2026-05-09,"Pork",1152.45,g,"Production Batch Processing","Kibets (Crispy Chiton)"
2026-05-09,"Pork Skin",2220.11,g,"Production Batch Processing","Binayong Hipon"
2026-05-09,"Raw Bananas",3627.97,g,"Production Batch Processing","Crispy Bucheron"
2026-05-09,"Salt",279.7,g,"Production Batch Processing","Salted Banana Chips"
2026-05-09,"Sea Salt",132.18,g,"Production Batch Processing","Creamy Peanut Butter"
2026-05-09,"Sesame Oil",81.94,ml,"Production Batch Processing","Crunchy Peanut Butter"
2026-05-09,"Small Shrimp",3252.42,g,"Production Batch Processing","Biscocho Chips"
2026-05-09,"Soy Sauce",221.7,ml,"Production Batch Processing","Kibets (Crispy Chiton)"
2026-05-09,"Spring Onion",133.15,g,"Production Batch Processing","Binayong Hipon"
2026-05-09,"Sugar",555.98,g,"Production Batch Processing","Crispy Bucheron"
2026-05-09,"Turmeric Powder",77.77,g,"Production Batch Processing","Salted Banana Chips"
2026-05-09,"Water",42.32,L,"Production Batch Processing","Creamy Peanut Butter"
2026-05-10,"Bell Pepper",156.7,g,"Production Batch Processing","Kibets (Crispy Chiton)"
2026-05-10,"Butter/Margarine",618.67,g,"Production Batch Processing","Binayong Hipon"
2026-05-10,"Cabbage",400.75,g,"Production Batch Processing","Crispy Bucheron"
2026-05-10,"Carrots",304.25,g,"Production Batch Processing","Salted Banana Chips"
2026-05-10,"Chicken",1209.71,g,"Production Batch Processing","Creamy Peanut Butter"
2026-05-10,"Chiton",2468.2,g,"Production Batch Processing","Crunchy Peanut Butter"
2026-05-10,"Cooking Oil",15.57,L,"Production Batch Processing","Biscocho Chips"
2026-05-10,"Garlic",270.74,g,"Production Batch Processing","Kibets (Crispy Chiton)"
2026-05-10,"Ground Pepper",61.54,g,"Production Batch Processing","Binayong Hipon"
2026-05-10,"Honey",425.48,ml,"Production Batch Processing","Crispy Bucheron"
2026-05-10,"Loaf Bread",8.05,pcs,"Production Batch Processing","Salted Banana Chips"
2026-05-10,"Onion",399.7,g,"Production Batch Processing","Creamy Peanut Butter"
2026-05-10,"Oyster Sauce",162.58,ml,"Production Batch Processing","Crunchy Peanut Butter"
2026-05-10,"Peanuts",2983.62,g,"Production Batch Processing","Biscocho Chips"
2026-05-10,"Pork",1362.96,g,"Production Batch Processing","Kibets (Crispy Chiton)"
2026-05-10,"Pork Skin",2203.68,g,"Production Batch Processing","Binayong Hipon"
2026-05-10,"Raw Bananas",3911.91,g,"Production Batch Processing","Crispy Bucheron"
2026-05-10,"Salt",261.24,g,"Production Batch Processing","Salted Banana Chips"
2026-05-10,"Sea Salt",139.67,g,"Production Batch Processing","Creamy Peanut Butter"
2026-05-10,"Sesame Oil",95.13,ml,"Production Batch Processing","Crunchy Peanut Butter"
2026-05-10,"Small Shrimp",3627.89,g,"Production Batch Processing","Biscocho Chips"
2026-05-10,"Soy Sauce",213.66,ml,"Production Batch Processing","Kibets (Crispy Chiton)"
2026-05-10,"Spring Onion",164.66,g,"Production Batch Processing","Binayong Hipon"
2026-05-10,"Sugar",602.27,g,"Production Batch Processing","Crispy Bucheron"
2026-05-10,"Turmeric Powder",72.09,g,"Production Batch Processing","Salted Banana Chips"
2026-05-10,"Water",52.9,L,"Production Batch Processing","Creamy Peanut Butter"
2026-05-11,"Bell Pepper",119.83,g,"Production Batch Processing","Kibets (Crispy Chiton)"
2026-05-11,"Butter/Margarine",401.9,g,"Production Batch Processing","Binayong Hipon"
2026-05-11,"Cabbage",304.3,g,"Production Batch Processing","Crispy Bucheron"
2026-05-11,"Carrots",193.96,g,"Production Batch Processing","Salted Banana Chips"
2026-05-11,"Chicken",924.26,g,"Production Batch Processing","Creamy Peanut Butter"
2026-05-11,"Chiton",1691.44,g,"Production Batch Processing","Crunchy Peanut Butter"
2026-05-11,"Cooking Oil",12.15,L,"Production Batch Processing","Biscocho Chips"
2026-05-11,"Garlic",181.86,g,"Production Batch Processing","Kibets (Crispy Chiton)"
2026-05-11,"Ground Pepper",41.11,g,"Production Batch Processing","Binayong Hipon"
2026-05-11,"Honey",350.38,ml,"Production Batch Processing","Crispy Bucheron"
2026-05-11,"Loaf Bread",6.2,pcs,"Production Batch Processing","Salted Banana Chips"
2026-05-11,"Onion",285.56,g,"Production Batch Processing","Creamy Peanut Butter"
2026-05-11,"Oyster Sauce",121.98,ml,"Production Batch Processing","Crunchy Peanut Butter"
2026-05-11,"Peanuts",2319.93,g,"Production Batch Processing","Biscocho Chips"
2026-05-11,"Pork",866.42,g,"Production Batch Processing","Kibets (Crispy Chiton)"
2026-05-11,"Pork Skin",1891.78,g,"Production Batch Processing","Binayong Hipon"
2026-05-11,"Raw Bananas",2835.45,g,"Production Batch Processing","Crispy Bucheron"
2026-05-11,"Salt",206.32,g,"Production Batch Processing","Salted Banana Chips"
2026-05-11,"Sea Salt",93.6,g,"Production Batch Processing","Creamy Peanut Butter"
2026-05-11,"Sesame Oil",63.51,ml,"Production Batch Processing","Crunchy Peanut Butter"
2026-05-11,"Small Shrimp",2592.19,g,"Production Batch Processing","Biscocho Chips"
2026-05-11,"Soy Sauce",144.24,ml,"Production Batch Processing","Kibets (Crispy Chiton)"
2026-05-11,"Spring Onion",98.98,g,"Production Batch Processing","Binayong Hipon"
2026-05-11,"Sugar",379.28,g,"Production Batch Processing","Crispy Bucheron"
2026-05-11,"Turmeric Powder",52.93,g,"Production Batch Processing","Salted Banana Chips"
2026-05-11,"Water",38.96,L,"Production Batch Processing","Creamy Peanut Butter"
2026-05-12,"Bell Pepper",124.82,g,"Production Batch Processing","Kibets (Crispy Chiton)"
2026-05-12,"Butter/Margarine",430.14,g,"Production Batch Processing","Binayong Hipon"
2026-05-12,"Cabbage",302.76,g,"Production Batch Processing","Crispy Bucheron"
2026-05-12,"Carrots",243.69,g,"Production Batch Processing","Salted Banana Chips"
2026-05-12,"Chicken",1062.36,g,"Production Batch Processing","Creamy Peanut Butter"
2026-05-12,"Chiton",1590.76,g,"Production Batch Processing","Crunchy Peanut Butter"
2026-05-12,"Cooking Oil",13.12,L,"Production Batch Processing","Biscocho Chips"
2026-05-12,"Garlic",165.95,g,"Production Batch Processing","Kibets (Crispy Chiton)"
2026-05-12,"Ground Pepper",44.1,g,"Production Batch Processing","Binayong Hipon"
2026-05-12,"Honey",341.85,ml,"Production Batch Processing","Crispy Bucheron"
2026-05-12,"Loaf Bread",5.6,pcs,"Production Batch Processing","Salted Banana Chips"
2026-05-12,"Onion",274.76,g,"Production Batch Processing","Creamy Peanut Butter"
2026-05-12,"Oyster Sauce",98.12,ml,"Production Batch Processing","Crunchy Peanut Butter"
2026-05-12,"Peanuts",2114.72,g,"Production Batch Processing","Biscocho Chips"
2026-05-12,"Pork",934.9,g,"Production Batch Processing","Kibets (Crispy Chiton)"
2026-05-12,"Pork Skin",1621.03,g,"Production Batch Processing","Binayong Hipon"
2026-05-12,"Raw Bananas",2389.99,g,"Production Batch Processing","Crispy Bucheron"
2026-05-12,"Salt",211.94,g,"Production Batch Processing","Salted Banana Chips"
2026-05-12,"Sea Salt",103.5,g,"Production Batch Processing","Creamy Peanut Butter"
2026-05-12,"Sesame Oil",65.92,ml,"Production Batch Processing","Crunchy Peanut Butter"
2026-05-12,"Small Shrimp",2600.64,g,"Production Batch Processing","Biscocho Chips"
2026-05-12,"Soy Sauce",179,ml,"Production Batch Processing","Kibets (Crispy Chiton)"
2026-05-12,"Spring Onion",113.77,g,"Production Batch Processing","Binayong Hipon"
2026-05-12,"Sugar",379.38,g,"Production Batch Processing","Crispy Bucheron"
2026-05-12,"Turmeric Powder",54.53,g,"Production Batch Processing","Salted Banana Chips"
2026-05-12,"Water",34.9,L,"Production Batch Processing","Creamy Peanut Butter"
2026-05-13,"Bell Pepper",110.21,g,"Production Batch Processing","Kibets (Crispy Chiton)"
2026-05-13,"Butter/Margarine",425.32,g,"Production Batch Processing","Binayong Hipon"
2026-05-13,"Cabbage",321.07,g,"Production Batch Processing","Crispy Bucheron"
2026-05-13,"Carrots",216.49,g,"Production Batch Processing","Salted Banana Chips"
2026-05-13,"Chicken",1035.16,g,"Production Batch Processing","Creamy Peanut Butter"
2026-05-13,"Chiton",1478.16,g,"Production Batch Processing","Crunchy Peanut Butter"
2026-05-13,"Cooking Oil",12.17,L,"Production Batch Processing","Biscocho Chips"
2026-05-13,"Garlic",178.78,g,"Production Batch Processing","Kibets (Crispy Chiton)"
2026-05-13,"Ground Pepper",40.1,g,"Production Batch Processing","Binayong Hipon"
2026-05-13,"Honey",338.53,ml,"Production Batch Processing","Crispy Bucheron"
2026-05-13,"Loaf Bread",5.77,pcs,"Production Batch Processing","Salted Banana Chips"
2026-05-13,"Onion",303.43,g,"Production Batch Processing","Creamy Peanut Butter"
2026-05-13,"Oyster Sauce",108.29,ml,"Production Batch Processing","Crunchy Peanut Butter"
2026-05-13,"Peanuts",1928.88,g,"Production Batch Processing","Biscocho Chips"
2026-05-13,"Pork",843.68,g,"Production Batch Processing","Kibets (Crispy Chiton)"
2026-05-13,"Pork Skin",1846.97,g,"Production Batch Processing","Binayong Hipon"
2026-05-13,"Raw Bananas",2553.71,g,"Production Batch Processing","Crispy Bucheron"
2026-05-13,"Salt",209.71,g,"Production Batch Processing","Salted Banana Chips"
2026-05-13,"Sea Salt",105.74,g,"Production Batch Processing","Creamy Peanut Butter"
2026-05-13,"Sesame Oil",61.57,ml,"Production Batch Processing","Crunchy Peanut Butter"
2026-05-13,"Small Shrimp",2247.02,g,"Production Batch Processing","Biscocho Chips"
2026-05-13,"Soy Sauce",157.72,ml,"Production Batch Processing","Kibets (Crispy Chiton)"
2026-05-13,"Spring Onion",99.12,g,"Production Batch Processing","Binayong Hipon"
2026-05-13,"Sugar",464.47,g,"Production Batch Processing","Crispy Bucheron"
2026-05-13,"Turmeric Powder",53.47,g,"Production Batch Processing","Salted Banana Chips"
2026-05-13,"Water",37.03,L,"Production Batch Processing","Creamy Peanut Butter"
2026-05-14,"Bell Pepper",128.41,g,"Production Batch Processing","Kibets (Crispy Chiton)"
2026-05-14,"Butter/Margarine",456.71,g,"Production Batch Processing","Binayong Hipon"
2026-05-14,"Cabbage",281.2,g,"Production Batch Processing","Crispy Bucheron"
2026-05-14,"Carrots",235.44,g,"Production Batch Processing","Salted Banana Chips"
2026-05-14,"Chicken",938.09,g,"Production Batch Processing","Creamy Peanut Butter"
2026-05-14,"Chiton",1755.18,g,"Production Batch Processing","Crunchy Peanut Butter"
2026-05-14,"Cooking Oil",13.21,L,"Production Batch Processing","Biscocho Chips"
2026-05-14,"Garlic",190.66,g,"Production Batch Processing","Kibets (Crispy Chiton)"
2026-05-14,"Ground Pepper",41.11,g,"Production Batch Processing","Binayong Hipon"
2026-05-14,"Honey",358.36,ml,"Production Batch Processing","Crispy Bucheron"
2026-05-14,"Loaf Bread",5.62,pcs,"Production Batch Processing","Salted Banana Chips"
2026-05-14,"Onion",264.41,g,"Production Batch Processing","Creamy Peanut Butter"
2026-05-14,"Oyster Sauce",97.97,ml,"Production Batch Processing","Crunchy Peanut Butter"
2026-05-14,"Peanuts",2076.52,g,"Production Batch Processing","Biscocho Chips"
2026-05-14,"Pork",854.2,g,"Production Batch Processing","Kibets (Crispy Chiton)"
2026-05-14,"Pork Skin",1688.34,g,"Production Batch Processing","Binayong Hipon"
2026-05-14,"Raw Bananas",2726.97,g,"Production Batch Processing","Crispy Bucheron"
2026-05-14,"Salt",199.1,g,"Production Batch Processing","Salted Banana Chips"
2026-05-14,"Sea Salt",105.41,g,"Production Batch Processing","Creamy Peanut Butter"
2026-05-14,"Sesame Oil",70.4,ml,"Production Batch Processing","Crunchy Peanut Butter"
2026-05-14,"Small Shrimp",2346.83,g,"Production Batch Processing","Biscocho Chips"
2026-05-14,"Soy Sauce",151.21,ml,"Production Batch Processing","Kibets (Crispy Chiton)"
2026-05-14,"Spring Onion",99.11,g,"Production Batch Processing","Binayong Hipon"
2026-05-14,"Sugar",413.1,g,"Production Batch Processing","Crispy Bucheron"
2026-05-14,"Turmeric Powder",52.59,g,"Production Batch Processing","Salted Banana Chips"
2026-05-14,"Water",34.36,L,"Production Batch Processing","Creamy Peanut Butter"
2026-05-15,"Bell Pepper",112.14,g,"Production Batch Processing","Kibets (Crispy Chiton)"
2026-05-15,"Butter/Margarine",438.4,g,"Production Batch Processing","Binayong Hipon"
2026-05-15,"Cabbage",296.65,g,"Production Batch Processing","Crispy Bucheron"
2026-05-15,"Carrots",211.15,g,"Production Batch Processing","Salted Banana Chips"
2026-05-15,"Chicken",1003.82,g,"Production Batch Processing","Creamy Peanut Butter"
2026-05-15,"Chiton",1596.33,g,"Production Batch Processing","Crunchy Peanut Butter"
2026-05-15,"Cooking Oil",11.09,L,"Production Batch Processing","Biscocho Chips"
2026-05-15,"Garlic",173.83,g,"Production Batch Processing","Kibets (Crispy Chiton)"
2026-05-15,"Ground Pepper",42.16,g,"Production Batch Processing","Binayong Hipon"
2026-05-15,"Honey",373.22,ml,"Production Batch Processing","Crispy Bucheron"
2026-05-15,"Loaf Bread",6.47,pcs,"Production Batch Processing","Salted Banana Chips"
2026-05-15,"Onion",283.34,g,"Production Batch Processing","Creamy Peanut Butter"
2026-05-15,"Oyster Sauce",115.97,ml,"Production Batch Processing","Crunchy Peanut Butter"
2026-05-15,"Peanuts",1949.48,g,"Production Batch Processing","Biscocho Chips"
2026-05-15,"Pork",908.17,g,"Production Batch Processing","Kibets (Crispy Chiton)"
2026-05-15,"Pork Skin",1919.81,g,"Production Batch Processing","Binayong Hipon"
2026-05-15,"Raw Bananas",2875,g,"Production Batch Processing","Crispy Bucheron"
2026-05-15,"Salt",207.65,g,"Production Batch Processing","Salted Banana Chips"
2026-05-15,"Sea Salt",85.24,g,"Production Batch Processing","Creamy Peanut Butter"
2026-05-15,"Sesame Oil",66.46,ml,"Production Batch Processing","Crunchy Peanut Butter"
2026-05-15,"Small Shrimp",2584.71,g,"Production Batch Processing","Biscocho Chips"
2026-05-15,"Soy Sauce",144.81,ml,"Production Batch Processing","Kibets (Crispy Chiton)"
2026-05-15,"Spring Onion",107.35,g,"Production Batch Processing","Binayong Hipon"
2026-05-15,"Sugar",447.16,g,"Production Batch Processing","Crispy Bucheron"
2026-05-15,"Turmeric Powder",57.74,g,"Production Batch Processing","Salted Banana Chips"
2026-05-15,"Water",35.39,L,"Production Batch Processing","Creamy Peanut Butter"
2026-05-16,"Bell Pepper",164.17,g,"Production Batch Processing","Kibets (Crispy Chiton)"
2026-05-16,"Butter/Margarine",622.86,g,"Production Batch Processing","Binayong Hipon"
2026-05-16,"Cabbage",450.76,g,"Production Batch Processing","Crispy Bucheron"
2026-05-16,"Carrots",285.24,g,"Production Batch Processing","Salted Banana Chips"
2026-05-16,"Chicken",1391.7,g,"Production Batch Processing","Creamy Peanut Butter"
2026-05-16,"Chiton",1996.04,g,"Production Batch Processing","Crunchy Peanut Butter"
2026-05-16,"Cooking Oil",16.11,L,"Production Batch Processing","Biscocho Chips"
2026-05-16,"Garlic",248.28,g,"Production Batch Processing","Kibets (Crispy Chiton)"
2026-05-16,"Ground Pepper",57.41,g,"Production Batch Processing","Binayong Hipon"
2026-05-16,"Honey",474.75,ml,"Production Batch Processing","Crispy Bucheron"
2026-05-16,"Loaf Bread",8.73,pcs,"Production Batch Processing","Salted Banana Chips"
2026-05-16,"Onion",379.07,g,"Production Batch Processing","Creamy Peanut Butter"
2026-05-16,"Oyster Sauce",154.15,ml,"Production Batch Processing","Crunchy Peanut Butter"
2026-05-16,"Peanuts",2832.34,g,"Production Batch Processing","Biscocho Chips"
2026-05-16,"Pork",1101.29,g,"Production Batch Processing","Kibets (Crispy Chiton)"
2026-05-16,"Pork Skin",2514.59,g,"Production Batch Processing","Binayong Hipon"
2026-05-16,"Raw Bananas",3716.16,g,"Production Batch Processing","Crispy Bucheron"
2026-05-16,"Salt",280.4,g,"Production Batch Processing","Salted Banana Chips"
2026-05-16,"Sea Salt",128.42,g,"Production Batch Processing","Creamy Peanut Butter"
2026-05-16,"Sesame Oil",82.74,ml,"Production Batch Processing","Crunchy Peanut Butter"
2026-05-16,"Small Shrimp",2914.44,g,"Production Batch Processing","Biscocho Chips"
2026-05-16,"Soy Sauce",226,ml,"Production Batch Processing","Kibets (Crispy Chiton)"
2026-05-16,"Spring Onion",143.79,g,"Production Batch Processing","Binayong Hipon"
2026-05-16,"Sugar",557.09,g,"Production Batch Processing","Crispy Bucheron"
2026-05-16,"Turmeric Powder",81.6,g,"Production Batch Processing","Salted Banana Chips"
2026-05-16,"Water",49.65,L,"Production Batch Processing","Creamy Peanut Butter"
2026-05-17,"Bell Pepper",176.74,g,"Production Batch Processing","Kibets (Crispy Chiton)"
2026-05-17,"Butter/Margarine",639.4,g,"Production Batch Processing","Binayong Hipon"
2026-05-17,"Cabbage",360.85,g,"Production Batch Processing","Crispy Bucheron"
2026-05-17,"Carrots",313.69,g,"Production Batch Processing","Salted Banana Chips"
2026-05-17,"Chicken",1259.87,g,"Production Batch Processing","Creamy Peanut Butter"
2026-05-17,"Chiton",2262.42,g,"Production Batch Processing","Crunchy Peanut Butter"
2026-05-17,"Cooking Oil",18.19,L,"Production Batch Processing","Biscocho Chips"
2026-05-17,"Garlic",241.11,g,"Production Batch Processing","Kibets (Crispy Chiton)"
2026-05-17,"Ground Pepper",64.38,g,"Production Batch Processing","Binayong Hipon"
2026-05-17,"Honey",425.5,ml,"Production Batch Processing","Crispy Bucheron"
2026-05-17,"Loaf Bread",8.35,pcs,"Production Batch Processing","Salted Banana Chips"
2026-05-17,"Onion",371.05,g,"Production Batch Processing","Creamy Peanut Butter"
2026-05-17,"Oyster Sauce",158.86,ml,"Production Batch Processing","Crunchy Peanut Butter"
2026-05-17,"Peanuts",3087.71,g,"Production Batch Processing","Biscocho Chips"
2026-05-17,"Pork",1154.4,g,"Production Batch Processing","Kibets (Crispy Chiton)"
2026-05-17,"Pork Skin",2497.97,g,"Production Batch Processing","Binayong Hipon"
2026-05-17,"Raw Bananas",3801.7,g,"Production Batch Processing","Crispy Bucheron"
2026-05-17,"Salt",239.92,g,"Production Batch Processing","Salted Banana Chips"
2026-05-17,"Sea Salt",120.54,g,"Production Batch Processing","Creamy Peanut Butter"
2026-05-17,"Sesame Oil",89.22,ml,"Production Batch Processing","Crunchy Peanut Butter"
2026-05-17,"Small Shrimp",3473.09,g,"Production Batch Processing","Biscocho Chips"
2026-05-17,"Soy Sauce",221.91,ml,"Production Batch Processing","Kibets (Crispy Chiton)"
2026-05-17,"Spring Onion",143.17,g,"Production Batch Processing","Binayong Hipon"
2026-05-17,"Sugar",503.38,g,"Production Batch Processing","Crispy Bucheron"
2026-05-17,"Turmeric Powder",70.88,g,"Production Batch Processing","Salted Banana Chips"
2026-05-17,"Water",50.63,L,"Production Batch Processing","Creamy Peanut Butter"
2026-05-18,"Bell Pepper",131.46,g,"Production Batch Processing","Kibets (Crispy Chiton)"
2026-05-18,"Butter/Margarine",400.7,g,"Production Batch Processing","Binayong Hipon"
2026-05-18,"Cabbage",267.37,g,"Production Batch Processing","Crispy Bucheron"
2026-05-18,"Carrots",207.61,g,"Production Batch Processing","Salted Banana Chips"
2026-05-18,"Chicken",983.08,g,"Production Batch Processing","Creamy Peanut Butter"
2026-05-18,"Chiton",1565.44,g,"Production Batch Processing","Crunchy Peanut Butter"
2026-05-18,"Cooking Oil",13.21,L,"Production Batch Processing","Biscocho Chips"
2026-05-18,"Garlic",193.73,g,"Production Batch Processing","Kibets (Crispy Chiton)"
2026-05-18,"Ground Pepper",39.64,g,"Production Batch Processing","Binayong Hipon"
2026-05-18,"Honey",372.39,ml,"Production Batch Processing","Crispy Bucheron"
2026-05-18,"Loaf Bread",5.45,pcs,"Production Batch Processing","Salted Banana Chips"
2026-05-18,"Onion",312.28,g,"Production Batch Processing","Creamy Peanut Butter"
2026-05-18,"Oyster Sauce",112.11,ml,"Production Batch Processing","Crunchy Peanut Butter"
2026-05-18,"Peanuts",2244.15,g,"Production Batch Processing","Biscocho Chips"
2026-05-18,"Pork",986.5,g,"Production Batch Processing","Kibets (Crispy Chiton)"
2026-05-18,"Pork Skin",1693.01,g,"Production Batch Processing","Binayong Hipon"
2026-05-18,"Raw Bananas",2633.38,g,"Production Batch Processing","Crispy Bucheron"
2026-05-18,"Salt",184.77,g,"Production Batch Processing","Salted Banana Chips"
2026-05-18,"Sea Salt",91.94,g,"Production Batch Processing","Creamy Peanut Butter"
2026-05-18,"Sesame Oil",65.91,ml,"Production Batch Processing","Crunchy Peanut Butter"
2026-05-18,"Small Shrimp",2281.87,g,"Production Batch Processing","Biscocho Chips"
2026-05-18,"Soy Sauce",167.27,ml,"Production Batch Processing","Kibets (Crispy Chiton)"
2026-05-18,"Spring Onion",110.43,g,"Production Batch Processing","Binayong Hipon"
2026-05-18,"Sugar",397.79,g,"Production Batch Processing","Crispy Bucheron"
2026-05-18,"Turmeric Powder",54.82,g,"Production Batch Processing","Salted Banana Chips"
2026-05-18,"Water",33.5,L,"Production Batch Processing","Creamy Peanut Butter"
2026-05-19,"Bell Pepper",123.34,g,"Production Batch Processing","Kibets (Crispy Chiton)"
2026-05-19,"Butter/Margarine",399.54,g,"Production Batch Processing","Binayong Hipon"
2026-05-19,"Cabbage",268.46,g,"Production Batch Processing","Crispy Bucheron"
2026-05-19,"Carrots",237.63,g,"Production Batch Processing","Salted Banana Chips"
2026-05-19,"Chicken",929.34,g,"Production Batch Processing","Creamy Peanut Butter"
2026-05-19,"Chiton",1620.47,g,"Production Batch Processing","Crunchy Peanut Butter"
2026-05-19,"Cooking Oil",11.66,L,"Production Batch Processing","Biscocho Chips"
2026-05-19,"Garlic",193.13,g,"Production Batch Processing","Kibets (Crispy Chiton)"
2026-05-19,"Ground Pepper",42.04,g,"Production Batch Processing","Binayong Hipon"
2026-05-19,"Honey",383.13,ml,"Production Batch Processing","Crispy Bucheron"
2026-05-19,"Loaf Bread",5.81,pcs,"Production Batch Processing","Salted Banana Chips"
2026-05-19,"Onion",263.22,g,"Production Batch Processing","Creamy Peanut Butter"
2026-05-19,"Oyster Sauce",101.61,ml,"Production Batch Processing","Crunchy Peanut Butter"
2026-05-19,"Peanuts",2088.73,g,"Production Batch Processing","Biscocho Chips"
2026-05-19,"Pork",929.77,g,"Production Batch Processing","Kibets (Crispy Chiton)"
2026-05-19,"Pork Skin",1833.08,g,"Production Batch Processing","Binayong Hipon"
2026-05-19,"Raw Bananas",2750.19,g,"Production Batch Processing","Crispy Bucheron"
2026-05-19,"Salt",201.69,g,"Production Batch Processing","Salted Banana Chips"
2026-05-19,"Sea Salt",104.38,g,"Production Batch Processing","Creamy Peanut Butter"
2026-05-19,"Sesame Oil",70.84,ml,"Production Batch Processing","Crunchy Peanut Butter"
2026-05-19,"Small Shrimp",2583.44,g,"Production Batch Processing","Biscocho Chips"
2026-05-19,"Soy Sauce",151.96,ml,"Production Batch Processing","Kibets (Crispy Chiton)"
2026-05-19,"Spring Onion",98.13,g,"Production Batch Processing","Binayong Hipon"
2026-05-19,"Sugar",455.21,g,"Production Batch Processing","Crispy Bucheron"
2026-05-19,"Turmeric Powder",50.13,g,"Production Batch Processing","Salted Banana Chips"
2026-05-19,"Water",36.07,L,"Production Batch Processing","Creamy Peanut Butter"
2026-05-20,"Bell Pepper",122.58,g,"Production Batch Processing","Kibets (Crispy Chiton)"
2026-05-20,"Butter/Margarine",427.01,g,"Production Batch Processing","Binayong Hipon"
2026-05-20,"Cabbage",297.49,g,"Production Batch Processing","Crispy Bucheron"
2026-05-20,"Carrots",194.14,g,"Production Batch Processing","Salted Banana Chips"
2026-05-20,"Chicken",986.48,g,"Production Batch Processing","Creamy Peanut Butter"
2026-05-20,"Chiton",1561.21,g,"Production Batch Processing","Crunchy Peanut Butter"
2026-05-20,"Cooking Oil",12.04,L,"Production Batch Processing","Biscocho Chips"
2026-05-20,"Garlic",165.44,g,"Production Batch Processing","Kibets (Crispy Chiton)"
2026-05-20,"Ground Pepper",42.15,g,"Production Batch Processing","Binayong Hipon"
2026-05-20,"Honey",310.08,ml,"Production Batch Processing","Crispy Bucheron"
2026-05-20,"Loaf Bread",6.69,pcs,"Production Batch Processing","Salted Banana Chips"
2026-05-20,"Onion",295.86,g,"Production Batch Processing","Creamy Peanut Butter"
2026-05-20,"Oyster Sauce",120.06,ml,"Production Batch Processing","Crunchy Peanut Butter"
2026-05-20,"Peanuts",1940.11,g,"Production Batch Processing","Biscocho Chips"
2026-05-20,"Pork",875.44,g,"Production Batch Processing","Kibets (Crispy Chiton)"
2026-05-20,"Pork Skin",1869.34,g,"Production Batch Processing","Binayong Hipon"
2026-05-20,"Raw Bananas",2554.46,g,"Production Batch Processing","Crispy Bucheron"
2026-05-20,"Salt",197.21,g,"Production Batch Processing","Salted Banana Chips"
2026-05-20,"Sea Salt",93.35,g,"Production Batch Processing","Creamy Peanut Butter"
2026-05-20,"Sesame Oil",63.84,ml,"Production Batch Processing","Crunchy Peanut Butter"
2026-05-20,"Small Shrimp",2119.97,g,"Production Batch Processing","Biscocho Chips"
2026-05-20,"Soy Sauce",151.48,ml,"Production Batch Processing","Kibets (Crispy Chiton)"
2026-05-20,"Spring Onion",114.32,g,"Production Batch Processing","Binayong Hipon"
2026-05-20,"Sugar",447.97,g,"Production Batch Processing","Crispy Bucheron"
2026-05-20,"Turmeric Powder",58.29,g,"Production Batch Processing","Salted Banana Chips"
2026-05-20,"Water",34.64,L,"Production Batch Processing","Creamy Peanut Butter"
2026-05-21,"Bell Pepper",121.93,g,"Production Batch Processing","Kibets (Crispy Chiton)"
2026-05-21,"Butter/Margarine",486.94,g,"Production Batch Processing","Binayong Hipon"
2026-05-21,"Cabbage",314.5,g,"Production Batch Processing","Crispy Bucheron"
2026-05-21,"Carrots",236.74,g,"Production Batch Processing","Salted Banana Chips"
2026-05-21,"Chicken",924.63,g,"Production Batch Processing","Creamy Peanut Butter"
2026-05-21,"Chiton",1694.09,g,"Production Batch Processing","Crunchy Peanut Butter"
2026-05-21,"Cooking Oil",12.48,L,"Production Batch Processing","Biscocho Chips"
2026-05-21,"Garlic",178.43,g,"Production Batch Processing","Kibets (Crispy Chiton)"
2026-05-21,"Ground Pepper",49.83,g,"Production Batch Processing","Binayong Hipon"
2026-05-21,"Honey",383.24,ml,"Production Batch Processing","Crispy Bucheron"
2026-05-21,"Loaf Bread",5.66,pcs,"Production Batch Processing","Salted Banana Chips"
2026-05-21,"Onion",262.75,g,"Production Batch Processing","Creamy Peanut Butter"
2026-05-21,"Oyster Sauce",108.06,ml,"Production Batch Processing","Crunchy Peanut Butter"
2026-05-21,"Peanuts",2219.71,g,"Production Batch Processing","Biscocho Chips"
2026-05-21,"Pork",952.19,g,"Production Batch Processing","Kibets (Crispy Chiton)"
2026-05-21,"Pork Skin",1983.27,g,"Production Batch Processing","Binayong Hipon"
2026-05-21,"Raw Bananas",2589.57,g,"Production Batch Processing","Crispy Bucheron"
2026-05-21,"Salt",211.64,g,"Production Batch Processing","Salted Banana Chips"
2026-05-21,"Sea Salt",103.46,g,"Production Batch Processing","Creamy Peanut Butter"
2026-05-21,"Sesame Oil",62.89,ml,"Production Batch Processing","Crunchy Peanut Butter"
2026-05-21,"Small Shrimp",2340.82,g,"Production Batch Processing","Biscocho Chips"
2026-05-21,"Soy Sauce",146.1,ml,"Production Batch Processing","Kibets (Crispy Chiton)"
2026-05-21,"Spring Onion",118.5,g,"Production Batch Processing","Binayong Hipon"
2026-05-21,"Sugar",467.24,g,"Production Batch Processing","Crispy Bucheron"
2026-05-21,"Turmeric Powder",57.19,g,"Production Batch Processing","Salted Banana Chips"
2026-05-21,"Water",33.31,L,"Production Batch Processing","Creamy Peanut Butter"
2026-05-22,"Bell Pepper",113.21,g,"Production Batch Processing","Kibets (Crispy Chiton)"
2026-05-22,"Butter/Margarine",434.19,g,"Production Batch Processing","Binayong Hipon"
2026-05-22,"Cabbage",327.74,g,"Production Batch Processing","Crispy Bucheron"
2026-05-22,"Carrots",238.9,g,"Production Batch Processing","Salted Banana Chips"
2026-05-22,"Chicken",962.1,g,"Production Batch Processing","Creamy Peanut Butter"
2026-05-22,"Chiton",1716.42,g,"Production Batch Processing","Crunchy Peanut Butter"
2026-05-22,"Cooking Oil",13.56,L,"Production Batch Processing","Biscocho Chips"
2026-05-22,"Garlic",185.07,g,"Production Batch Processing","Kibets (Crispy Chiton)"
2026-05-22,"Ground Pepper",41.27,g,"Production Batch Processing","Binayong Hipon"
2026-05-22,"Honey",341.02,ml,"Production Batch Processing","Crispy Bucheron"
2026-05-22,"Loaf Bread",5.3,pcs,"Production Batch Processing","Salted Banana Chips"
2026-05-22,"Onion",309.74,g,"Production Batch Processing","Creamy Peanut Butter"
2026-05-22,"Oyster Sauce",111.2,ml,"Production Batch Processing","Crunchy Peanut Butter"
2026-05-22,"Peanuts",1879.73,g,"Production Batch Processing","Biscocho Chips"
2026-05-22,"Pork",853.06,g,"Production Batch Processing","Kibets (Crispy Chiton)"
2026-05-22,"Pork Skin",1833.25,g,"Production Batch Processing","Binayong Hipon"
2026-05-22,"Raw Bananas",2469.8,g,"Production Batch Processing","Crispy Bucheron"
2026-05-22,"Salt",177.87,g,"Production Batch Processing","Salted Banana Chips"
2026-05-22,"Sea Salt",105.41,g,"Production Batch Processing","Creamy Peanut Butter"
2026-05-22,"Sesame Oil",72,ml,"Production Batch Processing","Crunchy Peanut Butter"
2026-05-22,"Small Shrimp",2345.63,g,"Production Batch Processing","Biscocho Chips"
2026-05-22,"Soy Sauce",177.61,ml,"Production Batch Processing","Kibets (Crispy Chiton)"
2026-05-22,"Spring Onion",120.01,g,"Production Batch Processing","Binayong Hipon"
2026-05-22,"Sugar",394.73,g,"Production Batch Processing","Crispy Bucheron"
2026-05-22,"Turmeric Powder",53.51,g,"Production Batch Processing","Salted Banana Chips"
2026-05-22,"Water",37.12,L,"Production Batch Processing","Creamy Peanut Butter"
2026-05-23,"Bell Pepper",170.22,g,"Production Batch Processing","Kibets (Crispy Chiton)"
2026-05-23,"Butter/Margarine",612.78,g,"Production Batch Processing","Binayong Hipon"
2026-05-23,"Cabbage",421.73,g,"Production Batch Processing","Crispy Bucheron"
2026-05-23,"Carrots",310.78,g,"Production Batch Processing","Salted Banana Chips"
2026-05-23,"Chicken",1254.64,g,"Production Batch Processing","Creamy Peanut Butter"
2026-05-23,"Chiton",2337.94,g,"Production Batch Processing","Crunchy Peanut Butter"
2026-05-23,"Cooking Oil",16.4,L,"Production Batch Processing","Biscocho Chips"
2026-05-23,"Garlic",263.42,g,"Production Batch Processing","Kibets (Crispy Chiton)"
2026-05-23,"Ground Pepper",53.51,g,"Production Batch Processing","Binayong Hipon"
2026-05-23,"Honey",517.52,ml,"Production Batch Processing","Crispy Bucheron"
2026-05-23,"Loaf Bread",7.57,pcs,"Production Batch Processing","Salted Banana Chips"
2026-05-23,"Onion",348.07,g,"Production Batch Processing","Creamy Peanut Butter"
2026-05-23,"Oyster Sauce",145.99,ml,"Production Batch Processing","Crunchy Peanut Butter"
2026-05-23,"Peanuts",2724.03,g,"Production Batch Processing","Biscocho Chips"
2026-05-23,"Pork",1201.5,g,"Production Batch Processing","Kibets (Crispy Chiton)"
2026-05-23,"Pork Skin",2181.82,g,"Production Batch Processing","Binayong Hipon"
2026-05-23,"Raw Bananas",3889.8,g,"Production Batch Processing","Crispy Bucheron"
2026-05-23,"Salt",237.55,g,"Production Batch Processing","Salted Banana Chips"
2026-05-23,"Sea Salt",113.02,g,"Production Batch Processing","Creamy Peanut Butter"
2026-05-23,"Sesame Oil",87.37,ml,"Production Batch Processing","Crunchy Peanut Butter"
2026-05-23,"Small Shrimp",3109.35,g,"Production Batch Processing","Biscocho Chips"
2026-05-23,"Soy Sauce",213.33,ml,"Production Batch Processing","Kibets (Crispy Chiton)"
2026-05-23,"Spring Onion",131.86,g,"Production Batch Processing","Binayong Hipon"
2026-05-23,"Sugar",540.22,g,"Production Batch Processing","Crispy Bucheron"
2026-05-23,"Turmeric Powder",69.75,g,"Production Batch Processing","Salted Banana Chips"
2026-05-23,"Water",46.25,L,"Production Batch Processing","Creamy Peanut Butter"
2026-05-24,"Bell Pepper",142.94,g,"Production Batch Processing","Kibets (Crispy Chiton)"
2026-05-24,"Butter/Margarine",565.65,g,"Production Batch Processing","Binayong Hipon"
2026-05-24,"Cabbage",444.39,g,"Production Batch Processing","Crispy Bucheron"
2026-05-24,"Carrots",273.86,g,"Production Batch Processing","Salted Banana Chips"
2026-05-24,"Chicken",1303.5,g,"Production Batch Processing","Creamy Peanut Butter"
2026-05-24,"Chiton",2281.74,g,"Production Batch Processing","Crunchy Peanut Butter"
2026-05-24,"Cooking Oil",16.79,L,"Production Batch Processing","Biscocho Chips"
2026-05-24,"Garlic",218.2,g,"Production Batch Processing","Kibets (Crispy Chiton)"
2026-05-24,"Ground Pepper",63.93,g,"Production Batch Processing","Binayong Hipon"
2026-05-24,"Honey",438.42,ml,"Production Batch Processing","Crispy Bucheron"
2026-05-24,"Loaf Bread",8.2,pcs,"Production Batch Processing","Salted Banana Chips"
2026-05-24,"Onion",389.79,g,"Production Batch Processing","Creamy Peanut Butter"
2026-05-24,"Oyster Sauce",147,ml,"Production Batch Processing","Crunchy Peanut Butter"
2026-05-24,"Peanuts",3103.28,g,"Production Batch Processing","Biscocho Chips"
2026-05-24,"Pork",1188.74,g,"Production Batch Processing","Kibets (Crispy Chiton)"
2026-05-24,"Pork Skin",2398.28,g,"Production Batch Processing","Binayong Hipon"
2026-05-24,"Raw Bananas",3635.78,g,"Production Batch Processing","Crispy Bucheron"
2026-05-24,"Salt",274.95,g,"Production Batch Processing","Salted Banana Chips"
2026-05-24,"Sea Salt",133.34,g,"Production Batch Processing","Creamy Peanut Butter"
2026-05-24,"Sesame Oil",92.08,ml,"Production Batch Processing","Crunchy Peanut Butter"
2026-05-24,"Small Shrimp",3391.43,g,"Production Batch Processing","Biscocho Chips"
2026-05-24,"Soy Sauce",239.64,ml,"Production Batch Processing","Kibets (Crispy Chiton)"
2026-05-24,"Spring Onion",133.37,g,"Production Batch Processing","Binayong Hipon"
2026-05-24,"Sugar",579.77,g,"Production Batch Processing","Crispy Bucheron"
2026-05-24,"Turmeric Powder",74.11,g,"Production Batch Processing","Salted Banana Chips"
2026-05-24,"Water",41.72,L,"Production Batch Processing","Creamy Peanut Butter"
2026-05-25,"Bell Pepper",116.94,g,"Production Batch Processing","Kibets (Crispy Chiton)"
2026-05-25,"Butter/Margarine",485.49,g,"Production Batch Processing","Binayong Hipon"
2026-05-25,"Cabbage",315.92,g,"Production Batch Processing","Crispy Bucheron"
2026-05-25,"Carrots",213.26,g,"Production Batch Processing","Salted Banana Chips"
2026-05-25,"Chicken",865.18,g,"Production Batch Processing","Creamy Peanut Butter"
2026-05-25,"Chiton",1611.85,g,"Production Batch Processing","Crunchy Peanut Butter"
2026-05-25,"Cooking Oil",13.9,L,"Production Batch Processing","Biscocho Chips"
2026-05-25,"Garlic",171.03,g,"Production Batch Processing","Kibets (Crispy Chiton)"
2026-05-25,"Ground Pepper",48.94,g,"Production Batch Processing","Binayong Hipon"
2026-05-25,"Honey",309.93,ml,"Production Batch Processing","Crispy Bucheron"
2026-05-25,"Loaf Bread",6.52,pcs,"Production Batch Processing","Salted Banana Chips"
2026-05-25,"Onion",262.73,g,"Production Batch Processing","Creamy Peanut Butter"
2026-05-25,"Oyster Sauce",120.61,ml,"Production Batch Processing","Crunchy Peanut Butter"
2026-05-25,"Peanuts",1975.3,g,"Production Batch Processing","Biscocho Chips"
2026-05-25,"Pork",916.9,g,"Production Batch Processing","Kibets (Crispy Chiton)"
2026-05-25,"Pork Skin",1912.04,g,"Production Batch Processing","Binayong Hipon"
2026-05-25,"Raw Bananas",2625.74,g,"Production Batch Processing","Crispy Bucheron"
2026-05-25,"Salt",177.07,g,"Production Batch Processing","Salted Banana Chips"
2026-05-25,"Sea Salt",88.87,g,"Production Batch Processing","Creamy Peanut Butter"
2026-05-25,"Sesame Oil",69.41,ml,"Production Batch Processing","Crunchy Peanut Butter"
2026-05-25,"Small Shrimp",2311.19,g,"Production Batch Processing","Biscocho Chips"
2026-05-25,"Soy Sauce",165.29,ml,"Production Batch Processing","Kibets (Crispy Chiton)"
2026-05-25,"Spring Onion",116.58,g,"Production Batch Processing","Binayong Hipon"
2026-05-25,"Sugar",392.96,g,"Production Batch Processing","Crispy Bucheron"
2026-05-25,"Turmeric Powder",52.27,g,"Production Batch Processing","Salted Banana Chips"
2026-05-25,"Water",31.01,L,"Production Batch Processing","Creamy Peanut Butter"
2026-05-26,"Bell Pepper",125.69,g,"Production Batch Processing","Kibets (Crispy Chiton)"
2026-05-26,"Butter/Margarine",489.6,g,"Production Batch Processing","Binayong Hipon"
2026-05-26,"Cabbage",312.95,g,"Production Batch Processing","Crispy Bucheron"
2026-05-26,"Carrots",214.02,g,"Production Batch Processing","Salted Banana Chips"
2026-05-26,"Chicken",1013.54,g,"Production Batch Processing","Creamy Peanut Butter"
2026-05-26,"Chiton",1772.7,g,"Production Batch Processing","Crunchy Peanut Butter"
2026-05-26,"Cooking Oil",11.52,L,"Production Batch Processing","Biscocho Chips"
2026-05-26,"Garlic",195.34,g,"Production Batch Processing","Kibets (Crispy Chiton)"
2026-05-26,"Ground Pepper",49.11,g,"Production Batch Processing","Binayong Hipon"
2026-05-26,"Honey",344.67,ml,"Production Batch Processing","Crispy Bucheron"
2026-05-26,"Loaf Bread",6.22,pcs,"Production Batch Processing","Salted Banana Chips"
2026-05-26,"Onion",308.94,g,"Production Batch Processing","Creamy Peanut Butter"
2026-05-26,"Oyster Sauce",99.46,ml,"Production Batch Processing","Crunchy Peanut Butter"
2026-05-26,"Peanuts",2040.7,g,"Production Batch Processing","Biscocho Chips"
2026-05-26,"Pork",849.32,g,"Production Batch Processing","Kibets (Crispy Chiton)"
2026-05-26,"Pork Skin",1871.04,g,"Production Batch Processing","Binayong Hipon"
2026-05-26,"Raw Bananas",2763.44,g,"Production Batch Processing","Crispy Bucheron"
2026-05-26,"Salt",201.11,g,"Production Batch Processing","Salted Banana Chips"
2026-05-26,"Sea Salt",87.47,g,"Production Batch Processing","Creamy Peanut Butter"
2026-05-26,"Sesame Oil",59.57,ml,"Production Batch Processing","Crunchy Peanut Butter"
2026-05-26,"Small Shrimp",2516.69,g,"Production Batch Processing","Biscocho Chips"
2026-05-26,"Soy Sauce",159.42,ml,"Production Batch Processing","Kibets (Crispy Chiton)"
2026-05-26,"Spring Onion",101.53,g,"Production Batch Processing","Binayong Hipon"
2026-05-26,"Sugar",417.77,g,"Production Batch Processing","Crispy Bucheron"
2026-05-26,"Turmeric Powder",58.34,g,"Production Batch Processing","Salted Banana Chips"
2026-05-26,"Water",31.41,L,"Production Batch Processing","Creamy Peanut Butter"
2026-05-27,"Bell Pepper",111.5,g,"Production Batch Processing","Kibets (Crispy Chiton)"
2026-05-27,"Butter/Margarine",439.25,g,"Production Batch Processing","Binayong Hipon"
2026-05-27,"Cabbage",280.53,g,"Production Batch Processing","Crispy Bucheron"
2026-05-27,"Carrots",199.6,g,"Production Batch Processing","Salted Banana Chips"
2026-05-27,"Chicken",1014.64,g,"Production Batch Processing","Creamy Peanut Butter"
2026-05-27,"Chiton",1563.92,g,"Production Batch Processing","Crunchy Peanut Butter"
2026-05-27,"Cooking Oil",13.32,L,"Production Batch Processing","Biscocho Chips"
2026-05-27,"Garlic",198.13,g,"Production Batch Processing","Kibets (Crispy Chiton)"
2026-05-27,"Ground Pepper",47.11,g,"Production Batch Processing","Binayong Hipon"
2026-05-27,"Honey",330.59,ml,"Production Batch Processing","Crispy Bucheron"
2026-05-27,"Loaf Bread",5.3,pcs,"Production Batch Processing","Salted Banana Chips"
2026-05-27,"Onion",276.9,g,"Production Batch Processing","Creamy Peanut Butter"
2026-05-27,"Oyster Sauce",117.94,ml,"Production Batch Processing","Crunchy Peanut Butter"
2026-05-27,"Peanuts",2061.33,g,"Production Batch Processing","Biscocho Chips"
2026-05-27,"Pork",945.55,g,"Production Batch Processing","Kibets (Crispy Chiton)"
2026-05-27,"Pork Skin",1767.56,g,"Production Batch Processing","Binayong Hipon"
2026-05-27,"Raw Bananas",2858.52,g,"Production Batch Processing","Crispy Bucheron"
2026-05-27,"Salt",204.37,g,"Production Batch Processing","Salted Banana Chips"
2026-05-27,"Sea Salt",100.24,g,"Production Batch Processing","Creamy Peanut Butter"
2026-05-27,"Sesame Oil",69.03,ml,"Production Batch Processing","Crunchy Peanut Butter"
2026-05-27,"Small Shrimp",2457.9,g,"Production Batch Processing","Biscocho Chips"
2026-05-27,"Soy Sauce",154.53,ml,"Production Batch Processing","Kibets (Crispy Chiton)"
2026-05-27,"Spring Onion",113.55,g,"Production Batch Processing","Binayong Hipon"
2026-05-27,"Sugar",430.29,g,"Production Batch Processing","Crispy Bucheron"
2026-05-27,"Turmeric Powder",55.58,g,"Production Batch Processing","Salted Banana Chips"
2026-05-27,"Water",35.22,L,"Production Batch Processing","Creamy Peanut Butter"
2026-05-28,"Bell Pepper",116.54,g,"Production Batch Processing","Kibets (Crispy Chiton)"
2026-05-28,"Butter/Margarine",414.93,g,"Production Batch Processing","Binayong Hipon"
2026-05-28,"Cabbage",318.24,g,"Production Batch Processing","Crispy Bucheron"
2026-05-28,"Carrots",228.74,g,"Production Batch Processing","Salted Banana Chips"
2026-05-28,"Chicken",848.58,g,"Production Batch Processing","Creamy Peanut Butter"
2026-05-28,"Chiton",1454.26,g,"Production Batch Processing","Crunchy Peanut Butter"
2026-05-28,"Cooking Oil",11.23,L,"Production Batch Processing","Biscocho Chips"
2026-05-28,"Garlic",197.2,g,"Production Batch Processing","Kibets (Crispy Chiton)"
2026-05-28,"Ground Pepper",39.95,g,"Production Batch Processing","Binayong Hipon"
2026-05-28,"Honey",337.73,ml,"Production Batch Processing","Crispy Bucheron"
2026-05-28,"Loaf Bread",5.33,pcs,"Production Batch Processing","Salted Banana Chips"
2026-05-28,"Onion",293.65,g,"Production Batch Processing","Creamy Peanut Butter"
2026-05-28,"Oyster Sauce",104.29,ml,"Production Batch Processing","Crunchy Peanut Butter"
2026-05-28,"Peanuts",2293.65,g,"Production Batch Processing","Biscocho Chips"
2026-05-28,"Pork",983.95,g,"Production Batch Processing","Kibets (Crispy Chiton)"
2026-05-28,"Pork Skin",1750.71,g,"Production Batch Processing","Binayong Hipon"
2026-05-28,"Raw Bananas",2411.06,g,"Production Batch Processing","Crispy Bucheron"
2026-05-28,"Salt",209.87,g,"Production Batch Processing","Salted Banana Chips"
2026-05-28,"Sea Salt",99.52,g,"Production Batch Processing","Creamy Peanut Butter"
2026-05-28,"Sesame Oil",63.56,ml,"Production Batch Processing","Crunchy Peanut Butter"
2026-05-28,"Small Shrimp",2383.95,g,"Production Batch Processing","Biscocho Chips"
2026-05-28,"Soy Sauce",154.01,ml,"Production Batch Processing","Kibets (Crispy Chiton)"
2026-05-28,"Spring Onion",99.83,g,"Production Batch Processing","Binayong Hipon"
2026-05-28,"Sugar",411.96,g,"Production Batch Processing","Crispy Bucheron"
2026-05-28,"Turmeric Powder",54.69,g,"Production Batch Processing","Salted Banana Chips"
2026-05-28,"Water",31.97,L,"Production Batch Processing","Creamy Peanut Butter"
2026-05-29,"Bell Pepper",121.72,g,"Production Batch Processing","Kibets (Crispy Chiton)"
2026-05-29,"Butter/Margarine",482.74,g,"Production Batch Processing","Binayong Hipon"
2026-05-29,"Cabbage",285.46,g,"Production Batch Processing","Crispy Bucheron"
2026-05-29,"Carrots",201.24,g,"Production Batch Processing","Salted Banana Chips"
2026-05-29,"Chicken",892.54,g,"Production Batch Processing","Creamy Peanut Butter"
2026-05-29,"Chiton",1504.64,g,"Production Batch Processing","Crunchy Peanut Butter"
2026-05-29,"Cooking Oil",12.21,L,"Production Batch Processing","Biscocho Chips"
2026-05-29,"Garlic",166.21,g,"Production Batch Processing","Kibets (Crispy Chiton)"
2026-05-29,"Ground Pepper",39.81,g,"Production Batch Processing","Binayong Hipon"
2026-05-29,"Honey",375.76,ml,"Production Batch Processing","Crispy Bucheron"
2026-05-29,"Loaf Bread",5.9,pcs,"Production Batch Processing","Salted Banana Chips"
2026-05-29,"Onion",311.65,g,"Production Batch Processing","Creamy Peanut Butter"
2026-05-29,"Oyster Sauce",114.32,ml,"Production Batch Processing","Crunchy Peanut Butter"
2026-05-29,"Peanuts",2063.28,g,"Production Batch Processing","Biscocho Chips"
2026-05-29,"Pork",963.44,g,"Production Batch Processing","Kibets (Crispy Chiton)"
2026-05-29,"Pork Skin",1741.29,g,"Production Batch Processing","Binayong Hipon"
2026-05-29,"Raw Bananas",2495.33,g,"Production Batch Processing","Crispy Bucheron"
2026-05-29,"Salt",197.78,g,"Production Batch Processing","Salted Banana Chips"
2026-05-29,"Sea Salt",89.99,g,"Production Batch Processing","Creamy Peanut Butter"
2026-05-29,"Sesame Oil",67.24,ml,"Production Batch Processing","Crunchy Peanut Butter"
2026-05-29,"Small Shrimp",2569.71,g,"Production Batch Processing","Biscocho Chips"
2026-05-29,"Soy Sauce",151.96,ml,"Production Batch Processing","Kibets (Crispy Chiton)"
2026-05-29,"Spring Onion",121.24,g,"Production Batch Processing","Binayong Hipon"
2026-05-29,"Sugar",430.03,g,"Production Batch Processing","Crispy Bucheron"
2026-05-29,"Turmeric Powder",60.14,g,"Production Batch Processing","Salted Banana Chips"
2026-05-29,"Water",36.39,L,"Production Batch Processing","Creamy Peanut Butter"
2026-05-30,"Bell Pepper",161,g,"Production Batch Processing","Kibets (Crispy Chiton)"
2026-05-30,"Butter/Margarine",661.21,g,"Production Batch Processing","Binayong Hipon"
2026-05-30,"Cabbage",422.48,g,"Production Batch Processing","Crispy Bucheron"
2026-05-30,"Carrots",314.48,g,"Production Batch Processing","Salted Banana Chips"
2026-05-30,"Chicken",1405.25,g,"Production Batch Processing","Creamy Peanut Butter"
2026-05-30,"Chiton",2455.92,g,"Production Batch Processing","Crunchy Peanut Butter"
2026-05-30,"Cooking Oil",17.89,L,"Production Batch Processing","Biscocho Chips"
2026-05-30,"Garlic",234.41,g,"Production Batch Processing","Kibets (Crispy Chiton)"
2026-05-30,"Ground Pepper",65.84,g,"Production Batch Processing","Binayong Hipon"
2026-05-30,"Honey",473.12,ml,"Production Batch Processing","Crispy Bucheron"
2026-05-30,"Loaf Bread",7.56,pcs,"Production Batch Processing","Salted Banana Chips"
2026-05-30,"Onion",340.47,g,"Production Batch Processing","Creamy Peanut Butter"
2026-05-30,"Oyster Sauce",146,ml,"Production Batch Processing","Crunchy Peanut Butter"
2026-05-30,"Peanuts",3133.59,g,"Production Batch Processing","Biscocho Chips"
2026-05-30,"Pork",1105.48,g,"Production Batch Processing","Kibets (Crispy Chiton)"
2026-05-30,"Pork Skin",2490.65,g,"Production Batch Processing","Binayong Hipon"
2026-05-30,"Raw Bananas",3122.01,g,"Production Batch Processing","Crispy Bucheron"
2026-05-30,"Salt",286.6,g,"Production Batch Processing","Salted Banana Chips"
2026-05-30,"Sea Salt",114.73,g,"Production Batch Processing","Creamy Peanut Butter"
2026-05-30,"Sesame Oil",94.23,ml,"Production Batch Processing","Crunchy Peanut Butter"
2026-05-30,"Small Shrimp",3507.51,g,"Production Batch Processing","Biscocho Chips"
2026-05-30,"Soy Sauce",208.23,ml,"Production Batch Processing","Kibets (Crispy Chiton)"
2026-05-30,"Spring Onion",157.26,g,"Production Batch Processing","Binayong Hipon"
2026-05-30,"Sugar",501.4,g,"Production Batch Processing","Crispy Bucheron"
2026-05-30,"Turmeric Powder",82.95,g,"Production Batch Processing","Salted Banana Chips"
2026-05-30,"Water",51.18,L,"Production Batch Processing","Creamy Peanut Butter"
2026-05-31,"Bell Pepper",178.89,g,"Production Batch Processing","Kibets (Crispy Chiton)"
2026-05-31,"Butter/Margarine",570.02,g,"Production Batch Processing","Binayong Hipon"
2026-05-31,"Cabbage",431.19,g,"Production Batch Processing","Crispy Bucheron"
2026-05-31,"Carrots",300.73,g,"Production Batch Processing","Salted Banana Chips"
2026-05-31,"Chicken",1199.06,g,"Production Batch Processing","Creamy Peanut Butter"
2026-05-31,"Chiton",2450.32,g,"Production Batch Processing","Crunchy Peanut Butter"
2026-05-31,"Cooking Oil",17.7,L,"Production Batch Processing","Biscocho Chips"
2026-05-31,"Garlic",270.24,g,"Production Batch Processing","Kibets (Crispy Chiton)"
2026-05-31,"Ground Pepper",66.58,g,"Production Batch Processing","Binayong Hipon"
2026-05-31,"Honey",418.59,ml,"Production Batch Processing","Crispy Bucheron"
2026-05-31,"Loaf Bread",7.73,pcs,"Production Batch Processing","Salted Banana Chips"
2026-05-31,"Onion",393.57,g,"Production Batch Processing","Creamy Peanut Butter"
2026-05-31,"Oyster Sauce",141.1,ml,"Production Batch Processing","Crunchy Peanut Butter"
2026-05-31,"Peanuts",3070.77,g,"Production Batch Processing","Biscocho Chips"
2026-05-31,"Pork",1265.85,g,"Production Batch Processing","Kibets (Crispy Chiton)"
2026-05-31,"Pork Skin",2357.7,g,"Production Batch Processing","Binayong Hipon"
2026-05-31,"Raw Bananas",3776.29,g,"Production Batch Processing","Crispy Bucheron"
2026-05-31,"Salt",280.56,g,"Production Batch Processing","Salted Banana Chips"
2026-05-31,"Sea Salt",126.99,g,"Production Batch Processing","Creamy Peanut Butter"
2026-05-31,"Sesame Oil",81.18,ml,"Production Batch Processing","Crunchy Peanut Butter"
2026-05-31,"Small Shrimp",3134.49,g,"Production Batch Processing","Biscocho Chips"
2026-05-31,"Soy Sauce",238.8,ml,"Production Batch Processing","Kibets (Crispy Chiton)"
2026-05-31,"Spring Onion",138.7,g,"Production Batch Processing","Binayong Hipon"
2026-05-31,"Sugar",634.75,g,"Production Batch Processing","Crispy Bucheron"
2026-05-31,"Turmeric Powder",79.62,g,"Production Batch Processing","Salted Banana Chips"
2026-05-31,"Water",48.15,L,"Production Batch Processing","Creamy Peanut Butter"
2026-06-01,"Bell Pepper",114.62,g,"Production Batch Processing","Kibets (Crispy Chiton)"
2026-06-01,"Butter/Margarine",493.19,g,"Production Batch Processing","Binayong Hipon"
2026-06-01,"Cabbage",271.81,g,"Production Batch Processing","Crispy Bucheron"
2026-06-01,"Carrots",232.31,g,"Production Batch Processing","Salted Banana Chips"
2026-06-01,"Chicken",951.97,g,"Production Batch Processing","Creamy Peanut Butter"
2026-06-01,"Chiton",1482.54,g,"Production Batch Processing","Crunchy Peanut Butter"
2026-06-01,"Cooking Oil",13.35,L,"Production Batch Processing","Biscocho Chips"
2026-06-01,"Garlic",162.41,g,"Production Batch Processing","Kibets (Crispy Chiton)"
2026-06-01,"Ground Pepper",40.01,g,"Production Batch Processing","Binayong Hipon"
2026-06-01,"Honey",374.59,ml,"Production Batch Processing","Crispy Bucheron"
2026-06-01,"Loaf Bread",6.18,pcs,"Production Batch Processing","Salted Banana Chips"
2026-06-01,"Onion",263.83,g,"Production Batch Processing","Creamy Peanut Butter"
2026-06-01,"Oyster Sauce",114.44,ml,"Production Batch Processing","Crunchy Peanut Butter"
2026-06-01,"Peanuts",2004.06,g,"Production Batch Processing","Biscocho Chips"
2026-06-01,"Pork",880.4,g,"Production Batch Processing","Kibets (Crispy Chiton)"
2026-06-01,"Pork Skin",1945.36,g,"Production Batch Processing","Binayong Hipon"
2026-06-01,"Raw Bananas",2751.2,g,"Production Batch Processing","Crispy Bucheron"
2026-06-01,"Salt",179.54,g,"Production Batch Processing","Salted Banana Chips"
2026-06-01,"Sea Salt",94.84,g,"Production Batch Processing","Creamy Peanut Butter"
2026-06-01,"Sesame Oil",59.05,ml,"Production Batch Processing","Crunchy Peanut Butter"
2026-06-01,"Small Shrimp",2459.25,g,"Production Batch Processing","Biscocho Chips"
2026-06-01,"Soy Sauce",162.19,ml,"Production Batch Processing","Kibets (Crispy Chiton)"
2026-06-01,"Spring Onion",111.33,g,"Production Batch Processing","Binayong Hipon"
2026-06-01,"Sugar",421.14,g,"Production Batch Processing","Crispy Bucheron"
2026-06-01,"Turmeric Powder",49.02,g,"Production Batch Processing","Salted Banana Chips"
2026-06-01,"Water",34.09,L,"Production Batch Processing","Creamy Peanut Butter"
2026-06-02,"Bell Pepper",133.71,g,"Production Batch Processing","Kibets (Crispy Chiton)"
2026-06-02,"Butter/Margarine",484.06,g,"Production Batch Processing","Binayong Hipon"
2026-06-02,"Cabbage",278.83,g,"Production Batch Processing","Crispy Bucheron"
2026-06-02,"Carrots",215.94,g,"Production Batch Processing","Salted Banana Chips"
2026-06-02,"Chicken",1023.41,g,"Production Batch Processing","Creamy Peanut Butter"
2026-06-02,"Chiton",1722.51,g,"Production Batch Processing","Crunchy Peanut Butter"
2026-06-02,"Cooking Oil",12.02,L,"Production Batch Processing","Biscocho Chips"
2026-06-02,"Garlic",191.23,g,"Production Batch Processing","Kibets (Crispy Chiton)"
2026-06-02,"Ground Pepper",41.28,g,"Production Batch Processing","Binayong Hipon"
2026-06-02,"Honey",349.89,ml,"Production Batch Processing","Crispy Bucheron"
2026-06-02,"Loaf Bread",6.05,pcs,"Production Batch Processing","Salted Banana Chips"
2026-06-02,"Onion",297.6,g,"Production Batch Processing","Creamy Peanut Butter"
2026-06-02,"Oyster Sauce",115.08,ml,"Production Batch Processing","Crunchy Peanut Butter"
2026-06-02,"Peanuts",2056.78,g,"Production Batch Processing","Biscocho Chips"
2026-06-02,"Pork",893.31,g,"Production Batch Processing","Kibets (Crispy Chiton)"
2026-06-02,"Pork Skin",1736.14,g,"Production Batch Processing","Binayong Hipon"
2026-06-02,"Raw Bananas",2797.22,g,"Production Batch Processing","Crispy Bucheron"
2026-06-02,"Salt",194.64,g,"Production Batch Processing","Salted Banana Chips"
2026-06-02,"Sea Salt",103.36,g,"Production Batch Processing","Creamy Peanut Butter"
2026-06-02,"Sesame Oil",68.65,ml,"Production Batch Processing","Crunchy Peanut Butter"
2026-06-02,"Small Shrimp",2499.33,g,"Production Batch Processing","Biscocho Chips"
2026-06-02,"Soy Sauce",152.57,ml,"Production Batch Processing","Kibets (Crispy Chiton)"
2026-06-02,"Spring Onion",118.32,g,"Production Batch Processing","Binayong Hipon"
2026-06-02,"Sugar",462.08,g,"Production Batch Processing","Crispy Bucheron"
2026-06-02,"Turmeric Powder",59.32,g,"Production Batch Processing","Salted Banana Chips"
2026-06-02,"Water",33.52,L,"Production Batch Processing","Creamy Peanut Butter"
2026-06-03,"Bell Pepper",107.94,g,"Production Batch Processing","Kibets (Crispy Chiton)"
2026-06-03,"Butter/Margarine",441.56,g,"Production Batch Processing","Binayong Hipon"
2026-06-03,"Cabbage",266.58,g,"Production Batch Processing","Crispy Bucheron"
2026-06-03,"Carrots",212.98,g,"Production Batch Processing","Salted Banana Chips"
2026-06-03,"Chicken",844.38,g,"Production Batch Processing","Creamy Peanut Butter"
2026-06-03,"Chiton",1471.41,g,"Production Batch Processing","Crunchy Peanut Butter"
2026-06-03,"Cooking Oil",13.44,L,"Production Batch Processing","Biscocho Chips"
2026-06-03,"Garlic",177.67,g,"Production Batch Processing","Kibets (Crispy Chiton)"
2026-06-03,"Ground Pepper",40.98,g,"Production Batch Processing","Binayong Hipon"
2026-06-03,"Honey",355.03,ml,"Production Batch Processing","Crispy Bucheron"
2026-06-03,"Loaf Bread",5.64,pcs,"Production Batch Processing","Salted Banana Chips"
2026-06-03,"Onion",304.26,g,"Production Batch Processing","Creamy Peanut Butter"
2026-06-03,"Oyster Sauce",103.35,ml,"Production Batch Processing","Crunchy Peanut Butter"
2026-06-03,"Peanuts",2238.11,g,"Production Batch Processing","Biscocho Chips"
2026-06-03,"Pork",908.17,g,"Production Batch Processing","Kibets (Crispy Chiton)"
2026-06-03,"Pork Skin",1815.05,g,"Production Batch Processing","Binayong Hipon"
2026-06-03,"Raw Bananas",2701.43,g,"Production Batch Processing","Crispy Bucheron"
2026-06-03,"Salt",211.77,g,"Production Batch Processing","Salted Banana Chips"
2026-06-03,"Sea Salt",87.9,g,"Production Batch Processing","Creamy Peanut Butter"
2026-06-03,"Sesame Oil",61.78,ml,"Production Batch Processing","Crunchy Peanut Butter"
2026-06-03,"Small Shrimp",2269.03,g,"Production Batch Processing","Biscocho Chips"
2026-06-03,"Soy Sauce",171.34,ml,"Production Batch Processing","Kibets (Crispy Chiton)"
2026-06-03,"Spring Onion",106.17,g,"Production Batch Processing","Binayong Hipon"
2026-06-03,"Sugar",391.59,g,"Production Batch Processing","Crispy Bucheron"
2026-06-03,"Turmeric Powder",56.2,g,"Production Batch Processing","Salted Banana Chips"
2026-06-03,"Water",36.95,L,"Production Batch Processing","Creamy Peanut Butter"
2026-06-04,"Bell Pepper",122.15,g,"Production Batch Processing","Kibets (Crispy Chiton)"
2026-06-04,"Butter/Margarine",413.35,g,"Production Batch Processing","Binayong Hipon"
2026-06-04,"Cabbage",315.07,g,"Production Batch Processing","Crispy Bucheron"
2026-06-04,"Carrots",206.43,g,"Production Batch Processing","Salted Banana Chips"
2026-06-04,"Chicken",839.85,g,"Production Batch Processing","Creamy Peanut Butter"
2026-06-04,"Chiton",1818.73,g,"Production Batch Processing","Crunchy Peanut Butter"
2026-06-04,"Cooking Oil",13.57,L,"Production Batch Processing","Biscocho Chips"
2026-06-04,"Garlic",192.14,g,"Production Batch Processing","Kibets (Crispy Chiton)"
2026-06-04,"Ground Pepper",45.18,g,"Production Batch Processing","Binayong Hipon"
2026-06-04,"Honey",342.57,ml,"Production Batch Processing","Crispy Bucheron"
2026-06-04,"Loaf Bread",5.76,pcs,"Production Batch Processing","Salted Banana Chips"
2026-06-04,"Onion",246.92,g,"Production Batch Processing","Creamy Peanut Butter"
2026-06-04,"Oyster Sauce",97.24,ml,"Production Batch Processing","Crunchy Peanut Butter"
2026-06-04,"Peanuts",1898.56,g,"Production Batch Processing","Biscocho Chips"
2026-06-04,"Pork",962,g,"Production Batch Processing","Kibets (Crispy Chiton)"
2026-06-04,"Pork Skin",1772.49,g,"Production Batch Processing","Binayong Hipon"
2026-06-04,"Raw Bananas",2493.18,g,"Production Batch Processing","Crispy Bucheron"
2026-06-04,"Salt",191.7,g,"Production Batch Processing","Salted Banana Chips"
2026-06-04,"Sea Salt",85.84,g,"Production Batch Processing","Creamy Peanut Butter"
2026-06-04,"Sesame Oil",69.45,ml,"Production Batch Processing","Crunchy Peanut Butter"
2026-06-04,"Small Shrimp",2610.94,g,"Production Batch Processing","Biscocho Chips"
2026-06-04,"Soy Sauce",177.79,ml,"Production Batch Processing","Kibets (Crispy Chiton)"
2026-06-04,"Spring Onion",103.98,g,"Production Batch Processing","Binayong Hipon"
2026-06-04,"Sugar",442.52,g,"Production Batch Processing","Crispy Bucheron"
2026-06-04,"Turmeric Powder",57.58,g,"Production Batch Processing","Salted Banana Chips"
2026-06-04,"Water",33.52,L,"Production Batch Processing","Creamy Peanut Butter"
2026-06-05,"Bell Pepper",112.59,g,"Production Batch Processing","Kibets (Crispy Chiton)"
2026-06-05,"Butter/Margarine",406.03,g,"Production Batch Processing","Binayong Hipon"
2026-06-05,"Cabbage",309.44,g,"Production Batch Processing","Crispy Bucheron"
2026-06-05,"Carrots",207.58,g,"Production Batch Processing","Salted Banana Chips"
2026-06-05,"Chicken",846.61,g,"Production Batch Processing","Creamy Peanut Butter"
2026-06-05,"Chiton",1824.67,g,"Production Batch Processing","Crunchy Peanut Butter"
2026-06-05,"Cooking Oil",11.88,L,"Production Batch Processing","Biscocho Chips"
2026-06-05,"Garlic",178.65,g,"Production Batch Processing","Kibets (Crispy Chiton)"
2026-06-05,"Ground Pepper",44.5,g,"Production Batch Processing","Binayong Hipon"
2026-06-05,"Honey",370.68,ml,"Production Batch Processing","Crispy Bucheron"
2026-06-05,"Loaf Bread",5.44,pcs,"Production Batch Processing","Salted Banana Chips"
2026-06-05,"Onion",311.88,g,"Production Batch Processing","Creamy Peanut Butter"
2026-06-05,"Oyster Sauce",108.54,ml,"Production Batch Processing","Crunchy Peanut Butter"
2026-06-05,"Peanuts",2260.12,g,"Production Batch Processing","Biscocho Chips"
2026-06-05,"Pork",881.25,g,"Production Batch Processing","Kibets (Crispy Chiton)"
2026-06-05,"Pork Skin",1705.11,g,"Production Batch Processing","Binayong Hipon"
2026-06-05,"Raw Bananas",2696.67,g,"Production Batch Processing","Crispy Bucheron"
2026-06-05,"Salt",170.32,g,"Production Batch Processing","Salted Banana Chips"
2026-06-05,"Sea Salt",105.51,g,"Production Batch Processing","Creamy Peanut Butter"
2026-06-05,"Sesame Oil",57.77,ml,"Production Batch Processing","Crunchy Peanut Butter"
2026-06-05,"Small Shrimp",2390.74,g,"Production Batch Processing","Biscocho Chips"
2026-06-05,"Soy Sauce",146.82,ml,"Production Batch Processing","Kibets (Crispy Chiton)"
2026-06-05,"Spring Onion",111.26,g,"Production Batch Processing","Binayong Hipon"
2026-06-05,"Sugar",458.66,g,"Production Batch Processing","Crispy Bucheron"
2026-06-05,"Turmeric Powder",51.71,g,"Production Batch Processing","Salted Banana Chips"
2026-06-05,"Water",35.19,L,"Production Batch Processing","Creamy Peanut Butter"
2026-06-06,"Bell Pepper",145.57,g,"Production Batch Processing","Kibets (Crispy Chiton)"
2026-06-06,"Butter/Margarine",546.92,g,"Production Batch Processing","Binayong Hipon"
2026-06-06,"Cabbage",361.58,g,"Production Batch Processing","Crispy Bucheron"
2026-06-06,"Carrots",274,g,"Production Batch Processing","Salted Banana Chips"
2026-06-06,"Chicken",1263.55,g,"Production Batch Processing","Creamy Peanut Butter"
2026-06-06,"Chiton",2238.18,g,"Production Batch Processing","Crunchy Peanut Butter"
2026-06-06,"Cooking Oil",18.05,L,"Production Batch Processing","Biscocho Chips"
2026-06-06,"Garlic",237.18,g,"Production Batch Processing","Kibets (Crispy Chiton)"
2026-06-06,"Ground Pepper",67.08,g,"Production Batch Processing","Binayong Hipon"
2026-06-06,"Honey",489.26,ml,"Production Batch Processing","Crispy Bucheron"
2026-06-06,"Loaf Bread",8.63,pcs,"Production Batch Processing","Salted Banana Chips"
2026-06-06,"Onion",410.62,g,"Production Batch Processing","Creamy Peanut Butter"
2026-06-06,"Oyster Sauce",165.58,ml,"Production Batch Processing","Crunchy Peanut Butter"
2026-06-06,"Peanuts",3154.45,g,"Production Batch Processing","Biscocho Chips"
2026-06-06,"Pork",1264.36,g,"Production Batch Processing","Kibets (Crispy Chiton)"
2026-06-06,"Pork Skin",2381.76,g,"Production Batch Processing","Binayong Hipon"
2026-06-06,"Raw Bananas",3921.67,g,"Production Batch Processing","Crispy Bucheron"
2026-06-06,"Salt",252.4,g,"Production Batch Processing","Salted Banana Chips"
2026-06-06,"Sea Salt",136.85,g,"Production Batch Processing","Creamy Peanut Butter"
2026-06-06,"Sesame Oil",87.86,ml,"Production Batch Processing","Crunchy Peanut Butter"
2026-06-06,"Small Shrimp",2972.3,g,"Production Batch Processing","Biscocho Chips"
2026-06-06,"Soy Sauce",205.43,ml,"Production Batch Processing","Kibets (Crispy Chiton)"
2026-06-06,"Spring Onion",160.19,g,"Production Batch Processing","Binayong Hipon"
2026-06-06,"Sugar",569.1,g,"Production Batch Processing","Crispy Bucheron"
2026-06-06,"Turmeric Powder",79.08,g,"Production Batch Processing","Salted Banana Chips"
2026-06-06,"Water",43.6,L,"Production Batch Processing","Creamy Peanut Butter"
2026-06-07,"Bell Pepper",167.3,g,"Production Batch Processing","Kibets (Crispy Chiton)"
2026-06-07,"Butter/Margarine",660.41,g,"Production Batch Processing","Binayong Hipon"
2026-06-07,"Cabbage",394.46,g,"Production Batch Processing","Crispy Bucheron"
2026-06-07,"Carrots",323.19,g,"Production Batch Processing","Salted Banana Chips"
2026-06-07,"Chicken",1256.99,g,"Production Batch Processing","Creamy Peanut Butter"
2026-06-07,"Chiton",2235.46,g,"Production Batch Processing","Crunchy Peanut Butter"
2026-06-07,"Cooking Oil",17.78,L,"Production Batch Processing","Biscocho Chips"
2026-06-07,"Garlic",271.93,g,"Production Batch Processing","Kibets (Crispy Chiton)"
2026-06-07,"Ground Pepper",64.42,g,"Production Batch Processing","Binayong Hipon"
2026-06-07,"Honey",509.09,ml,"Production Batch Processing","Crispy Bucheron"
2026-06-07,"Loaf Bread",8.08,pcs,"Production Batch Processing","Salted Banana Chips"
2026-06-07,"Onion",342.08,g,"Production Batch Processing","Creamy Peanut Butter"
2026-06-07,"Oyster Sauce",134.46,ml,"Production Batch Processing","Crunchy Peanut Butter"
2026-06-07,"Peanuts",2718.59,g,"Production Batch Processing","Biscocho Chips"
2026-06-07,"Pork",1148.39,g,"Production Batch Processing","Kibets (Crispy Chiton)"
2026-06-07,"Pork Skin",2662.93,g,"Production Batch Processing","Binayong Hipon"
2026-06-07,"Raw Bananas",3659.85,g,"Production Batch Processing","Crispy Bucheron"
2026-06-07,"Salt",240.88,g,"Production Batch Processing","Salted Banana Chips"
2026-06-07,"Sea Salt",118.08,g,"Production Batch Processing","Creamy Peanut Butter"
2026-06-07,"Sesame Oil",82.21,ml,"Production Batch Processing","Crunchy Peanut Butter"
2026-06-07,"Small Shrimp",3249.61,g,"Production Batch Processing","Biscocho Chips"
2026-06-07,"Soy Sauce",239.75,ml,"Production Batch Processing","Kibets (Crispy Chiton)"
2026-06-07,"Spring Onion",136.65,g,"Production Batch Processing","Binayong Hipon"
2026-06-07,"Sugar",629.34,g,"Production Batch Processing","Crispy Bucheron"
2026-06-07,"Turmeric Powder",80.93,g,"Production Batch Processing","Salted Banana Chips"
2026-06-07,"Water",45.06,L,"Production Batch Processing","Creamy Peanut Butter"
2026-06-08,"Bell Pepper",105.63,g,"Production Batch Processing","Kibets (Crispy Chiton)"
2026-06-08,"Butter/Margarine",479.77,g,"Production Batch Processing","Binayong Hipon"
2026-06-08,"Cabbage",316.75,g,"Production Batch Processing","Crispy Bucheron"
2026-06-08,"Carrots",218.7,g,"Production Batch Processing","Salted Banana Chips"
2026-06-08,"Chicken",981.99,g,"Production Batch Processing","Creamy Peanut Butter"
2026-06-08,"Chiton",1799.66,g,"Production Batch Processing","Crunchy Peanut Butter"
2026-06-08,"Cooking Oil",13.75,L,"Production Batch Processing","Biscocho Chips"
2026-06-08,"Garlic",197.47,g,"Production Batch Processing","Kibets (Crispy Chiton)"
2026-06-08,"Ground Pepper",47.66,g,"Production Batch Processing","Binayong Hipon"
2026-06-08,"Honey",382.08,ml,"Production Batch Processing","Crispy Bucheron"
2026-06-08,"Loaf Bread",6.18,pcs,"Production Batch Processing","Salted Banana Chips"
2026-06-08,"Onion",305.23,g,"Production Batch Processing","Creamy Peanut Butter"
2026-06-08,"Oyster Sauce",105.42,ml,"Production Batch Processing","Crunchy Peanut Butter"
2026-06-08,"Peanuts",2190.27,g,"Production Batch Processing","Biscocho Chips"
2026-06-08,"Pork",983.61,g,"Production Batch Processing","Kibets (Crispy Chiton)"
2026-06-08,"Pork Skin",1603.41,g,"Production Batch Processing","Binayong Hipon"
2026-06-08,"Raw Bananas",2852.53,g,"Production Batch Processing","Crispy Bucheron"
2026-06-08,"Salt",169.74,g,"Production Batch Processing","Salted Banana Chips"
2026-06-08,"Sea Salt",86.14,g,"Production Batch Processing","Creamy Peanut Butter"
2026-06-08,"Sesame Oil",72.53,ml,"Production Batch Processing","Crunchy Peanut Butter"
2026-06-08,"Small Shrimp",2221.95,g,"Production Batch Processing","Biscocho Chips"
2026-06-08,"Soy Sauce",164.33,ml,"Production Batch Processing","Kibets (Crispy Chiton)"
2026-06-08,"Spring Onion",106.93,g,"Production Batch Processing","Binayong Hipon"
2026-06-08,"Sugar",463.14,g,"Production Batch Processing","Crispy Bucheron"
2026-06-08,"Turmeric Powder",57.17,g,"Production Batch Processing","Salted Banana Chips"
2026-06-08,"Water",32.31,L,"Production Batch Processing","Creamy Peanut Butter"
2026-06-09,"Bell Pepper",107.4,g,"Production Batch Processing","Kibets (Crispy Chiton)"
2026-06-09,"Butter/Margarine",460.28,g,"Production Batch Processing","Binayong Hipon"
2026-06-09,"Cabbage",282.76,g,"Production Batch Processing","Crispy Bucheron"
2026-06-09,"Carrots",214.39,g,"Production Batch Processing","Salted Banana Chips"
2026-06-09,"Chicken",987.42,g,"Production Batch Processing","Creamy Peanut Butter"
2026-06-09,"Chiton",1601.13,g,"Production Batch Processing","Crunchy Peanut Butter"
2026-06-09,"Cooking Oil",12.65,L,"Production Batch Processing","Biscocho Chips"
2026-06-09,"Garlic",160.92,g,"Production Batch Processing","Kibets (Crispy Chiton)"
2026-06-09,"Ground Pepper",43.96,g,"Production Batch Processing","Binayong Hipon"
2026-06-09,"Honey",367.48,ml,"Production Batch Processing","Crispy Bucheron"
2026-06-09,"Loaf Bread",5.92,pcs,"Production Batch Processing","Salted Banana Chips"
2026-06-09,"Onion",309.25,g,"Production Batch Processing","Creamy Peanut Butter"
2026-06-09,"Oyster Sauce",103.14,ml,"Production Batch Processing","Crunchy Peanut Butter"
2026-06-09,"Peanuts",2181.23,g,"Production Batch Processing","Biscocho Chips"
2026-06-09,"Pork",849.17,g,"Production Batch Processing","Kibets (Crispy Chiton)"
2026-06-09,"Pork Skin",2001.24,g,"Production Batch Processing","Binayong Hipon"
2026-06-09,"Raw Bananas",2515.85,g,"Production Batch Processing","Crispy Bucheron"
2026-06-09,"Salt",186.71,g,"Production Batch Processing","Salted Banana Chips"
2026-06-09,"Sea Salt",95.43,g,"Production Batch Processing","Creamy Peanut Butter"
2026-06-09,"Sesame Oil",67.2,ml,"Production Batch Processing","Crunchy Peanut Butter"
2026-06-09,"Small Shrimp",2283.15,g,"Production Batch Processing","Biscocho Chips"
2026-06-09,"Soy Sauce",161.89,ml,"Production Batch Processing","Kibets (Crispy Chiton)"
2026-06-09,"Spring Onion",119.79,g,"Production Batch Processing","Binayong Hipon"
2026-06-09,"Sugar",430.25,g,"Production Batch Processing","Crispy Bucheron"
2026-06-09,"Turmeric Powder",52.14,g,"Production Batch Processing","Salted Banana Chips"
2026-06-09,"Water",33.08,L,"Production Batch Processing","Creamy Peanut Butter"
2026-06-10,"Bell Pepper",117.94,g,"Production Batch Processing","Kibets (Crispy Chiton)"
2026-06-10,"Butter/Margarine",474.68,g,"Production Batch Processing","Binayong Hipon"
2026-06-10,"Cabbage",330.01,g,"Production Batch Processing","Crispy Bucheron"
2026-06-10,"Carrots",223.63,g,"Production Batch Processing","Salted Banana Chips"
2026-06-10,"Chicken",1027.78,g,"Production Batch Processing","Creamy Peanut Butter"
2026-06-10,"Chiton",1643.73,g,"Production Batch Processing","Crunchy Peanut Butter"
2026-06-10,"Cooking Oil",13.11,L,"Production Batch Processing","Biscocho Chips"
2026-06-10,"Garlic",199.63,g,"Production Batch Processing","Kibets (Crispy Chiton)"
2026-06-10,"Ground Pepper",50.39,g,"Production Batch Processing","Binayong Hipon"
2026-06-10,"Honey",360.62,ml,"Production Batch Processing","Crispy Bucheron"
2026-06-10,"Loaf Bread",6.03,pcs,"Production Batch Processing","Salted Banana Chips"
2026-06-10,"Onion",260.57,g,"Production Batch Processing","Creamy Peanut Butter"
2026-06-10,"Oyster Sauce",99.32,ml,"Production Batch Processing","Crunchy Peanut Butter"
2026-06-10,"Peanuts",2343.15,g,"Production Batch Processing","Biscocho Chips"
2026-06-10,"Pork",870.53,g,"Production Batch Processing","Kibets (Crispy Chiton)"
2026-06-10,"Pork Skin",1952.55,g,"Production Batch Processing","Binayong Hipon"
2026-06-10,"Raw Bananas",2528.83,g,"Production Batch Processing","Crispy Bucheron"
2026-06-10,"Salt",209.09,g,"Production Batch Processing","Salted Banana Chips"
2026-06-10,"Sea Salt",87.63,g,"Production Batch Processing","Creamy Peanut Butter"
2026-06-10,"Sesame Oil",65.24,ml,"Production Batch Processing","Crunchy Peanut Butter"
2026-06-10,"Small Shrimp",2551.72,g,"Production Batch Processing","Biscocho Chips"
2026-06-10,"Soy Sauce",162.2,ml,"Production Batch Processing","Kibets (Crispy Chiton)"
2026-06-10,"Spring Onion",121.24,g,"Production Batch Processing","Binayong Hipon"
2026-06-10,"Sugar",375.15,g,"Production Batch Processing","Crispy Bucheron"
2026-06-10,"Turmeric Powder",56.87,g,"Production Batch Processing","Salted Banana Chips"
2026-06-10,"Water",31.68,L,"Production Batch Processing","Creamy Peanut Butter"
2026-06-11,"Bell Pepper",113.79,g,"Production Batch Processing","Kibets (Crispy Chiton)"
2026-06-11,"Butter/Margarine",446.97,g,"Production Batch Processing","Binayong Hipon"
2026-06-11,"Cabbage",270.31,g,"Production Batch Processing","Crispy Bucheron"
2026-06-11,"Carrots",203.29,g,"Production Batch Processing","Salted Banana Chips"
2026-06-11,"Chicken",976.36,g,"Production Batch Processing","Creamy Peanut Butter"
2026-06-11,"Chiton",1609.88,g,"Production Batch Processing","Crunchy Peanut Butter"
2026-06-11,"Cooking Oil",11.73,L,"Production Batch Processing","Biscocho Chips"
2026-06-11,"Garlic",159.31,g,"Production Batch Processing","Kibets (Crispy Chiton)"
2026-06-11,"Ground Pepper",42.81,g,"Production Batch Processing","Binayong Hipon"
2026-06-11,"Honey",366.06,ml,"Production Batch Processing","Crispy Bucheron"
2026-06-11,"Loaf Bread",5.9,pcs,"Production Batch Processing","Salted Banana Chips"
2026-06-11,"Onion",294.79,g,"Production Batch Processing","Creamy Peanut Butter"
2026-06-11,"Oyster Sauce",101.59,ml,"Production Batch Processing","Crunchy Peanut Butter"
2026-06-11,"Peanuts",1913.48,g,"Production Batch Processing","Biscocho Chips"
2026-06-11,"Pork",837.29,g,"Production Batch Processing","Kibets (Crispy Chiton)"
2026-06-11,"Pork Skin",1773.92,g,"Production Batch Processing","Binayong Hipon"
2026-06-11,"Raw Bananas",2855.04,g,"Production Batch Processing","Crispy Bucheron"
2026-06-11,"Salt",173.3,g,"Production Batch Processing","Salted Banana Chips"
2026-06-11,"Sea Salt",94.42,g,"Production Batch Processing","Creamy Peanut Butter"
2026-06-11,"Sesame Oil",62.37,ml,"Production Batch Processing","Crunchy Peanut Butter"
2026-06-11,"Small Shrimp",2253.39,g,"Production Batch Processing","Biscocho Chips"
2026-06-11,"Soy Sauce",160.63,ml,"Production Batch Processing","Kibets (Crispy Chiton)"
2026-06-11,"Spring Onion",119.57,g,"Production Batch Processing","Binayong Hipon"
2026-06-11,"Sugar",385.22,g,"Production Batch Processing","Crispy Bucheron"
2026-06-11,"Turmeric Powder",53.05,g,"Production Batch Processing","Salted Banana Chips"
2026-06-11,"Water",36.46,L,"Production Batch Processing","Creamy Peanut Butter"
2026-06-12,"Bell Pepper",132.83,g,"Production Batch Processing","Kibets (Crispy Chiton)"
2026-06-12,"Butter/Margarine",452.46,g,"Production Batch Processing","Binayong Hipon"
2026-06-12,"Cabbage",323.29,g,"Production Batch Processing","Crispy Bucheron"
2026-06-12,"Carrots",197.49,g,"Production Batch Processing","Salted Banana Chips"
2026-06-12,"Chicken",1057.79,g,"Production Batch Processing","Creamy Peanut Butter"
2026-06-12,"Chiton",1571.93,g,"Production Batch Processing","Crunchy Peanut Butter"
2026-06-12,"Cooking Oil",13.27,L,"Production Batch Processing","Biscocho Chips"
2026-06-12,"Garlic",179.16,g,"Production Batch Processing","Kibets (Crispy Chiton)"
2026-06-12,"Ground Pepper",40.74,g,"Production Batch Processing","Binayong Hipon"
2026-06-12,"Honey",364.63,ml,"Production Batch Processing","Crispy Bucheron"
2026-06-12,"Loaf Bread",5.86,pcs,"Production Batch Processing","Salted Banana Chips"
2026-06-12,"Onion",272.47,g,"Production Batch Processing","Creamy Peanut Butter"
2026-06-12,"Oyster Sauce",113.49,ml,"Production Batch Processing","Crunchy Peanut Butter"
2026-06-12,"Peanuts",2193.37,g,"Production Batch Processing","Biscocho Chips"
2026-06-12,"Pork",1016.94,g,"Production Batch Processing","Kibets (Crispy Chiton)"
2026-06-12,"Pork Skin",1817.47,g,"Production Batch Processing","Binayong Hipon"
2026-06-12,"Raw Bananas",2731.88,g,"Production Batch Processing","Crispy Bucheron"
2026-06-12,"Salt",192.73,g,"Production Batch Processing","Salted Banana Chips"
2026-06-12,"Sea Salt",97.63,g,"Production Batch Processing","Creamy Peanut Butter"
2026-06-12,"Sesame Oil",65.18,ml,"Production Batch Processing","Crunchy Peanut Butter"
2026-06-12,"Small Shrimp",2677.22,g,"Production Batch Processing","Biscocho Chips"
2026-06-12,"Soy Sauce",168.26,ml,"Production Batch Processing","Kibets (Crispy Chiton)"
2026-06-12,"Spring Onion",101.63,g,"Production Batch Processing","Binayong Hipon"
2026-06-12,"Sugar",430.8,g,"Production Batch Processing","Crispy Bucheron"
2026-06-12,"Turmeric Powder",55.62,g,"Production Batch Processing","Salted Banana Chips"
2026-06-12,"Water",37.72,L,"Production Batch Processing","Creamy Peanut Butter"
2026-06-13,"Bell Pepper",148.23,g,"Production Batch Processing","Kibets (Crispy Chiton)"
2026-06-13,"Butter/Margarine",632.19,g,"Production Batch Processing","Binayong Hipon"
2026-06-13,"Cabbage",386.37,g,"Production Batch Processing","Crispy Bucheron"
2026-06-13,"Carrots",313.46,g,"Production Batch Processing","Salted Banana Chips"
2026-06-13,"Chicken",1283.84,g,"Production Batch Processing","Creamy Peanut Butter"
2026-06-13,"Chiton",2090.47,g,"Production Batch Processing","Crunchy Peanut Butter"
2026-06-13,"Cooking Oil",15.74,L,"Production Batch Processing","Biscocho Chips"
2026-06-13,"Garlic",224.6,g,"Production Batch Processing","Kibets (Crispy Chiton)"
2026-06-13,"Ground Pepper",58.82,g,"Production Batch Processing","Binayong Hipon"
2026-06-13,"Honey",432.29,ml,"Production Batch Processing","Crispy Bucheron"
2026-06-13,"Loaf Bread",7.73,pcs,"Production Batch Processing","Salted Banana Chips"
2026-06-13,"Onion",348.08,g,"Production Batch Processing","Creamy Peanut Butter"
2026-06-13,"Oyster Sauce",134.03,ml,"Production Batch Processing","Crunchy Peanut Butter"
2026-06-13,"Peanuts",3112.64,g,"Production Batch Processing","Biscocho Chips"
2026-06-13,"Pork",1316.35,g,"Production Batch Processing","Kibets (Crispy Chiton)"
2026-06-13,"Pork Skin",2404.61,g,"Production Batch Processing","Binayong Hipon"
2026-06-13,"Raw Bananas",3927.6,g,"Production Batch Processing","Crispy Bucheron"
2026-06-13,"Salt",253.22,g,"Production Batch Processing","Salted Banana Chips"
2026-06-13,"Sea Salt",119.33,g,"Production Batch Processing","Creamy Peanut Butter"
2026-06-13,"Sesame Oil",97.75,ml,"Production Batch Processing","Crunchy Peanut Butter"
2026-06-13,"Small Shrimp",3138.38,g,"Production Batch Processing","Biscocho Chips"
2026-06-13,"Soy Sauce",234.6,ml,"Production Batch Processing","Kibets (Crispy Chiton)"
2026-06-13,"Spring Onion",152.71,g,"Production Batch Processing","Binayong Hipon"
2026-06-13,"Sugar",564.72,g,"Production Batch Processing","Crispy Bucheron"
2026-06-13,"Turmeric Powder",77.07,g,"Production Batch Processing","Salted Banana Chips"
2026-06-13,"Water",47.43,L,"Production Batch Processing","Creamy Peanut Butter"
2026-06-14,"Bell Pepper",178.46,g,"Production Batch Processing","Kibets (Crispy Chiton)"
2026-06-14,"Butter/Margarine",589.8,g,"Production Batch Processing","Binayong Hipon"
2026-06-14,"Cabbage",430.41,g,"Production Batch Processing","Crispy Bucheron"
2026-06-14,"Carrots",280.3,g,"Production Batch Processing","Salted Banana Chips"
2026-06-14,"Chicken",1281.44,g,"Production Batch Processing","Creamy Peanut Butter"
2026-06-14,"Chiton",2105.93,g,"Production Batch Processing","Crunchy Peanut Butter"
2026-06-14,"Cooking Oil",15.8,L,"Production Batch Processing","Biscocho Chips"
2026-06-14,"Garlic",222.29,g,"Production Batch Processing","Kibets (Crispy Chiton)"
2026-06-14,"Ground Pepper",57.91,g,"Production Batch Processing","Binayong Hipon"
2026-06-14,"Honey",472.46,ml,"Production Batch Processing","Crispy Bucheron"
2026-06-14,"Loaf Bread",7.5,pcs,"Production Batch Processing","Salted Banana Chips"
2026-06-14,"Onion",351.42,g,"Production Batch Processing","Creamy Peanut Butter"
2026-06-14,"Oyster Sauce",150.8,ml,"Production Batch Processing","Crunchy Peanut Butter"
2026-06-14,"Peanuts",3028,g,"Production Batch Processing","Biscocho Chips"
2026-06-14,"Pork",1266.7,g,"Production Batch Processing","Kibets (Crispy Chiton)"
2026-06-14,"Pork Skin",2465.05,g,"Production Batch Processing","Binayong Hipon"
2026-06-14,"Raw Bananas",3655.68,g,"Production Batch Processing","Crispy Bucheron"
2026-06-14,"Salt",243.71,g,"Production Batch Processing","Salted Banana Chips"
2026-06-14,"Sea Salt",140.14,g,"Production Batch Processing","Creamy Peanut Butter"
2026-06-14,"Sesame Oil",88.22,ml,"Production Batch Processing","Crunchy Peanut Butter"
2026-06-14,"Small Shrimp",3575.02,g,"Production Batch Processing","Biscocho Chips"
2026-06-14,"Soy Sauce",223.78,ml,"Production Batch Processing","Kibets (Crispy Chiton)"
2026-06-14,"Spring Onion",166.08,g,"Production Batch Processing","Binayong Hipon"
2026-06-14,"Sugar",600.69,g,"Production Batch Processing","Crispy Bucheron"
2026-06-14,"Turmeric Powder",66.87,g,"Production Batch Processing","Salted Banana Chips"
2026-06-14,"Water",45.92,L,"Production Batch Processing","Creamy Peanut Butter"
2026-06-15,"Bell Pepper",114.65,g,"Production Batch Processing","Kibets (Crispy Chiton)"
2026-06-15,"Butter/Margarine",449.8,g,"Production Batch Processing","Binayong Hipon"
2026-06-15,"Cabbage",299.39,g,"Production Batch Processing","Crispy Bucheron"
2026-06-15,"Carrots",241.76,g,"Production Batch Processing","Salted Banana Chips"
2026-06-15,"Chicken",863.82,g,"Production Batch Processing","Creamy Peanut Butter"
2026-06-15,"Chiton",1764.71,g,"Production Batch Processing","Crunchy Peanut Butter"
2026-06-15,"Cooking Oil",11.61,L,"Production Batch Processing","Biscocho Chips"
2026-06-15,"Garlic",169.34,g,"Production Batch Processing","Kibets (Crispy Chiton)"
2026-06-15,"Ground Pepper",42.56,g,"Production Batch Processing","Binayong Hipon"
2026-06-15,"Honey",381.58,ml,"Production Batch Processing","Crispy Bucheron"
2026-06-15,"Loaf Bread",5.94,pcs,"Production Batch Processing","Salted Banana Chips"
2026-06-15,"Onion",302.62,g,"Production Batch Processing","Creamy Peanut Butter"
2026-06-15,"Oyster Sauce",107.99,ml,"Production Batch Processing","Crunchy Peanut Butter"
2026-06-15,"Peanuts",1862.84,g,"Production Batch Processing","Biscocho Chips"
2026-06-15,"Pork",1009.75,g,"Production Batch Processing","Kibets (Crispy Chiton)"
2026-06-15,"Pork Skin",1610.65,g,"Production Batch Processing","Binayong Hipon"
2026-06-15,"Raw Bananas",2348.08,g,"Production Batch Processing","Crispy Bucheron"
2026-06-15,"Salt",168.93,g,"Production Batch Processing","Salted Banana Chips"
2026-06-15,"Sea Salt",101.66,g,"Production Batch Processing","Creamy Peanut Butter"
2026-06-15,"Sesame Oil",72.25,ml,"Production Batch Processing","Crunchy Peanut Butter"
2026-06-15,"Small Shrimp",2495.92,g,"Production Batch Processing","Biscocho Chips"
2026-06-15,"Soy Sauce",178.29,ml,"Production Batch Processing","Kibets (Crispy Chiton)"
2026-06-15,"Spring Onion",115.97,g,"Production Batch Processing","Binayong Hipon"
2026-06-15,"Sugar",439.45,g,"Production Batch Processing","Crispy Bucheron"
2026-06-15,"Turmeric Powder",61.32,g,"Production Batch Processing","Salted Banana Chips"
2026-06-15,"Water",33.85,L,"Production Batch Processing","Creamy Peanut Butter"
2026-06-16,"Bell Pepper",116.92,g,"Production Batch Processing","Kibets (Crispy Chiton)"
2026-06-16,"Butter/Margarine",503.37,g,"Production Batch Processing","Binayong Hipon"
2026-06-16,"Cabbage",328.25,g,"Production Batch Processing","Crispy Bucheron"
2026-06-16,"Carrots",203.31,g,"Production Batch Processing","Salted Banana Chips"
2026-06-16,"Chicken",1025.79,g,"Production Batch Processing","Creamy Peanut Butter"
2026-06-16,"Chiton",1668.97,g,"Production Batch Processing","Crunchy Peanut Butter"
2026-06-16,"Cooking Oil",12.73,L,"Production Batch Processing","Biscocho Chips"
2026-06-16,"Garlic",175.84,g,"Production Batch Processing","Kibets (Crispy Chiton)"
2026-06-16,"Ground Pepper",48.15,g,"Production Batch Processing","Binayong Hipon"
2026-06-16,"Honey",336.5,ml,"Production Batch Processing","Crispy Bucheron"
2026-06-16,"Loaf Bread",5.85,pcs,"Production Batch Processing","Salted Banana Chips"
2026-06-16,"Onion",308.63,g,"Production Batch Processing","Creamy Peanut Butter"
2026-06-16,"Oyster Sauce",102.5,ml,"Production Batch Processing","Crunchy Peanut Butter"
2026-06-16,"Peanuts",2188.04,g,"Production Batch Processing","Biscocho Chips"
2026-06-16,"Pork",912.73,g,"Production Batch Processing","Kibets (Crispy Chiton)"
2026-06-16,"Pork Skin",1797.14,g,"Production Batch Processing","Binayong Hipon"
2026-06-16,"Raw Bananas",2816.16,g,"Production Batch Processing","Crispy Bucheron"
2026-06-16,"Salt",182.59,g,"Production Batch Processing","Salted Banana Chips"
2026-06-16,"Sea Salt",86.98,g,"Production Batch Processing","Creamy Peanut Butter"
2026-06-16,"Sesame Oil",59.05,ml,"Production Batch Processing","Crunchy Peanut Butter"
2026-06-16,"Small Shrimp",2407.49,g,"Production Batch Processing","Biscocho Chips"
2026-06-16,"Soy Sauce",164.1,ml,"Production Batch Processing","Kibets (Crispy Chiton)"
2026-06-16,"Spring Onion",117.11,g,"Production Batch Processing","Binayong Hipon"
2026-06-16,"Sugar",437.66,g,"Production Batch Processing","Crispy Bucheron"
2026-06-16,"Turmeric Powder",60.43,g,"Production Batch Processing","Salted Banana Chips"
2026-06-16,"Water",35.86,L,"Production Batch Processing","Creamy Peanut Butter"
2026-06-17,"Bell Pepper",129.67,g,"Production Batch Processing","Kibets (Crispy Chiton)"
2026-06-17,"Butter/Margarine",400.57,g,"Production Batch Processing","Binayong Hipon"
2026-06-17,"Cabbage",273.66,g,"Production Batch Processing","Crispy Bucheron"
2026-06-17,"Carrots",236.37,g,"Production Batch Processing","Salted Banana Chips"
2026-06-17,"Chicken",1032.26,g,"Production Batch Processing","Creamy Peanut Butter"
2026-06-17,"Chiton",1793.81,g,"Production Batch Processing","Crunchy Peanut Butter"
2026-06-17,"Cooking Oil",12.89,L,"Production Batch Processing","Biscocho Chips"
2026-06-17,"Garlic",176.55,g,"Production Batch Processing","Kibets (Crispy Chiton)"
2026-06-17,"Ground Pepper",39.94,g,"Production Batch Processing","Binayong Hipon"
2026-06-17,"Honey",353.98,ml,"Production Batch Processing","Crispy Bucheron"
2026-06-17,"Loaf Bread",5.47,pcs,"Production Batch Processing","Salted Banana Chips"
2026-06-17,"Onion",271.39,g,"Production Batch Processing","Creamy Peanut Butter"
2026-06-17,"Oyster Sauce",120.62,ml,"Production Batch Processing","Crunchy Peanut Butter"
2026-06-17,"Peanuts",2182.51,g,"Production Batch Processing","Biscocho Chips"
2026-06-17,"Pork",1019.77,g,"Production Batch Processing","Kibets (Crispy Chiton)"
2026-06-17,"Pork Skin",1806.56,g,"Production Batch Processing","Binayong Hipon"
2026-06-17,"Raw Bananas",2565.53,g,"Production Batch Processing","Crispy Bucheron"
2026-06-17,"Salt",204.28,g,"Production Batch Processing","Salted Banana Chips"
2026-06-17,"Sea Salt",84.35,g,"Production Batch Processing","Creamy Peanut Butter"
2026-06-17,"Sesame Oil",57.31,ml,"Production Batch Processing","Crunchy Peanut Butter"
2026-06-17,"Small Shrimp",2517.75,g,"Production Batch Processing","Biscocho Chips"
2026-06-17,"Soy Sauce",152.39,ml,"Production Batch Processing","Kibets (Crispy Chiton)"
2026-06-17,"Spring Onion",99.38,g,"Production Batch Processing","Binayong Hipon"
2026-06-17,"Sugar",412.96,g,"Production Batch Processing","Crispy Bucheron"
2026-06-17,"Turmeric Powder",49.04,g,"Production Batch Processing","Salted Banana Chips"
2026-06-17,"Water",36.77,L,"Production Batch Processing","Creamy Peanut Butter"
2026-06-18,"Bell Pepper",132.41,g,"Production Batch Processing","Kibets (Crispy Chiton)"
2026-06-18,"Butter/Margarine",445.45,g,"Production Batch Processing","Binayong Hipon"
2026-06-18,"Cabbage",280.48,g,"Production Batch Processing","Crispy Bucheron"
2026-06-18,"Carrots",240.52,g,"Production Batch Processing","Salted Banana Chips"
2026-06-18,"Chicken",1014.74,g,"Production Batch Processing","Creamy Peanut Butter"
2026-06-18,"Chiton",1820.62,g,"Production Batch Processing","Crunchy Peanut Butter"
2026-06-18,"Cooking Oil",13.15,L,"Production Batch Processing","Biscocho Chips"
2026-06-18,"Garlic",200.78,g,"Production Batch Processing","Kibets (Crispy Chiton)"
2026-06-18,"Ground Pepper",46.98,g,"Production Batch Processing","Binayong Hipon"
2026-06-18,"Honey",347.7,ml,"Production Batch Processing","Crispy Bucheron"
2026-06-18,"Loaf Bread",6.11,pcs,"Production Batch Processing","Salted Banana Chips"
2026-06-18,"Onion",278.1,g,"Production Batch Processing","Creamy Peanut Butter"
2026-06-18,"Oyster Sauce",121.16,ml,"Production Batch Processing","Crunchy Peanut Butter"
2026-06-18,"Peanuts",1986.93,g,"Production Batch Processing","Biscocho Chips"
2026-06-18,"Pork",830.64,g,"Production Batch Processing","Kibets (Crispy Chiton)"
2026-06-18,"Pork Skin",1692.14,g,"Production Batch Processing","Binayong Hipon"
2026-06-18,"Raw Bananas",2611.13,g,"Production Batch Processing","Crispy Bucheron"
2026-06-18,"Salt",172.48,g,"Production Batch Processing","Salted Banana Chips"
2026-06-18,"Sea Salt",104.57,g,"Production Batch Processing","Creamy Peanut Butter"
2026-06-18,"Sesame Oil",70.68,ml,"Production Batch Processing","Crunchy Peanut Butter"
2026-06-18,"Small Shrimp",2273.38,g,"Production Batch Processing","Biscocho Chips"
2026-06-18,"Soy Sauce",154.83,ml,"Production Batch Processing","Kibets (Crispy Chiton)"
2026-06-18,"Spring Onion",111.57,g,"Production Batch Processing","Binayong Hipon"
2026-06-18,"Sugar",393.11,g,"Production Batch Processing","Crispy Bucheron"
2026-06-18,"Turmeric Powder",58.7,g,"Production Batch Processing","Salted Banana Chips"
2026-06-18,"Water",35.13,L,"Production Batch Processing","Creamy Peanut Butter"
2026-06-19,"Bell Pepper",123.92,g,"Production Batch Processing","Kibets (Crispy Chiton)"
2026-06-19,"Butter/Margarine",396.92,g,"Production Batch Processing","Binayong Hipon"
2026-06-19,"Cabbage",317.55,g,"Production Batch Processing","Crispy Bucheron"
2026-06-19,"Carrots",243.25,g,"Production Batch Processing","Salted Banana Chips"
2026-06-19,"Chicken",937.67,g,"Production Batch Processing","Creamy Peanut Butter"
2026-06-19,"Chiton",1462.15,g,"Production Batch Processing","Crunchy Peanut Butter"
2026-06-19,"Cooking Oil",11.12,L,"Production Batch Processing","Biscocho Chips"
2026-06-19,"Garlic",175.39,g,"Production Batch Processing","Kibets (Crispy Chiton)"
2026-06-19,"Ground Pepper",41.42,g,"Production Batch Processing","Binayong Hipon"
2026-06-19,"Honey",371.73,ml,"Production Batch Processing","Crispy Bucheron"
2026-06-19,"Loaf Bread",6.24,pcs,"Production Batch Processing","Salted Banana Chips"
2026-06-19,"Onion",266.58,g,"Production Batch Processing","Creamy Peanut Butter"
2026-06-19,"Oyster Sauce",107.21,ml,"Production Batch Processing","Crunchy Peanut Butter"
2026-06-19,"Peanuts",2198.42,g,"Production Batch Processing","Biscocho Chips"
2026-06-19,"Pork",1025.39,g,"Production Batch Processing","Kibets (Crispy Chiton)"
2026-06-19,"Pork Skin",1652.45,g,"Production Batch Processing","Binayong Hipon"
2026-06-19,"Raw Bananas",2343.76,g,"Production Batch Processing","Crispy Bucheron"
2026-06-19,"Salt",170.95,g,"Production Batch Processing","Salted Banana Chips"
2026-06-19,"Sea Salt",89.02,g,"Production Batch Processing","Creamy Peanut Butter"
2026-06-19,"Sesame Oil",67.42,ml,"Production Batch Processing","Crunchy Peanut Butter"
2026-06-19,"Small Shrimp",2677.3,g,"Production Batch Processing","Biscocho Chips"
2026-06-19,"Soy Sauce",147.65,ml,"Production Batch Processing","Kibets (Crispy Chiton)"
2026-06-19,"Spring Onion",119.74,g,"Production Batch Processing","Binayong Hipon"
2026-06-19,"Sugar",369.68,g,"Production Batch Processing","Crispy Bucheron"
2026-06-19,"Turmeric Powder",60.62,g,"Production Batch Processing","Salted Banana Chips"
2026-06-19,"Water",38.16,L,"Production Batch Processing","Creamy Peanut Butter"
2026-06-20,"Bell Pepper",152.81,g,"Production Batch Processing","Kibets (Crispy Chiton)"
2026-06-20,"Butter/Margarine",652.08,g,"Production Batch Processing","Binayong Hipon"
2026-06-20,"Cabbage",412.97,g,"Production Batch Processing","Crispy Bucheron"
2026-06-20,"Carrots",282.33,g,"Production Batch Processing","Salted Banana Chips"
2026-06-20,"Chicken",1278.19,g,"Production Batch Processing","Creamy Peanut Butter"
2026-06-20,"Chiton",2311.8,g,"Production Batch Processing","Crunchy Peanut Butter"
2026-06-20,"Cooking Oil",15.5,L,"Production Batch Processing","Biscocho Chips"
2026-06-20,"Garlic",251.58,g,"Production Batch Processing","Kibets (Crispy Chiton)"
2026-06-20,"Ground Pepper",63.6,g,"Production Batch Processing","Binayong Hipon"
2026-06-20,"Honey",437.38,ml,"Production Batch Processing","Crispy Bucheron"
2026-06-20,"Loaf Bread",7.72,pcs,"Production Batch Processing","Salted Banana Chips"
2026-06-20,"Onion",342.9,g,"Production Batch Processing","Creamy Peanut Butter"
2026-06-20,"Oyster Sauce",143.93,ml,"Production Batch Processing","Crunchy Peanut Butter"
2026-06-20,"Peanuts",2966.45,g,"Production Batch Processing","Biscocho Chips"
2026-06-20,"Pork",1354.91,g,"Production Batch Processing","Kibets (Crispy Chiton)"
2026-06-20,"Pork Skin",2583.3,g,"Production Batch Processing","Binayong Hipon"
2026-06-20,"Raw Bananas",3387.25,g,"Production Batch Processing","Crispy Bucheron"
2026-06-20,"Salt",287.25,g,"Production Batch Processing","Salted Banana Chips"
2026-06-20,"Sea Salt",141.53,g,"Production Batch Processing","Creamy Peanut Butter"
2026-06-20,"Sesame Oil",78.54,ml,"Production Batch Processing","Crunchy Peanut Butter"
2026-06-20,"Small Shrimp",2887.09,g,"Production Batch Processing","Biscocho Chips"
2026-06-20,"Soy Sauce",212.1,ml,"Production Batch Processing","Kibets (Crispy Chiton)"
2026-06-20,"Spring Onion",134.82,g,"Production Batch Processing","Binayong Hipon"
2026-06-20,"Sugar",579.51,g,"Production Batch Processing","Crispy Bucheron"
2026-06-20,"Turmeric Powder",70.29,g,"Production Batch Processing","Salted Banana Chips"
2026-06-20,"Water",45.91,L,"Production Batch Processing","Creamy Peanut Butter"
2026-06-21,"Bell Pepper",169.23,g,"Production Batch Processing","Kibets (Crispy Chiton)"
2026-06-21,"Butter/Margarine",575.51,g,"Production Batch Processing","Binayong Hipon"
2026-06-21,"Cabbage",418.47,g,"Production Batch Processing","Crispy Bucheron"
2026-06-21,"Carrots",268.49,g,"Production Batch Processing","Salted Banana Chips"
2026-06-21,"Chicken",1298.03,g,"Production Batch Processing","Creamy Peanut Butter"
2026-06-21,"Chiton",2138.77,g,"Production Batch Processing","Crunchy Peanut Butter"
2026-06-21,"Cooking Oil",16.95,L,"Production Batch Processing","Biscocho Chips"
2026-06-21,"Garlic",265.33,g,"Production Batch Processing","Kibets (Crispy Chiton)"
2026-06-21,"Ground Pepper",54,g,"Production Batch Processing","Binayong Hipon"
2026-06-21,"Honey",473.11,ml,"Production Batch Processing","Crispy Bucheron"
2026-06-21,"Loaf Bread",8.87,pcs,"Production Batch Processing","Salted Banana Chips"
2026-06-21,"Onion",406.02,g,"Production Batch Processing","Creamy Peanut Butter"
2026-06-21,"Oyster Sauce",133.25,ml,"Production Batch Processing","Crunchy Peanut Butter"
2026-06-21,"Peanuts",3078.47,g,"Production Batch Processing","Biscocho Chips"
2026-06-21,"Pork",1241.12,g,"Production Batch Processing","Kibets (Crispy Chiton)"
2026-06-21,"Pork Skin",2528.66,g,"Production Batch Processing","Binayong Hipon"
2026-06-21,"Raw Bananas",3563.56,g,"Production Batch Processing","Crispy Bucheron"
2026-06-21,"Salt",262.96,g,"Production Batch Processing","Salted Banana Chips"
2026-06-21,"Sea Salt",123.92,g,"Production Batch Processing","Creamy Peanut Butter"
2026-06-21,"Sesame Oil",77.5,ml,"Production Batch Processing","Crunchy Peanut Butter"
2026-06-21,"Small Shrimp",2924.06,g,"Production Batch Processing","Biscocho Chips"
2026-06-21,"Soy Sauce",220.45,ml,"Production Batch Processing","Kibets (Crispy Chiton)"
2026-06-21,"Spring Onion",141.1,g,"Production Batch Processing","Binayong Hipon"
2026-06-21,"Sugar",502.17,g,"Production Batch Processing","Crispy Bucheron"
2026-06-21,"Turmeric Powder",66.19,g,"Production Batch Processing","Salted Banana Chips"
2026-06-21,"Water",49.98,L,"Production Batch Processing","Creamy Peanut Butter"
2026-06-22,"Bell Pepper",130.56,g,"Production Batch Processing","Kibets (Crispy Chiton)"
2026-06-22,"Butter/Margarine",465.23,g,"Production Batch Processing","Binayong Hipon"
2026-06-22,"Cabbage",299.08,g,"Production Batch Processing","Crispy Bucheron"
2026-06-22,"Carrots",213.42,g,"Production Batch Processing","Salted Banana Chips"
2026-06-22,"Chicken",988.23,g,"Production Batch Processing","Creamy Peanut Butter"
2026-06-22,"Chiton",1721.57,g,"Production Batch Processing","Crunchy Peanut Butter"
2026-06-22,"Cooking Oil",11.12,L,"Production Batch Processing","Biscocho Chips"
2026-06-22,"Garlic",189.57,g,"Production Batch Processing","Kibets (Crispy Chiton)"
2026-06-22,"Ground Pepper",42.16,g,"Production Batch Processing","Binayong Hipon"
2026-06-22,"Honey",310.67,ml,"Production Batch Processing","Crispy Bucheron"
2026-06-22,"Loaf Bread",6.37,pcs,"Production Batch Processing","Salted Banana Chips"
2026-06-22,"Onion",280.08,g,"Production Batch Processing","Creamy Peanut Butter"
2026-06-22,"Oyster Sauce",97.35,ml,"Production Batch Processing","Crunchy Peanut Butter"
2026-06-22,"Peanuts",2068.18,g,"Production Batch Processing","Biscocho Chips"
2026-06-22,"Pork",1007.39,g,"Production Batch Processing","Kibets (Crispy Chiton)"
2026-06-22,"Pork Skin",1714.86,g,"Production Batch Processing","Binayong Hipon"
2026-06-22,"Raw Bananas",2774.31,g,"Production Batch Processing","Crispy Bucheron"
2026-06-22,"Salt",192.36,g,"Production Batch Processing","Salted Banana Chips"
2026-06-22,"Sea Salt",106.4,g,"Production Batch Processing","Creamy Peanut Butter"
2026-06-22,"Sesame Oil",69.18,ml,"Production Batch Processing","Crunchy Peanut Butter"
2026-06-22,"Small Shrimp",2413.11,g,"Production Batch Processing","Biscocho Chips"
2026-06-22,"Soy Sauce",158.18,ml,"Production Batch Processing","Kibets (Crispy Chiton)"
2026-06-22,"Spring Onion",120.07,g,"Production Batch Processing","Binayong Hipon"
2026-06-22,"Sugar",399.84,g,"Production Batch Processing","Crispy Bucheron"
2026-06-22,"Turmeric Powder",52.8,g,"Production Batch Processing","Salted Banana Chips"
2026-06-22,"Water",38.78,L,"Production Batch Processing","Creamy Peanut Butter"
2026-06-23,"Bell Pepper",124.42,g,"Production Batch Processing","Kibets (Crispy Chiton)"
2026-06-23,"Butter/Margarine",434.05,g,"Production Batch Processing","Binayong Hipon"
2026-06-23,"Cabbage",316.62,g,"Production Batch Processing","Crispy Bucheron"
2026-06-23,"Carrots",206.66,g,"Production Batch Processing","Salted Banana Chips"
2026-06-23,"Chicken",906.64,g,"Production Batch Processing","Creamy Peanut Butter"
2026-06-23,"Chiton",1678.79,g,"Production Batch Processing","Crunchy Peanut Butter"
2026-06-23,"Cooking Oil",11.1,L,"Production Batch Processing","Biscocho Chips"
2026-06-23,"Garlic",183.66,g,"Production Batch Processing","Kibets (Crispy Chiton)"
2026-06-23,"Ground Pepper",41.78,g,"Production Batch Processing","Binayong Hipon"
2026-06-23,"Honey",344.89,ml,"Production Batch Processing","Crispy Bucheron"
2026-06-23,"Loaf Bread",5.55,pcs,"Production Batch Processing","Salted Banana Chips"
2026-06-23,"Onion",282.62,g,"Production Batch Processing","Creamy Peanut Butter"
2026-06-23,"Oyster Sauce",97.98,ml,"Production Batch Processing","Crunchy Peanut Butter"
2026-06-23,"Peanuts",2043.36,g,"Production Batch Processing","Biscocho Chips"
2026-06-23,"Pork",859.45,g,"Production Batch Processing","Kibets (Crispy Chiton)"
2026-06-23,"Pork Skin",1832.39,g,"Production Batch Processing","Binayong Hipon"
2026-06-23,"Raw Bananas",2312.89,g,"Production Batch Processing","Crispy Bucheron"
2026-06-23,"Salt",208.41,g,"Production Batch Processing","Salted Banana Chips"
2026-06-23,"Sea Salt",99.24,g,"Production Batch Processing","Creamy Peanut Butter"
2026-06-23,"Sesame Oil",69.12,ml,"Production Batch Processing","Crunchy Peanut Butter"
2026-06-23,"Small Shrimp",2174.28,g,"Production Batch Processing","Biscocho Chips"
2026-06-23,"Soy Sauce",176.05,ml,"Production Batch Processing","Kibets (Crispy Chiton)"
2026-06-23,"Spring Onion",104.17,g,"Production Batch Processing","Binayong Hipon"
2026-06-23,"Sugar",463.02,g,"Production Batch Processing","Crispy Bucheron"
2026-06-23,"Turmeric Powder",55.84,g,"Production Batch Processing","Salted Banana Chips"
2026-06-23,"Water",35.82,L,"Production Batch Processing","Creamy Peanut Butter"
2026-06-24,"Bell Pepper",131.78,g,"Production Batch Processing","Kibets (Crispy Chiton)"
2026-06-24,"Butter/Margarine",468.87,g,"Production Batch Processing","Binayong Hipon"
2026-06-24,"Cabbage",289.92,g,"Production Batch Processing","Crispy Bucheron"
2026-06-24,"Carrots",206.5,g,"Production Batch Processing","Salted Banana Chips"
2026-06-24,"Chicken",843.92,g,"Production Batch Processing","Creamy Peanut Butter"
2026-06-24,"Chiton",1724.72,g,"Production Batch Processing","Crunchy Peanut Butter"
2026-06-24,"Cooking Oil",12.99,L,"Production Batch Processing","Biscocho Chips"
2026-06-24,"Garlic",174.87,g,"Production Batch Processing","Kibets (Crispy Chiton)"
2026-06-24,"Ground Pepper",40.71,g,"Production Batch Processing","Binayong Hipon"
2026-06-24,"Honey",359.24,ml,"Production Batch Processing","Crispy Bucheron"
2026-06-24,"Loaf Bread",5.85,pcs,"Production Batch Processing","Salted Banana Chips"
2026-06-24,"Onion",309.22,g,"Production Batch Processing","Creamy Peanut Butter"
2026-06-24,"Oyster Sauce",97.91,ml,"Production Batch Processing","Crunchy Peanut Butter"
2026-06-24,"Peanuts",2138.39,g,"Production Batch Processing","Biscocho Chips"
2026-06-24,"Pork",918.43,g,"Production Batch Processing","Kibets (Crispy Chiton)"
2026-06-24,"Pork Skin",1724.63,g,"Production Batch Processing","Binayong Hipon"
2026-06-24,"Raw Bananas",2793.66,g,"Production Batch Processing","Crispy Bucheron"
2026-06-24,"Salt",189.83,g,"Production Batch Processing","Salted Banana Chips"
2026-06-24,"Sea Salt",86.42,g,"Production Batch Processing","Creamy Peanut Butter"
2026-06-24,"Sesame Oil",64.43,ml,"Production Batch Processing","Crunchy Peanut Butter"
2026-06-24,"Small Shrimp",2578.81,g,"Production Batch Processing","Biscocho Chips"
2026-06-24,"Soy Sauce",175.57,ml,"Production Batch Processing","Kibets (Crispy Chiton)"
2026-06-24,"Spring Onion",109.36,g,"Production Batch Processing","Binayong Hipon"
2026-06-24,"Sugar",455.59,g,"Production Batch Processing","Crispy Bucheron"
2026-06-24,"Turmeric Powder",55.92,g,"Production Batch Processing","Salted Banana Chips"
2026-06-24,"Water",36.96,L,"Production Batch Processing","Creamy Peanut Butter"
2026-06-25,"Bell Pepper",107.17,g,"Production Batch Processing","Kibets (Crispy Chiton)"
2026-06-25,"Butter/Margarine",487.28,g,"Production Batch Processing","Binayong Hipon"
2026-06-25,"Cabbage",268.95,g,"Production Batch Processing","Crispy Bucheron"
2026-06-25,"Carrots",204.87,g,"Production Batch Processing","Salted Banana Chips"
2026-06-25,"Chicken",1032.26,g,"Production Batch Processing","Creamy Peanut Butter"
2026-06-25,"Chiton",1677.08,g,"Production Batch Processing","Crunchy Peanut Butter"
2026-06-25,"Cooking Oil",12.35,L,"Production Batch Processing","Biscocho Chips"
2026-06-25,"Garlic",197.51,g,"Production Batch Processing","Kibets (Crispy Chiton)"
2026-06-25,"Ground Pepper",46.56,g,"Production Batch Processing","Binayong Hipon"
2026-06-25,"Honey",314.32,ml,"Production Batch Processing","Crispy Bucheron"
2026-06-25,"Loaf Bread",6.63,pcs,"Production Batch Processing","Salted Banana Chips"
2026-06-25,"Onion",251.52,g,"Production Batch Processing","Creamy Peanut Butter"
2026-06-25,"Oyster Sauce",112.79,ml,"Production Batch Processing","Crunchy Peanut Butter"
2026-06-25,"Peanuts",2302.82,g,"Production Batch Processing","Biscocho Chips"
2026-06-25,"Pork",849.47,g,"Production Batch Processing","Kibets (Crispy Chiton)"
2026-06-25,"Pork Skin",1968.47,g,"Production Batch Processing","Binayong Hipon"
2026-06-25,"Raw Bananas",2436.99,g,"Production Batch Processing","Crispy Bucheron"
2026-06-25,"Salt",189.79,g,"Production Batch Processing","Salted Banana Chips"
2026-06-25,"Sea Salt",90.8,g,"Production Batch Processing","Creamy Peanut Butter"
2026-06-25,"Sesame Oil",64.4,ml,"Production Batch Processing","Crunchy Peanut Butter"
2026-06-25,"Small Shrimp",2638.47,g,"Production Batch Processing","Biscocho Chips"
2026-06-25,"Soy Sauce",148.8,ml,"Production Batch Processing","Kibets (Crispy Chiton)"
2026-06-25,"Spring Onion",114.26,g,"Production Batch Processing","Binayong Hipon"
2026-06-25,"Sugar",388.04,g,"Production Batch Processing","Crispy Bucheron"
2026-06-25,"Turmeric Powder",57.85,g,"Production Batch Processing","Salted Banana Chips"
2026-06-25,"Water",34.22,L,"Production Batch Processing","Creamy Peanut Butter"
2026-06-26,"Bell Pepper",120.33,g,"Production Batch Processing","Kibets (Crispy Chiton)"
2026-06-26,"Butter/Margarine",408.89,g,"Production Batch Processing","Binayong Hipon"
2026-06-26,"Cabbage",335.19,g,"Production Batch Processing","Crispy Bucheron"
2026-06-26,"Carrots",222.98,g,"Production Batch Processing","Salted Banana Chips"
2026-06-26,"Chicken",1056.2,g,"Production Batch Processing","Creamy Peanut Butter"
2026-06-26,"Chiton",1501.09,g,"Production Batch Processing","Crunchy Peanut Butter"
2026-06-26,"Cooking Oil",13.01,L,"Production Batch Processing","Biscocho Chips"
2026-06-26,"Garlic",165.3,g,"Production Batch Processing","Kibets (Crispy Chiton)"
2026-06-26,"Ground Pepper",44.97,g,"Production Batch Processing","Binayong Hipon"
2026-06-26,"Honey",348.06,ml,"Production Batch Processing","Crispy Bucheron"
2026-06-26,"Loaf Bread",6.62,pcs,"Production Batch Processing","Salted Banana Chips"
2026-06-26,"Onion",268.43,g,"Production Batch Processing","Creamy Peanut Butter"
2026-06-26,"Oyster Sauce",122.28,ml,"Production Batch Processing","Crunchy Peanut Butter"
2026-06-26,"Peanuts",2254.31,g,"Production Batch Processing","Biscocho Chips"
2026-06-26,"Pork",923.97,g,"Production Batch Processing","Kibets (Crispy Chiton)"
2026-06-26,"Pork Skin",1846.63,g,"Production Batch Processing","Binayong Hipon"
2026-06-26,"Raw Bananas",2582.16,g,"Production Batch Processing","Crispy Bucheron"
2026-06-26,"Salt",180.61,g,"Production Batch Processing","Salted Banana Chips"
2026-06-26,"Sea Salt",101.36,g,"Production Batch Processing","Creamy Peanut Butter"
2026-06-26,"Sesame Oil",57.36,ml,"Production Batch Processing","Crunchy Peanut Butter"
2026-06-26,"Small Shrimp",2327.53,g,"Production Batch Processing","Biscocho Chips"
2026-06-26,"Soy Sauce",177.23,ml,"Production Batch Processing","Kibets (Crispy Chiton)"
2026-06-26,"Spring Onion",106.34,g,"Production Batch Processing","Binayong Hipon"
2026-06-26,"Sugar",387.78,g,"Production Batch Processing","Crispy Bucheron"
2026-06-26,"Turmeric Powder",61.36,g,"Production Batch Processing","Salted Banana Chips"
2026-06-26,"Water",33.31,L,"Production Batch Processing","Creamy Peanut Butter"
2026-06-27,"Bell Pepper",179.86,g,"Production Batch Processing","Kibets (Crispy Chiton)"
2026-06-27,"Butter/Margarine",542.69,g,"Production Batch Processing","Binayong Hipon"
2026-06-27,"Cabbage",388.24,g,"Production Batch Processing","Crispy Bucheron"
2026-06-27,"Carrots",268.48,g,"Production Batch Processing","Salted Banana Chips"
2026-06-27,"Chicken",1180.48,g,"Production Batch Processing","Creamy Peanut Butter"
2026-06-27,"Chiton",2058.24,g,"Production Batch Processing","Crunchy Peanut Butter"
2026-06-27,"Cooking Oil",16.16,L,"Production Batch Processing","Biscocho Chips"
2026-06-27,"Garlic",268,g,"Production Batch Processing","Kibets (Crispy Chiton)"
2026-06-27,"Ground Pepper",67.75,g,"Production Batch Processing","Binayong Hipon"
2026-06-27,"Honey",446.26,ml,"Production Batch Processing","Crispy Bucheron"
2026-06-27,"Loaf Bread",7.76,pcs,"Production Batch Processing","Salted Banana Chips"
2026-06-27,"Onion",344.4,g,"Production Batch Processing","Creamy Peanut Butter"
2026-06-27,"Oyster Sauce",133.9,ml,"Production Batch Processing","Crunchy Peanut Butter"
2026-06-27,"Peanuts",2593.21,g,"Production Batch Processing","Biscocho Chips"
2026-06-27,"Pork",1345.16,g,"Production Batch Processing","Kibets (Crispy Chiton)"
2026-06-27,"Pork Skin",2586.41,g,"Production Batch Processing","Binayong Hipon"
2026-06-27,"Raw Bananas",3861.42,g,"Production Batch Processing","Crispy Bucheron"
2026-06-27,"Salt",259.1,g,"Production Batch Processing","Salted Banana Chips"
2026-06-27,"Sea Salt",122.69,g,"Production Batch Processing","Creamy Peanut Butter"
2026-06-27,"Sesame Oil",80.1,ml,"Production Batch Processing","Crunchy Peanut Butter"
2026-06-27,"Small Shrimp",3086.76,g,"Production Batch Processing","Biscocho Chips"
2026-06-27,"Soy Sauce",211.62,ml,"Production Batch Processing","Kibets (Crispy Chiton)"
2026-06-27,"Spring Onion",139.91,g,"Production Batch Processing","Binayong Hipon"
2026-06-27,"Sugar",516.01,g,"Production Batch Processing","Crispy Bucheron"
2026-06-27,"Turmeric Powder",65.8,g,"Production Batch Processing","Salted Banana Chips"
2026-06-27,"Water",52.28,L,"Production Batch Processing","Creamy Peanut Butter"
2026-06-28,"Bell Pepper",178.58,g,"Production Batch Processing","Kibets (Crispy Chiton)"
2026-06-28,"Butter/Margarine",575.49,g,"Production Batch Processing","Binayong Hipon"
2026-06-28,"Cabbage",447.75,g,"Production Batch Processing","Crispy Bucheron"
2026-06-28,"Carrots",301.34,g,"Production Batch Processing","Salted Banana Chips"
2026-06-28,"Chicken",1217.8,g,"Production Batch Processing","Creamy Peanut Butter"
2026-06-28,"Chiton",2186.91,g,"Production Batch Processing","Crunchy Peanut Butter"
2026-06-28,"Cooking Oil",18.77,L,"Production Batch Processing","Biscocho Chips"
2026-06-28,"Garlic",258.33,g,"Production Batch Processing","Kibets (Crispy Chiton)"
2026-06-28,"Ground Pepper",61.15,g,"Production Batch Processing","Binayong Hipon"
2026-06-28,"Honey",526.29,ml,"Production Batch Processing","Crispy Bucheron"
2026-06-28,"Loaf Bread",7.43,pcs,"Production Batch Processing","Salted Banana Chips"
2026-06-28,"Onion",373.7,g,"Production Batch Processing","Creamy Peanut Butter"
2026-06-28,"Oyster Sauce",157.48,ml,"Production Batch Processing","Crunchy Peanut Butter"
2026-06-28,"Peanuts",2917.25,g,"Production Batch Processing","Biscocho Chips"
2026-06-28,"Pork",1362.25,g,"Production Batch Processing","Kibets (Crispy Chiton)"
2026-06-28,"Pork Skin",2454.04,g,"Production Batch Processing","Binayong Hipon"
2026-06-28,"Raw Bananas",3326.97,g,"Production Batch Processing","Crispy Bucheron"
2026-06-28,"Salt",271.32,g,"Production Batch Processing","Salted Banana Chips"
2026-06-28,"Sea Salt",118.68,g,"Production Batch Processing","Creamy Peanut Butter"
2026-06-28,"Sesame Oil",97.22,ml,"Production Batch Processing","Crunchy Peanut Butter"
2026-06-28,"Small Shrimp",3486.67,g,"Production Batch Processing","Biscocho Chips"
2026-06-28,"Soy Sauce",236.72,ml,"Production Batch Processing","Kibets (Crispy Chiton)"
2026-06-28,"Spring Onion",152.22,g,"Production Batch Processing","Binayong Hipon"
2026-06-28,"Sugar",522.03,g,"Production Batch Processing","Crispy Bucheron"
2026-06-28,"Turmeric Powder",65.93,g,"Production Batch Processing","Salted Banana Chips"
2026-06-28,"Water",42.89,L,"Production Batch Processing","Creamy Peanut Butter"
2026-06-29,"Bell Pepper",119.09,g,"Production Batch Processing","Kibets (Crispy Chiton)"
2026-06-29,"Butter/Margarine",453.19,g,"Production Batch Processing","Binayong Hipon"
2026-06-29,"Cabbage",275.04,g,"Production Batch Processing","Crispy Bucheron"
2026-06-29,"Carrots",210.84,g,"Production Batch Processing","Salted Banana Chips"
2026-06-29,"Chicken",907.67,g,"Production Batch Processing","Creamy Peanut Butter"
2026-06-29,"Chiton",1719.88,g,"Production Batch Processing","Crunchy Peanut Butter"
2026-06-29,"Cooking Oil",13.46,L,"Production Batch Processing","Biscocho Chips"
2026-06-29,"Garlic",186.46,g,"Production Batch Processing","Kibets (Crispy Chiton)"
2026-06-29,"Ground Pepper",42.51,g,"Production Batch Processing","Binayong Hipon"
2026-06-29,"Honey",365.16,ml,"Production Batch Processing","Crispy Bucheron"
2026-06-29,"Loaf Bread",5.96,pcs,"Production Batch Processing","Salted Banana Chips"
2026-06-29,"Onion",247.19,g,"Production Batch Processing","Creamy Peanut Butter"
2026-06-29,"Oyster Sauce",119.44,ml,"Production Batch Processing","Crunchy Peanut Butter"
2026-06-29,"Peanuts",1988.01,g,"Production Batch Processing","Biscocho Chips"
2026-06-29,"Pork",1010.29,g,"Production Batch Processing","Kibets (Crispy Chiton)"
2026-06-29,"Pork Skin",1811.12,g,"Production Batch Processing","Binayong Hipon"
2026-06-29,"Raw Bananas",2303.27,g,"Production Batch Processing","Crispy Bucheron"
2026-06-29,"Salt",168.12,g,"Production Batch Processing","Salted Banana Chips"
2026-06-29,"Sea Salt",87.86,g,"Production Batch Processing","Creamy Peanut Butter"
2026-06-29,"Sesame Oil",63.2,ml,"Production Batch Processing","Crunchy Peanut Butter"
2026-06-29,"Small Shrimp",2254.26,g,"Production Batch Processing","Biscocho Chips"
2026-06-29,"Soy Sauce",147.98,ml,"Production Batch Processing","Kibets (Crispy Chiton)"
2026-06-29,"Spring Onion",119.86,g,"Production Batch Processing","Binayong Hipon"
2026-06-29,"Sugar",409.3,g,"Production Batch Processing","Crispy Bucheron"
2026-06-29,"Turmeric Powder",57.19,g,"Production Batch Processing","Salted Banana Chips"
2026-06-29,"Water",36.42,L,"Production Batch Processing","Creamy Peanut Butter"
2026-06-30,"Bell Pepper",113.29,g,"Production Batch Processing","Kibets (Crispy Chiton)"
2026-06-30,"Butter/Margarine",493.54,g,"Production Batch Processing","Binayong Hipon"
2026-06-30,"Cabbage",310.74,g,"Production Batch Processing","Crispy Bucheron"
2026-06-30,"Carrots",243.24,g,"Production Batch Processing","Salted Banana Chips"
2026-06-30,"Chicken",1014.89,g,"Production Batch Processing","Creamy Peanut Butter"
2026-06-30,"Chiton",1620.7,g,"Production Batch Processing","Crunchy Peanut Butter"
2026-06-30,"Cooking Oil",13.01,L,"Production Batch Processing","Biscocho Chips"
2026-06-30,"Garlic",191.18,g,"Production Batch Processing","Kibets (Crispy Chiton)"
2026-06-30,"Ground Pepper",49.64,g,"Production Batch Processing","Binayong Hipon"
2026-06-30,"Honey",366.34,ml,"Production Batch Processing","Crispy Bucheron"
2026-06-30,"Loaf Bread",6.33,pcs,"Production Batch Processing","Salted Banana Chips"
2026-06-30,"Onion",276.84,g,"Production Batch Processing","Creamy Peanut Butter"
2026-06-30,"Oyster Sauce",121.02,ml,"Production Batch Processing","Crunchy Peanut Butter"
2026-06-30,"Peanuts",2055.83,g,"Production Batch Processing","Biscocho Chips"
2026-06-30,"Pork",885.2,g,"Production Batch Processing","Kibets (Crispy Chiton)"
2026-06-30,"Pork Skin",1886.11,g,"Production Batch Processing","Binayong Hipon"
2026-06-30,"Raw Bananas",2777.86,g,"Production Batch Processing","Crispy Bucheron"
2026-06-30,"Salt",209.75,g,"Production Batch Processing","Salted Banana Chips"
2026-06-30,"Sea Salt",97.68,g,"Production Batch Processing","Creamy Peanut Butter"
2026-06-30,"Sesame Oil",68.38,ml,"Production Batch Processing","Crunchy Peanut Butter"
2026-06-30,"Small Shrimp",2117.66,g,"Production Batch Processing","Biscocho Chips"
2026-06-30,"Soy Sauce",175.02,ml,"Production Batch Processing","Kibets (Crispy Chiton)"
2026-06-30,"Spring Onion",103.91,g,"Production Batch Processing","Binayong Hipon"
2026-06-30,"Sugar",408.85,g,"Production Batch Processing","Crispy Bucheron"
2026-06-30,"Turmeric Powder",58.44,g,"Production Batch Processing","Salted Banana Chips"
2026-06-30,"Water",37.55,L,"Production Batch Processing","Creamy Peanut Butter"
2026-07-01,"Bell Pepper",114.99,g,"Production Batch Processing","Kibets (Crispy Chiton)"
2026-07-01,"Butter/Margarine",427.54,g,"Production Batch Processing","Binayong Hipon"
2026-07-01,"Cabbage",296.65,g,"Production Batch Processing","Crispy Bucheron"
2026-07-01,"Carrots",223.43,g,"Production Batch Processing","Salted Banana Chips"
2026-07-01,"Chicken",940.84,g,"Production Batch Processing","Creamy Peanut Butter"
2026-07-01,"Chiton",1734.38,g,"Production Batch Processing","Crunchy Peanut Butter"
2026-07-01,"Cooking Oil",11.3,L,"Production Batch Processing","Biscocho Chips"
2026-07-01,"Garlic",187.84,g,"Production Batch Processing","Kibets (Crispy Chiton)"
2026-07-01,"Ground Pepper",43.95,g,"Production Batch Processing","Binayong Hipon"
2026-07-01,"Honey",339.7,ml,"Production Batch Processing","Crispy Bucheron"
2026-07-01,"Loaf Bread",5.8,pcs,"Production Batch Processing","Salted Banana Chips"
2026-07-01,"Onion",258.58,g,"Production Batch Processing","Creamy Peanut Butter"
2026-07-01,"Oyster Sauce",108.02,ml,"Production Batch Processing","Crunchy Peanut Butter"
2026-07-01,"Peanuts",1953.58,g,"Production Batch Processing","Biscocho Chips"
2026-07-01,"Pork",839.81,g,"Production Batch Processing","Kibets (Crispy Chiton)"
2026-07-01,"Pork Skin",1695.97,g,"Production Batch Processing","Binayong Hipon"
2026-07-01,"Raw Bananas",2560.62,g,"Production Batch Processing","Crispy Bucheron"
2026-07-01,"Salt",170.79,g,"Production Batch Processing","Salted Banana Chips"
2026-07-01,"Sea Salt",94.26,g,"Production Batch Processing","Creamy Peanut Butter"
2026-07-01,"Sesame Oil",62.06,ml,"Production Batch Processing","Crunchy Peanut Butter"
2026-07-01,"Small Shrimp",2545.33,g,"Production Batch Processing","Biscocho Chips"
2026-07-01,"Soy Sauce",173.15,ml,"Production Batch Processing","Kibets (Crispy Chiton)"
2026-07-01,"Spring Onion",104.81,g,"Production Batch Processing","Binayong Hipon"
2026-07-01,"Sugar",463.97,g,"Production Batch Processing","Crispy Bucheron"
2026-07-01,"Turmeric Powder",49.36,g,"Production Batch Processing","Salted Banana Chips"
2026-07-01,"Water",35.75,L,"Production Batch Processing","Creamy Peanut Butter"
2026-07-02,"Bell Pepper",111.16,g,"Production Batch Processing","Kibets (Crispy Chiton)"
2026-07-02,"Butter/Margarine",448.45,g,"Production Batch Processing","Binayong Hipon"
2026-07-02,"Cabbage",322.96,g,"Production Batch Processing","Crispy Bucheron"
2026-07-02,"Carrots",220.07,g,"Production Batch Processing","Salted Banana Chips"
2026-07-02,"Chicken",1020.44,g,"Production Batch Processing","Creamy Peanut Butter"
2026-07-02,"Chiton",1766.75,g,"Production Batch Processing","Crunchy Peanut Butter"
2026-07-02,"Cooking Oil",12.77,L,"Production Batch Processing","Biscocho Chips"
2026-07-02,"Garlic",190.95,g,"Production Batch Processing","Kibets (Crispy Chiton)"
2026-07-02,"Ground Pepper",42.97,g,"Production Batch Processing","Binayong Hipon"
2026-07-02,"Honey",344.55,ml,"Production Batch Processing","Crispy Bucheron"
2026-07-02,"Loaf Bread",6.67,pcs,"Production Batch Processing","Salted Banana Chips"
2026-07-02,"Onion",276.09,g,"Production Batch Processing","Creamy Peanut Butter"
2026-07-02,"Oyster Sauce",114.25,ml,"Production Batch Processing","Crunchy Peanut Butter"
2026-07-02,"Peanuts",1964.38,g,"Production Batch Processing","Biscocho Chips"
2026-07-02,"Pork",954.49,g,"Production Batch Processing","Kibets (Crispy Chiton)"
2026-07-02,"Pork Skin",1732.58,g,"Production Batch Processing","Binayong Hipon"
2026-07-02,"Raw Bananas",2427.92,g,"Production Batch Processing","Crispy Bucheron"
2026-07-02,"Salt",167.85,g,"Production Batch Processing","Salted Banana Chips"
2026-07-02,"Sea Salt",89.86,g,"Production Batch Processing","Creamy Peanut Butter"
2026-07-02,"Sesame Oil",72.02,ml,"Production Batch Processing","Crunchy Peanut Butter"
2026-07-02,"Small Shrimp",2436.55,g,"Production Batch Processing","Biscocho Chips"
2026-07-02,"Soy Sauce",177.07,ml,"Production Batch Processing","Kibets (Crispy Chiton)"
2026-07-02,"Spring Onion",113.05,g,"Production Batch Processing","Binayong Hipon"
2026-07-02,"Sugar",454.26,g,"Production Batch Processing","Crispy Bucheron"
2026-07-02,"Turmeric Powder",51.89,g,"Production Batch Processing","Salted Banana Chips"
2026-07-02,"Water",33.87,L,"Production Batch Processing","Creamy Peanut Butter"
2026-07-03,"Bell Pepper",118.95,g,"Production Batch Processing","Kibets (Crispy Chiton)"
2026-07-03,"Butter/Margarine",466.12,g,"Production Batch Processing","Binayong Hipon"
2026-07-03,"Cabbage",264.57,g,"Production Batch Processing","Crispy Bucheron"
2026-07-03,"Carrots",229.29,g,"Production Batch Processing","Salted Banana Chips"
2026-07-03,"Chicken",885.64,g,"Production Batch Processing","Creamy Peanut Butter"
2026-07-03,"Chiton",1481.97,g,"Production Batch Processing","Crunchy Peanut Butter"
2026-07-03,"Cooking Oil",11.45,L,"Production Batch Processing","Biscocho Chips"
2026-07-03,"Garlic",169.75,g,"Production Batch Processing","Kibets (Crispy Chiton)"
2026-07-03,"Ground Pepper",49.42,g,"Production Batch Processing","Binayong Hipon"
2026-07-03,"Honey",327.41,ml,"Production Batch Processing","Crispy Bucheron"
2026-07-03,"Loaf Bread",5.62,pcs,"Production Batch Processing","Salted Banana Chips"
2026-07-03,"Onion",283.28,g,"Production Batch Processing","Creamy Peanut Butter"
2026-07-03,"Oyster Sauce",113.08,ml,"Production Batch Processing","Crunchy Peanut Butter"
2026-07-03,"Peanuts",2027.64,g,"Production Batch Processing","Biscocho Chips"
2026-07-03,"Pork",975.03,g,"Production Batch Processing","Kibets (Crispy Chiton)"
2026-07-03,"Pork Skin",1999.45,g,"Production Batch Processing","Binayong Hipon"
2026-07-03,"Raw Bananas",2710.33,g,"Production Batch Processing","Crispy Bucheron"
2026-07-03,"Salt",169.92,g,"Production Batch Processing","Salted Banana Chips"
2026-07-03,"Sea Salt",92.56,g,"Production Batch Processing","Creamy Peanut Butter"
2026-07-03,"Sesame Oil",61.26,ml,"Production Batch Processing","Crunchy Peanut Butter"
2026-07-03,"Small Shrimp",2361.32,g,"Production Batch Processing","Biscocho Chips"
2026-07-03,"Soy Sauce",152.02,ml,"Production Batch Processing","Kibets (Crispy Chiton)"
2026-07-03,"Spring Onion",122.21,g,"Production Batch Processing","Binayong Hipon"
2026-07-03,"Sugar",376.49,g,"Production Batch Processing","Crispy Bucheron"
2026-07-03,"Turmeric Powder",54.15,g,"Production Batch Processing","Salted Banana Chips"
2026-07-03,"Water",36.58,L,"Production Batch Processing","Creamy Peanut Butter"
2026-07-04,"Bell Pepper",175.05,g,"Production Batch Processing","Kibets (Crispy Chiton)"
2026-07-04,"Butter/Margarine",670.65,g,"Production Batch Processing","Binayong Hipon"
2026-07-04,"Cabbage",368.78,g,"Production Batch Processing","Crispy Bucheron"
2026-07-04,"Carrots",308.27,g,"Production Batch Processing","Salted Banana Chips"
2026-07-04,"Chicken",1345,g,"Production Batch Processing","Creamy Peanut Butter"
2026-07-04,"Chiton",2062.03,g,"Production Batch Processing","Crunchy Peanut Butter"
2026-07-04,"Cooking Oil",15.2,L,"Production Batch Processing","Biscocho Chips"
2026-07-04,"Garlic",237.31,g,"Production Batch Processing","Kibets (Crispy Chiton)"
2026-07-04,"Ground Pepper",61.78,g,"Production Batch Processing","Binayong Hipon"
2026-07-04,"Honey",509.59,ml,"Production Batch Processing","Crispy Bucheron"
2026-07-04,"Loaf Bread",8.54,pcs,"Production Batch Processing","Salted Banana Chips"
2026-07-04,"Onion",383.09,g,"Production Batch Processing","Creamy Peanut Butter"
2026-07-04,"Oyster Sauce",160.35,ml,"Production Batch Processing","Crunchy Peanut Butter"
2026-07-04,"Peanuts",2812.55,g,"Production Batch Processing","Biscocho Chips"
2026-07-04,"Pork",1110.79,g,"Production Batch Processing","Kibets (Crispy Chiton)"
2026-07-04,"Pork Skin",2250.99,g,"Production Batch Processing","Binayong Hipon"
2026-07-04,"Raw Bananas",3481.33,g,"Production Batch Processing","Crispy Bucheron"
2026-07-04,"Salt",227.3,g,"Production Batch Processing","Salted Banana Chips"
2026-07-04,"Sea Salt",124.95,g,"Production Batch Processing","Creamy Peanut Butter"
2026-07-04,"Sesame Oil",93.12,ml,"Production Batch Processing","Crunchy Peanut Butter"
2026-07-04,"Small Shrimp",3609.24,g,"Production Batch Processing","Biscocho Chips"
2026-07-04,"Soy Sauce",212.94,ml,"Production Batch Processing","Kibets (Crispy Chiton)"
2026-07-04,"Spring Onion",163.11,g,"Production Batch Processing","Binayong Hipon"
2026-07-04,"Sugar",531.46,g,"Production Batch Processing","Crispy Bucheron"
2026-07-04,"Turmeric Powder",80.95,g,"Production Batch Processing","Salted Banana Chips"
2026-07-04,"Water",52.25,L,"Production Batch Processing","Creamy Peanut Butter"
2026-07-05,"Bell Pepper",161.26,g,"Production Batch Processing","Kibets (Crispy Chiton)"
2026-07-05,"Butter/Margarine",586.38,g,"Production Batch Processing","Binayong Hipon"
2026-07-05,"Cabbage",417.88,g,"Production Batch Processing","Crispy Bucheron"
2026-07-05,"Carrots",290.13,g,"Production Batch Processing","Salted Banana Chips"
2026-07-05,"Chicken",1312.45,g,"Production Batch Processing","Creamy Peanut Butter"
2026-07-05,"Chiton",1980.14,g,"Production Batch Processing","Crunchy Peanut Butter"
2026-07-05,"Cooking Oil",15.98,L,"Production Batch Processing","Biscocho Chips"
2026-07-05,"Garlic",270.93,g,"Production Batch Processing","Kibets (Crispy Chiton)"
2026-07-05,"Ground Pepper",66.83,g,"Production Batch Processing","Binayong Hipon"
2026-07-05,"Honey",443.6,ml,"Production Batch Processing","Crispy Bucheron"
2026-07-05,"Loaf Bread",7.49,pcs,"Production Batch Processing","Salted Banana Chips"
2026-07-05,"Onion",364.52,g,"Production Batch Processing","Creamy Peanut Butter"
2026-07-05,"Oyster Sauce",148.51,ml,"Production Batch Processing","Crunchy Peanut Butter"
2026-07-05,"Peanuts",2649.37,g,"Production Batch Processing","Biscocho Chips"
2026-07-05,"Pork",1094.34,g,"Production Batch Processing","Kibets (Crispy Chiton)"
2026-07-05,"Pork Skin",2633.92,g,"Production Batch Processing","Binayong Hipon"
2026-07-05,"Raw Bananas",3710.82,g,"Production Batch Processing","Crispy Bucheron"
2026-07-05,"Salt",280.49,g,"Production Batch Processing","Salted Banana Chips"
2026-07-05,"Sea Salt",136.16,g,"Production Batch Processing","Creamy Peanut Butter"
2026-07-05,"Sesame Oil",89.31,ml,"Production Batch Processing","Crunchy Peanut Butter"
2026-07-05,"Small Shrimp",3530.84,g,"Production Batch Processing","Biscocho Chips"
2026-07-05,"Soy Sauce",190.85,ml,"Production Batch Processing","Kibets (Crispy Chiton)"
2026-07-05,"Spring Onion",138.14,g,"Production Batch Processing","Binayong Hipon"
2026-07-05,"Sugar",608.71,g,"Production Batch Processing","Crispy Bucheron"
2026-07-05,"Turmeric Powder",73.56,g,"Production Batch Processing","Salted Banana Chips"
2026-07-05,"Water",47.74,L,"Production Batch Processing","Creamy Peanut Butter"
2026-07-06,"Bell Pepper",132.18,g,"Production Batch Processing","Kibets (Crispy Chiton)"
2026-07-06,"Butter/Margarine",415.84,g,"Production Batch Processing","Binayong Hipon"
2026-07-06,"Cabbage",328.01,g,"Production Batch Processing","Crispy Bucheron"
2026-07-06,"Carrots",200.04,g,"Production Batch Processing","Salted Banana Chips"
2026-07-06,"Chicken",967.78,g,"Production Batch Processing","Creamy Peanut Butter"
2026-07-06,"Chiton",1498.59,g,"Production Batch Processing","Crunchy Peanut Butter"
2026-07-06,"Cooking Oil",12.43,L,"Production Batch Processing","Biscocho Chips"
2026-07-06,"Garlic",177.23,g,"Production Batch Processing","Kibets (Crispy Chiton)"
2026-07-06,"Ground Pepper",41.68,g,"Production Batch Processing","Binayong Hipon"
2026-07-06,"Honey",361.9,ml,"Production Batch Processing","Crispy Bucheron"
2026-07-06,"Loaf Bread",6.02,pcs,"Production Batch Processing","Salted Banana Chips"
2026-07-06,"Onion",302.77,g,"Production Batch Processing","Creamy Peanut Butter"
2026-07-06,"Oyster Sauce",97.98,ml,"Production Batch Processing","Crunchy Peanut Butter"
2026-07-06,"Peanuts",2251.8,g,"Production Batch Processing","Biscocho Chips"
2026-07-06,"Pork",891.87,g,"Production Batch Processing","Kibets (Crispy Chiton)"
2026-07-06,"Pork Skin",1833.87,g,"Production Batch Processing","Binayong Hipon"
2026-07-06,"Raw Bananas",2527.27,g,"Production Batch Processing","Crispy Bucheron"
2026-07-06,"Salt",186.42,g,"Production Batch Processing","Salted Banana Chips"
2026-07-06,"Sea Salt",105.36,g,"Production Batch Processing","Creamy Peanut Butter"
2026-07-06,"Sesame Oil",71.27,ml,"Production Batch Processing","Crunchy Peanut Butter"
2026-07-06,"Small Shrimp",2378.35,g,"Production Batch Processing","Biscocho Chips"
2026-07-06,"Soy Sauce",173.24,ml,"Production Batch Processing","Kibets (Crispy Chiton)"
2026-07-06,"Spring Onion",117.48,g,"Production Batch Processing","Binayong Hipon"
2026-07-06,"Sugar",372.98,g,"Production Batch Processing","Crispy Bucheron"
2026-07-06,"Turmeric Powder",53.43,g,"Production Batch Processing","Salted Banana Chips"
2026-07-06,"Water",31.9,L,"Production Batch Processing","Creamy Peanut Butter"
2026-07-07,"Bell Pepper",123.19,g,"Production Batch Processing","Kibets (Crispy Chiton)"
2026-07-07,"Butter/Margarine",418.68,g,"Production Batch Processing","Binayong Hipon"
2026-07-07,"Cabbage",322.68,g,"Production Batch Processing","Crispy Bucheron"
2026-07-07,"Carrots",246.28,g,"Production Batch Processing","Salted Banana Chips"
2026-07-07,"Chicken",999.66,g,"Production Batch Processing","Creamy Peanut Butter"
2026-07-07,"Chiton",1589.37,g,"Production Batch Processing","Crunchy Peanut Butter"
2026-07-07,"Cooking Oil",12.82,L,"Production Batch Processing","Biscocho Chips"
2026-07-07,"Garlic",180.49,g,"Production Batch Processing","Kibets (Crispy Chiton)"
2026-07-07,"Ground Pepper",42.55,g,"Production Batch Processing","Binayong Hipon"
2026-07-07,"Honey",355.1,ml,"Production Batch Processing","Crispy Bucheron"
2026-07-07,"Loaf Bread",6.49,pcs,"Production Batch Processing","Salted Banana Chips"
2026-07-07,"Onion",313.58,g,"Production Batch Processing","Creamy Peanut Butter"
2026-07-07,"Oyster Sauce",97.06,ml,"Production Batch Processing","Crunchy Peanut Butter"
2026-07-07,"Peanuts",2105.04,g,"Production Batch Processing","Biscocho Chips"
2026-07-07,"Pork",993.79,g,"Production Batch Processing","Kibets (Crispy Chiton)"
2026-07-07,"Pork Skin",2001.83,g,"Production Batch Processing","Binayong Hipon"
2026-07-07,"Raw Bananas",2890.38,g,"Production Batch Processing","Crispy Bucheron"
2026-07-07,"Salt",204.2,g,"Production Batch Processing","Salted Banana Chips"
2026-07-07,"Sea Salt",105.36,g,"Production Batch Processing","Creamy Peanut Butter"
2026-07-07,"Sesame Oil",70.36,ml,"Production Batch Processing","Crunchy Peanut Butter"
2026-07-07,"Small Shrimp",2121.62,g,"Production Batch Processing","Biscocho Chips"
2026-07-07,"Soy Sauce",172.84,ml,"Production Batch Processing","Kibets (Crispy Chiton)"
2026-07-07,"Spring Onion",113.75,g,"Production Batch Processing","Binayong Hipon"
2026-07-07,"Sugar",423.17,g,"Production Batch Processing","Crispy Bucheron"
2026-07-07,"Turmeric Powder",49.11,g,"Production Batch Processing","Salted Banana Chips"
2026-07-07,"Water",33.95,L,"Production Batch Processing","Creamy Peanut Butter"
2026-07-08,"Bell Pepper",129.55,g,"Production Batch Processing","Kibets (Crispy Chiton)"
2026-07-08,"Butter/Margarine",420.91,g,"Production Batch Processing","Binayong Hipon"
2026-07-08,"Cabbage",300.44,g,"Production Batch Processing","Crispy Bucheron"
2026-07-08,"Carrots",198.64,g,"Production Batch Processing","Salted Banana Chips"
2026-07-08,"Chicken",1019.05,g,"Production Batch Processing","Creamy Peanut Butter"
2026-07-08,"Chiton",1712.78,g,"Production Batch Processing","Crunchy Peanut Butter"
2026-07-08,"Cooking Oil",11.96,L,"Production Batch Processing","Biscocho Chips"
2026-07-08,"Garlic",187.59,g,"Production Batch Processing","Kibets (Crispy Chiton)"
2026-07-08,"Ground Pepper",47.91,g,"Production Batch Processing","Binayong Hipon"
2026-07-08,"Honey",309.31,ml,"Production Batch Processing","Crispy Bucheron"
2026-07-08,"Loaf Bread",5.65,pcs,"Production Batch Processing","Salted Banana Chips"
2026-07-08,"Onion",276.09,g,"Production Batch Processing","Creamy Peanut Butter"
2026-07-08,"Oyster Sauce",112.7,ml,"Production Batch Processing","Crunchy Peanut Butter"
2026-07-08,"Peanuts",2212.91,g,"Production Batch Processing","Biscocho Chips"
2026-07-08,"Pork",1027.34,g,"Production Batch Processing","Kibets (Crispy Chiton)"
2026-07-08,"Pork Skin",1652.26,g,"Production Batch Processing","Binayong Hipon"
2026-07-08,"Raw Bananas",2519.83,g,"Production Batch Processing","Crispy Bucheron"
2026-07-08,"Salt",173.88,g,"Production Batch Processing","Salted Banana Chips"
2026-07-08,"Sea Salt",105.53,g,"Production Batch Processing","Creamy Peanut Butter"
2026-07-08,"Sesame Oil",72.13,ml,"Production Batch Processing","Crunchy Peanut Butter"
2026-07-08,"Small Shrimp",2425.83,g,"Production Batch Processing","Biscocho Chips"
2026-07-08,"Soy Sauce",155.67,ml,"Production Batch Processing","Kibets (Crispy Chiton)"
2026-07-08,"Spring Onion",107.47,g,"Production Batch Processing","Binayong Hipon"
2026-07-08,"Sugar",429.97,g,"Production Batch Processing","Crispy Bucheron"
2026-07-08,"Turmeric Powder",53.15,g,"Production Batch Processing","Salted Banana Chips"
2026-07-08,"Water",33.94,L,"Production Batch Processing","Creamy Peanut Butter"
2026-07-09,"Bell Pepper",132.76,g,"Production Batch Processing","Kibets (Crispy Chiton)"
2026-07-09,"Butter/Margarine",454.38,g,"Production Batch Processing","Binayong Hipon"
2026-07-09,"Cabbage",333.02,g,"Production Batch Processing","Crispy Bucheron"
2026-07-09,"Carrots",239.66,g,"Production Batch Processing","Salted Banana Chips"
2026-07-09,"Chicken",857.43,g,"Production Batch Processing","Creamy Peanut Butter"
2026-07-09,"Chiton",1541.75,g,"Production Batch Processing","Crunchy Peanut Butter"
2026-07-09,"Cooking Oil",12.05,L,"Production Batch Processing","Biscocho Chips"
2026-07-09,"Garlic",167.31,g,"Production Batch Processing","Kibets (Crispy Chiton)"
2026-07-09,"Ground Pepper",42.36,g,"Production Batch Processing","Binayong Hipon"
2026-07-09,"Honey",324.92,ml,"Production Batch Processing","Crispy Bucheron"
2026-07-09,"Loaf Bread",5.28,pcs,"Production Batch Processing","Salted Banana Chips"
2026-07-09,"Onion",302.82,g,"Production Batch Processing","Creamy Peanut Butter"
2026-07-09,"Oyster Sauce",102.41,ml,"Production Batch Processing","Crunchy Peanut Butter"
2026-07-09,"Peanuts",2141.77,g,"Production Batch Processing","Biscocho Chips"
2026-07-09,"Pork",1010.31,g,"Production Batch Processing","Kibets (Crispy Chiton)"
2026-07-09,"Pork Skin",1587.96,g,"Production Batch Processing","Binayong Hipon"
2026-07-09,"Raw Bananas",2830.37,g,"Production Batch Processing","Crispy Bucheron"
2026-07-09,"Salt",178.87,g,"Production Batch Processing","Salted Banana Chips"
2026-07-09,"Sea Salt",100.62,g,"Production Batch Processing","Creamy Peanut Butter"
2026-07-09,"Sesame Oil",70.51,ml,"Production Batch Processing","Crunchy Peanut Butter"
2026-07-09,"Small Shrimp",2149.28,g,"Production Batch Processing","Biscocho Chips"
2026-07-09,"Soy Sauce",159.54,ml,"Production Batch Processing","Kibets (Crispy Chiton)"
2026-07-09,"Spring Onion",114.74,g,"Production Batch Processing","Binayong Hipon"
2026-07-09,"Sugar",434.77,g,"Production Batch Processing","Crispy Bucheron"
2026-07-09,"Turmeric Powder",49.57,g,"Production Batch Processing","Salted Banana Chips"
2026-07-09,"Water",36.51,L,"Production Batch Processing","Creamy Peanut Butter"
2026-07-10,"Bell Pepper",129.36,g,"Production Batch Processing","Kibets (Crispy Chiton)"
2026-07-10,"Butter/Margarine",501.62,g,"Production Batch Processing","Binayong Hipon"
2026-07-10,"Cabbage",285.86,g,"Production Batch Processing","Crispy Bucheron"
2026-07-10,"Carrots",228.57,g,"Production Batch Processing","Salted Banana Chips"
2026-07-10,"Chicken",945.63,g,"Production Batch Processing","Creamy Peanut Butter"
2026-07-10,"Chiton",1831.21,g,"Production Batch Processing","Crunchy Peanut Butter"
2026-07-10,"Cooking Oil",13.91,L,"Production Batch Processing","Biscocho Chips"
2026-07-10,"Garlic",182.04,g,"Production Batch Processing","Kibets (Crispy Chiton)"
2026-07-10,"Ground Pepper",39.99,g,"Production Batch Processing","Binayong Hipon"
2026-07-10,"Honey",385.27,ml,"Production Batch Processing","Crispy Bucheron"
2026-07-10,"Loaf Bread",5.52,pcs,"Production Batch Processing","Salted Banana Chips"
2026-07-10,"Onion",294.01,g,"Production Batch Processing","Creamy Peanut Butter"
2026-07-10,"Oyster Sauce",101.83,ml,"Production Batch Processing","Crunchy Peanut Butter"
2026-07-10,"Peanuts",1983.13,g,"Production Batch Processing","Biscocho Chips"
2026-07-10,"Pork",830.92,g,"Production Batch Processing","Kibets (Crispy Chiton)"
2026-07-10,"Pork Skin",1652.99,g,"Production Batch Processing","Binayong Hipon"
2026-07-10,"Raw Bananas",2569.64,g,"Production Batch Processing","Crispy Bucheron"
2026-07-10,"Salt",186.4,g,"Production Batch Processing","Salted Banana Chips"
2026-07-10,"Sea Salt",86.51,g,"Production Batch Processing","Creamy Peanut Butter"
2026-07-10,"Sesame Oil",63.41,ml,"Production Batch Processing","Crunchy Peanut Butter"
2026-07-10,"Small Shrimp",2534.67,g,"Production Batch Processing","Biscocho Chips"
2026-07-10,"Soy Sauce",140.94,ml,"Production Batch Processing","Kibets (Crispy Chiton)"
2026-07-10,"Spring Onion",98.02,g,"Production Batch Processing","Binayong Hipon"
2026-07-10,"Sugar",403.71,g,"Production Batch Processing","Crispy Bucheron"
2026-07-10,"Turmeric Powder",52.71,g,"Production Batch Processing","Salted Banana Chips"
2026-07-10,"Water",33.89,L,"Production Batch Processing","Creamy Peanut Butter"
2026-07-11,"Bell Pepper",159.54,g,"Production Batch Processing","Kibets (Crispy Chiton)"
2026-07-11,"Butter/Margarine",669.18,g,"Production Batch Processing","Binayong Hipon"
2026-07-11,"Cabbage",442.22,g,"Production Batch Processing","Crispy Bucheron"
2026-07-11,"Carrots",273.07,g,"Production Batch Processing","Salted Banana Chips"
2026-07-11,"Chicken",1303.41,g,"Production Batch Processing","Creamy Peanut Butter"
2026-07-11,"Chiton",2079.04,g,"Production Batch Processing","Crunchy Peanut Butter"
2026-07-11,"Cooking Oil",17.51,L,"Production Batch Processing","Biscocho Chips"
2026-07-11,"Garlic",220.86,g,"Production Batch Processing","Kibets (Crispy Chiton)"
2026-07-11,"Ground Pepper",56.41,g,"Production Batch Processing","Binayong Hipon"
2026-07-11,"Honey",502.21,ml,"Production Batch Processing","Crispy Bucheron"
2026-07-11,"Loaf Bread",7.87,pcs,"Production Batch Processing","Salted Banana Chips"
2026-07-11,"Onion",368.77,g,"Production Batch Processing","Creamy Peanut Butter"
2026-07-11,"Oyster Sauce",136.43,ml,"Production Batch Processing","Crunchy Peanut Butter"
2026-07-11,"Peanuts",2781.96,g,"Production Batch Processing","Biscocho Chips"
2026-07-11,"Pork",1151.25,g,"Production Batch Processing","Kibets (Crispy Chiton)"
2026-07-11,"Pork Skin",2642.34,g,"Production Batch Processing","Binayong Hipon"
2026-07-11,"Raw Bananas",3745.63,g,"Production Batch Processing","Crispy Bucheron"
2026-07-11,"Salt",274.6,g,"Production Batch Processing","Salted Banana Chips"
2026-07-11,"Sea Salt",121.21,g,"Production Batch Processing","Creamy Peanut Butter"
2026-07-11,"Sesame Oil",90.2,ml,"Production Batch Processing","Crunchy Peanut Butter"
2026-07-11,"Small Shrimp",3054.02,g,"Production Batch Processing","Biscocho Chips"
2026-07-11,"Soy Sauce",200.25,ml,"Production Batch Processing","Kibets (Crispy Chiton)"
2026-07-11,"Spring Onion",149.35,g,"Production Batch Processing","Binayong Hipon"
2026-07-11,"Sugar",507.17,g,"Production Batch Processing","Crispy Bucheron"
2026-07-11,"Turmeric Powder",72.39,g,"Production Batch Processing","Salted Banana Chips"
2026-07-11,"Water",43.66,L,"Production Batch Processing","Creamy Peanut Butter"
2026-07-12,"Bell Pepper",150.31,g,"Production Batch Processing","Kibets (Crispy Chiton)"
2026-07-12,"Butter/Margarine",598.09,g,"Production Batch Processing","Binayong Hipon"
2026-07-12,"Cabbage",390.13,g,"Production Batch Processing","Crispy Bucheron"
2026-07-12,"Carrots",269.29,g,"Production Batch Processing","Salted Banana Chips"
2026-07-12,"Chicken",1298.2,g,"Production Batch Processing","Creamy Peanut Butter"
2026-07-12,"Chiton",2266.72,g,"Production Batch Processing","Crunchy Peanut Butter"
2026-07-12,"Cooking Oil",15.08,L,"Production Batch Processing","Biscocho Chips"
2026-07-12,"Garlic",219.2,g,"Production Batch Processing","Kibets (Crispy Chiton)"
2026-07-12,"Ground Pepper",60.3,g,"Production Batch Processing","Binayong Hipon"
2026-07-12,"Honey",431.35,ml,"Production Batch Processing","Crispy Bucheron"
2026-07-12,"Loaf Bread",7.43,pcs,"Production Batch Processing","Salted Banana Chips"
2026-07-12,"Onion",413.67,g,"Production Batch Processing","Creamy Peanut Butter"
2026-07-12,"Oyster Sauce",156.91,ml,"Production Batch Processing","Crunchy Peanut Butter"
2026-07-12,"Peanuts",3070.62,g,"Production Batch Processing","Biscocho Chips"
2026-07-12,"Pork",1094.71,g,"Production Batch Processing","Kibets (Crispy Chiton)"
2026-07-12,"Pork Skin",2478.36,g,"Production Batch Processing","Binayong Hipon"
2026-07-12,"Raw Bananas",3106.46,g,"Production Batch Processing","Crispy Bucheron"
2026-07-12,"Salt",243.68,g,"Production Batch Processing","Salted Banana Chips"
2026-07-12,"Sea Salt",122.59,g,"Production Batch Processing","Creamy Peanut Butter"
2026-07-12,"Sesame Oil",90.14,ml,"Production Batch Processing","Crunchy Peanut Butter"
2026-07-12,"Small Shrimp",3587.87,g,"Production Batch Processing","Biscocho Chips"
2026-07-12,"Soy Sauce",232.03,ml,"Production Batch Processing","Kibets (Crispy Chiton)"
2026-07-12,"Spring Onion",142.87,g,"Production Batch Processing","Binayong Hipon"
2026-07-12,"Sugar",567.8,g,"Production Batch Processing","Crispy Bucheron"
2026-07-12,"Turmeric Powder",75.8,g,"Production Batch Processing","Salted Banana Chips"
2026-07-12,"Water",43.43,L,"Production Batch Processing","Creamy Peanut Butter"
2026-07-13,"Bell Pepper",128.8,g,"Production Batch Processing","Kibets (Crispy Chiton)"
2026-07-13,"Butter/Margarine",475.49,g,"Production Batch Processing","Binayong Hipon"
2026-07-13,"Cabbage",296,g,"Production Batch Processing","Crispy Bucheron"
2026-07-13,"Carrots",235.21,g,"Production Batch Processing","Salted Banana Chips"
2026-07-13,"Chicken",994.51,g,"Production Batch Processing","Creamy Peanut Butter"
2026-07-13,"Chiton",1454.74,g,"Production Batch Processing","Crunchy Peanut Butter"
2026-07-13,"Cooking Oil",13.42,L,"Production Batch Processing","Biscocho Chips"
2026-07-13,"Garlic",198.2,g,"Production Batch Processing","Kibets (Crispy Chiton)"
2026-07-13,"Ground Pepper",43.33,g,"Production Batch Processing","Binayong Hipon"
2026-07-13,"Honey",390.97,ml,"Production Batch Processing","Crispy Bucheron"
2026-07-13,"Loaf Bread",6.03,pcs,"Production Batch Processing","Salted Banana Chips"
2026-07-13,"Onion",247.97,g,"Production Batch Processing","Creamy Peanut Butter"
2026-07-13,"Oyster Sauce",97.82,ml,"Production Batch Processing","Crunchy Peanut Butter"
2026-07-13,"Peanuts",2302.61,g,"Production Batch Processing","Biscocho Chips"
2026-07-13,"Pork",1007.78,g,"Production Batch Processing","Kibets (Crispy Chiton)"
2026-07-13,"Pork Skin",1873.8,g,"Production Batch Processing","Binayong Hipon"
2026-07-13,"Raw Bananas",2291.33,g,"Production Batch Processing","Crispy Bucheron"
2026-07-13,"Salt",211.56,g,"Production Batch Processing","Salted Banana Chips"
2026-07-13,"Sea Salt",98.27,g,"Production Batch Processing","Creamy Peanut Butter"
2026-07-13,"Sesame Oil",65.35,ml,"Production Batch Processing","Crunchy Peanut Butter"
2026-07-13,"Small Shrimp",2556.18,g,"Production Batch Processing","Biscocho Chips"
2026-07-13,"Soy Sauce",166.99,ml,"Production Batch Processing","Kibets (Crispy Chiton)"
2026-07-13,"Spring Onion",114.05,g,"Production Batch Processing","Binayong Hipon"
2026-07-13,"Sugar",418.51,g,"Production Batch Processing","Crispy Bucheron"
2026-07-13,"Turmeric Powder",58.09,g,"Production Batch Processing","Salted Banana Chips"
2026-07-13,"Water",35.86,L,"Production Batch Processing","Creamy Peanut Butter"
2026-07-14,"Bell Pepper",130.3,g,"Production Batch Processing","Kibets (Crispy Chiton)"
2026-07-14,"Butter/Margarine",474.97,g,"Production Batch Processing","Binayong Hipon"
2026-07-14,"Cabbage",293.31,g,"Production Batch Processing","Crispy Bucheron"
2026-07-14,"Carrots",226.32,g,"Production Batch Processing","Salted Banana Chips"
2026-07-14,"Chicken",959.42,g,"Production Batch Processing","Creamy Peanut Butter"
2026-07-14,"Chiton",1505.9,g,"Production Batch Processing","Crunchy Peanut Butter"
2026-07-14,"Cooking Oil",11.1,L,"Production Batch Processing","Biscocho Chips"
2026-07-14,"Garlic",181.37,g,"Production Batch Processing","Kibets (Crispy Chiton)"
2026-07-14,"Ground Pepper",47.9,g,"Production Batch Processing","Binayong Hipon"
2026-07-14,"Honey",331.84,ml,"Production Batch Processing","Crispy Bucheron"
2026-07-14,"Loaf Bread",5.35,pcs,"Production Batch Processing","Salted Banana Chips"
2026-07-14,"Onion",293.5,g,"Production Batch Processing","Creamy Peanut Butter"
2026-07-14,"Oyster Sauce",116.84,ml,"Production Batch Processing","Crunchy Peanut Butter"
2026-07-14,"Peanuts",2071.83,g,"Production Batch Processing","Biscocho Chips"
2026-07-14,"Pork",921.49,g,"Production Batch Processing","Kibets (Crispy Chiton)"
2026-07-14,"Pork Skin",1922,g,"Production Batch Processing","Binayong Hipon"
2026-07-14,"Raw Bananas",2291.22,g,"Production Batch Processing","Crispy Bucheron"
2026-07-14,"Salt",200.98,g,"Production Batch Processing","Salted Banana Chips"
2026-07-14,"Sea Salt",97.77,g,"Production Batch Processing","Creamy Peanut Butter"
2026-07-14,"Sesame Oil",70.46,ml,"Production Batch Processing","Crunchy Peanut Butter"
2026-07-14,"Small Shrimp",2152.87,g,"Production Batch Processing","Biscocho Chips"
2026-07-14,"Soy Sauce",168.39,ml,"Production Batch Processing","Kibets (Crispy Chiton)"
2026-07-14,"Spring Onion",110.54,g,"Production Batch Processing","Binayong Hipon"
2026-07-14,"Sugar",374.12,g,"Production Batch Processing","Crispy Bucheron"
2026-07-14,"Turmeric Powder",61.57,g,"Production Batch Processing","Salted Banana Chips"
2026-07-14,"Water",35.94,L,"Production Batch Processing","Creamy Peanut Butter"
2026-07-15,"Bell Pepper",128.71,g,"Production Batch Processing","Kibets (Crispy Chiton)"
2026-07-15,"Butter/Margarine",411.32,g,"Production Batch Processing","Binayong Hipon"
2026-07-15,"Cabbage",273.38,g,"Production Batch Processing","Crispy Bucheron"
2026-07-15,"Carrots",201.2,g,"Production Batch Processing","Salted Banana Chips"
2026-07-15,"Chicken",904.08,g,"Production Batch Processing","Creamy Peanut Butter"
2026-07-15,"Chiton",1673.65,g,"Production Batch Processing","Crunchy Peanut Butter"
2026-07-15,"Cooking Oil",11.06,L,"Production Batch Processing","Biscocho Chips"
2026-07-15,"Garlic",177.94,g,"Production Batch Processing","Kibets (Crispy Chiton)"
2026-07-15,"Ground Pepper",47.47,g,"Production Batch Processing","Binayong Hipon"
2026-07-15,"Honey",388.77,ml,"Production Batch Processing","Crispy Bucheron"
2026-07-15,"Loaf Bread",6.25,pcs,"Production Batch Processing","Salted Banana Chips"
2026-07-15,"Onion",253.35,g,"Production Batch Processing","Creamy Peanut Butter"
2026-07-15,"Oyster Sauce",98.75,ml,"Production Batch Processing","Crunchy Peanut Butter"
2026-07-15,"Peanuts",1963.28,g,"Production Batch Processing","Biscocho Chips"
2026-07-15,"Pork",920.92,g,"Production Batch Processing","Kibets (Crispy Chiton)"
2026-07-15,"Pork Skin",1957.33,g,"Production Batch Processing","Binayong Hipon"
2026-07-15,"Raw Bananas",2465.36,g,"Production Batch Processing","Crispy Bucheron"
2026-07-15,"Salt",191.64,g,"Production Batch Processing","Salted Banana Chips"
2026-07-15,"Sea Salt",102.45,g,"Production Batch Processing","Creamy Peanut Butter"
2026-07-15,"Sesame Oil",70.96,ml,"Production Batch Processing","Crunchy Peanut Butter"
2026-07-15,"Small Shrimp",2292.76,g,"Production Batch Processing","Biscocho Chips"
2026-07-15,"Soy Sauce",157.05,ml,"Production Batch Processing","Kibets (Crispy Chiton)"
2026-07-15,"Spring Onion",112.1,g,"Production Batch Processing","Binayong Hipon"
2026-07-15,"Sugar",434.87,g,"Production Batch Processing","Crispy Bucheron"
2026-07-15,"Turmeric Powder",53.34,g,"Production Batch Processing","Salted Banana Chips"
2026-07-15,"Water",31.1,L,"Production Batch Processing","Creamy Peanut Butter"
2026-07-16,"Bell Pepper",105.82,g,"Production Batch Processing","Kibets (Crispy Chiton)"
2026-07-16,"Butter/Margarine",439.93,g,"Production Batch Processing","Binayong Hipon"
2026-07-16,"Cabbage",307.73,g,"Production Batch Processing","Crispy Bucheron"
2026-07-16,"Carrots",242.92,g,"Production Batch Processing","Salted Banana Chips"
2026-07-16,"Chicken",1040.89,g,"Production Batch Processing","Creamy Peanut Butter"
2026-07-16,"Chiton",1749.71,g,"Production Batch Processing","Crunchy Peanut Butter"
2026-07-16,"Cooking Oil",12.16,L,"Production Batch Processing","Biscocho Chips"
2026-07-16,"Garlic",190.49,g,"Production Batch Processing","Kibets (Crispy Chiton)"
2026-07-16,"Ground Pepper",44.24,g,"Production Batch Processing","Binayong Hipon"
2026-07-16,"Honey",375.35,ml,"Production Batch Processing","Crispy Bucheron"
2026-07-16,"Loaf Bread",6.67,pcs,"Production Batch Processing","Salted Banana Chips"
2026-07-16,"Onion",249.56,g,"Production Batch Processing","Creamy Peanut Butter"
2026-07-16,"Oyster Sauce",119.83,ml,"Production Batch Processing","Crunchy Peanut Butter"
2026-07-16,"Peanuts",2174.24,g,"Production Batch Processing","Biscocho Chips"
2026-07-16,"Pork",934.17,g,"Production Batch Processing","Kibets (Crispy Chiton)"
2026-07-16,"Pork Skin",1860.16,g,"Production Batch Processing","Binayong Hipon"
2026-07-16,"Raw Bananas",2380.49,g,"Production Batch Processing","Crispy Bucheron"
2026-07-16,"Salt",189.35,g,"Production Batch Processing","Salted Banana Chips"
2026-07-16,"Sea Salt",96.84,g,"Production Batch Processing","Creamy Peanut Butter"
2026-07-16,"Sesame Oil",71.02,ml,"Production Batch Processing","Crunchy Peanut Butter"
2026-07-16,"Small Shrimp",2563.13,g,"Production Batch Processing","Biscocho Chips"
2026-07-16,"Soy Sauce",141.04,ml,"Production Batch Processing","Kibets (Crispy Chiton)"
2026-07-16,"Spring Onion",111.4,g,"Production Batch Processing","Binayong Hipon"
2026-07-16,"Sugar",447.83,g,"Production Batch Processing","Crispy Bucheron"
2026-07-16,"Turmeric Powder",60.29,g,"Production Batch Processing","Salted Banana Chips"
2026-07-16,"Water",37.05,L,"Production Batch Processing","Creamy Peanut Butter"
2026-07-17,"Bell Pepper",121.77,g,"Production Batch Processing","Kibets (Crispy Chiton)"
2026-07-17,"Butter/Margarine",457.55,g,"Production Batch Processing","Binayong Hipon"
2026-07-17,"Cabbage",332.26,g,"Production Batch Processing","Crispy Bucheron"
2026-07-17,"Carrots",215.93,g,"Production Batch Processing","Salted Banana Chips"
2026-07-17,"Chicken",1027.77,g,"Production Batch Processing","Creamy Peanut Butter"
2026-07-17,"Chiton",1481.37,g,"Production Batch Processing","Crunchy Peanut Butter"
2026-07-17,"Cooking Oil",11.29,L,"Production Batch Processing","Biscocho Chips"
2026-07-17,"Garlic",192.83,g,"Production Batch Processing","Kibets (Crispy Chiton)"
2026-07-17,"Ground Pepper",50.17,g,"Production Batch Processing","Binayong Hipon"
2026-07-17,"Honey",343.67,ml,"Production Batch Processing","Crispy Bucheron"
2026-07-17,"Loaf Bread",6.51,pcs,"Production Batch Processing","Salted Banana Chips"
2026-07-17,"Onion",247.4,g,"Production Batch Processing","Creamy Peanut Butter"
2026-07-17,"Oyster Sauce",98.42,ml,"Production Batch Processing","Crunchy Peanut Butter"
2026-07-17,"Peanuts",2174.56,g,"Production Batch Processing","Biscocho Chips"
2026-07-17,"Pork",917.09,g,"Production Batch Processing","Kibets (Crispy Chiton)"
2026-07-17,"Pork Skin",1627.82,g,"Production Batch Processing","Binayong Hipon"
2026-07-17,"Raw Bananas",2597.99,g,"Production Batch Processing","Crispy Bucheron"
2026-07-17,"Salt",191.07,g,"Production Batch Processing","Salted Banana Chips"
2026-07-17,"Sea Salt",92.03,g,"Production Batch Processing","Creamy Peanut Butter"
2026-07-17,"Sesame Oil",69.09,ml,"Production Batch Processing","Crunchy Peanut Butter"
2026-07-17,"Small Shrimp",2339.01,g,"Production Batch Processing","Biscocho Chips"
2026-07-17,"Soy Sauce",141.62,ml,"Production Batch Processing","Kibets (Crispy Chiton)"
2026-07-17,"Spring Onion",110.06,g,"Production Batch Processing","Binayong Hipon"
2026-07-17,"Sugar",465.68,g,"Production Batch Processing","Crispy Bucheron"
2026-07-17,"Turmeric Powder",49.11,g,"Production Batch Processing","Salted Banana Chips"
2026-07-17,"Water",37.83,L,"Production Batch Processing","Creamy Peanut Butter"
2026-07-18,"Bell Pepper",161.63,g,"Production Batch Processing","Kibets (Crispy Chiton)"
2026-07-18,"Butter/Margarine",592.11,g,"Production Batch Processing","Binayong Hipon"
2026-07-18,"Cabbage",445.09,g,"Production Batch Processing","Crispy Bucheron"
2026-07-18,"Carrots",264.81,g,"Production Batch Processing","Salted Banana Chips"
2026-07-18,"Chicken",1204.94,g,"Production Batch Processing","Creamy Peanut Butter"
2026-07-18,"Chiton",2440.67,g,"Production Batch Processing","Crunchy Peanut Butter"
2026-07-18,"Cooking Oil",17.7,L,"Production Batch Processing","Biscocho Chips"
2026-07-18,"Garlic",269.87,g,"Production Batch Processing","Kibets (Crispy Chiton)"
2026-07-18,"Ground Pepper",62.25,g,"Production Batch Processing","Binayong Hipon"
2026-07-18,"Honey",485.24,ml,"Production Batch Processing","Crispy Bucheron"
2026-07-18,"Loaf Bread",8.83,pcs,"Production Batch Processing","Salted Banana Chips"
2026-07-18,"Onion",397.27,g,"Production Batch Processing","Creamy Peanut Butter"
2026-07-18,"Oyster Sauce",149.95,ml,"Production Batch Processing","Crunchy Peanut Butter"
2026-07-18,"Peanuts",2682.8,g,"Production Batch Processing","Biscocho Chips"
2026-07-18,"Pork",1266.6,g,"Production Batch Processing","Kibets (Crispy Chiton)"
2026-07-18,"Pork Skin",2331.99,g,"Production Batch Processing","Binayong Hipon"
2026-07-18,"Raw Bananas",3091.73,g,"Production Batch Processing","Crispy Bucheron"
2026-07-18,"Salt",277.15,g,"Production Batch Processing","Salted Banana Chips"
2026-07-18,"Sea Salt",136.05,g,"Production Batch Processing","Creamy Peanut Butter"
2026-07-18,"Sesame Oil",89.63,ml,"Production Batch Processing","Crunchy Peanut Butter"
2026-07-18,"Small Shrimp",3188.33,g,"Production Batch Processing","Biscocho Chips"
2026-07-18,"Soy Sauce",215.59,ml,"Production Batch Processing","Kibets (Crispy Chiton)"
2026-07-18,"Spring Onion",149.94,g,"Production Batch Processing","Binayong Hipon"
2026-07-18,"Sugar",554.79,g,"Production Batch Processing","Crispy Bucheron"
2026-07-18,"Turmeric Powder",74.17,g,"Production Batch Processing","Salted Banana Chips"
2026-07-18,"Water",52.17,L,"Production Batch Processing","Creamy Peanut Butter"
2026-07-19,"Bell Pepper",156.93,g,"Production Batch Processing","Kibets (Crispy Chiton)"
2026-07-19,"Butter/Margarine",605.46,g,"Production Batch Processing","Binayong Hipon"
2026-07-19,"Cabbage",416.28,g,"Production Batch Processing","Crispy Bucheron"
2026-07-19,"Carrots",296.7,g,"Production Batch Processing","Salted Banana Chips"
2026-07-19,"Chicken",1380.9,g,"Production Batch Processing","Creamy Peanut Butter"
2026-07-19,"Chiton",1976.68,g,"Production Batch Processing","Crunchy Peanut Butter"
2026-07-19,"Cooking Oil",18.1,L,"Production Batch Processing","Biscocho Chips"
2026-07-19,"Garlic",222.99,g,"Production Batch Processing","Kibets (Crispy Chiton)"
2026-07-19,"Ground Pepper",58.53,g,"Production Batch Processing","Binayong Hipon"
2026-07-19,"Honey",425.7,ml,"Production Batch Processing","Crispy Bucheron"
2026-07-19,"Loaf Bread",9.02,pcs,"Production Batch Processing","Salted Banana Chips"
2026-07-19,"Onion",375.6,g,"Production Batch Processing","Creamy Peanut Butter"
2026-07-19,"Oyster Sauce",152.06,ml,"Production Batch Processing","Crunchy Peanut Butter"
2026-07-19,"Peanuts",3050,g,"Production Batch Processing","Biscocho Chips"
2026-07-19,"Pork",1221.54,g,"Production Batch Processing","Kibets (Crispy Chiton)"
2026-07-19,"Pork Skin",2618.53,g,"Production Batch Processing","Binayong Hipon"
2026-07-19,"Raw Bananas",3203.99,g,"Production Batch Processing","Crispy Bucheron"
2026-07-19,"Salt",281.93,g,"Production Batch Processing","Salted Banana Chips"
2026-07-19,"Sea Salt",119.84,g,"Production Batch Processing","Creamy Peanut Butter"
2026-07-19,"Sesame Oil",79.86,ml,"Production Batch Processing","Crunchy Peanut Butter"
2026-07-19,"Small Shrimp",3256.18,g,"Production Batch Processing","Biscocho Chips"
2026-07-19,"Soy Sauce",238.47,ml,"Production Batch Processing","Kibets (Crispy Chiton)"
2026-07-19,"Spring Onion",136.2,g,"Production Batch Processing","Binayong Hipon"
2026-07-19,"Sugar",587.15,g,"Production Batch Processing","Crispy Bucheron"
2026-07-19,"Turmeric Powder",67.79,g,"Production Batch Processing","Salted Banana Chips"
2026-07-19,"Water",45.8,L,"Production Batch Processing","Creamy Peanut Butter"
2026-07-20,"Bell Pepper",106.94,g,"Production Batch Processing","Kibets (Crispy Chiton)"
2026-07-20,"Butter/Margarine",404.93,g,"Production Batch Processing","Binayong Hipon"
2026-07-20,"Cabbage",323.6,g,"Production Batch Processing","Crispy Bucheron"
2026-07-20,"Carrots",196.88,g,"Production Batch Processing","Salted Banana Chips"
2026-07-20,"Chicken",913.65,g,"Production Batch Processing","Creamy Peanut Butter"
2026-07-20,"Chiton",1505.4,g,"Production Batch Processing","Crunchy Peanut Butter"
2026-07-20,"Cooking Oil",13.14,L,"Production Batch Processing","Biscocho Chips"
2026-07-20,"Garlic",177.62,g,"Production Batch Processing","Kibets (Crispy Chiton)"
2026-07-20,"Ground Pepper",47.85,g,"Production Batch Processing","Binayong Hipon"
2026-07-20,"Honey",367.49,ml,"Production Batch Processing","Crispy Bucheron"
2026-07-20,"Loaf Bread",6.54,pcs,"Production Batch Processing","Salted Banana Chips"
2026-07-20,"Onion",269.05,g,"Production Batch Processing","Creamy Peanut Butter"
2026-07-20,"Oyster Sauce",119.93,ml,"Production Batch Processing","Crunchy Peanut Butter"
2026-07-20,"Peanuts",2104.74,g,"Production Batch Processing","Biscocho Chips"
2026-07-20,"Pork",991.63,g,"Production Batch Processing","Kibets (Crispy Chiton)"
2026-07-20,"Pork Skin",1669.12,g,"Production Batch Processing","Binayong Hipon"
2026-07-20,"Raw Bananas",2432.94,g,"Production Batch Processing","Crispy Bucheron"
2026-07-20,"Salt",198.14,g,"Production Batch Processing","Salted Banana Chips"
2026-07-20,"Sea Salt",95.86,g,"Production Batch Processing","Creamy Peanut Butter"
2026-07-20,"Sesame Oil",68.25,ml,"Production Batch Processing","Crunchy Peanut Butter"
2026-07-20,"Small Shrimp",2310.39,g,"Production Batch Processing","Biscocho Chips"
2026-07-20,"Soy Sauce",143.27,ml,"Production Batch Processing","Kibets (Crispy Chiton)"
2026-07-20,"Spring Onion",112.39,g,"Production Batch Processing","Binayong Hipon"
2026-07-20,"Sugar",380.74,g,"Production Batch Processing","Crispy Bucheron"
2026-07-20,"Turmeric Powder",57.18,g,"Production Batch Processing","Salted Banana Chips"
2026-07-20,"Water",37.25,L,"Production Batch Processing","Creamy Peanut Butter"
2026-07-21,"Bell Pepper",111.01,g,"Production Batch Processing","Kibets (Crispy Chiton)"
2026-07-21,"Butter/Margarine",469.84,g,"Production Batch Processing","Binayong Hipon"
2026-07-21,"Cabbage",303.81,g,"Production Batch Processing","Crispy Bucheron"
2026-07-21,"Carrots",215.15,g,"Production Batch Processing","Salted Banana Chips"
2026-07-21,"Chicken",922.89,g,"Production Batch Processing","Creamy Peanut Butter"
2026-07-21,"Chiton",1558.81,g,"Production Batch Processing","Crunchy Peanut Butter"
2026-07-21,"Cooking Oil",11.85,L,"Production Batch Processing","Biscocho Chips"
2026-07-21,"Garlic",160.69,g,"Production Batch Processing","Kibets (Crispy Chiton)"
2026-07-21,"Ground Pepper",48,g,"Production Batch Processing","Binayong Hipon"
2026-07-21,"Honey",324.44,ml,"Production Batch Processing","Crispy Bucheron"
2026-07-21,"Loaf Bread",6.46,pcs,"Production Batch Processing","Salted Banana Chips"
2026-07-21,"Onion",288.01,g,"Production Batch Processing","Creamy Peanut Butter"
2026-07-21,"Oyster Sauce",119.09,ml,"Production Batch Processing","Crunchy Peanut Butter"
2026-07-21,"Peanuts",2121.58,g,"Production Batch Processing","Biscocho Chips"
2026-07-21,"Pork",836.55,g,"Production Batch Processing","Kibets (Crispy Chiton)"
2026-07-21,"Pork Skin",1625.58,g,"Production Batch Processing","Binayong Hipon"
2026-07-21,"Raw Bananas",2607.36,g,"Production Batch Processing","Crispy Bucheron"
2026-07-21,"Salt",174.34,g,"Production Batch Processing","Salted Banana Chips"
2026-07-21,"Sea Salt",100.27,g,"Production Batch Processing","Creamy Peanut Butter"
2026-07-21,"Sesame Oil",66.93,ml,"Production Batch Processing","Crunchy Peanut Butter"
2026-07-21,"Small Shrimp",2587.1,g,"Production Batch Processing","Biscocho Chips"
2026-07-21,"Soy Sauce",141.03,ml,"Production Batch Processing","Kibets (Crispy Chiton)"
2026-07-21,"Spring Onion",104.41,g,"Production Batch Processing","Binayong Hipon"
2026-07-21,"Sugar",444.34,g,"Production Batch Processing","Crispy Bucheron"
2026-07-21,"Turmeric Powder",51.19,g,"Production Batch Processing","Salted Banana Chips"
2026-07-21,"Water",33.27,L,"Production Batch Processing","Creamy Peanut Butter"
2026-07-22,"Bell Pepper",105.83,g,"Production Batch Processing","Kibets (Crispy Chiton)"
2026-07-22,"Butter/Margarine",494.43,g,"Production Batch Processing","Binayong Hipon"
2026-07-22,"Cabbage",296.94,g,"Production Batch Processing","Crispy Bucheron"
2026-07-22,"Carrots",193.8,g,"Production Batch Processing","Salted Banana Chips"
2026-07-22,"Chicken",1014.54,g,"Production Batch Processing","Creamy Peanut Butter"
2026-07-22,"Chiton",1627.98,g,"Production Batch Processing","Crunchy Peanut Butter"
2026-07-22,"Cooking Oil",13.21,L,"Production Batch Processing","Biscocho Chips"
2026-07-22,"Garlic",187.96,g,"Production Batch Processing","Kibets (Crispy Chiton)"
2026-07-22,"Ground Pepper",42.58,g,"Production Batch Processing","Binayong Hipon"
2026-07-22,"Honey",338.37,ml,"Production Batch Processing","Crispy Bucheron"
2026-07-22,"Loaf Bread",6.51,pcs,"Production Batch Processing","Salted Banana Chips"
2026-07-22,"Onion",297.5,g,"Production Batch Processing","Creamy Peanut Butter"
2026-07-22,"Oyster Sauce",121.25,ml,"Production Batch Processing","Crunchy Peanut Butter"
2026-07-22,"Peanuts",2204.02,g,"Production Batch Processing","Biscocho Chips"
2026-07-22,"Pork",860.56,g,"Production Batch Processing","Kibets (Crispy Chiton)"
2026-07-22,"Pork Skin",1908.81,g,"Production Batch Processing","Binayong Hipon"
2026-07-22,"Raw Bananas",2881.42,g,"Production Batch Processing","Crispy Bucheron"
2026-07-22,"Salt",210.11,g,"Production Batch Processing","Salted Banana Chips"
2026-07-22,"Sea Salt",104.54,g,"Production Batch Processing","Creamy Peanut Butter"
2026-07-22,"Sesame Oil",59.06,ml,"Production Batch Processing","Crunchy Peanut Butter"
2026-07-22,"Small Shrimp",2469.64,g,"Production Batch Processing","Biscocho Chips"
2026-07-22,"Soy Sauce",156.96,ml,"Production Batch Processing","Kibets (Crispy Chiton)"
2026-07-22,"Spring Onion",103.56,g,"Production Batch Processing","Binayong Hipon"
2026-07-22,"Sugar",459.47,g,"Production Batch Processing","Crispy Bucheron"
2026-07-22,"Turmeric Powder",52.51,g,"Production Batch Processing","Salted Banana Chips"
2026-07-22,"Water",35.7,L,"Production Batch Processing","Creamy Peanut Butter"
2026-07-23,"Bell Pepper",127.77,g,"Production Batch Processing","Kibets (Crispy Chiton)"
2026-07-23,"Butter/Margarine",459.27,g,"Production Batch Processing","Binayong Hipon"
2026-07-23,"Cabbage",286.38,g,"Production Batch Processing","Crispy Bucheron"
2026-07-23,"Carrots",199.57,g,"Production Batch Processing","Salted Banana Chips"
2026-07-23,"Chicken",928.75,g,"Production Batch Processing","Creamy Peanut Butter"
2026-07-23,"Chiton",1768.33,g,"Production Batch Processing","Crunchy Peanut Butter"
2026-07-23,"Cooking Oil",12.96,L,"Production Batch Processing","Biscocho Chips"
2026-07-23,"Garlic",165.65,g,"Production Batch Processing","Kibets (Crispy Chiton)"
2026-07-23,"Ground Pepper",45.18,g,"Production Batch Processing","Binayong Hipon"
2026-07-23,"Honey",344.47,ml,"Production Batch Processing","Crispy Bucheron"
2026-07-23,"Loaf Bread",5.6,pcs,"Production Batch Processing","Salted Banana Chips"
2026-07-23,"Onion",249.63,g,"Production Batch Processing","Creamy Peanut Butter"
2026-07-23,"Oyster Sauce",102.05,ml,"Production Batch Processing","Crunchy Peanut Butter"
2026-07-23,"Peanuts",2219.4,g,"Production Batch Processing","Biscocho Chips"
2026-07-23,"Pork",986.8,g,"Production Batch Processing","Kibets (Crispy Chiton)"
2026-07-23,"Pork Skin",1616.53,g,"Production Batch Processing","Binayong Hipon"
2026-07-23,"Raw Bananas",2764.13,g,"Production Batch Processing","Crispy Bucheron"
2026-07-23,"Salt",211.48,g,"Production Batch Processing","Salted Banana Chips"
2026-07-23,"Sea Salt",95.86,g,"Production Batch Processing","Creamy Peanut Butter"
2026-07-23,"Sesame Oil",61.44,ml,"Production Batch Processing","Crunchy Peanut Butter"
2026-07-23,"Small Shrimp",2591.06,g,"Production Batch Processing","Biscocho Chips"
2026-07-23,"Soy Sauce",170.54,ml,"Production Batch Processing","Kibets (Crispy Chiton)"
2026-07-23,"Spring Onion",110.13,g,"Production Batch Processing","Binayong Hipon"
2026-07-23,"Sugar",459.61,g,"Production Batch Processing","Crispy Bucheron"
2026-07-23,"Turmeric Powder",57.95,g,"Production Batch Processing","Salted Banana Chips"
2026-07-23,"Water",31.66,L,"Production Batch Processing","Creamy Peanut Butter"
2026-07-24,"Bell Pepper",128.69,g,"Production Batch Processing","Kibets (Crispy Chiton)"
2026-07-24,"Butter/Margarine",423.09,g,"Production Batch Processing","Binayong Hipon"
2026-07-24,"Cabbage",293.76,g,"Production Batch Processing","Crispy Bucheron"
2026-07-24,"Carrots",210.24,g,"Production Batch Processing","Salted Banana Chips"
2026-07-24,"Chicken",936.99,g,"Production Batch Processing","Creamy Peanut Butter"
2026-07-24,"Chiton",1734.26,g,"Production Batch Processing","Crunchy Peanut Butter"
2026-07-24,"Cooking Oil",12.88,L,"Production Batch Processing","Biscocho Chips"
2026-07-24,"Garlic",172.2,g,"Production Batch Processing","Kibets (Crispy Chiton)"
2026-07-24,"Ground Pepper",46.73,g,"Production Batch Processing","Binayong Hipon"
2026-07-24,"Honey",328.77,ml,"Production Batch Processing","Crispy Bucheron"
2026-07-24,"Loaf Bread",6.58,pcs,"Production Batch Processing","Salted Banana Chips"
2026-07-24,"Onion",295.82,g,"Production Batch Processing","Creamy Peanut Butter"
2026-07-24,"Oyster Sauce",111.93,ml,"Production Batch Processing","Crunchy Peanut Butter"
2026-07-24,"Peanuts",1934.59,g,"Production Batch Processing","Biscocho Chips"
2026-07-24,"Pork",950.63,g,"Production Batch Processing","Kibets (Crispy Chiton)"
2026-07-24,"Pork Skin",1637.44,g,"Production Batch Processing","Binayong Hipon"
2026-07-24,"Raw Bananas",2464.4,g,"Production Batch Processing","Crispy Bucheron"
2026-07-24,"Salt",198.24,g,"Production Batch Processing","Salted Banana Chips"
2026-07-24,"Sea Salt",83.99,g,"Production Batch Processing","Creamy Peanut Butter"
2026-07-24,"Sesame Oil",64.2,ml,"Production Batch Processing","Crunchy Peanut Butter"
2026-07-24,"Small Shrimp",2139.68,g,"Production Batch Processing","Biscocho Chips"
2026-07-24,"Soy Sauce",144.71,ml,"Production Batch Processing","Kibets (Crispy Chiton)"
2026-07-24,"Spring Onion",111.18,g,"Production Batch Processing","Binayong Hipon"
2026-07-24,"Sugar",418.62,g,"Production Batch Processing","Crispy Bucheron"
2026-07-24,"Turmeric Powder",58.03,g,"Production Batch Processing","Salted Banana Chips"
2026-07-24,"Water",37.23,L,"Production Batch Processing","Creamy Peanut Butter"
2026-07-25,"Bell Pepper",171.61,g,"Production Batch Processing","Kibets (Crispy Chiton)"
2026-07-25,"Butter/Margarine",611.39,g,"Production Batch Processing","Binayong Hipon"
2026-07-25,"Cabbage",369.5,g,"Production Batch Processing","Crispy Bucheron"
2026-07-25,"Carrots",281.36,g,"Production Batch Processing","Salted Banana Chips"
2026-07-25,"Chicken",1348.13,g,"Production Batch Processing","Creamy Peanut Butter"
2026-07-25,"Chiton",2382.66,g,"Production Batch Processing","Crunchy Peanut Butter"
2026-07-25,"Cooking Oil",16.98,L,"Production Batch Processing","Biscocho Chips"
2026-07-25,"Garlic",249.54,g,"Production Batch Processing","Kibets (Crispy Chiton)"
2026-07-25,"Ground Pepper",54.67,g,"Production Batch Processing","Binayong Hipon"
2026-07-25,"Honey",478.2,ml,"Production Batch Processing","Crispy Bucheron"
2026-07-25,"Loaf Bread",7.74,pcs,"Production Batch Processing","Salted Banana Chips"
2026-07-25,"Onion",392.6,g,"Production Batch Processing","Creamy Peanut Butter"
2026-07-25,"Oyster Sauce",154.73,ml,"Production Batch Processing","Crunchy Peanut Butter"
2026-07-25,"Peanuts",3106.85,g,"Production Batch Processing","Biscocho Chips"
2026-07-25,"Pork",1313.82,g,"Production Batch Processing","Kibets (Crispy Chiton)"
2026-07-25,"Pork Skin",2207.63,g,"Production Batch Processing","Binayong Hipon"
2026-07-25,"Raw Bananas",3700.37,g,"Production Batch Processing","Crispy Bucheron"
2026-07-25,"Salt",238.69,g,"Production Batch Processing","Salted Banana Chips"
2026-07-25,"Sea Salt",131.3,g,"Production Batch Processing","Creamy Peanut Butter"
2026-07-25,"Sesame Oil",83,ml,"Production Batch Processing","Crunchy Peanut Butter"
2026-07-25,"Small Shrimp",2937.33,g,"Production Batch Processing","Biscocho Chips"
2026-07-25,"Soy Sauce",212.44,ml,"Production Batch Processing","Kibets (Crispy Chiton)"
2026-07-25,"Spring Onion",133.88,g,"Production Batch Processing","Binayong Hipon"
2026-07-25,"Sugar",522.01,g,"Production Batch Processing","Crispy Bucheron"
2026-07-25,"Turmeric Powder",81.89,g,"Production Batch Processing","Salted Banana Chips"
2026-07-25,"Water",48.51,L,"Production Batch Processing","Creamy Peanut Butter"
2026-07-26,"Bell Pepper",163.88,g,"Production Batch Processing","Kibets (Crispy Chiton)"
2026-07-26,"Butter/Margarine",601.88,g,"Production Batch Processing","Binayong Hipon"
2026-07-26,"Cabbage",357.12,g,"Production Batch Processing","Crispy Bucheron"
2026-07-26,"Carrots",303.9,g,"Production Batch Processing","Salted Banana Chips"
2026-07-26,"Chicken",1242.69,g,"Production Batch Processing","Creamy Peanut Butter"
2026-07-26,"Chiton",2387.39,g,"Production Batch Processing","Crunchy Peanut Butter"
2026-07-26,"Cooking Oil",16.49,L,"Production Batch Processing","Biscocho Chips"
2026-07-26,"Garlic",238.4,g,"Production Batch Processing","Kibets (Crispy Chiton)"
2026-07-26,"Ground Pepper",66.47,g,"Production Batch Processing","Binayong Hipon"
2026-07-26,"Honey",515.18,ml,"Production Batch Processing","Crispy Bucheron"
2026-07-26,"Loaf Bread",7.81,pcs,"Production Batch Processing","Salted Banana Chips"
2026-07-26,"Onion",345.99,g,"Production Batch Processing","Creamy Peanut Butter"
2026-07-26,"Oyster Sauce",144.19,ml,"Production Batch Processing","Crunchy Peanut Butter"
2026-07-26,"Peanuts",3165.8,g,"Production Batch Processing","Biscocho Chips"
2026-07-26,"Pork",1367.31,g,"Production Batch Processing","Kibets (Crispy Chiton)"
2026-07-26,"Pork Skin",2156.32,g,"Production Batch Processing","Binayong Hipon"
2026-07-26,"Raw Bananas",3422.33,g,"Production Batch Processing","Crispy Bucheron"
2026-07-26,"Salt",249.46,g,"Production Batch Processing","Salted Banana Chips"
2026-07-26,"Sea Salt",115.08,g,"Production Batch Processing","Creamy Peanut Butter"
2026-07-26,"Sesame Oil",88.09,ml,"Production Batch Processing","Crunchy Peanut Butter"
2026-07-26,"Small Shrimp",3432.33,g,"Production Batch Processing","Biscocho Chips"
2026-07-26,"Soy Sauce",197.96,ml,"Production Batch Processing","Kibets (Crispy Chiton)"
2026-07-26,"Spring Onion",153.14,g,"Production Batch Processing","Binayong Hipon"
2026-07-26,"Sugar",576.24,g,"Production Batch Processing","Crispy Bucheron"
2026-07-26,"Turmeric Powder",71.34,g,"Production Batch Processing","Salted Banana Chips"
2026-07-26,"Water",52.08,L,"Production Batch Processing","Creamy Peanut Butter"
2026-07-27,"Bell Pepper",105.63,g,"Production Batch Processing","Kibets (Crispy Chiton)"
2026-07-27,"Butter/Margarine",489.36,g,"Production Batch Processing","Binayong Hipon"
2026-07-27,"Cabbage",291.93,g,"Production Batch Processing","Crispy Bucheron"
2026-07-27,"Carrots",238.07,g,"Production Batch Processing","Salted Banana Chips"
2026-07-27,"Chicken",1042.51,g,"Production Batch Processing","Creamy Peanut Butter"
2026-07-27,"Chiton",1653.8,g,"Production Batch Processing","Crunchy Peanut Butter"
2026-07-27,"Cooking Oil",13.14,L,"Production Batch Processing","Biscocho Chips"
2026-07-27,"Garlic",181.18,g,"Production Batch Processing","Kibets (Crispy Chiton)"
2026-07-27,"Ground Pepper",46.45,g,"Production Batch Processing","Binayong Hipon"
2026-07-27,"Honey",380.36,ml,"Production Batch Processing","Crispy Bucheron"
2026-07-27,"Loaf Bread",5.77,pcs,"Production Batch Processing","Salted Banana Chips"
2026-07-27,"Onion",294.69,g,"Production Batch Processing","Creamy Peanut Butter"
2026-07-27,"Oyster Sauce",107.14,ml,"Production Batch Processing","Crunchy Peanut Butter"
2026-07-27,"Peanuts",1859.67,g,"Production Batch Processing","Biscocho Chips"
2026-07-27,"Pork",904.73,g,"Production Batch Processing","Kibets (Crispy Chiton)"
2026-07-27,"Pork Skin",1984.84,g,"Production Batch Processing","Binayong Hipon"
2026-07-27,"Raw Bananas",2452.27,g,"Production Batch Processing","Crispy Bucheron"
2026-07-27,"Salt",189.45,g,"Production Batch Processing","Salted Banana Chips"
2026-07-27,"Sea Salt",103.52,g,"Production Batch Processing","Creamy Peanut Butter"
2026-07-27,"Sesame Oil",71.15,ml,"Production Batch Processing","Crunchy Peanut Butter"
2026-07-27,"Small Shrimp",2539.85,g,"Production Batch Processing","Biscocho Chips"
2026-07-27,"Soy Sauce",161.73,ml,"Production Batch Processing","Kibets (Crispy Chiton)"
2026-07-27,"Spring Onion",117.32,g,"Production Batch Processing","Binayong Hipon"
2026-07-27,"Sugar",463.31,g,"Production Batch Processing","Crispy Bucheron"
2026-07-27,"Turmeric Powder",54.72,g,"Production Batch Processing","Salted Banana Chips"
2026-07-27,"Water",38.43,L,"Production Batch Processing","Creamy Peanut Butter"
2026-07-28,"Bell Pepper",124.88,g,"Production Batch Processing","Kibets (Crispy Chiton)"
2026-07-28,"Butter/Margarine",432.95,g,"Production Batch Processing","Binayong Hipon"
2026-07-28,"Cabbage",315.36,g,"Production Batch Processing","Crispy Bucheron"
2026-07-28,"Carrots",237.79,g,"Production Batch Processing","Salted Banana Chips"
2026-07-28,"Chicken",959.34,g,"Production Batch Processing","Creamy Peanut Butter"
2026-07-28,"Chiton",1615.94,g,"Production Batch Processing","Crunchy Peanut Butter"
2026-07-28,"Cooking Oil",12.27,L,"Production Batch Processing","Biscocho Chips"
2026-07-28,"Garlic",200.49,g,"Production Batch Processing","Kibets (Crispy Chiton)"
2026-07-28,"Ground Pepper",44.05,g,"Production Batch Processing","Binayong Hipon"
2026-07-28,"Honey",375.47,ml,"Production Batch Processing","Crispy Bucheron"
2026-07-28,"Loaf Bread",6.38,pcs,"Production Batch Processing","Salted Banana Chips"
2026-07-28,"Onion",274.15,g,"Production Batch Processing","Creamy Peanut Butter"
2026-07-28,"Oyster Sauce",105.13,ml,"Production Batch Processing","Crunchy Peanut Butter"
2026-07-28,"Peanuts",1917.42,g,"Production Batch Processing","Biscocho Chips"
2026-07-28,"Pork",1009.96,g,"Production Batch Processing","Kibets (Crispy Chiton)"
2026-07-28,"Pork Skin",1647.28,g,"Production Batch Processing","Binayong Hipon"
2026-07-28,"Raw Bananas",2537.84,g,"Production Batch Processing","Crispy Bucheron"
2026-07-28,"Salt",187.92,g,"Production Batch Processing","Salted Banana Chips"
2026-07-28,"Sea Salt",92.02,g,"Production Batch Processing","Creamy Peanut Butter"
2026-07-28,"Sesame Oil",61.81,ml,"Production Batch Processing","Crunchy Peanut Butter"
2026-07-28,"Small Shrimp",2223.36,g,"Production Batch Processing","Biscocho Chips"
2026-07-28,"Soy Sauce",142.69,ml,"Production Batch Processing","Kibets (Crispy Chiton)"
2026-07-28,"Spring Onion",97.5,g,"Production Batch Processing","Binayong Hipon"
2026-07-28,"Sugar",420.83,g,"Production Batch Processing","Crispy Bucheron"
2026-07-28,"Turmeric Powder",54.65,g,"Production Batch Processing","Salted Banana Chips"
2026-07-28,"Water",37.57,L,"Production Batch Processing","Creamy Peanut Butter"
2026-07-29,"Bell Pepper",109.81,g,"Production Batch Processing","Kibets (Crispy Chiton)"
2026-07-29,"Butter/Margarine",491.02,g,"Production Batch Processing","Binayong Hipon"
2026-07-29,"Cabbage",308.56,g,"Production Batch Processing","Crispy Bucheron"
2026-07-29,"Carrots",234.05,g,"Production Batch Processing","Salted Banana Chips"
2026-07-29,"Chicken",936.57,g,"Production Batch Processing","Creamy Peanut Butter"
2026-07-29,"Chiton",1456.16,g,"Production Batch Processing","Crunchy Peanut Butter"
2026-07-29,"Cooking Oil",11.91,L,"Production Batch Processing","Biscocho Chips"
2026-07-29,"Garlic",166.6,g,"Production Batch Processing","Kibets (Crispy Chiton)"
2026-07-29,"Ground Pepper",49.29,g,"Production Batch Processing","Binayong Hipon"
2026-07-29,"Honey",324.07,ml,"Production Batch Processing","Crispy Bucheron"
2026-07-29,"Loaf Bread",5.35,pcs,"Production Batch Processing","Salted Banana Chips"
2026-07-29,"Onion",263.93,g,"Production Batch Processing","Creamy Peanut Butter"
2026-07-29,"Oyster Sauce",105.27,ml,"Production Batch Processing","Crunchy Peanut Butter"
2026-07-29,"Peanuts",2183.28,g,"Production Batch Processing","Biscocho Chips"
2026-07-29,"Pork",885.14,g,"Production Batch Processing","Kibets (Crispy Chiton)"
2026-07-29,"Pork Skin",1722.79,g,"Production Batch Processing","Binayong Hipon"
2026-07-29,"Raw Bananas",2325.92,g,"Production Batch Processing","Crispy Bucheron"
2026-07-29,"Salt",186.25,g,"Production Batch Processing","Salted Banana Chips"
2026-07-29,"Sea Salt",86.84,g,"Production Batch Processing","Creamy Peanut Butter"
2026-07-29,"Sesame Oil",62.43,ml,"Production Batch Processing","Crunchy Peanut Butter"
2026-07-29,"Small Shrimp",2121.68,g,"Production Batch Processing","Biscocho Chips"
2026-07-29,"Soy Sauce",149.64,ml,"Production Batch Processing","Kibets (Crispy Chiton)"
2026-07-29,"Spring Onion",110.73,g,"Production Batch Processing","Binayong Hipon"
2026-07-29,"Sugar",421.92,g,"Production Batch Processing","Crispy Bucheron"
2026-07-29,"Turmeric Powder",48.69,g,"Production Batch Processing","Salted Banana Chips"
2026-07-29,"Water",35.97,L,"Production Batch Processing","Creamy Peanut Butter"
2026-07-30,"Bell Pepper",107.05,g,"Production Batch Processing","Kibets (Crispy Chiton)"
2026-07-30,"Butter/Margarine",474.73,g,"Production Batch Processing","Binayong Hipon"
2026-07-30,"Cabbage",272.09,g,"Production Batch Processing","Crispy Bucheron"
2026-07-30,"Carrots",204.81,g,"Production Batch Processing","Salted Banana Chips"
2026-07-30,"Chicken",914.56,g,"Production Batch Processing","Creamy Peanut Butter"
2026-07-30,"Chiton",1788.37,g,"Production Batch Processing","Crunchy Peanut Butter"
2026-07-30,"Cooking Oil",11.29,L,"Production Batch Processing","Biscocho Chips"
2026-07-30,"Garlic",158.82,g,"Production Batch Processing","Kibets (Crispy Chiton)"
2026-07-30,"Ground Pepper",46.96,g,"Production Batch Processing","Binayong Hipon"
2026-07-30,"Honey",322.09,ml,"Production Batch Processing","Crispy Bucheron"
2026-07-30,"Loaf Bread",5.4,pcs,"Production Batch Processing","Salted Banana Chips"
2026-07-30,"Onion",261.06,g,"Production Batch Processing","Creamy Peanut Butter"
2026-07-30,"Oyster Sauce",114.6,ml,"Production Batch Processing","Crunchy Peanut Butter"
2026-07-30,"Peanuts",2339.07,g,"Production Batch Processing","Biscocho Chips"
2026-07-30,"Pork",988.65,g,"Production Batch Processing","Kibets (Crispy Chiton)"
2026-07-30,"Pork Skin",1729.12,g,"Production Batch Processing","Binayong Hipon"
2026-07-30,"Raw Bananas",2467.95,g,"Production Batch Processing","Crispy Bucheron"
2026-07-30,"Salt",204.62,g,"Production Batch Processing","Salted Banana Chips"
2026-07-30,"Sea Salt",103.44,g,"Production Batch Processing","Creamy Peanut Butter"
2026-07-30,"Sesame Oil",67.3,ml,"Production Batch Processing","Crunchy Peanut Butter"
2026-07-30,"Small Shrimp",2221.82,g,"Production Batch Processing","Biscocho Chips"
2026-07-30,"Soy Sauce",164.47,ml,"Production Batch Processing","Kibets (Crispy Chiton)"
2026-07-30,"Spring Onion",97.81,g,"Production Batch Processing","Binayong Hipon"
2026-07-30,"Sugar",400.81,g,"Production Batch Processing","Crispy Bucheron"
2026-07-30,"Turmeric Powder",49.62,g,"Production Batch Processing","Salted Banana Chips"
2026-07-30,"Water",32.43,L,"Production Batch Processing","Creamy Peanut Butter"
2026-07-31,"Bell Pepper",127.63,g,"Production Batch Processing","Kibets (Crispy Chiton)"
2026-07-31,"Butter/Margarine",463.64,g,"Production Batch Processing","Binayong Hipon"
2026-07-31,"Cabbage",298.45,g,"Production Batch Processing","Crispy Bucheron"
2026-07-31,"Carrots",218.68,g,"Production Batch Processing","Salted Banana Chips"
2026-07-31,"Chicken",853.05,g,"Production Batch Processing","Creamy Peanut Butter"
2026-07-31,"Chiton",1811.05,g,"Production Batch Processing","Crunchy Peanut Butter"
2026-07-31,"Cooking Oil",12.14,L,"Production Batch Processing","Biscocho Chips"
2026-07-31,"Garlic",187.44,g,"Production Batch Processing","Kibets (Crispy Chiton)"
2026-07-31,"Ground Pepper",48.59,g,"Production Batch Processing","Binayong Hipon"
2026-07-31,"Honey",343.31,ml,"Production Batch Processing","Crispy Bucheron"
2026-07-31,"Loaf Bread",6.08,pcs,"Production Batch Processing","Salted Banana Chips"
2026-07-31,"Onion",279.31,g,"Production Batch Processing","Creamy Peanut Butter"
2026-07-31,"Oyster Sauce",107,ml,"Production Batch Processing","Crunchy Peanut Butter"
2026-07-31,"Peanuts",2167.81,g,"Production Batch Processing","Biscocho Chips"
2026-07-31,"Pork",845.52,g,"Production Batch Processing","Kibets (Crispy Chiton)"
2026-07-31,"Pork Skin",1866.16,g,"Production Batch Processing","Binayong Hipon"
2026-07-31,"Raw Bananas",2662.31,g,"Production Batch Processing","Crispy Bucheron"
2026-07-31,"Salt",184.09,g,"Production Batch Processing","Salted Banana Chips"
2026-07-31,"Sea Salt",95.07,g,"Production Batch Processing","Creamy Peanut Butter"
2026-07-31,"Sesame Oil",66.31,ml,"Production Batch Processing","Crunchy Peanut Butter"
2026-07-31,"Small Shrimp",2154.57,g,"Production Batch Processing","Biscocho Chips"
2026-07-31,"Soy Sauce",170.88,ml,"Production Batch Processing","Kibets (Crispy Chiton)"
2026-07-31,"Spring Onion",111.19,g,"Production Batch Processing","Binayong Hipon"
2026-07-31,"Sugar",407.5,g,"Production Batch Processing","Crispy Bucheron"
2026-07-31,"Turmeric Powder",49.16,g,"Production Batch Processing","Salted Banana Chips"
2026-07-31,"Water",37.56,L,"Production Batch Processing","Creamy Peanut Butter"
2026-08-01,"Bell Pepper",146.63,g,"Production Batch Processing","Kibets (Crispy Chiton)"
2026-08-01,"Butter/Margarine",596.21,g,"Production Batch Processing","Binayong Hipon"
2026-08-01,"Cabbage",388.08,g,"Production Batch Processing","Crispy Bucheron"
2026-08-01,"Carrots",304.52,g,"Production Batch Processing","Salted Banana Chips"
2026-08-01,"Chicken",1141.21,g,"Production Batch Processing","Creamy Peanut Butter"
2026-08-01,"Chiton",2258.31,g,"Production Batch Processing","Crunchy Peanut Butter"
2026-08-01,"Cooking Oil",16.91,L,"Production Batch Processing","Biscocho Chips"
2026-08-01,"Garlic",243.88,g,"Production Batch Processing","Kibets (Crispy Chiton)"
2026-08-01,"Ground Pepper",54.46,g,"Production Batch Processing","Binayong Hipon"
2026-08-01,"Honey",425.93,ml,"Production Batch Processing","Crispy Bucheron"
2026-08-01,"Loaf Bread",8.43,pcs,"Production Batch Processing","Salted Banana Chips"
2026-08-01,"Onion",395.86,g,"Production Batch Processing","Creamy Peanut Butter"
2026-08-01,"Oyster Sauce",143.36,ml,"Production Batch Processing","Crunchy Peanut Butter"
2026-08-01,"Peanuts",2659.64,g,"Production Batch Processing","Biscocho Chips"
2026-08-01,"Pork",1368.85,g,"Production Batch Processing","Kibets (Crispy Chiton)"
2026-08-01,"Pork Skin",2516.11,g,"Production Batch Processing","Binayong Hipon"
2026-08-01,"Raw Bananas",3592.73,g,"Production Batch Processing","Crispy Bucheron"
2026-08-01,"Salt",246.91,g,"Production Batch Processing","Salted Banana Chips"
2026-08-01,"Sea Salt",141.66,g,"Production Batch Processing","Creamy Peanut Butter"
2026-08-01,"Sesame Oil",95.86,ml,"Production Batch Processing","Crunchy Peanut Butter"
2026-08-01,"Small Shrimp",3227.18,g,"Production Batch Processing","Biscocho Chips"
2026-08-01,"Soy Sauce",226.46,ml,"Production Batch Processing","Kibets (Crispy Chiton)"
2026-08-01,"Spring Onion",143.79,g,"Production Batch Processing","Binayong Hipon"
2026-08-01,"Sugar",623.78,g,"Production Batch Processing","Crispy Bucheron"
2026-08-01,"Turmeric Powder",75.65,g,"Production Batch Processing","Salted Banana Chips"
2026-08-01,"Water",51.1,L,"Production Batch Processing","Creamy Peanut Butter"
2026-08-02,"Bell Pepper",164.4,g,"Production Batch Processing","Kibets (Crispy Chiton)"
2026-08-02,"Butter/Margarine",640.57,g,"Production Batch Processing","Binayong Hipon"
2026-08-02,"Cabbage",370.58,g,"Production Batch Processing","Crispy Bucheron"
2026-08-02,"Carrots",278.37,g,"Production Batch Processing","Salted Banana Chips"
2026-08-02,"Chicken",1198.45,g,"Production Batch Processing","Creamy Peanut Butter"
2026-08-02,"Chiton",2405.9,g,"Production Batch Processing","Crunchy Peanut Butter"
2026-08-02,"Cooking Oil",17.58,L,"Production Batch Processing","Biscocho Chips"
2026-08-02,"Garlic",244.35,g,"Production Batch Processing","Kibets (Crispy Chiton)"
2026-08-02,"Ground Pepper",59.63,g,"Production Batch Processing","Binayong Hipon"
2026-08-02,"Honey",432.89,ml,"Production Batch Processing","Crispy Bucheron"
2026-08-02,"Loaf Bread",7.47,pcs,"Production Batch Processing","Salted Banana Chips"
2026-08-02,"Onion",353.79,g,"Production Batch Processing","Creamy Peanut Butter"
2026-08-02,"Oyster Sauce",145.25,ml,"Production Batch Processing","Crunchy Peanut Butter"
2026-08-02,"Peanuts",2946.31,g,"Production Batch Processing","Biscocho Chips"
2026-08-02,"Pork",1140.49,g,"Production Batch Processing","Kibets (Crispy Chiton)"
2026-08-02,"Pork Skin",2591.06,g,"Production Batch Processing","Binayong Hipon"
2026-08-02,"Raw Bananas",3878.81,g,"Production Batch Processing","Crispy Bucheron"
2026-08-02,"Salt",237.31,g,"Production Batch Processing","Salted Banana Chips"
2026-08-02,"Sea Salt",126.28,g,"Production Batch Processing","Creamy Peanut Butter"
2026-08-02,"Sesame Oil",80.96,ml,"Production Batch Processing","Crunchy Peanut Butter"
2026-08-02,"Small Shrimp",3135.3,g,"Production Batch Processing","Biscocho Chips"
2026-08-02,"Soy Sauce",205.94,ml,"Production Batch Processing","Kibets (Crispy Chiton)"
2026-08-02,"Spring Onion",130.89,g,"Production Batch Processing","Binayong Hipon"
2026-08-02,"Sugar",580.4,g,"Production Batch Processing","Crispy Bucheron"
2026-08-02,"Turmeric Powder",75.16,g,"Production Batch Processing","Salted Banana Chips"
2026-08-02,"Water",45.38,L,"Production Batch Processing","Creamy Peanut Butter"
2026-08-03,"Bell Pepper",112.42,g,"Production Batch Processing","Kibets (Crispy Chiton)"
2026-08-03,"Butter/Margarine",445.21,g,"Production Batch Processing","Binayong Hipon"
2026-08-03,"Cabbage",321.79,g,"Production Batch Processing","Crispy Bucheron"
2026-08-03,"Carrots",223.25,g,"Production Batch Processing","Salted Banana Chips"
2026-08-03,"Chicken",1034.76,g,"Production Batch Processing","Creamy Peanut Butter"
2026-08-03,"Chiton",1500.21,g,"Production Batch Processing","Crunchy Peanut Butter"
2026-08-03,"Cooking Oil",12.26,L,"Production Batch Processing","Biscocho Chips"
2026-08-03,"Garlic",200.25,g,"Production Batch Processing","Kibets (Crispy Chiton)"
2026-08-03,"Ground Pepper",42.67,g,"Production Batch Processing","Binayong Hipon"
2026-08-03,"Honey",333.53,ml,"Production Batch Processing","Crispy Bucheron"
2026-08-03,"Loaf Bread",6.36,pcs,"Production Batch Processing","Salted Banana Chips"
2026-08-03,"Onion",256.83,g,"Production Batch Processing","Creamy Peanut Butter"
2026-08-03,"Oyster Sauce",102.84,ml,"Production Batch Processing","Crunchy Peanut Butter"
2026-08-03,"Peanuts",2073.51,g,"Production Batch Processing","Biscocho Chips"
2026-08-03,"Pork",975.54,g,"Production Batch Processing","Kibets (Crispy Chiton)"
2026-08-03,"Pork Skin",1617.44,g,"Production Batch Processing","Binayong Hipon"
2026-08-03,"Raw Bananas",2617.42,g,"Production Batch Processing","Crispy Bucheron"
2026-08-03,"Salt",183.45,g,"Production Batch Processing","Salted Banana Chips"
2026-08-03,"Sea Salt",97.96,g,"Production Batch Processing","Creamy Peanut Butter"
2026-08-03,"Sesame Oil",57.35,ml,"Production Batch Processing","Crunchy Peanut Butter"
2026-08-03,"Small Shrimp",2302.84,g,"Production Batch Processing","Biscocho Chips"
2026-08-03,"Soy Sauce",158.5,ml,"Production Batch Processing","Kibets (Crispy Chiton)"
2026-08-03,"Spring Onion",118.49,g,"Production Batch Processing","Binayong Hipon"
2026-08-03,"Sugar",389.01,g,"Production Batch Processing","Crispy Bucheron"
2026-08-03,"Turmeric Powder",54.83,g,"Production Batch Processing","Salted Banana Chips"
2026-08-03,"Water",37.18,L,"Production Batch Processing","Creamy Peanut Butter"
2026-08-04,"Bell Pepper",113.26,g,"Production Batch Processing","Kibets (Crispy Chiton)"
2026-08-04,"Butter/Margarine",448.42,g,"Production Batch Processing","Binayong Hipon"
2026-08-04,"Cabbage",272.68,g,"Production Batch Processing","Crispy Bucheron"
2026-08-04,"Carrots",217.7,g,"Production Batch Processing","Salted Banana Chips"
2026-08-04,"Chicken",1051.37,g,"Production Batch Processing","Creamy Peanut Butter"
2026-08-04,"Chiton",1841.38,g,"Production Batch Processing","Crunchy Peanut Butter"
2026-08-04,"Cooking Oil",11.53,L,"Production Batch Processing","Biscocho Chips"
2026-08-04,"Garlic",176.07,g,"Production Batch Processing","Kibets (Crispy Chiton)"
2026-08-04,"Ground Pepper",47.32,g,"Production Batch Processing","Binayong Hipon"
2026-08-04,"Honey",353.9,ml,"Production Batch Processing","Crispy Bucheron"
2026-08-04,"Loaf Bread",5.32,pcs,"Production Batch Processing","Salted Banana Chips"
2026-08-04,"Onion",286.78,g,"Production Batch Processing","Creamy Peanut Butter"
2026-08-04,"Oyster Sauce",120.96,ml,"Production Batch Processing","Crunchy Peanut Butter"
2026-08-04,"Peanuts",2139.16,g,"Production Batch Processing","Biscocho Chips"
2026-08-04,"Pork",972.01,g,"Production Batch Processing","Kibets (Crispy Chiton)"
2026-08-04,"Pork Skin",1876.04,g,"Production Batch Processing","Binayong Hipon"
2026-08-04,"Raw Bananas",2595.33,g,"Production Batch Processing","Crispy Bucheron"
2026-08-04,"Salt",198.05,g,"Production Batch Processing","Salted Banana Chips"
2026-08-04,"Sea Salt",93.84,g,"Production Batch Processing","Creamy Peanut Butter"
2026-08-04,"Sesame Oil",64.3,ml,"Production Batch Processing","Crunchy Peanut Butter"
2026-08-04,"Small Shrimp",2663.12,g,"Production Batch Processing","Biscocho Chips"
2026-08-04,"Soy Sauce",147.25,ml,"Production Batch Processing","Kibets (Crispy Chiton)"
2026-08-04,"Spring Onion",102.43,g,"Production Batch Processing","Binayong Hipon"
2026-08-04,"Sugar",411.1,g,"Production Batch Processing","Crispy Bucheron"
2026-08-04,"Turmeric Powder",48.75,g,"Production Batch Processing","Salted Banana Chips"
2026-08-04,"Water",35.67,L,"Production Batch Processing","Creamy Peanut Butter"
2026-08-05,"Bell Pepper",123.27,g,"Production Batch Processing","Kibets (Crispy Chiton)"
2026-08-05,"Butter/Margarine",434.76,g,"Production Batch Processing","Binayong Hipon"
2026-08-05,"Cabbage",287.4,g,"Production Batch Processing","Crispy Bucheron"
2026-08-05,"Carrots",232.42,g,"Production Batch Processing","Salted Banana Chips"
2026-08-05,"Chicken",933.94,g,"Production Batch Processing","Creamy Peanut Butter"
2026-08-05,"Chiton",1773.21,g,"Production Batch Processing","Crunchy Peanut Butter"
2026-08-05,"Cooking Oil",12.07,L,"Production Batch Processing","Biscocho Chips"
2026-08-05,"Garlic",185.8,g,"Production Batch Processing","Kibets (Crispy Chiton)"
2026-08-05,"Ground Pepper",43.48,g,"Production Batch Processing","Binayong Hipon"
2026-08-05,"Honey",310.02,ml,"Production Batch Processing","Crispy Bucheron"
2026-08-05,"Loaf Bread",5.81,pcs,"Production Batch Processing","Salted Banana Chips"
2026-08-05,"Onion",266.51,g,"Production Batch Processing","Creamy Peanut Butter"
2026-08-05,"Oyster Sauce",100.89,ml,"Production Batch Processing","Crunchy Peanut Butter"
2026-08-05,"Peanuts",2131.81,g,"Production Batch Processing","Biscocho Chips"
2026-08-05,"Pork",907.67,g,"Production Batch Processing","Kibets (Crispy Chiton)"
2026-08-05,"Pork Skin",1839.88,g,"Production Batch Processing","Binayong Hipon"
2026-08-05,"Raw Bananas",2409.12,g,"Production Batch Processing","Crispy Bucheron"
2026-08-05,"Salt",181.21,g,"Production Batch Processing","Salted Banana Chips"
2026-08-05,"Sea Salt",97.43,g,"Production Batch Processing","Creamy Peanut Butter"
2026-08-05,"Sesame Oil",68.65,ml,"Production Batch Processing","Crunchy Peanut Butter"
2026-08-05,"Small Shrimp",2464.43,g,"Production Batch Processing","Biscocho Chips"
2026-08-05,"Soy Sauce",149.92,ml,"Production Batch Processing","Kibets (Crispy Chiton)"
2026-08-05,"Spring Onion",116.39,g,"Production Batch Processing","Binayong Hipon"
2026-08-05,"Sugar",420.14,g,"Production Batch Processing","Crispy Bucheron"
2026-08-05,"Turmeric Powder",58.78,g,"Production Batch Processing","Salted Banana Chips"
2026-08-05,"Water",33.08,L,"Production Batch Processing","Creamy Peanut Butter"
2026-08-06,"Bell Pepper",110.19,g,"Production Batch Processing","Kibets (Crispy Chiton)"
2026-08-06,"Butter/Margarine",501.37,g,"Production Batch Processing","Binayong Hipon"
2026-08-06,"Cabbage",286.92,g,"Production Batch Processing","Crispy Bucheron"
2026-08-06,"Carrots",196.68,g,"Production Batch Processing","Salted Banana Chips"
2026-08-06,"Chicken",925.81,g,"Production Batch Processing","Creamy Peanut Butter"
2026-08-06,"Chiton",1807.17,g,"Production Batch Processing","Crunchy Peanut Butter"
2026-08-06,"Cooking Oil",11.16,L,"Production Batch Processing","Biscocho Chips"
2026-08-06,"Garlic",162.01,g,"Production Batch Processing","Kibets (Crispy Chiton)"
2026-08-06,"Ground Pepper",45.45,g,"Production Batch Processing","Binayong Hipon"
2026-08-06,"Honey",339.8,ml,"Production Batch Processing","Crispy Bucheron"
2026-08-06,"Loaf Bread",6.04,pcs,"Production Batch Processing","Salted Banana Chips"
2026-08-06,"Onion",310.91,g,"Production Batch Processing","Creamy Peanut Butter"
2026-08-06,"Oyster Sauce",115.72,ml,"Production Batch Processing","Crunchy Peanut Butter"
2026-08-06,"Peanuts",2243.76,g,"Production Batch Processing","Biscocho Chips"
2026-08-06,"Pork",834.94,g,"Production Batch Processing","Kibets (Crispy Chiton)"
2026-08-06,"Pork Skin",1679.8,g,"Production Batch Processing","Binayong Hipon"
2026-08-06,"Raw Bananas",2434.24,g,"Production Batch Processing","Crispy Bucheron"
2026-08-06,"Salt",182.83,g,"Production Batch Processing","Salted Banana Chips"
2026-08-06,"Sea Salt",88.5,g,"Production Batch Processing","Creamy Peanut Butter"
2026-08-06,"Sesame Oil",61.25,ml,"Production Batch Processing","Crunchy Peanut Butter"
2026-08-06,"Small Shrimp",2645.74,g,"Production Batch Processing","Biscocho Chips"
2026-08-06,"Soy Sauce",162.18,ml,"Production Batch Processing","Kibets (Crispy Chiton)"
2026-08-06,"Spring Onion",117.22,g,"Production Batch Processing","Binayong Hipon"
2026-08-06,"Sugar",395.14,g,"Production Batch Processing","Crispy Bucheron"
2026-08-06,"Turmeric Powder",55.43,g,"Production Batch Processing","Salted Banana Chips"
2026-08-06,"Water",34.12,L,"Production Batch Processing","Creamy Peanut Butter"
2026-08-07,"Bell Pepper",126.92,g,"Production Batch Processing","Kibets (Crispy Chiton)"
2026-08-07,"Butter/Margarine",468.65,g,"Production Batch Processing","Binayong Hipon"
2026-08-07,"Cabbage",283.82,g,"Production Batch Processing","Crispy Bucheron"
2026-08-07,"Carrots",242.48,g,"Production Batch Processing","Salted Banana Chips"
2026-08-07,"Chicken",964.29,g,"Production Batch Processing","Creamy Peanut Butter"
2026-08-07,"Chiton",1539,g,"Production Batch Processing","Crunchy Peanut Butter"
2026-08-07,"Cooking Oil",12.22,L,"Production Batch Processing","Biscocho Chips"
2026-08-07,"Garlic",195.88,g,"Production Batch Processing","Kibets (Crispy Chiton)"
2026-08-07,"Ground Pepper",49.36,g,"Production Batch Processing","Binayong Hipon"
2026-08-07,"Honey",316.23,ml,"Production Batch Processing","Crispy Bucheron"
2026-08-07,"Loaf Bread",5.74,pcs,"Production Batch Processing","Salted Banana Chips"
2026-08-07,"Onion",286.75,g,"Production Batch Processing","Creamy Peanut Butter"
2026-08-07,"Oyster Sauce",117.76,ml,"Production Batch Processing","Crunchy Peanut Butter"
2026-08-07,"Peanuts",1906.18,g,"Production Batch Processing","Biscocho Chips"
2026-08-07,"Pork",933.39,g,"Production Batch Processing","Kibets (Crispy Chiton)"
2026-08-07,"Pork Skin",2007.77,g,"Production Batch Processing","Binayong Hipon"
2026-08-07,"Raw Bananas",2599.43,g,"Production Batch Processing","Crispy Bucheron"
2026-08-07,"Salt",203.1,g,"Production Batch Processing","Salted Banana Chips"
2026-08-07,"Sea Salt",87.65,g,"Production Batch Processing","Creamy Peanut Butter"
2026-08-07,"Sesame Oil",62.26,ml,"Production Batch Processing","Crunchy Peanut Butter"
2026-08-07,"Small Shrimp",2307.82,g,"Production Batch Processing","Biscocho Chips"
2026-08-07,"Soy Sauce",141.13,ml,"Production Batch Processing","Kibets (Crispy Chiton)"
2026-08-07,"Spring Onion",100.88,g,"Production Batch Processing","Binayong Hipon"
2026-08-07,"Sugar",466.14,g,"Production Batch Processing","Crispy Bucheron"
2026-08-07,"Turmeric Powder",57.75,g,"Production Batch Processing","Salted Banana Chips"
2026-08-07,"Water",36.29,L,"Production Batch Processing","Creamy Peanut Butter"
2026-08-08,"Bell Pepper",181.34,g,"Production Batch Processing","Kibets (Crispy Chiton)"
2026-08-08,"Butter/Margarine",673.25,g,"Production Batch Processing","Binayong Hipon"
2026-08-08,"Cabbage",359.71,g,"Production Batch Processing","Crispy Bucheron"
2026-08-08,"Carrots",289.16,g,"Production Batch Processing","Salted Banana Chips"
2026-08-08,"Chicken",1293.72,g,"Production Batch Processing","Creamy Peanut Butter"
2026-08-08,"Chiton",1997.2,g,"Production Batch Processing","Crunchy Peanut Butter"
2026-08-08,"Cooking Oil",17.56,L,"Production Batch Processing","Biscocho Chips"
2026-08-08,"Garlic",215.84,g,"Production Batch Processing","Kibets (Crispy Chiton)"
2026-08-08,"Ground Pepper",63.86,g,"Production Batch Processing","Binayong Hipon"
2026-08-08,"Honey",451.71,ml,"Production Batch Processing","Crispy Bucheron"
2026-08-08,"Loaf Bread",7.89,pcs,"Production Batch Processing","Salted Banana Chips"
2026-08-08,"Onion",362.83,g,"Production Batch Processing","Creamy Peanut Butter"
2026-08-08,"Oyster Sauce",150.21,ml,"Production Batch Processing","Crunchy Peanut Butter"
2026-08-08,"Peanuts",2592.96,g,"Production Batch Processing","Biscocho Chips"
2026-08-08,"Pork",1311.36,g,"Production Batch Processing","Kibets (Crispy Chiton)"
2026-08-08,"Pork Skin",2455.13,g,"Production Batch Processing","Binayong Hipon"
2026-08-08,"Raw Bananas",3306.25,g,"Production Batch Processing","Crispy Bucheron"
2026-08-08,"Salt",247.53,g,"Production Batch Processing","Salted Banana Chips"
2026-08-08,"Sea Salt",128.29,g,"Production Batch Processing","Creamy Peanut Butter"
2026-08-08,"Sesame Oil",78.78,ml,"Production Batch Processing","Crunchy Peanut Butter"
2026-08-08,"Small Shrimp",3429.2,g,"Production Batch Processing","Biscocho Chips"
2026-08-08,"Soy Sauce",233.46,ml,"Production Batch Processing","Kibets (Crispy Chiton)"
2026-08-08,"Spring Onion",153.27,g,"Production Batch Processing","Binayong Hipon"
2026-08-08,"Sugar",622.1,g,"Production Batch Processing","Crispy Bucheron"
2026-08-08,"Turmeric Powder",67.07,g,"Production Batch Processing","Salted Banana Chips"
2026-08-08,"Water",42.28,L,"Production Batch Processing","Creamy Peanut Butter"
2026-08-09,"Bell Pepper",162.17,g,"Production Batch Processing","Kibets (Crispy Chiton)"
2026-08-09,"Butter/Margarine",605.08,g,"Production Batch Processing","Binayong Hipon"
2026-08-09,"Cabbage",416.73,g,"Production Batch Processing","Crispy Bucheron"
2026-08-09,"Carrots",294.43,g,"Production Batch Processing","Salted Banana Chips"
2026-08-09,"Chicken",1262.42,g,"Production Batch Processing","Creamy Peanut Butter"
2026-08-09,"Chiton",2257.65,g,"Production Batch Processing","Crunchy Peanut Butter"
2026-08-09,"Cooking Oil",15.19,L,"Production Batch Processing","Biscocho Chips"
2026-08-09,"Garlic",232.37,g,"Production Batch Processing","Kibets (Crispy Chiton)"
2026-08-09,"Ground Pepper",62.37,g,"Production Batch Processing","Binayong Hipon"
2026-08-09,"Honey",501.21,ml,"Production Batch Processing","Crispy Bucheron"
2026-08-09,"Loaf Bread",8.41,pcs,"Production Batch Processing","Salted Banana Chips"
2026-08-09,"Onion",415.68,g,"Production Batch Processing","Creamy Peanut Butter"
2026-08-09,"Oyster Sauce",163.01,ml,"Production Batch Processing","Crunchy Peanut Butter"
2026-08-09,"Peanuts",2582.43,g,"Production Batch Processing","Biscocho Chips"
2026-08-09,"Pork",1267.26,g,"Production Batch Processing","Kibets (Crispy Chiton)"
2026-08-09,"Pork Skin",2216.57,g,"Production Batch Processing","Binayong Hipon"
2026-08-09,"Raw Bananas",3641.13,g,"Production Batch Processing","Crispy Bucheron"
2026-08-09,"Salt",247.3,g,"Production Batch Processing","Salted Banana Chips"
2026-08-09,"Sea Salt",127.96,g,"Production Batch Processing","Creamy Peanut Butter"
2026-08-09,"Sesame Oil",97.12,ml,"Production Batch Processing","Crunchy Peanut Butter"
2026-08-09,"Small Shrimp",3380.1,g,"Production Batch Processing","Biscocho Chips"
2026-08-09,"Soy Sauce",205.36,ml,"Production Batch Processing","Kibets (Crispy Chiton)"
2026-08-09,"Spring Onion",141.34,g,"Production Batch Processing","Binayong Hipon"
2026-08-09,"Sugar",582.86,g,"Production Batch Processing","Crispy Bucheron"
2026-08-09,"Turmeric Powder",82.22,g,"Production Batch Processing","Salted Banana Chips"
2026-08-09,"Water",52.76,L,"Production Batch Processing","Creamy Peanut Butter"
2026-08-10,"Bell Pepper",120.25,g,"Production Batch Processing","Kibets (Crispy Chiton)"
2026-08-10,"Butter/Margarine",453.7,g,"Production Batch Processing","Binayong Hipon"
2026-08-10,"Cabbage",309.65,g,"Production Batch Processing","Crispy Bucheron"
2026-08-10,"Carrots",221.11,g,"Production Batch Processing","Salted Banana Chips"
2026-08-10,"Chicken",1038.79,g,"Production Batch Processing","Creamy Peanut Butter"
2026-08-10,"Chiton",1804.51,g,"Production Batch Processing","Crunchy Peanut Butter"
2026-08-10,"Cooking Oil",13.38,L,"Production Batch Processing","Biscocho Chips"
2026-08-10,"Garlic",179.53,g,"Production Batch Processing","Kibets (Crispy Chiton)"
2026-08-10,"Ground Pepper",41.41,g,"Production Batch Processing","Binayong Hipon"
2026-08-10,"Honey",382.64,ml,"Production Batch Processing","Crispy Bucheron"
2026-08-10,"Loaf Bread",6.55,pcs,"Production Batch Processing","Salted Banana Chips"
2026-08-10,"Onion",285.79,g,"Production Batch Processing","Creamy Peanut Butter"
2026-08-10,"Oyster Sauce",99.28,ml,"Production Batch Processing","Crunchy Peanut Butter"
2026-08-10,"Peanuts",2014.27,g,"Production Batch Processing","Biscocho Chips"
2026-08-10,"Pork",1024.07,g,"Production Batch Processing","Kibets (Crispy Chiton)"
2026-08-10,"Pork Skin",1871.38,g,"Production Batch Processing","Binayong Hipon"
2026-08-10,"Raw Bananas",2492.5,g,"Production Batch Processing","Crispy Bucheron"
2026-08-10,"Salt",181.1,g,"Production Batch Processing","Salted Banana Chips"
2026-08-10,"Sea Salt",90.06,g,"Production Batch Processing","Creamy Peanut Butter"
2026-08-10,"Sesame Oil",71.75,ml,"Production Batch Processing","Crunchy Peanut Butter"
2026-08-10,"Small Shrimp",2667.54,g,"Production Batch Processing","Biscocho Chips"
2026-08-10,"Soy Sauce",169.16,ml,"Production Batch Processing","Kibets (Crispy Chiton)"
2026-08-10,"Spring Onion",117.24,g,"Production Batch Processing","Binayong Hipon"
2026-08-10,"Sugar",448.23,g,"Production Batch Processing","Crispy Bucheron"
2026-08-10,"Turmeric Powder",52.82,g,"Production Batch Processing","Salted Banana Chips"
2026-08-10,"Water",34.47,L,"Production Batch Processing","Creamy Peanut Butter"
2026-08-11,"Bell Pepper",125.92,g,"Production Batch Processing","Kibets (Crispy Chiton)"
2026-08-11,"Butter/Margarine",464.69,g,"Production Batch Processing","Binayong Hipon"
2026-08-11,"Cabbage",298.76,g,"Production Batch Processing","Crispy Bucheron"
2026-08-11,"Carrots",241.31,g,"Production Batch Processing","Salted Banana Chips"
2026-08-11,"Chicken",884.58,g,"Production Batch Processing","Creamy Peanut Butter"
2026-08-11,"Chiton",1660.23,g,"Production Batch Processing","Crunchy Peanut Butter"
2026-08-11,"Cooking Oil",13.13,L,"Production Batch Processing","Biscocho Chips"
2026-08-11,"Garlic",198.07,g,"Production Batch Processing","Kibets (Crispy Chiton)"
2026-08-11,"Ground Pepper",45.48,g,"Production Batch Processing","Binayong Hipon"
2026-08-11,"Honey",361.78,ml,"Production Batch Processing","Crispy Bucheron"
2026-08-11,"Loaf Bread",6.59,pcs,"Production Batch Processing","Salted Banana Chips"
2026-08-11,"Onion",257.19,g,"Production Batch Processing","Creamy Peanut Butter"
2026-08-11,"Oyster Sauce",108.41,ml,"Production Batch Processing","Crunchy Peanut Butter"
2026-08-11,"Peanuts",2232.07,g,"Production Batch Processing","Biscocho Chips"
2026-08-11,"Pork",876.99,g,"Production Batch Processing","Kibets (Crispy Chiton)"
2026-08-11,"Pork Skin",1777.82,g,"Production Batch Processing","Binayong Hipon"
2026-08-11,"Raw Bananas",2786.63,g,"Production Batch Processing","Crispy Bucheron"
2026-08-11,"Salt",204.1,g,"Production Batch Processing","Salted Banana Chips"
2026-08-11,"Sea Salt",87.01,g,"Production Batch Processing","Creamy Peanut Butter"
2026-08-11,"Sesame Oil",68.18,ml,"Production Batch Processing","Crunchy Peanut Butter"
2026-08-11,"Small Shrimp",2132.86,g,"Production Batch Processing","Biscocho Chips"
2026-08-11,"Soy Sauce",152.58,ml,"Production Batch Processing","Kibets (Crispy Chiton)"
2026-08-11,"Spring Onion",104.39,g,"Production Batch Processing","Binayong Hipon"
2026-08-11,"Sugar",403.63,g,"Production Batch Processing","Crispy Bucheron"
2026-08-11,"Turmeric Powder",51.04,g,"Production Batch Processing","Salted Banana Chips"
2026-08-11,"Water",35.46,L,"Production Batch Processing","Creamy Peanut Butter"
2026-08-12,"Bell Pepper",134.17,g,"Production Batch Processing","Kibets (Crispy Chiton)"
2026-08-12,"Butter/Margarine",401.01,g,"Production Batch Processing","Binayong Hipon"
2026-08-12,"Cabbage",331.32,g,"Production Batch Processing","Crispy Bucheron"
2026-08-12,"Carrots",240.1,g,"Production Batch Processing","Salted Banana Chips"
2026-08-12,"Chicken",898.91,g,"Production Batch Processing","Creamy Peanut Butter"
2026-08-12,"Chiton",1521.8,g,"Production Batch Processing","Crunchy Peanut Butter"
2026-08-12,"Cooking Oil",13.55,L,"Production Batch Processing","Biscocho Chips"
2026-08-12,"Garlic",166.24,g,"Production Batch Processing","Kibets (Crispy Chiton)"
2026-08-12,"Ground Pepper",46.31,g,"Production Batch Processing","Binayong Hipon"
2026-08-12,"Honey",326.71,ml,"Production Batch Processing","Crispy Bucheron"
2026-08-12,"Loaf Bread",5.84,pcs,"Production Batch Processing","Salted Banana Chips"
2026-08-12,"Onion",247.87,g,"Production Batch Processing","Creamy Peanut Butter"
2026-08-12,"Oyster Sauce",107.91,ml,"Production Batch Processing","Crunchy Peanut Butter"
2026-08-12,"Peanuts",2285.77,g,"Production Batch Processing","Biscocho Chips"
2026-08-12,"Pork",893.03,g,"Production Batch Processing","Kibets (Crispy Chiton)"
2026-08-12,"Pork Skin",1623.15,g,"Production Batch Processing","Binayong Hipon"
2026-08-12,"Raw Bananas",2353.45,g,"Production Batch Processing","Crispy Bucheron"
2026-08-12,"Salt",175.39,g,"Production Batch Processing","Salted Banana Chips"
2026-08-12,"Sea Salt",96.58,g,"Production Batch Processing","Creamy Peanut Butter"
2026-08-12,"Sesame Oil",72.54,ml,"Production Batch Processing","Crunchy Peanut Butter"
2026-08-12,"Small Shrimp",2521.86,g,"Production Batch Processing","Biscocho Chips"
2026-08-12,"Soy Sauce",151.44,ml,"Production Batch Processing","Kibets (Crispy Chiton)"
2026-08-12,"Spring Onion",96.85,g,"Production Batch Processing","Binayong Hipon"
2026-08-12,"Sugar",377.44,g,"Production Batch Processing","Crispy Bucheron"
2026-08-12,"Turmeric Powder",58.3,g,"Production Batch Processing","Salted Banana Chips"
2026-08-12,"Water",35.06,L,"Production Batch Processing","Creamy Peanut Butter"
2026-08-13,"Bell Pepper",123.75,g,"Production Batch Processing","Kibets (Crispy Chiton)"
2026-08-13,"Butter/Margarine",495.7,g,"Production Batch Processing","Binayong Hipon"
2026-08-13,"Cabbage",280.67,g,"Production Batch Processing","Crispy Bucheron"
2026-08-13,"Carrots",203.34,g,"Production Batch Processing","Salted Banana Chips"
2026-08-13,"Chicken",947.98,g,"Production Batch Processing","Creamy Peanut Butter"
2026-08-13,"Chiton",1456.05,g,"Production Batch Processing","Crunchy Peanut Butter"
2026-08-13,"Cooking Oil",11.51,L,"Production Batch Processing","Biscocho Chips"
2026-08-13,"Garlic",185.42,g,"Production Batch Processing","Kibets (Crispy Chiton)"
2026-08-13,"Ground Pepper",43.05,g,"Production Batch Processing","Binayong Hipon"
2026-08-13,"Honey",385.01,ml,"Production Batch Processing","Crispy Bucheron"
2026-08-13,"Loaf Bread",6.62,pcs,"Production Batch Processing","Salted Banana Chips"
2026-08-13,"Onion",282.88,g,"Production Batch Processing","Creamy Peanut Butter"
2026-08-13,"Oyster Sauce",109.23,ml,"Production Batch Processing","Crunchy Peanut Butter"
2026-08-13,"Peanuts",2277.5,g,"Production Batch Processing","Biscocho Chips"
2026-08-13,"Pork",944.44,g,"Production Batch Processing","Kibets (Crispy Chiton)"
2026-08-13,"Pork Skin",1890.56,g,"Production Batch Processing","Binayong Hipon"
2026-08-13,"Raw Bananas",2805.49,g,"Production Batch Processing","Crispy Bucheron"
2026-08-13,"Salt",177.53,g,"Production Batch Processing","Salted Banana Chips"
2026-08-13,"Sea Salt",94.57,g,"Production Batch Processing","Creamy Peanut Butter"
2026-08-13,"Sesame Oil",61.75,ml,"Production Batch Processing","Crunchy Peanut Butter"
2026-08-13,"Small Shrimp",2441.23,g,"Production Batch Processing","Biscocho Chips"
2026-08-13,"Soy Sauce",150.73,ml,"Production Batch Processing","Kibets (Crispy Chiton)"
2026-08-13,"Spring Onion",109.18,g,"Production Batch Processing","Binayong Hipon"
2026-08-13,"Sugar",455.87,g,"Production Batch Processing","Crispy Bucheron"
2026-08-13,"Turmeric Powder",50.05,g,"Production Batch Processing","Salted Banana Chips"
2026-08-13,"Water",31.24,L,"Production Batch Processing","Creamy Peanut Butter"
2026-08-14,"Bell Pepper",107.05,g,"Production Batch Processing","Kibets (Crispy Chiton)"
2026-08-14,"Butter/Margarine",430.19,g,"Production Batch Processing","Binayong Hipon"
2026-08-14,"Cabbage",307.21,g,"Production Batch Processing","Crispy Bucheron"
2026-08-14,"Carrots",241.29,g,"Production Batch Processing","Salted Banana Chips"
2026-08-14,"Chicken",850.04,g,"Production Batch Processing","Creamy Peanut Butter"
2026-08-14,"Chiton",1557.21,g,"Production Batch Processing","Crunchy Peanut Butter"
2026-08-14,"Cooking Oil",11.23,L,"Production Batch Processing","Biscocho Chips"
2026-08-14,"Garlic",167.13,g,"Production Batch Processing","Kibets (Crispy Chiton)"
2026-08-14,"Ground Pepper",44.92,g,"Production Batch Processing","Binayong Hipon"
2026-08-14,"Honey",312.46,ml,"Production Batch Processing","Crispy Bucheron"
2026-08-14,"Loaf Bread",6.49,pcs,"Production Batch Processing","Salted Banana Chips"
2026-08-14,"Onion",276.71,g,"Production Batch Processing","Creamy Peanut Butter"
2026-08-14,"Oyster Sauce",111.12,ml,"Production Batch Processing","Crunchy Peanut Butter"
2026-08-14,"Peanuts",2143.37,g,"Production Batch Processing","Biscocho Chips"
2026-08-14,"Pork",858.65,g,"Production Batch Processing","Kibets (Crispy Chiton)"
2026-08-14,"Pork Skin",1908.47,g,"Production Batch Processing","Binayong Hipon"
2026-08-14,"Raw Bananas",2811.55,g,"Production Batch Processing","Crispy Bucheron"
2026-08-14,"Salt",194.49,g,"Production Batch Processing","Salted Banana Chips"
2026-08-14,"Sea Salt",87.07,g,"Production Batch Processing","Creamy Peanut Butter"
2026-08-14,"Sesame Oil",58.42,ml,"Production Batch Processing","Crunchy Peanut Butter"
2026-08-14,"Small Shrimp",2458.61,g,"Production Batch Processing","Biscocho Chips"
2026-08-14,"Soy Sauce",155.4,ml,"Production Batch Processing","Kibets (Crispy Chiton)"
2026-08-14,"Spring Onion",119.05,g,"Production Batch Processing","Binayong Hipon"
2026-08-14,"Sugar",370.98,g,"Production Batch Processing","Crispy Bucheron"
2026-08-14,"Turmeric Powder",52.03,g,"Production Batch Processing","Salted Banana Chips"
2026-08-14,"Water",33.85,L,"Production Batch Processing","Creamy Peanut Butter"
2026-08-15,"Bell Pepper",156.87,g,"Production Batch Processing","Kibets (Crispy Chiton)"
2026-08-15,"Butter/Margarine",571.93,g,"Production Batch Processing","Binayong Hipon"
2026-08-15,"Cabbage",406.19,g,"Production Batch Processing","Crispy Bucheron"
2026-08-15,"Carrots",286.19,g,"Production Batch Processing","Salted Banana Chips"
2026-08-15,"Chicken",1310.3,g,"Production Batch Processing","Creamy Peanut Butter"
2026-08-15,"Chiton",2250.35,g,"Production Batch Processing","Crunchy Peanut Butter"
2026-08-15,"Cooking Oil",17.69,L,"Production Batch Processing","Biscocho Chips"
2026-08-15,"Garlic",214.1,g,"Production Batch Processing","Kibets (Crispy Chiton)"
2026-08-15,"Ground Pepper",59,g,"Production Batch Processing","Binayong Hipon"
2026-08-15,"Honey",507.42,ml,"Production Batch Processing","Crispy Bucheron"
2026-08-15,"Loaf Bread",8.88,pcs,"Production Batch Processing","Salted Banana Chips"
2026-08-15,"Onion",414.27,g,"Production Batch Processing","Creamy Peanut Butter"
2026-08-15,"Oyster Sauce",156.63,ml,"Production Batch Processing","Crunchy Peanut Butter"
2026-08-15,"Peanuts",3001.85,g,"Production Batch Processing","Biscocho Chips"
2026-08-15,"Pork",1174.04,g,"Production Batch Processing","Kibets (Crispy Chiton)"
2026-08-15,"Pork Skin",2181.44,g,"Production Batch Processing","Binayong Hipon"
2026-08-15,"Raw Bananas",3089.36,g,"Production Batch Processing","Crispy Bucheron"
2026-08-15,"Salt",264.02,g,"Production Batch Processing","Salted Banana Chips"
2026-08-15,"Sea Salt",121.06,g,"Production Batch Processing","Creamy Peanut Butter"
2026-08-15,"Sesame Oil",82.2,ml,"Production Batch Processing","Crunchy Peanut Butter"
2026-08-15,"Small Shrimp",2933.67,g,"Production Batch Processing","Biscocho Chips"
2026-08-15,"Soy Sauce",193.64,ml,"Production Batch Processing","Kibets (Crispy Chiton)"
2026-08-15,"Spring Onion",157.42,g,"Production Batch Processing","Binayong Hipon"
2026-08-15,"Sugar",632.27,g,"Production Batch Processing","Crispy Bucheron"
2026-08-15,"Turmeric Powder",79.04,g,"Production Batch Processing","Salted Banana Chips"
2026-08-15,"Water",52.68,L,"Production Batch Processing","Creamy Peanut Butter"
2026-08-16,"Bell Pepper",159.26,g,"Production Batch Processing","Kibets (Crispy Chiton)"
2026-08-16,"Butter/Margarine",668.98,g,"Production Batch Processing","Binayong Hipon"
2026-08-16,"Cabbage",380.72,g,"Production Batch Processing","Crispy Bucheron"
2026-08-16,"Carrots",312.75,g,"Production Batch Processing","Salted Banana Chips"
2026-08-16,"Chicken",1164.99,g,"Production Batch Processing","Creamy Peanut Butter"
2026-08-16,"Chiton",2012.86,g,"Production Batch Processing","Crunchy Peanut Butter"
2026-08-16,"Cooking Oil",16.97,L,"Production Batch Processing","Biscocho Chips"
2026-08-16,"Garlic",254.76,g,"Production Batch Processing","Kibets (Crispy Chiton)"
2026-08-16,"Ground Pepper",62.36,g,"Production Batch Processing","Binayong Hipon"
2026-08-16,"Honey",427.77,ml,"Production Batch Processing","Crispy Bucheron"
2026-08-16,"Loaf Bread",7.43,pcs,"Production Batch Processing","Salted Banana Chips"
2026-08-16,"Onion",390.51,g,"Production Batch Processing","Creamy Peanut Butter"
2026-08-16,"Oyster Sauce",153.66,ml,"Production Batch Processing","Crunchy Peanut Butter"
2026-08-16,"Peanuts",3111.01,g,"Production Batch Processing","Biscocho Chips"
2026-08-16,"Pork",1333.63,g,"Production Batch Processing","Kibets (Crispy Chiton)"
2026-08-16,"Pork Skin",2660.88,g,"Production Batch Processing","Binayong Hipon"
2026-08-16,"Raw Bananas",3167.89,g,"Production Batch Processing","Crispy Bucheron"
2026-08-16,"Salt",241.39,g,"Production Batch Processing","Salted Banana Chips"
2026-08-16,"Sea Salt",129.42,g,"Production Batch Processing","Creamy Peanut Butter"
2026-08-16,"Sesame Oil",86.46,ml,"Production Batch Processing","Crunchy Peanut Butter"
2026-08-16,"Small Shrimp",3345.91,g,"Production Batch Processing","Biscocho Chips"
2026-08-16,"Soy Sauce",224.68,ml,"Production Batch Processing","Kibets (Crispy Chiton)"
2026-08-16,"Spring Onion",160.09,g,"Production Batch Processing","Binayong Hipon"
2026-08-16,"Sugar",523.06,g,"Production Batch Processing","Crispy Bucheron"
2026-08-16,"Turmeric Powder",75.23,g,"Production Batch Processing","Salted Banana Chips"
2026-08-16,"Water",42.71,L,"Production Batch Processing","Creamy Peanut Butter"
2026-08-17,"Bell Pepper",118.48,g,"Production Batch Processing","Kibets (Crispy Chiton)"
2026-08-17,"Butter/Margarine",496.5,g,"Production Batch Processing","Binayong Hipon"
2026-08-17,"Cabbage",306.27,g,"Production Batch Processing","Crispy Bucheron"
2026-08-17,"Carrots",235.67,g,"Production Batch Processing","Salted Banana Chips"
2026-08-17,"Chicken",1055.28,g,"Production Batch Processing","Creamy Peanut Butter"
2026-08-17,"Chiton",1833.52,g,"Production Batch Processing","Crunchy Peanut Butter"
2026-08-17,"Cooking Oil",13.32,L,"Production Batch Processing","Biscocho Chips"
2026-08-17,"Garlic",177.98,g,"Production Batch Processing","Kibets (Crispy Chiton)"
2026-08-17,"Ground Pepper",44.68,g,"Production Batch Processing","Binayong Hipon"
2026-08-17,"Honey",341.31,ml,"Production Batch Processing","Crispy Bucheron"
2026-08-17,"Loaf Bread",6.46,pcs,"Production Batch Processing","Salted Banana Chips"
2026-08-17,"Onion",262.16,g,"Production Batch Processing","Creamy Peanut Butter"
2026-08-17,"Oyster Sauce",103.03,ml,"Production Batch Processing","Crunchy Peanut Butter"
2026-08-17,"Peanuts",2347.21,g,"Production Batch Processing","Biscocho Chips"
2026-08-17,"Pork",839.57,g,"Production Batch Processing","Kibets (Crispy Chiton)"
2026-08-17,"Pork Skin",1702.08,g,"Production Batch Processing","Binayong Hipon"
2026-08-17,"Raw Bananas",2627.17,g,"Production Batch Processing","Crispy Bucheron"
2026-08-17,"Salt",206.59,g,"Production Batch Processing","Salted Banana Chips"
2026-08-17,"Sea Salt",100.47,g,"Production Batch Processing","Creamy Peanut Butter"
2026-08-17,"Sesame Oil",62.55,ml,"Production Batch Processing","Crunchy Peanut Butter"
2026-08-17,"Small Shrimp",2292.33,g,"Production Batch Processing","Biscocho Chips"
2026-08-17,"Soy Sauce",151.83,ml,"Production Batch Processing","Kibets (Crispy Chiton)"
2026-08-17,"Spring Onion",99.17,g,"Production Batch Processing","Binayong Hipon"
2026-08-17,"Sugar",442.82,g,"Production Batch Processing","Crispy Bucheron"
2026-08-17,"Turmeric Powder",49.23,g,"Production Batch Processing","Salted Banana Chips"
2026-08-17,"Water",36.39,L,"Production Batch Processing","Creamy Peanut Butter"
2026-08-18,"Bell Pepper",105.7,g,"Production Batch Processing","Kibets (Crispy Chiton)"
2026-08-18,"Butter/Margarine",477.38,g,"Production Batch Processing","Binayong Hipon"
2026-08-18,"Cabbage",323.29,g,"Production Batch Processing","Crispy Bucheron"
2026-08-18,"Carrots",239.86,g,"Production Batch Processing","Salted Banana Chips"
2026-08-18,"Chicken",950.07,g,"Production Batch Processing","Creamy Peanut Butter"
2026-08-18,"Chiton",1799.13,g,"Production Batch Processing","Crunchy Peanut Butter"
2026-08-18,"Cooking Oil",13.04,L,"Production Batch Processing","Biscocho Chips"
2026-08-18,"Garlic",189.7,g,"Production Batch Processing","Kibets (Crispy Chiton)"
2026-08-18,"Ground Pepper",40.55,g,"Production Batch Processing","Binayong Hipon"
2026-08-18,"Honey",308.77,ml,"Production Batch Processing","Crispy Bucheron"
2026-08-18,"Loaf Bread",6.64,pcs,"Production Batch Processing","Salted Banana Chips"
2026-08-18,"Onion",258.39,g,"Production Batch Processing","Creamy Peanut Butter"
2026-08-18,"Oyster Sauce",115.53,ml,"Production Batch Processing","Crunchy Peanut Butter"
2026-08-18,"Peanuts",1970.19,g,"Production Batch Processing","Biscocho Chips"
2026-08-18,"Pork",842.37,g,"Production Batch Processing","Kibets (Crispy Chiton)"
2026-08-18,"Pork Skin",1884.86,g,"Production Batch Processing","Binayong Hipon"
2026-08-18,"Raw Bananas",2665.63,g,"Production Batch Processing","Crispy Bucheron"
2026-08-18,"Salt",188.93,g,"Production Batch Processing","Salted Banana Chips"
2026-08-18,"Sea Salt",88.74,g,"Production Batch Processing","Creamy Peanut Butter"
2026-08-18,"Sesame Oil",66.75,ml,"Production Batch Processing","Crunchy Peanut Butter"
2026-08-18,"Small Shrimp",2308.68,g,"Production Batch Processing","Biscocho Chips"
2026-08-18,"Soy Sauce",173.55,ml,"Production Batch Processing","Kibets (Crispy Chiton)"
2026-08-18,"Spring Onion",118.84,g,"Production Batch Processing","Binayong Hipon"
2026-08-18,"Sugar",393.24,g,"Production Batch Processing","Crispy Bucheron"
2026-08-18,"Turmeric Powder",56.85,g,"Production Batch Processing","Salted Banana Chips"
2026-08-18,"Water",32.16,L,"Production Batch Processing","Creamy Peanut Butter"
2026-08-19,"Bell Pepper",106.99,g,"Production Batch Processing","Kibets (Crispy Chiton)"
2026-08-19,"Butter/Margarine",502.26,g,"Production Batch Processing","Binayong Hipon"
2026-08-19,"Cabbage",333.83,g,"Production Batch Processing","Crispy Bucheron"
2026-08-19,"Carrots",205.38,g,"Production Batch Processing","Salted Banana Chips"
2026-08-19,"Chicken",846.41,g,"Production Batch Processing","Creamy Peanut Butter"
2026-08-19,"Chiton",1605.44,g,"Production Batch Processing","Crunchy Peanut Butter"
2026-08-19,"Cooking Oil",13.15,L,"Production Batch Processing","Biscocho Chips"
2026-08-19,"Garlic",196.77,g,"Production Batch Processing","Kibets (Crispy Chiton)"
2026-08-19,"Ground Pepper",43.49,g,"Production Batch Processing","Binayong Hipon"
2026-08-19,"Honey",345.21,ml,"Production Batch Processing","Crispy Bucheron"
2026-08-19,"Loaf Bread",5.53,pcs,"Production Batch Processing","Salted Banana Chips"
2026-08-19,"Onion",300.39,g,"Production Batch Processing","Creamy Peanut Butter"
2026-08-19,"Oyster Sauce",98.55,ml,"Production Batch Processing","Crunchy Peanut Butter"
2026-08-19,"Peanuts",1926.88,g,"Production Batch Processing","Biscocho Chips"
2026-08-19,"Pork",878.53,g,"Production Batch Processing","Kibets (Crispy Chiton)"
2026-08-19,"Pork Skin",1884.26,g,"Production Batch Processing","Binayong Hipon"
2026-08-19,"Raw Bananas",2727.43,g,"Production Batch Processing","Crispy Bucheron"
2026-08-19,"Salt",169.16,g,"Production Batch Processing","Salted Banana Chips"
2026-08-19,"Sea Salt",98.41,g,"Production Batch Processing","Creamy Peanut Butter"
2026-08-19,"Sesame Oil",63.35,ml,"Production Batch Processing","Crunchy Peanut Butter"
2026-08-19,"Small Shrimp",2205.21,g,"Production Batch Processing","Biscocho Chips"
2026-08-19,"Soy Sauce",155.21,ml,"Production Batch Processing","Kibets (Crispy Chiton)"
2026-08-19,"Spring Onion",101.88,g,"Production Batch Processing","Binayong Hipon"
2026-08-19,"Sugar",440.05,g,"Production Batch Processing","Crispy Bucheron"
2026-08-19,"Turmeric Powder",56.42,g,"Production Batch Processing","Salted Banana Chips"
2026-08-19,"Water",31.8,L,"Production Batch Processing","Creamy Peanut Butter"
2026-08-20,"Bell Pepper",110.8,g,"Production Batch Processing","Kibets (Crispy Chiton)"
2026-08-20,"Butter/Margarine",410.87,g,"Production Batch Processing","Binayong Hipon"
2026-08-20,"Cabbage",287.52,g,"Production Batch Processing","Crispy Bucheron"
2026-08-20,"Carrots",220.97,g,"Production Batch Processing","Salted Banana Chips"
2026-08-20,"Chicken",857.88,g,"Production Batch Processing","Creamy Peanut Butter"
2026-08-20,"Chiton",1821,g,"Production Batch Processing","Crunchy Peanut Butter"
2026-08-20,"Cooking Oil",13.45,L,"Production Batch Processing","Biscocho Chips"
2026-08-20,"Garlic",185.66,g,"Production Batch Processing","Kibets (Crispy Chiton)"
2026-08-20,"Ground Pepper",49.03,g,"Production Batch Processing","Binayong Hipon"
2026-08-20,"Honey",323.83,ml,"Production Batch Processing","Crispy Bucheron"
2026-08-20,"Loaf Bread",6.43,pcs,"Production Batch Processing","Salted Banana Chips"
2026-08-20,"Onion",251.62,g,"Production Batch Processing","Creamy Peanut Butter"
2026-08-20,"Oyster Sauce",112.54,ml,"Production Batch Processing","Crunchy Peanut Butter"
2026-08-20,"Peanuts",1957.12,g,"Production Batch Processing","Biscocho Chips"
2026-08-20,"Pork",1019.17,g,"Production Batch Processing","Kibets (Crispy Chiton)"
2026-08-20,"Pork Skin",1737.49,g,"Production Batch Processing","Binayong Hipon"
2026-08-20,"Raw Bananas",2293.42,g,"Production Batch Processing","Crispy Bucheron"
2026-08-20,"Salt",174.77,g,"Production Batch Processing","Salted Banana Chips"
2026-08-20,"Sea Salt",88.51,g,"Production Batch Processing","Creamy Peanut Butter"
2026-08-20,"Sesame Oil",63.56,ml,"Production Batch Processing","Crunchy Peanut Butter"
2026-08-20,"Small Shrimp",2235.79,g,"Production Batch Processing","Biscocho Chips"
2026-08-20,"Soy Sauce",149.08,ml,"Production Batch Processing","Kibets (Crispy Chiton)"
2026-08-20,"Spring Onion",103.11,g,"Production Batch Processing","Binayong Hipon"
2026-08-20,"Sugar",455.52,g,"Production Batch Processing","Crispy Bucheron"
2026-08-20,"Turmeric Powder",50.22,g,"Production Batch Processing","Salted Banana Chips"
2026-08-20,"Water",37.99,L,"Production Batch Processing","Creamy Peanut Butter"
2026-08-21,"Bell Pepper",117.66,g,"Production Batch Processing","Kibets (Crispy Chiton)"
2026-08-21,"Butter/Margarine",418.5,g,"Production Batch Processing","Binayong Hipon"
2026-08-21,"Cabbage",277.44,g,"Production Batch Processing","Crispy Bucheron"
2026-08-21,"Carrots",238.72,g,"Production Batch Processing","Salted Banana Chips"
2026-08-21,"Chicken",1044.55,g,"Production Batch Processing","Creamy Peanut Butter"
2026-08-21,"Chiton",1683.97,g,"Production Batch Processing","Crunchy Peanut Butter"
2026-08-21,"Cooking Oil",11.4,L,"Production Batch Processing","Biscocho Chips"
2026-08-21,"Garlic",167.87,g,"Production Batch Processing","Kibets (Crispy Chiton)"
2026-08-21,"Ground Pepper",49.8,g,"Production Batch Processing","Binayong Hipon"
2026-08-21,"Honey",354.7,ml,"Production Batch Processing","Crispy Bucheron"
2026-08-21,"Loaf Bread",5.58,pcs,"Production Batch Processing","Salted Banana Chips"
2026-08-21,"Onion",288.49,g,"Production Batch Processing","Creamy Peanut Butter"
2026-08-21,"Oyster Sauce",97.01,ml,"Production Batch Processing","Crunchy Peanut Butter"
2026-08-21,"Peanuts",2102.01,g,"Production Batch Processing","Biscocho Chips"
2026-08-21,"Pork",977.27,g,"Production Batch Processing","Kibets (Crispy Chiton)"
2026-08-21,"Pork Skin",1630.56,g,"Production Batch Processing","Binayong Hipon"
2026-08-21,"Raw Bananas",2508.51,g,"Production Batch Processing","Crispy Bucheron"
2026-08-21,"Salt",171.57,g,"Production Batch Processing","Salted Banana Chips"
2026-08-21,"Sea Salt",93.09,g,"Production Batch Processing","Creamy Peanut Butter"
2026-08-21,"Sesame Oil",65.01,ml,"Production Batch Processing","Crunchy Peanut Butter"
2026-08-21,"Small Shrimp",2284.56,g,"Production Batch Processing","Biscocho Chips"
2026-08-21,"Soy Sauce",152.66,ml,"Production Batch Processing","Kibets (Crispy Chiton)"
2026-08-21,"Spring Onion",111.2,g,"Production Batch Processing","Binayong Hipon"
2026-08-21,"Sugar",376.08,g,"Production Batch Processing","Crispy Bucheron"
2026-08-21,"Turmeric Powder",57.82,g,"Production Batch Processing","Salted Banana Chips"
2026-08-21,"Water",37.72,L,"Production Batch Processing","Creamy Peanut Butter"
2026-08-22,"Bell Pepper",146.11,g,"Production Batch Processing","Kibets (Crispy Chiton)"
2026-08-22,"Butter/Margarine",667.57,g,"Production Batch Processing","Binayong Hipon"
2026-08-22,"Cabbage",436.67,g,"Production Batch Processing","Crispy Bucheron"
2026-08-22,"Carrots",311.3,g,"Production Batch Processing","Salted Banana Chips"
2026-08-22,"Chicken",1191.07,g,"Production Batch Processing","Creamy Peanut Butter"
2026-08-22,"Chiton",2335.96,g,"Production Batch Processing","Crunchy Peanut Butter"
2026-08-22,"Cooking Oil",18.12,L,"Production Batch Processing","Biscocho Chips"
2026-08-22,"Garlic",232.29,g,"Production Batch Processing","Kibets (Crispy Chiton)"
2026-08-22,"Ground Pepper",62.65,g,"Production Batch Processing","Binayong Hipon"
2026-08-22,"Honey",465.37,ml,"Production Batch Processing","Crispy Bucheron"
2026-08-22,"Loaf Bread",7.26,pcs,"Production Batch Processing","Salted Banana Chips"
2026-08-22,"Onion",381.62,g,"Production Batch Processing","Creamy Peanut Butter"
2026-08-22,"Oyster Sauce",152.35,ml,"Production Batch Processing","Crunchy Peanut Butter"
2026-08-22,"Peanuts",2565.56,g,"Production Batch Processing","Biscocho Chips"
2026-08-22,"Pork",1250.02,g,"Production Batch Processing","Kibets (Crispy Chiton)"
2026-08-22,"Pork Skin",2335.54,g,"Production Batch Processing","Binayong Hipon"
2026-08-22,"Raw Bananas",3897.25,g,"Production Batch Processing","Crispy Bucheron"
2026-08-22,"Salt",239.31,g,"Production Batch Processing","Salted Banana Chips"
2026-08-22,"Sea Salt",141.47,g,"Production Batch Processing","Creamy Peanut Butter"
2026-08-22,"Sesame Oil",81.15,ml,"Production Batch Processing","Crunchy Peanut Butter"
2026-08-22,"Small Shrimp",3376.64,g,"Production Batch Processing","Biscocho Chips"
2026-08-22,"Soy Sauce",202.51,ml,"Production Batch Processing","Kibets (Crispy Chiton)"
2026-08-22,"Spring Onion",141.66,g,"Production Batch Processing","Binayong Hipon"
2026-08-22,"Sugar",563.47,g,"Production Batch Processing","Crispy Bucheron"
2026-08-22,"Turmeric Powder",70.13,g,"Production Batch Processing","Salted Banana Chips"
2026-08-22,"Water",42.5,L,"Production Batch Processing","Creamy Peanut Butter"
2026-08-23,"Bell Pepper",172.38,g,"Production Batch Processing","Kibets (Crispy Chiton)"
2026-08-23,"Butter/Margarine",649.72,g,"Production Batch Processing","Binayong Hipon"
2026-08-23,"Cabbage",374.05,g,"Production Batch Processing","Crispy Bucheron"
2026-08-23,"Carrots",295.79,g,"Production Batch Processing","Salted Banana Chips"
2026-08-23,"Chicken",1241.77,g,"Production Batch Processing","Creamy Peanut Butter"
2026-08-23,"Chiton",2235.4,g,"Production Batch Processing","Crunchy Peanut Butter"
2026-08-23,"Cooking Oil",18.89,L,"Production Batch Processing","Biscocho Chips"
2026-08-23,"Garlic",239.14,g,"Production Batch Processing","Kibets (Crispy Chiton)"
2026-08-23,"Ground Pepper",66.07,g,"Production Batch Processing","Binayong Hipon"
2026-08-23,"Honey",520.95,ml,"Production Batch Processing","Crispy Bucheron"
2026-08-23,"Loaf Bread",7.17,pcs,"Production Batch Processing","Salted Banana Chips"
2026-08-23,"Onion",407.46,g,"Production Batch Processing","Creamy Peanut Butter"
2026-08-23,"Oyster Sauce",131.37,ml,"Production Batch Processing","Crunchy Peanut Butter"
2026-08-23,"Peanuts",3119.85,g,"Production Batch Processing","Biscocho Chips"
2026-08-23,"Pork",1307.67,g,"Production Batch Processing","Kibets (Crispy Chiton)"
2026-08-23,"Pork Skin",2612.18,g,"Production Batch Processing","Binayong Hipon"
2026-08-23,"Raw Bananas",3387.05,g,"Production Batch Processing","Crispy Bucheron"
2026-08-23,"Salt",244.12,g,"Production Batch Processing","Salted Banana Chips"
2026-08-23,"Sea Salt",136.39,g,"Production Batch Processing","Creamy Peanut Butter"
2026-08-23,"Sesame Oil",89.66,ml,"Production Batch Processing","Crunchy Peanut Butter"
2026-08-23,"Small Shrimp",2865.28,g,"Production Batch Processing","Biscocho Chips"
2026-08-23,"Soy Sauce",191.49,ml,"Production Batch Processing","Kibets (Crispy Chiton)"
2026-08-23,"Spring Onion",165.72,g,"Production Batch Processing","Binayong Hipon"
2026-08-23,"Sugar",557.22,g,"Production Batch Processing","Crispy Bucheron"
2026-08-23,"Turmeric Powder",68.29,g,"Production Batch Processing","Salted Banana Chips"
2026-08-23,"Water",46.79,L,"Production Batch Processing","Creamy Peanut Butter"
2026-08-24,"Bell Pepper",120.55,g,"Production Batch Processing","Kibets (Crispy Chiton)"
2026-08-24,"Butter/Margarine",445.06,g,"Production Batch Processing","Binayong Hipon"
2026-08-24,"Cabbage",320.14,g,"Production Batch Processing","Crispy Bucheron"
2026-08-24,"Carrots",202.73,g,"Production Batch Processing","Salted Banana Chips"
2026-08-24,"Chicken",980.5,g,"Production Batch Processing","Creamy Peanut Butter"
2026-08-24,"Chiton",1840.55,g,"Production Batch Processing","Crunchy Peanut Butter"
2026-08-24,"Cooking Oil",11.91,L,"Production Batch Processing","Biscocho Chips"
2026-08-24,"Garlic",185.58,g,"Production Batch Processing","Kibets (Crispy Chiton)"
2026-08-24,"Ground Pepper",41.75,g,"Production Batch Processing","Binayong Hipon"
2026-08-24,"Honey",317.07,ml,"Production Batch Processing","Crispy Bucheron"
2026-08-24,"Loaf Bread",6.13,pcs,"Production Batch Processing","Salted Banana Chips"
2026-08-24,"Onion",279.66,g,"Production Batch Processing","Creamy Peanut Butter"
2026-08-24,"Oyster Sauce",105.75,ml,"Production Batch Processing","Crunchy Peanut Butter"
2026-08-24,"Peanuts",2030.2,g,"Production Batch Processing","Biscocho Chips"
2026-08-24,"Pork",1001.28,g,"Production Batch Processing","Kibets (Crispy Chiton)"
2026-08-24,"Pork Skin",1916.61,g,"Production Batch Processing","Binayong Hipon"
2026-08-24,"Raw Bananas",2422.47,g,"Production Batch Processing","Crispy Bucheron"
2026-08-24,"Salt",211.41,g,"Production Batch Processing","Salted Banana Chips"
2026-08-24,"Sea Salt",100.03,g,"Production Batch Processing","Creamy Peanut Butter"
2026-08-24,"Sesame Oil",69.39,ml,"Production Batch Processing","Crunchy Peanut Butter"
2026-08-24,"Small Shrimp",2168.73,g,"Production Batch Processing","Biscocho Chips"
2026-08-24,"Soy Sauce",154.06,ml,"Production Batch Processing","Kibets (Crispy Chiton)"
2026-08-24,"Spring Onion",103.34,g,"Production Batch Processing","Binayong Hipon"
2026-08-24,"Sugar",374.51,g,"Production Batch Processing","Crispy Bucheron"
2026-08-24,"Turmeric Powder",60.19,g,"Production Batch Processing","Salted Banana Chips"
2026-08-24,"Water",37.63,L,"Production Batch Processing","Creamy Peanut Butter"
2026-08-25,"Bell Pepper",131.81,g,"Production Batch Processing","Kibets (Crispy Chiton)"
2026-08-25,"Butter/Margarine",442.95,g,"Production Batch Processing","Binayong Hipon"
2026-08-25,"Cabbage",281.2,g,"Production Batch Processing","Crispy Bucheron"
2026-08-25,"Carrots",215.98,g,"Production Batch Processing","Salted Banana Chips"
2026-08-25,"Chicken",886.56,g,"Production Batch Processing","Creamy Peanut Butter"
2026-08-25,"Chiton",1584.59,g,"Production Batch Processing","Crunchy Peanut Butter"
2026-08-25,"Cooking Oil",12.48,L,"Production Batch Processing","Biscocho Chips"
2026-08-25,"Garlic",179.12,g,"Production Batch Processing","Kibets (Crispy Chiton)"
2026-08-25,"Ground Pepper",40.12,g,"Production Batch Processing","Binayong Hipon"
2026-08-25,"Honey",381.87,ml,"Production Batch Processing","Crispy Bucheron"
2026-08-25,"Loaf Bread",5.54,pcs,"Production Batch Processing","Salted Banana Chips"
2026-08-25,"Onion",255.79,g,"Production Batch Processing","Creamy Peanut Butter"
2026-08-25,"Oyster Sauce",97.39,ml,"Production Batch Processing","Crunchy Peanut Butter"
2026-08-25,"Peanuts",2004.24,g,"Production Batch Processing","Biscocho Chips"
2026-08-25,"Pork",842.59,g,"Production Batch Processing","Kibets (Crispy Chiton)"
2026-08-25,"Pork Skin",1685.22,g,"Production Batch Processing","Binayong Hipon"
2026-08-25,"Raw Bananas",2413.32,g,"Production Batch Processing","Crispy Bucheron"
2026-08-25,"Salt",185.18,g,"Production Batch Processing","Salted Banana Chips"
2026-08-25,"Sea Salt",89.8,g,"Production Batch Processing","Creamy Peanut Butter"
2026-08-25,"Sesame Oil",68.92,ml,"Production Batch Processing","Crunchy Peanut Butter"
2026-08-25,"Small Shrimp",2275.48,g,"Production Batch Processing","Biscocho Chips"
2026-08-25,"Soy Sauce",174.6,ml,"Production Batch Processing","Kibets (Crispy Chiton)"
2026-08-25,"Spring Onion",103.6,g,"Production Batch Processing","Binayong Hipon"
2026-08-25,"Sugar",424.89,g,"Production Batch Processing","Crispy Bucheron"
2026-08-25,"Turmeric Powder",51.99,g,"Production Batch Processing","Salted Banana Chips"
2026-08-25,"Water",38.61,L,"Production Batch Processing","Creamy Peanut Butter"
2026-08-26,"Bell Pepper",132.53,g,"Production Batch Processing","Kibets (Crispy Chiton)"
2026-08-26,"Butter/Margarine",459.05,g,"Production Batch Processing","Binayong Hipon"
2026-08-26,"Cabbage",269.11,g,"Production Batch Processing","Crispy Bucheron"
2026-08-26,"Carrots",209.07,g,"Production Batch Processing","Salted Banana Chips"
2026-08-26,"Chicken",910.16,g,"Production Batch Processing","Creamy Peanut Butter"
2026-08-26,"Chiton",1484.33,g,"Production Batch Processing","Crunchy Peanut Butter"
2026-08-26,"Cooking Oil",11.25,L,"Production Batch Processing","Biscocho Chips"
2026-08-26,"Garlic",185.47,g,"Production Batch Processing","Kibets (Crispy Chiton)"
2026-08-26,"Ground Pepper",50,g,"Production Batch Processing","Binayong Hipon"
2026-08-26,"Honey",352.12,ml,"Production Batch Processing","Crispy Bucheron"
2026-08-26,"Loaf Bread",5.74,pcs,"Production Batch Processing","Salted Banana Chips"
2026-08-26,"Onion",267.83,g,"Production Batch Processing","Creamy Peanut Butter"
2026-08-26,"Oyster Sauce",116.51,ml,"Production Batch Processing","Crunchy Peanut Butter"
2026-08-26,"Peanuts",2064.46,g,"Production Batch Processing","Biscocho Chips"
2026-08-26,"Pork",975.57,g,"Production Batch Processing","Kibets (Crispy Chiton)"
2026-08-26,"Pork Skin",1995.77,g,"Production Batch Processing","Binayong Hipon"
2026-08-26,"Raw Bananas",2887.4,g,"Production Batch Processing","Crispy Bucheron"
2026-08-26,"Salt",209.77,g,"Production Batch Processing","Salted Banana Chips"
2026-08-26,"Sea Salt",94.95,g,"Production Batch Processing","Creamy Peanut Butter"
2026-08-26,"Sesame Oil",62.67,ml,"Production Batch Processing","Crunchy Peanut Butter"
2026-08-26,"Small Shrimp",2447.22,g,"Production Batch Processing","Biscocho Chips"
2026-08-26,"Soy Sauce",178.89,ml,"Production Batch Processing","Kibets (Crispy Chiton)"
2026-08-26,"Spring Onion",114.42,g,"Production Batch Processing","Binayong Hipon"
2026-08-26,"Sugar",392.92,g,"Production Batch Processing","Crispy Bucheron"
2026-08-26,"Turmeric Powder",52.53,g,"Production Batch Processing","Salted Banana Chips"
2026-08-26,"Water",30.89,L,"Production Batch Processing","Creamy Peanut Butter"
2026-08-27,"Bell Pepper",124.91,g,"Production Batch Processing","Kibets (Crispy Chiton)"
2026-08-27,"Butter/Margarine",488.93,g,"Production Batch Processing","Binayong Hipon"
2026-08-27,"Cabbage",314.08,g,"Production Batch Processing","Crispy Bucheron"
2026-08-27,"Carrots",209.54,g,"Production Batch Processing","Salted Banana Chips"
2026-08-27,"Chicken",949.46,g,"Production Batch Processing","Creamy Peanut Butter"
2026-08-27,"Chiton",1579.99,g,"Production Batch Processing","Crunchy Peanut Butter"
2026-08-27,"Cooking Oil",12.48,L,"Production Batch Processing","Biscocho Chips"
2026-08-27,"Garlic",169.86,g,"Production Batch Processing","Kibets (Crispy Chiton)"
2026-08-27,"Ground Pepper",41.74,g,"Production Batch Processing","Binayong Hipon"
2026-08-27,"Honey",327.01,ml,"Production Batch Processing","Crispy Bucheron"
2026-08-27,"Loaf Bread",6.38,pcs,"Production Batch Processing","Salted Banana Chips"
2026-08-27,"Onion",303.44,g,"Production Batch Processing","Creamy Peanut Butter"
2026-08-27,"Oyster Sauce",109.19,ml,"Production Batch Processing","Crunchy Peanut Butter"
2026-08-27,"Peanuts",2156.25,g,"Production Batch Processing","Biscocho Chips"
2026-08-27,"Pork",882.4,g,"Production Batch Processing","Kibets (Crispy Chiton)"
2026-08-27,"Pork Skin",2013.34,g,"Production Batch Processing","Binayong Hipon"
2026-08-27,"Raw Bananas",2361.63,g,"Production Batch Processing","Crispy Bucheron"
2026-08-27,"Salt",197.36,g,"Production Batch Processing","Salted Banana Chips"
2026-08-27,"Sea Salt",99.51,g,"Production Batch Processing","Creamy Peanut Butter"
2026-08-27,"Sesame Oil",59.42,ml,"Production Batch Processing","Crunchy Peanut Butter"
2026-08-27,"Small Shrimp",2206.23,g,"Production Batch Processing","Biscocho Chips"
2026-08-27,"Soy Sauce",156.1,ml,"Production Batch Processing","Kibets (Crispy Chiton)"
2026-08-27,"Spring Onion",121.64,g,"Production Batch Processing","Binayong Hipon"
2026-08-27,"Sugar",462.29,g,"Production Batch Processing","Crispy Bucheron"
2026-08-27,"Turmeric Powder",57.62,g,"Production Batch Processing","Salted Banana Chips"
2026-08-27,"Water",33.27,L,"Production Batch Processing","Creamy Peanut Butter"
2026-08-28,"Bell Pepper",109.44,g,"Production Batch Processing","Kibets (Crispy Chiton)"
2026-08-28,"Butter/Margarine",462.26,g,"Production Batch Processing","Binayong Hipon"
2026-08-28,"Cabbage",285.02,g,"Production Batch Processing","Crispy Bucheron"
2026-08-28,"Carrots",232.32,g,"Production Batch Processing","Salted Banana Chips"
2026-08-28,"Chicken",1046.59,g,"Production Batch Processing","Creamy Peanut Butter"
2026-08-28,"Chiton",1777.03,g,"Production Batch Processing","Crunchy Peanut Butter"
2026-08-28,"Cooking Oil",13.68,L,"Production Batch Processing","Biscocho Chips"
2026-08-28,"Garlic",182.8,g,"Production Batch Processing","Kibets (Crispy Chiton)"
2026-08-28,"Ground Pepper",39.7,g,"Production Batch Processing","Binayong Hipon"
2026-08-28,"Honey",387.94,ml,"Production Batch Processing","Crispy Bucheron"
2026-08-28,"Loaf Bread",6.63,pcs,"Production Batch Processing","Salted Banana Chips"
2026-08-28,"Onion",249.23,g,"Production Batch Processing","Creamy Peanut Butter"
2026-08-28,"Oyster Sauce",115.03,ml,"Production Batch Processing","Crunchy Peanut Butter"
2026-08-28,"Peanuts",2113.81,g,"Production Batch Processing","Biscocho Chips"
2026-08-28,"Pork",993.61,g,"Production Batch Processing","Kibets (Crispy Chiton)"
2026-08-28,"Pork Skin",1877.23,g,"Production Batch Processing","Binayong Hipon"
2026-08-28,"Raw Bananas",2313.72,g,"Production Batch Processing","Crispy Bucheron"
2026-08-28,"Salt",196.93,g,"Production Batch Processing","Salted Banana Chips"
2026-08-28,"Sea Salt",90.45,g,"Production Batch Processing","Creamy Peanut Butter"
2026-08-28,"Sesame Oil",67.41,ml,"Production Batch Processing","Crunchy Peanut Butter"
2026-08-28,"Small Shrimp",2276.76,g,"Production Batch Processing","Biscocho Chips"
2026-08-28,"Soy Sauce",145.38,ml,"Production Batch Processing","Kibets (Crispy Chiton)"
2026-08-28,"Spring Onion",97.95,g,"Production Batch Processing","Binayong Hipon"
2026-08-28,"Sugar",392.47,g,"Production Batch Processing","Crispy Bucheron"
2026-08-28,"Turmeric Powder",56.84,g,"Production Batch Processing","Salted Banana Chips"
2026-08-28,"Water",32.63,L,"Production Batch Processing","Creamy Peanut Butter"
2026-08-29,"Bell Pepper",153.91,g,"Production Batch Processing","Kibets (Crispy Chiton)"
2026-08-29,"Butter/Margarine",616.98,g,"Production Batch Processing","Binayong Hipon"
2026-08-29,"Cabbage",439.54,g,"Production Batch Processing","Crispy Bucheron"
2026-08-29,"Carrots",274.08,g,"Production Batch Processing","Salted Banana Chips"
2026-08-29,"Chicken",1387.87,g,"Production Batch Processing","Creamy Peanut Butter"
2026-08-29,"Chiton",2358.25,g,"Production Batch Processing","Crunchy Peanut Butter"
2026-08-29,"Cooking Oil",17.86,L,"Production Batch Processing","Biscocho Chips"
2026-08-29,"Garlic",243.77,g,"Production Batch Processing","Kibets (Crispy Chiton)"
2026-08-29,"Ground Pepper",61.93,g,"Production Batch Processing","Binayong Hipon"
2026-08-29,"Honey",425.67,ml,"Production Batch Processing","Crispy Bucheron"
2026-08-29,"Loaf Bread",8,pcs,"Production Batch Processing","Salted Banana Chips"
2026-08-29,"Onion",414.4,g,"Production Batch Processing","Creamy Peanut Butter"
2026-08-29,"Oyster Sauce",131.04,ml,"Production Batch Processing","Crunchy Peanut Butter"
2026-08-29,"Peanuts",2864.57,g,"Production Batch Processing","Biscocho Chips"
2026-08-29,"Pork",1147.88,g,"Production Batch Processing","Kibets (Crispy Chiton)"
2026-08-29,"Pork Skin",2678.08,g,"Production Batch Processing","Binayong Hipon"
2026-08-29,"Raw Bananas",3501.83,g,"Production Batch Processing","Crispy Bucheron"
2026-08-29,"Salt",243.56,g,"Production Batch Processing","Salted Banana Chips"
2026-08-29,"Sea Salt",138.65,g,"Production Batch Processing","Creamy Peanut Butter"
2026-08-29,"Sesame Oil",89.64,ml,"Production Batch Processing","Crunchy Peanut Butter"
2026-08-29,"Small Shrimp",3602.38,g,"Production Batch Processing","Biscocho Chips"
2026-08-29,"Soy Sauce",190.66,ml,"Production Batch Processing","Kibets (Crispy Chiton)"
2026-08-29,"Spring Onion",130.78,g,"Production Batch Processing","Binayong Hipon"
2026-08-29,"Sugar",563.87,g,"Production Batch Processing","Crispy Bucheron"
2026-08-29,"Turmeric Powder",69.89,g,"Production Batch Processing","Salted Banana Chips"
2026-08-29,"Water",47.62,L,"Production Batch Processing","Creamy Peanut Butter"
2026-08-30,"Bell Pepper",151.93,g,"Production Batch Processing","Kibets (Crispy Chiton)"
2026-08-30,"Butter/Margarine",679.31,g,"Production Batch Processing","Binayong Hipon"
2026-08-30,"Cabbage",394.36,g,"Production Batch Processing","Crispy Bucheron"
2026-08-30,"Carrots",331.11,g,"Production Batch Processing","Salted Banana Chips"
2026-08-30,"Chicken",1172.21,g,"Production Batch Processing","Creamy Peanut Butter"
2026-08-30,"Chiton",2413.76,g,"Production Batch Processing","Crunchy Peanut Butter"
2026-08-30,"Cooking Oil",15.66,L,"Production Batch Processing","Biscocho Chips"
2026-08-30,"Garlic",247.62,g,"Production Batch Processing","Kibets (Crispy Chiton)"
2026-08-30,"Ground Pepper",60.67,g,"Production Batch Processing","Binayong Hipon"
2026-08-30,"Honey",457.67,ml,"Production Batch Processing","Crispy Bucheron"
2026-08-30,"Loaf Bread",7.45,pcs,"Production Batch Processing","Salted Banana Chips"
2026-08-30,"Onion",362.41,g,"Production Batch Processing","Creamy Peanut Butter"
2026-08-30,"Oyster Sauce",141.93,ml,"Production Batch Processing","Crunchy Peanut Butter"
2026-08-30,"Peanuts",3002.09,g,"Production Batch Processing","Biscocho Chips"
2026-08-30,"Pork",1116.53,g,"Production Batch Processing","Kibets (Crispy Chiton)"
2026-08-30,"Pork Skin",2712.87,g,"Production Batch Processing","Binayong Hipon"
2026-08-30,"Raw Bananas",3404.43,g,"Production Batch Processing","Crispy Bucheron"
2026-08-30,"Salt",266.26,g,"Production Batch Processing","Salted Banana Chips"
2026-08-30,"Sea Salt",127.75,g,"Production Batch Processing","Creamy Peanut Butter"
2026-08-30,"Sesame Oil",84.02,ml,"Production Batch Processing","Crunchy Peanut Butter"
2026-08-30,"Small Shrimp",3085.56,g,"Production Batch Processing","Biscocho Chips"
2026-08-30,"Soy Sauce",227.43,ml,"Production Batch Processing","Kibets (Crispy Chiton)"
2026-08-30,"Spring Onion",162.64,g,"Production Batch Processing","Binayong Hipon"
2026-08-30,"Sugar",594.57,g,"Production Batch Processing","Crispy Bucheron"
2026-08-30,"Turmeric Powder",78.45,g,"Production Batch Processing","Salted Banana Chips"
2026-08-30,"Water",49.06,L,"Production Batch Processing","Creamy Peanut Butter"
2026-08-31,"Bell Pepper",119.56,g,"Production Batch Processing","Kibets (Crispy Chiton)"
2026-08-31,"Butter/Margarine",458.78,g,"Production Batch Processing","Binayong Hipon"
2026-08-31,"Cabbage",318.04,g,"Production Batch Processing","Crispy Bucheron"
2026-08-31,"Carrots",217.27,g,"Production Batch Processing","Salted Banana Chips"
2026-08-31,"Chicken",1023.43,g,"Production Batch Processing","Creamy Peanut Butter"
2026-08-31,"Chiton",1703.65,g,"Production Batch Processing","Crunchy Peanut Butter"
2026-08-31,"Cooking Oil",13.91,L,"Production Batch Processing","Biscocho Chips"
2026-08-31,"Garlic",165.82,g,"Production Batch Processing","Kibets (Crispy Chiton)"
2026-08-31,"Ground Pepper",47.44,g,"Production Batch Processing","Binayong Hipon"
2026-08-31,"Honey",361.79,ml,"Production Batch Processing","Crispy Bucheron"
2026-08-31,"Loaf Bread",5.66,pcs,"Production Batch Processing","Salted Banana Chips"
2026-08-31,"Onion",259.8,g,"Production Batch Processing","Creamy Peanut Butter"
2026-08-31,"Oyster Sauce",102.11,ml,"Production Batch Processing","Crunchy Peanut Butter"
2026-08-31,"Peanuts",2250.91,g,"Production Batch Processing","Biscocho Chips"
2026-08-31,"Pork",1022.87,g,"Production Batch Processing","Kibets (Crispy Chiton)"
2026-08-31,"Pork Skin",1708.27,g,"Production Batch Processing","Binayong Hipon"
2026-08-31,"Raw Bananas",2786.91,g,"Production Batch Processing","Crispy Bucheron"
2026-08-31,"Salt",208.76,g,"Production Batch Processing","Salted Banana Chips"
2026-08-31,"Sea Salt",95.19,g,"Production Batch Processing","Creamy Peanut Butter"
2026-08-31,"Sesame Oil",58.2,ml,"Production Batch Processing","Crunchy Peanut Butter"
2026-08-31,"Small Shrimp",2214.17,g,"Production Batch Processing","Biscocho Chips"
2026-08-31,"Soy Sauce",155.51,ml,"Production Batch Processing","Kibets (Crispy Chiton)"
2026-08-31,"Spring Onion",122.51,g,"Production Batch Processing","Binayong Hipon"
2026-08-31,"Sugar",403.46,g,"Production Batch Processing","Crispy Bucheron"
2026-08-31,"Turmeric Powder",55.78,g,"Production Batch Processing","Salted Banana Chips"
2026-08-31,"Water",35.36,L,"Production Batch Processing","Creamy Peanut Butter"
2026-09-01,"Bell Pepper",125.54,g,"Production Batch Processing","Kibets (Crispy Chiton)"
2026-09-01,"Butter/Margarine",440.9,g,"Production Batch Processing","Binayong Hipon"
2026-09-01,"Cabbage",274.39,g,"Production Batch Processing","Crispy Bucheron"
2026-09-01,"Carrots",223.09,g,"Production Batch Processing","Salted Banana Chips"
2026-09-01,"Chicken",1062.15,g,"Production Batch Processing","Creamy Peanut Butter"
2026-09-01,"Chiton",1663.6,g,"Production Batch Processing","Crunchy Peanut Butter"
2026-09-01,"Cooking Oil",12.3,L,"Production Batch Processing","Biscocho Chips"
2026-09-01,"Garlic",175.01,g,"Production Batch Processing","Kibets (Crispy Chiton)"
2026-09-01,"Ground Pepper",44.03,g,"Production Batch Processing","Binayong Hipon"
2026-09-01,"Honey",357.79,ml,"Production Batch Processing","Crispy Bucheron"
2026-09-01,"Loaf Bread",5.57,pcs,"Production Batch Processing","Salted Banana Chips"
2026-09-01,"Onion",306.03,g,"Production Batch Processing","Creamy Peanut Butter"
2026-09-01,"Oyster Sauce",112.85,ml,"Production Batch Processing","Crunchy Peanut Butter"
2026-09-01,"Peanuts",1924.95,g,"Production Batch Processing","Biscocho Chips"
2026-09-01,"Pork",885.25,g,"Production Batch Processing","Kibets (Crispy Chiton)"
2026-09-01,"Pork Skin",1620.96,g,"Production Batch Processing","Binayong Hipon"
2026-09-01,"Raw Bananas",2872.37,g,"Production Batch Processing","Crispy Bucheron"
2026-09-01,"Salt",186.17,g,"Production Batch Processing","Salted Banana Chips"
2026-09-01,"Sea Salt",92.73,g,"Production Batch Processing","Creamy Peanut Butter"
2026-09-01,"Sesame Oil",62.61,ml,"Production Batch Processing","Crunchy Peanut Butter"
2026-09-01,"Small Shrimp",2680.45,g,"Production Batch Processing","Biscocho Chips"
2026-09-01,"Soy Sauce",177.74,ml,"Production Batch Processing","Kibets (Crispy Chiton)"
2026-09-01,"Spring Onion",118.18,g,"Production Batch Processing","Binayong Hipon"
2026-09-01,"Sugar",441.84,g,"Production Batch Processing","Crispy Bucheron"
2026-09-01,"Turmeric Powder",60.53,g,"Production Batch Processing","Salted Banana Chips"
2026-09-01,"Water",35.2,L,"Production Batch Processing","Creamy Peanut Butter"
2026-09-02,"Bell Pepper",129.17,g,"Production Batch Processing","Kibets (Crispy Chiton)"
2026-09-02,"Butter/Margarine",461.28,g,"Production Batch Processing","Binayong Hipon"
2026-09-02,"Cabbage",322.27,g,"Production Batch Processing","Crispy Bucheron"
2026-09-02,"Carrots",195.04,g,"Production Batch Processing","Salted Banana Chips"
2026-09-02,"Chicken",1058.69,g,"Production Batch Processing","Creamy Peanut Butter"
2026-09-02,"Chiton",1535.82,g,"Production Batch Processing","Crunchy Peanut Butter"
2026-09-02,"Cooking Oil",11.75,L,"Production Batch Processing","Biscocho Chips"
2026-09-02,"Garlic",162.63,g,"Production Batch Processing","Kibets (Crispy Chiton)"
2026-09-02,"Ground Pepper",47.16,g,"Production Batch Processing","Binayong Hipon"
2026-09-02,"Honey",373.87,ml,"Production Batch Processing","Crispy Bucheron"
2026-09-02,"Loaf Bread",6.28,pcs,"Production Batch Processing","Salted Banana Chips"
2026-09-02,"Onion",248.61,g,"Production Batch Processing","Creamy Peanut Butter"
2026-09-02,"Oyster Sauce",113.4,ml,"Production Batch Processing","Crunchy Peanut Butter"
2026-09-02,"Peanuts",2107.13,g,"Production Batch Processing","Biscocho Chips"
2026-09-02,"Pork",917.74,g,"Production Batch Processing","Kibets (Crispy Chiton)"
2026-09-02,"Pork Skin",1859.2,g,"Production Batch Processing","Binayong Hipon"
2026-09-02,"Raw Bananas",2403.17,g,"Production Batch Processing","Crispy Bucheron"
2026-09-02,"Salt",203.66,g,"Production Batch Processing","Salted Banana Chips"
2026-09-02,"Sea Salt",101.19,g,"Production Batch Processing","Creamy Peanut Butter"
2026-09-02,"Sesame Oil",60.06,ml,"Production Batch Processing","Crunchy Peanut Butter"
2026-09-02,"Small Shrimp",2173.7,g,"Production Batch Processing","Biscocho Chips"
2026-09-02,"Soy Sauce",163.83,ml,"Production Batch Processing","Kibets (Crispy Chiton)"
2026-09-02,"Spring Onion",115.17,g,"Production Batch Processing","Binayong Hipon"
2026-09-02,"Sugar",404.33,g,"Production Batch Processing","Crispy Bucheron"
2026-09-02,"Turmeric Powder",53.57,g,"Production Batch Processing","Salted Banana Chips"
2026-09-02,"Water",35.88,L,"Production Batch Processing","Creamy Peanut Butter"
