receipt_date,item_code,material_name,received_quantity,unit,supplier_name,received_by,remarks
2026-01-01,RM-001,"Bread Flour",318.7,kg,"San Miguel Mills Logistics","Warehouse Inbound Team","Authorized supplier stock replenishment"
2026-01-07,RM-001,"Bread Flour",294.15,kg,"San Miguel Mills Logistics","Warehouse Inbound Team","Authorized supplier stock replenishment"
2026-01-13,RM-001,"Bread Flour",271.56,kg,"San Miguel Mills Logistics","Warehouse Inbound Team","Authorized supplier stock replenishment"
2026-01-19,RM-001,"Bread Flour",297.89,kg,"San Miguel Mills Logistics","Warehouse Inbound Team","Authorized supplier stock replenishment"
2026-01-25,RM-001,"Bread Flour",318.4,kg,"San Miguel Mills Logistics","Warehouse Inbound Team","Authorized supplier stock replenishment"
2026-01-31,RM-001,"Bread Flour",290.44,kg,"San Miguel Mills Logistics","Warehouse Inbound Team","Authorized supplier stock replenishment"
2026-02-06,RM-001,"Bread Flour",272.15,kg,"San Miguel Mills Logistics","Warehouse Inbound Team","Authorized supplier stock replenishment"
2026-02-12,RM-001,"Bread Flour",301.56,kg,"San Miguel Mills Logistics","Warehouse Inbound Team","Authorized supplier stock replenishment"
2026-02-18,RM-001,"Bread Flour",317.52,kg,"San Miguel Mills Logistics","Warehouse Inbound Team","Authorized supplier stock replenishment"
2026-02-24,RM-001,"Bread Flour",286.84,kg,"San Miguel Mills Logistics","Warehouse Inbound Team","Authorized supplier stock replenishment"
2026-03-02,RM-001,"Bread Flour",273.31,kg,"San Miguel Mills Logistics","Warehouse Inbound Team","Authorized supplier stock replenishment"
2026-03-08,RM-001,"Bread Flour",305.06,kg,"San Miguel Mills Logistics","Warehouse Inbound Team","Authorized supplier stock replenishment"
2026-03-14,RM-001,"Bread Flour",316.07,kg,"San Miguel Mills Logistics","Warehouse Inbound Team","Authorized supplier stock replenishment"
2026-03-20,RM-001,"Bread Flour",283.45,kg,"San Miguel Mills Logistics","Warehouse Inbound Team","Authorized supplier stock replenishment"
2026-03-26,RM-001,"Bread Flour",275.03,kg,"San Miguel Mills Logistics","Warehouse Inbound Team","Authorized supplier stock replenishment"
2026-04-01,RM-001,"Bread Flour",308.31,kg,"San Miguel Mills Logistics","Warehouse Inbound Team","Authorized supplier stock replenishment"
2026-04-07,RM-001,"Bread Flour",314.1,kg,"San Miguel Mills Logistics","Warehouse Inbound Team","Authorized supplier stock replenishment"
2026-04-13,RM-001,"Bread Flour",280.35,kg,"San Miguel Mills Logistics","Warehouse Inbound Team","Authorized supplier stock replenishment"
2026-04-19,RM-001,"Bread Flour",277.24,kg,"San Miguel Mills Logistics","Warehouse Inbound Team","Authorized supplier stock replenishment"
2026-04-25,RM-001,"Bread Flour",311.24,kg,"San Miguel Mills Logistics","Warehouse Inbound Team","Authorized supplier stock replenishment"
2026-05-01,RM-001,"Bread Flour",311.65,kg,"San Miguel Mills Logistics","Warehouse Inbound Team","Authorized supplier stock replenishment"
2026-05-07,RM-001,"Bread Flour",277.63,kg,"San Miguel Mills Logistics","Warehouse Inbound Team","Authorized supplier stock replenishment"
2026-05-13,RM-001,"Bread Flour",279.91,kg,"San Miguel Mills Logistics","Warehouse Inbound Team","Authorized supplier stock replenishment"
2026-05-19,RM-001,"Bread Flour",313.75,kg,"San Miguel Mills Logistics","Warehouse Inbound Team","Authorized supplier stock replenishment"
2026-05-25,RM-001,"Bread Flour",308.79,kg,"San Miguel Mills Logistics","Warehouse Inbound Team","Authorized supplier stock replenishment"
2026-05-31,RM-001,"Bread Flour",275.34,kg,"San Miguel Mills Logistics","Warehouse Inbound Team","Authorized supplier stock replenishment"
2026-06-06,RM-001,"Bread Flour",282.95,kg,"San Miguel Mills Logistics","Warehouse Inbound Team","Authorized supplier stock replenishment"
2026-06-12,RM-001,"Bread Flour",315.8,kg,"San Miguel Mills Logistics","Warehouse Inbound Team","Authorized supplier stock replenishment"
2026-06-18,RM-001,"Bread Flour",305.58,kg,"San Miguel Mills Logistics","Warehouse Inbound Team","Authorized supplier stock replenishment"
2026-06-24,RM-001,"Bread Flour",273.54,kg,"San Miguel Mills Logistics","Warehouse Inbound Team","Authorized supplier stock replenishment"
2026-06-30,RM-001,"Bread Flour",286.3,kg,"San Miguel Mills Logistics","Warehouse Inbound Team","Authorized supplier stock replenishment"
2026-07-06,RM-001,"Bread Flour",317.33,kg,"San Miguel Mills Logistics","Warehouse Inbound Team","Authorized supplier stock replenishment"
2026-07-12,RM-001,"Bread Flour",302.11,kg,"San Miguel Mills Logistics","Warehouse Inbound Team","Authorized supplier stock replenishment"
2026-07-18,RM-001,"Bread Flour",272.29,kg,"San Miguel Mills Logistics","Warehouse Inbound Team","Authorized supplier stock replenishment"
2026-07-24,RM-001,"Bread Flour",289.87,kg,"San Miguel Mills Logistics","Warehouse Inbound Team","Authorized supplier stock replenishment"
2026-07-30,RM-001,"Bread Flour",318.3,kg,"San Miguel Mills Logistics","Warehouse Inbound Team","Authorized supplier stock replenishment"
2026-08-05,RM-001,"Bread Flour",298.46,kg,"San Miguel Mills Logistics","Warehouse Inbound Team","Authorized supplier stock replenishment"
2026-08-11,RM-001,"Bread Flour",271.61,kg,"San Miguel Mills Logistics","Warehouse Inbound Team","Authorized supplier stock replenishment"
2026-08-17,RM-001,"Bread Flour",293.57,kg,"San Miguel Mills Logistics","Warehouse Inbound Team","Authorized supplier stock replenishment"
2026-08-23,RM-001,"Bread Flour",318.69,kg,"San Miguel Mills Logistics","Warehouse Inbound Team","Authorized supplier stock replenishment"
2026-08-29,RM-001,"Bread Flour",222.61,kg,"San Miguel Mills Logistics","Warehouse Inbound Team","Authorized supplier stock replenishment"
2026-01-02,RM-002,"All-Purpose Flour",203.71,kg,"Universal Robina Supply Corp","Warehouse Inbound Team","Authorized supplier stock replenishment"
2026-01-07,RM-002,"All-Purpose Flour",194.28,kg,"Universal Robina Supply Corp","Warehouse Inbound Team","Authorized supplier stock replenishment"
2026-01-12,RM-002,"All-Purpose Flour",220.18,kg,"Universal Robina Supply Corp","Warehouse Inbound Team","Authorized supplier stock replenishment"
2026-01-17,RM-002,"All-Purpose Flour",217.86,kg,"Universal Robina Supply Corp","Warehouse Inbound Team","Authorized supplier stock replenishment"
2026-01-22,RM-002,"All-Purpose Flour",193.01,kg,"Universal Robina Supply Corp","Warehouse Inbound Team","Authorized supplier stock replenishment"
2026-01-27,RM-002,"All-Purpose Flour",206.6,kg,"Universal Robina Supply Corp","Warehouse Inbound Team","Authorized supplier stock replenishment"
2026-02-01,RM-002,"All-Purpose Flour",225.28,kg,"Universal Robina Supply Corp","Warehouse Inbound Team","Authorized supplier stock replenishment"
2026-02-06,RM-002,"All-Purpose Flour",203.22,kg,"Universal Robina Supply Corp","Warehouse Inbound Team","Authorized supplier stock replenishment"
2026-02-11,RM-002,"All-Purpose Flour",194.55,kg,"Universal Robina Supply Corp","Warehouse Inbound Team","Authorized supplier stock replenishment"
2026-02-16,RM-002,"All-Purpose Flour",220.54,kg,"Universal Robina Supply Corp","Warehouse Inbound Team","Authorized supplier stock replenishment"
2026-02-21,RM-002,"All-Purpose Flour",217.43,kg,"Universal Robina Supply Corp","Warehouse Inbound Team","Authorized supplier stock replenishment"
2026-02-26,RM-002,"All-Purpose Flour",192.85,kg,"Universal Robina Supply Corp","Warehouse Inbound Team","Authorized supplier stock replenishment"
2026-03-03,RM-002,"All-Purpose Flour",207.11,kg,"Universal Robina Supply Corp","Warehouse Inbound Team","Authorized supplier stock replenishment"
2026-03-08,RM-002,"All-Purpose Flour",225.22,kg,"Universal Robina Supply Corp","Warehouse Inbound Team","Authorized supplier stock replenishment"
2026-03-13,RM-002,"All-Purpose Flour",202.74,kg,"Universal Robina Supply Corp","Warehouse Inbound Team","Authorized supplier stock replenishment"
2026-03-18,RM-002,"All-Purpose Flour",194.83,kg,"Universal Robina Supply Corp","Warehouse Inbound Team","Authorized supplier stock replenishment"
2026-03-23,RM-002,"All-Purpose Flour",220.89,kg,"Universal Robina Supply Corp","Warehouse Inbound Team","Authorized supplier stock replenishment"
2026-03-28,RM-002,"All-Purpose Flour",216.99,kg,"Universal Robina Supply Corp","Warehouse Inbound Team","Authorized supplier stock replenishment"
2026-04-02,RM-002,"All-Purpose Flour",192.69,kg,"Universal Robina Supply Corp","Warehouse Inbound Team","Authorized supplier stock replenishment"
2026-04-07,RM-002,"All-Purpose Flour",207.62,kg,"Universal Robina Supply Corp","Warehouse Inbound Team","Authorized supplier stock replenishment"
2026-04-12,RM-002,"All-Purpose Flour",225.14,kg,"Universal Robina Supply Corp","Warehouse Inbound Team","Authorized supplier stock replenishment"
2026-04-17,RM-002,"All-Purpose Flour",202.27,kg,"Universal Robina Supply Corp","Warehouse Inbound Team","Authorized supplier stock replenishment"
2026-04-22,RM-002,"All-Purpose Flour",195.12,kg,"Universal Robina Supply Corp","Warehouse Inbound Team","Authorized supplier stock replenishment"
2026-04-27,RM-002,"All-Purpose Flour",221.23,kg,"Universal Robina Supply Corp","Warehouse Inbound Team","Authorized supplier stock replenishment"
2026-05-02,RM-002,"All-Purpose Flour",216.54,kg,"Universal Robina Supply Corp","Warehouse Inbound Team","Authorized supplier stock replenishment"
2026-05-07,RM-002,"All-Purpose Flour",192.55,kg,"Universal Robina Supply Corp","Warehouse Inbound Team","Authorized supplier stock replenishment"
2026-05-12,RM-002,"All-Purpose Flour",208.13,kg,"Universal Robina Supply Corp","Warehouse Inbound Team","Authorized supplier stock replenishment"
2026-05-17,RM-002,"All-Purpose Flour",225.05,kg,"Universal Robina Supply Corp","Warehouse Inbound Team","Authorized supplier stock replenishment"
2026-05-22,RM-002,"All-Purpose Flour",201.8,kg,"Universal Robina Supply Corp","Warehouse Inbound Team","Authorized supplier stock replenishment"
2026-05-27,RM-002,"All-Purpose Flour",195.42,kg,"Universal Robina Supply Corp","Warehouse Inbound Team","Authorized supplier stock replenishment"
2026-06-01,RM-002,"All-Purpose Flour",221.56,kg,"Universal Robina Supply Corp","Warehouse Inbound Team","Authorized supplier stock replenishment"
2026-06-06,RM-002,"All-Purpose Flour",216.09,kg,"Universal Robina Supply Corp","Warehouse Inbound Team","Authorized supplier stock replenishment"
2026-06-11,RM-002,"All-Purpose Flour",192.43,kg,"Universal Robina Supply Corp","Warehouse Inbound Team","Authorized supplier stock replenishment"
2026-06-16,RM-002,"All-Purpose Flour",208.63,kg,"Universal Robina Supply Corp","Warehouse Inbound Team","Authorized supplier stock replenishment"
2026-06-21,RM-002,"All-Purpose Flour",224.95,kg,"Universal Robina Supply Corp","Warehouse Inbound Team","Authorized supplier stock replenishment"
2026-06-26,RM-002,"All-Purpose Flour",201.34,kg,"Universal Robina Supply Corp","Warehouse Inbound Team","Authorized supplier stock replenishment"
2026-07-01,RM-002,"All-Purpose Flour",195.74,kg,"Universal Robina Supply Corp","Warehouse Inbound Team","Authorized supplier stock replenishment"
2026-07-06,RM-002,"All-Purpose Flour",221.88,kg,"Universal Robina Supply Corp","Warehouse Inbound Team","Authorized supplier stock replenishment"
2026-07-11,RM-002,"All-Purpose Flour",215.63,kg,"Universal Robina Supply Corp","Warehouse Inbound Team","Authorized supplier stock replenishment"
2026-07-16,RM-002,"All-Purpose Flour",192.32,kg,"Universal Robina Supply Corp","Warehouse Inbound Team","Authorized supplier stock replenishment"
2026-07-21,RM-002,"All-Purpose Flour",209.14,kg,"Universal Robina Supply Corp","Warehouse Inbound Team","Authorized supplier stock replenishment"
2026-07-26,RM-002,"All-Purpose Flour",224.82,kg,"Universal Robina Supply Corp","Warehouse Inbound Team","Authorized supplier stock replenishment"
2026-07-31,RM-002,"All-Purpose Flour",200.89,kg,"Universal Robina Supply Corp","Warehouse Inbound Team","Authorized supplier stock replenishment"
2026-08-05,RM-002,"All-Purpose Flour",196.06,kg,"Universal Robina Supply Corp","Warehouse Inbound Team","Authorized supplier stock replenishment"
2026-08-10,RM-002,"All-Purpose Flour",222.19,kg,"Universal Robina Supply Corp","Warehouse Inbound Team","Authorized supplier stock replenishment"
2026-08-15,RM-002,"All-Purpose Flour",215.16,kg,"Universal Robina Supply Corp","Warehouse Inbound Team","Authorized supplier stock replenishment"
2026-08-20,RM-002,"All-Purpose Flour",192.22,kg,"Universal Robina Supply Corp","Warehouse Inbound Team","Authorized supplier stock replenishment"
2026-08-25,RM-002,"All-Purpose Flour",209.65,kg,"Universal Robina Supply Corp","Warehouse Inbound Team","Authorized supplier stock replenishment"
2026-08-30,RM-002,"All-Purpose Flour",223.61,kg,"Universal Robina Supply Corp","Warehouse Inbound Team","Authorized supplier stock replenishment"
2026-01-03,RM-003,"Cake Flour",147.59,kg,"San Miguel Mills Logistics","Warehouse Inbound Team","Authorized supplier stock replenishment"
2026-01-09,RM-003,"Cake Flour",151.22,kg,"San Miguel Mills Logistics","Warehouse Inbound Team","Authorized supplier stock replenishment"
2026-01-15,RM-003,"Cake Flour",168.92,kg,"San Miguel Mills Logistics","Warehouse Inbound Team","Authorized supplier stock replenishment"
2026-01-21,RM-003,"Cake Flour",163.89,kg,"San Miguel Mills Logistics","Warehouse Inbound Team","Authorized supplier stock replenishment"
2026-01-27,RM-003,"Cake Flour",146.58,kg,"San Miguel Mills Logistics","Warehouse Inbound Team","Authorized supplier stock replenishment"
2026-02-02,RM-003,"Cake Flour",152.99,kg,"San Miguel Mills Logistics","Warehouse Inbound Team","Authorized supplier stock replenishment"
2026-02-08,RM-003,"Cake Flour",169.78,kg,"San Miguel Mills Logistics","Warehouse Inbound Team","Authorized supplier stock replenishment"
2026-02-14,RM-003,"Cake Flour",162.05,kg,"San Miguel Mills Logistics","Warehouse Inbound Team","Authorized supplier stock replenishment"
2026-02-20,RM-003,"Cake Flour",145.86,kg,"San Miguel Mills Logistics","Warehouse Inbound Team","Authorized supplier stock replenishment"
2026-02-26,RM-003,"Cake Flour",154.88,kg,"San Miguel Mills Logistics","Warehouse Inbound Team","Authorized supplier stock replenishment"
2026-03-04,RM-003,"Cake Flour",170.35,kg,"San Miguel Mills Logistics","Warehouse Inbound Team","Authorized supplier stock replenishment"
2026-03-10,RM-003,"Cake Flour",160.11,kg,"San Miguel Mills Logistics","Warehouse Inbound Team","Authorized supplier stock replenishment"
2026-03-16,RM-003,"Cake Flour",145.45,kg,"San Miguel Mills Logistics","Warehouse Inbound Team","Authorized supplier stock replenishment"
2026-03-22,RM-003,"Cake Flour",156.86,kg,"San Miguel Mills Logistics","Warehouse Inbound Team","Authorized supplier stock replenishment"
2026-03-28,RM-003,"Cake Flour",170.61,kg,"San Miguel Mills Logistics","Warehouse Inbound Team","Authorized supplier stock replenishment"
2026-04-03,RM-003,"Cake Flour",158.11,kg,"San Miguel Mills Logistics","Warehouse Inbound Team","Authorized supplier stock replenishment"
2026-04-09,RM-003,"Cake Flour",145.35,kg,"San Miguel Mills Logistics","Warehouse Inbound Team","Authorized supplier stock replenishment"
2026-04-15,RM-003,"Cake Flour",158.86,kg,"San Miguel Mills Logistics","Warehouse Inbound Team","Authorized supplier stock replenishment"
2026-04-21,RM-003,"Cake Flour",170.55,kg,"San Miguel Mills Logistics","Warehouse Inbound Team","Authorized supplier stock replenishment"
2026-04-27,RM-003,"Cake Flour",156.11,kg,"San Miguel Mills Logistics","Warehouse Inbound Team","Authorized supplier stock replenishment"
2026-05-03,RM-003,"Cake Flour",145.57,kg,"San Miguel Mills Logistics","Warehouse Inbound Team","Authorized supplier stock replenishment"
2026-05-09,RM-003,"Cake Flour",160.84,kg,"San Miguel Mills Logistics","Warehouse Inbound Team","Authorized supplier stock replenishment"
2026-05-15,RM-003,"Cake Flour",170.17,kg,"San Miguel Mills Logistics","Warehouse Inbound Team","Authorized supplier stock replenishment"
2026-05-21,RM-003,"Cake Flour",154.16,kg,"San Miguel Mills Logistics","Warehouse Inbound Team","Authorized supplier stock replenishment"
2026-05-27,RM-003,"Cake Flour",146.1,kg,"San Miguel Mills Logistics","Warehouse Inbound Team","Authorized supplier stock replenishment"
2026-06-02,RM-003,"Cake Flour",162.75,kg,"San Miguel Mills Logistics","Warehouse Inbound Team","Authorized supplier stock replenishment"
2026-06-08,RM-003,"Cake Flour",169.49,kg,"San Miguel Mills Logistics","Warehouse Inbound Team","Authorized supplier stock replenishment"
2026-06-14,RM-003,"Cake Flour",152.31,kg,"San Miguel Mills Logistics","Warehouse Inbound Team","Authorized supplier stock replenishment"
2026-06-20,RM-003,"Cake Flour",146.93,kg,"San Miguel Mills Logistics","Warehouse Inbound Team","Authorized supplier stock replenishment"
2026-06-26,RM-003,"Cake Flour",164.54,kg,"San Miguel Mills Logistics","Warehouse Inbound Team","Authorized supplier stock replenishment"
2026-07-02,RM-003,"Cake Flour",168.52,kg,"San Miguel Mills Logistics","Warehouse Inbound Team","Authorized supplier stock replenishment"
2026-07-08,RM-003,"Cake Flour",150.6,kg,"San Miguel Mills Logistics","Warehouse Inbound Team","Authorized supplier stock replenishment"
2026-07-14,RM-003,"Cake Flour",148.03,kg,"San Miguel Mills Logistics","Warehouse Inbound Team","Authorized supplier stock replenishment"
2026-07-20,RM-003,"Cake Flour",166.16,kg,"San Miguel Mills Logistics","Warehouse Inbound Team","Authorized supplier stock replenishment"
2026-07-26,RM-003,"Cake Flour",167.29,kg,"San Miguel Mills Logistics","Warehouse Inbound Team","Authorized supplier stock replenishment"
2026-08-01,RM-003,"Cake Flour",149.07,kg,"San Miguel Mills Logistics","Warehouse Inbound Team","Authorized supplier stock replenishment"
2026-08-07,RM-003,"Cake Flour",149.39,kg,"San Miguel Mills Logistics","Warehouse Inbound Team","Authorized supplier stock replenishment"
2026-08-13,RM-003,"Cake Flour",167.58,kg,"San Miguel Mills Logistics","Warehouse Inbound Team","Authorized supplier stock replenishment"
2026-08-19,RM-003,"Cake Flour",165.82,kg,"San Miguel Mills Logistics","Warehouse Inbound Team","Authorized supplier stock replenishment"
2026-08-25,RM-003,"Cake Flour",147.77,kg,"San Miguel Mills Logistics","Warehouse Inbound Team","Authorized supplier stock replenishment"
2026-08-31,RM-003,"Cake Flour",141.8,kg,"San Miguel Mills Logistics","Warehouse Inbound Team","Authorized supplier stock replenishment"
2026-01-04,RM-004,"Refined White Sugar",278.76,kg,"Universal Robina Supply Corp","Warehouse Inbound Team","Authorized supplier stock replenishment"
2026-01-10,RM-004,"Refined White Sugar",248.67,kg,"Universal Robina Supply Corp","Warehouse Inbound Team","Authorized supplier stock replenishment"
2026-01-16,RM-004,"Refined White Sugar",246.79,kg,"Universal Robina Supply Corp","Warehouse Inbound Team","Authorized supplier stock replenishment"
2026-01-22,RM-004,"Refined White Sugar",277.03,kg,"Universal Robina Supply Corp","Warehouse Inbound Team","Authorized supplier stock replenishment"
2026-01-28,RM-004,"Refined White Sugar",276.51,kg,"Universal Robina Supply Corp","Warehouse Inbound Team","Authorized supplier stock replenishment"
2026-02-03,RM-004,"Refined White Sugar",246.31,kg,"Universal Robina Supply Corp","Warehouse Inbound Team","Authorized supplier stock replenishment"
2026-02-09,RM-004,"Refined White Sugar",249.22,kg,"Universal Robina Supply Corp","Warehouse Inbound Team","Authorized supplier stock replenishment"
2026-02-15,RM-004,"Refined White Sugar",279.19,kg,"Universal Robina Supply Corp","Warehouse Inbound Team","Authorized supplier stock replenishment"
2026-02-21,RM-004,"Refined White Sugar",273.91,kg,"Universal Robina Supply Corp","Warehouse Inbound Team","Authorized supplier stock replenishment"
2026-02-27,RM-004,"Refined White Sugar",244.35,kg,"Universal Robina Supply Corp","Warehouse Inbound Team","Authorized supplier stock replenishment"
2026-03-05,RM-004,"Refined White Sugar",251.98,kg,"Universal Robina Supply Corp","Warehouse Inbound Team","Authorized supplier stock replenishment"
2026-03-11,RM-004,"Refined White Sugar",280.93,kg,"Universal Robina Supply Corp","Warehouse Inbound Team","Authorized supplier stock replenishment"
2026-03-17,RM-004,"Refined White Sugar",271.01,kg,"Universal Robina Supply Corp","Warehouse Inbound Team","Authorized supplier stock replenishment"
2026-03-23,RM-004,"Refined White Sugar",242.85,kg,"Universal Robina Supply Corp","Warehouse Inbound Team","Authorized supplier stock replenishment"
2026-03-29,RM-004,"Refined White Sugar",255,kg,"Universal Robina Supply Corp","Warehouse Inbound Team","Authorized supplier stock replenishment"
2026-04-04,RM-004,"Refined White Sugar",282.2,kg,"Universal Robina Supply Corp","Warehouse Inbound Team","Authorized supplier stock replenishment"
2026-04-10,RM-004,"Refined White Sugar",267.89,kg,"Universal Robina Supply Corp","Warehouse Inbound Team","Authorized supplier stock replenishment"
2026-04-16,RM-004,"Refined White Sugar",241.82,kg,"Universal Robina Supply Corp","Warehouse Inbound Team","Authorized supplier stock replenishment"
2026-04-22,RM-004,"Refined White Sugar",258.2,kg,"Universal Robina Supply Corp","Warehouse Inbound Team","Authorized supplier stock replenishment"
2026-04-28,RM-004,"Refined White Sugar",282.97,kg,"Universal Robina Supply Corp","Warehouse Inbound Team","Authorized supplier stock replenishment"
2026-05-04,RM-004,"Refined White Sugar",264.63,kg,"Universal Robina Supply Corp","Warehouse Inbound Team","Authorized supplier stock replenishment"
2026-05-10,RM-004,"Refined White Sugar",241.32,kg,"Universal Robina Supply Corp","Warehouse Inbound Team","Authorized supplier stock replenishment"
2026-05-16,RM-004,"Refined White Sugar",261.5,kg,"Universal Robina Supply Corp","Warehouse Inbound Team","Authorized supplier stock replenishment"
2026-05-22,RM-004,"Refined White Sugar",283.21,kg,"Universal Robina Supply Corp","Warehouse Inbound Team","Authorized supplier stock replenishment"
2026-05-28,RM-004,"Refined White Sugar",261.31,kg,"Universal Robina Supply Corp","Warehouse Inbound Team","Authorized supplier stock replenishment"
2026-06-03,RM-004,"Refined White Sugar",241.33,kg,"Universal Robina Supply Corp","Warehouse Inbound Team","Authorized supplier stock replenishment"
2026-06-09,RM-004,"Refined White Sugar",264.82,kg,"Universal Robina Supply Corp","Warehouse Inbound Team","Authorized supplier stock replenishment"
2026-06-15,RM-004,"Refined White Sugar",282.94,kg,"Universal Robina Supply Corp","Warehouse Inbound Team","Authorized supplier stock replenishment"
2026-06-21,RM-004,"Refined White Sugar",258.01,kg,"Universal Robina Supply Corp","Warehouse Inbound Team","Authorized supplier stock replenishment"
2026-06-27,RM-004,"Refined White Sugar",241.87,kg,"Universal Robina Supply Corp","Warehouse Inbound Team","Authorized supplier stock replenishment"
2026-07-03,RM-004,"Refined White Sugar",268.08,kg,"Universal Robina Supply Corp","Warehouse Inbound Team","Authorized supplier stock replenishment"
2026-07-09,RM-004,"Refined White Sugar",282.14,kg,"Universal Robina Supply Corp","Warehouse Inbound Team","Authorized supplier stock replenishment"
2026-07-15,RM-004,"Refined White Sugar",254.82,kg,"Universal Robina Supply Corp","Warehouse Inbound Team","Authorized supplier stock replenishment"
2026-07-21,RM-004,"Refined White Sugar",242.92,kg,"Universal Robina Supply Corp","Warehouse Inbound Team","Authorized supplier stock replenishment"
2026-07-27,RM-004,"Refined White Sugar",271.19,kg,"Universal Robina Supply Corp","Warehouse Inbound Team","Authorized supplier stock replenishment"
2026-08-02,RM-004,"Refined White Sugar",280.84,kg,"Universal Robina Supply Corp","Warehouse Inbound Team","Authorized supplier stock replenishment"
2026-08-08,RM-004,"Refined White Sugar",251.81,kg,"Universal Robina Supply Corp","Warehouse Inbound Team","Authorized supplier stock replenishment"
2026-08-14,RM-004,"Refined White Sugar",244.46,kg,"Universal Robina Supply Corp","Warehouse Inbound Team","Authorized supplier stock replenishment"
2026-08-20,RM-004,"Refined White Sugar",274.07,kg,"Universal Robina Supply Corp","Warehouse Inbound Team","Authorized supplier stock replenishment"
2026-08-26,RM-004,"Refined White Sugar",279.07,kg,"Universal Robina Supply Corp","Warehouse Inbound Team","Authorized supplier stock replenishment"
2026-09-01,RM-004,"Refined White Sugar",202.04,kg,"Universal Robina Supply Corp","Warehouse Inbound Team","Authorized supplier stock replenishment"
2026-01-05,RM-005,"Brown Sugar",112.84,kg,"San Miguel Mills Logistics","Warehouse Inbound Team","Authorized supplier stock replenishment"
2026-01-10,RM-005,"Brown Sugar",101.03,kg,"San Miguel Mills Logistics","Warehouse Inbound Team","Authorized supplier stock replenishment"
2026-01-15,RM-005,"Brown Sugar",110.58,kg,"San Miguel Mills Logistics","Warehouse Inbound Team","Authorized supplier stock replenishment"
2026-01-20,RM-005,"Brown Sugar",118.05,kg,"San Miguel Mills Logistics","Warehouse Inbound Team","Authorized supplier stock replenishment"
2026-01-25,RM-005,"Brown Sugar",105.12,kg,"San Miguel Mills Logistics","Warehouse Inbound Team","Authorized supplier stock replenishment"
2026-01-30,RM-005,"Brown Sugar",103.51,kg,"San Miguel Mills Logistics","Warehouse Inbound Team","Authorized supplier stock replenishment"
2026-02-04,RM-005,"Brown Sugar",117.18,kg,"San Miguel Mills Logistics","Warehouse Inbound Team","Authorized supplier stock replenishment"
2026-02-09,RM-005,"Brown Sugar",112.59,kg,"San Miguel Mills Logistics","Warehouse Inbound Team","Authorized supplier stock replenishment"
2026-02-14,RM-005,"Brown Sugar",101,kg,"San Miguel Mills Logistics","Warehouse Inbound Team","Authorized supplier stock replenishment"
2026-02-19,RM-005,"Brown Sugar",110.85,kg,"San Miguel Mills Logistics","Warehouse Inbound Team","Authorized supplier stock replenishment"
2026-02-24,RM-005,"Brown Sugar",117.97,kg,"San Miguel Mills Logistics","Warehouse Inbound Team","Authorized supplier stock replenishment"
2026-03-01,RM-005,"Brown Sugar",104.89,kg,"San Miguel Mills Logistics","Warehouse Inbound Team","Authorized supplier stock replenishment"
2026-03-06,RM-005,"Brown Sugar",103.7,kg,"San Miguel Mills Logistics","Warehouse Inbound Team","Authorized supplier stock replenishment"
2026-03-11,RM-005,"Brown Sugar",117.31,kg,"San Miguel Mills Logistics","Warehouse Inbound Team","Authorized supplier stock replenishment"
2026-03-16,RM-005,"Brown Sugar",112.33,kg,"San Miguel Mills Logistics","Warehouse Inbound Team","Authorized supplier stock replenishment"
2026-03-21,RM-005,"Brown Sugar",100.98,kg,"San Miguel Mills Logistics","Warehouse Inbound Team","Authorized supplier stock replenishment"
2026-03-26,RM-005,"Brown Sugar",111.11,kg,"San Miguel Mills Logistics","Warehouse Inbound Team","Authorized supplier stock replenishment"
2026-03-31,RM-005,"Brown Sugar",117.87,kg,"San Miguel Mills Logistics","Warehouse Inbound Team","Authorized supplier stock replenishment"
2026-04-05,RM-005,"Brown Sugar",104.67,kg,"San Miguel Mills Logistics","Warehouse Inbound Team","Authorized supplier stock replenishment"
2026-04-10,RM-005,"Brown Sugar",103.9,kg,"San Miguel Mills Logistics","Warehouse Inbound Team","Authorized supplier stock replenishment"
2026-04-15,RM-005,"Brown Sugar",117.45,kg,"San Miguel Mills Logistics","Warehouse Inbound Team","Authorized supplier stock replenishment"
2026-04-20,RM-005,"Brown Sugar",112.07,kg,"San Miguel Mills Logistics","Warehouse Inbound Team","Authorized supplier stock replenishment"
2026-04-25,RM-005,"Brown Sugar",100.96,kg,"San Miguel Mills Logistics","Warehouse Inbound Team","Authorized supplier stock replenishment"
2026-04-30,RM-005,"Brown Sugar",111.37,kg,"San Miguel Mills Logistics","Warehouse Inbound Team","Authorized supplier stock replenishment"
2026-05-05,RM-005,"Brown Sugar",117.76,kg,"San Miguel Mills Logistics","Warehouse Inbound Team","Authorized supplier stock replenishment"
2026-05-10,RM-005,"Brown Sugar",104.46,kg,"San Miguel Mills Logistics","Warehouse Inbound Team","Authorized supplier stock replenishment"
2026-05-15,RM-005,"Brown Sugar",104.1,kg,"San Miguel Mills Logistics","Warehouse Inbound Team","Authorized supplier stock replenishment"
2026-05-20,RM-005,"Brown Sugar",117.57,kg,"San Miguel Mills Logistics","Warehouse Inbound Team","Authorized supplier stock replenishment"
2026-05-25,RM-005,"Brown Sugar",111.81,kg,"San Miguel Mills Logistics","Warehouse Inbound Team","Authorized supplier stock replenishment"
2026-05-30,RM-005,"Brown Sugar",100.96,kg,"San Miguel Mills Logistics","Warehouse Inbound Team","Authorized supplier stock replenishment"
2026-06-04,RM-005,"Brown Sugar",111.64,kg,"San Miguel Mills Logistics","Warehouse Inbound Team","Authorized supplier stock replenishment"
2026-06-09,RM-005,"Brown Sugar",117.65,kg,"San Miguel Mills Logistics","Warehouse Inbound Team","Authorized supplier stock replenishment"
2026-06-14,RM-005,"Brown Sugar",104.24,kg,"San Miguel Mills Logistics","Warehouse Inbound Team","Authorized supplier stock replenishment"
2026-06-19,RM-005,"Brown Sugar",104.31,kg,"San Miguel Mills Logistics","Warehouse Inbound Team","Authorized supplier stock replenishment"
2026-06-24,RM-005,"Brown Sugar",117.69,kg,"San Miguel Mills Logistics","Warehouse Inbound Team","Authorized supplier stock replenishment"
2026-06-29,RM-005,"Brown Sugar",111.55,kg,"San Miguel Mills Logistics","Warehouse Inbound Team","Authorized supplier stock replenishment"
2026-07-04,RM-005,"Brown Sugar",100.96,kg,"San Miguel Mills Logistics","Warehouse Inbound Team","Authorized supplier stock replenishment"
2026-07-09,RM-005,"Brown Sugar",111.9,kg,"San Miguel Mills Logistics","Warehouse Inbound Team","Authorized supplier stock replenishment"
2026-07-14,RM-005,"Brown Sugar",117.53,kg,"San Miguel Mills Logistics","Warehouse Inbound Team","Authorized supplier stock replenishment"
2026-07-19,RM-005,"Brown Sugar",104.04,kg,"San Miguel Mills Logistics","Warehouse Inbound Team","Authorized supplier stock replenishment"
2026-07-24,RM-005,"Brown Sugar",104.52,kg,"San Miguel Mills Logistics","Warehouse Inbound Team","Authorized supplier stock replenishment"
2026-07-29,RM-005,"Brown Sugar",117.8,kg,"San Miguel Mills Logistics","Warehouse Inbound Team","Authorized supplier stock replenishment"
2026-08-03,RM-005,"Brown Sugar",111.29,kg,"San Miguel Mills Logistics","Warehouse Inbound Team","Authorized supplier stock replenishment"
2026-08-08,RM-005,"Brown Sugar",100.97,kg,"San Miguel Mills Logistics","Warehouse Inbound Team","Authorized supplier stock replenishment"
2026-08-13,RM-005,"Brown Sugar",112.16,kg,"San Miguel Mills Logistics","Warehouse Inbound Team","Authorized supplier stock replenishment"
2026-08-18,RM-005,"Brown Sugar",117.4,kg,"San Miguel Mills Logistics","Warehouse Inbound Team","Authorized supplier stock replenishment"
2026-08-23,RM-005,"Brown Sugar",103.84,kg,"San Miguel Mills Logistics","Warehouse Inbound Team","Authorized supplier stock replenishment"
2026-08-28,RM-005,"Brown Sugar",104.74,kg,"San Miguel Mills Logistics","Warehouse Inbound Team","Authorized supplier stock replenishment"
2026-09-02,RM-005,"Brown Sugar",116.81,kg,"San Miguel Mills Logistics","Warehouse Inbound Team","Authorized supplier stock replenishment"
2026-01-06,RM-006,"Powdered Sugar (Icing)",90.94,kg,"Universal Robina Supply Corp","Warehouse Inbound Team","Authorized supplier stock replenishment"
2026-01-12,RM-006,"Powdered Sugar (Icing)",99.61,kg,"Universal Robina Supply Corp","Warehouse Inbound Team","Authorized supplier stock replenishment"
2026-01-18,RM-006,"Powdered Sugar (Icing)",106.66,kg,"Universal Robina Supply Corp","Warehouse Inbound Team","Authorized supplier stock replenishment"
2026-01-24,RM-006,"Powdered Sugar (Icing)",97.43,kg,"Universal Robina Supply Corp","Warehouse Inbound Team","Authorized supplier stock replenishment"
2026-01-30,RM-006,"Powdered Sugar (Icing)",91.11,kg,"Universal Robina Supply Corp","Warehouse Inbound Team","Authorized supplier stock replenishment"
2026-02-05,RM-006,"Powdered Sugar (Icing)",100.84,kg,"Universal Robina Supply Corp","Warehouse Inbound Team","Authorized supplier stock replenishment"
2026-02-11,RM-006,"Powdered Sugar (Icing)",106.39,kg,"Universal Robina Supply Corp","Warehouse Inbound Team","Authorized supplier stock replenishment"
2026-02-17,RM-006,"Powdered Sugar (Icing)",96.22,kg,"Universal Robina Supply Corp","Warehouse Inbound Team","Authorized supplier stock replenishment"
2026-02-23,RM-006,"Powdered Sugar (Icing)",91.48,kg,"Universal Robina Supply Corp","Warehouse Inbound Team","Authorized supplier stock replenishment"
2026-03-01,RM-006,"Powdered Sugar (Icing)",102.02,kg,"Universal Robina Supply Corp","Warehouse Inbound Team","Authorized supplier stock replenishment"
2026-03-07,RM-006,"Powdered Sugar (Icing)",105.93,kg,"Universal Robina Supply Corp","Warehouse Inbound Team","Authorized supplier stock replenishment"
2026-03-13,RM-006,"Powdered Sugar (Icing)",95.07,kg,"Universal Robina Supply Corp","Warehouse Inbound Team","Authorized supplier stock replenishment"
2026-03-19,RM-006,"Powdered Sugar (Icing)",92.03,kg,"Universal Robina Supply Corp","Warehouse Inbound Team","Authorized supplier stock replenishment"
2026-03-25,RM-006,"Powdered Sugar (Icing)",103.13,kg,"Universal Robina Supply Corp","Warehouse Inbound Team","Authorized supplier stock replenishment"
2026-03-31,RM-006,"Powdered Sugar (Icing)",105.29,kg,"Universal Robina Supply Corp","Warehouse Inbound Team","Authorized supplier stock replenishment"
2026-04-06,RM-006,"Powdered Sugar (Icing)",94.02,kg,"Universal Robina Supply Corp","Warehouse Inbound Team","Authorized supplier stock replenishment"
2026-04-12,RM-006,"Powdered Sugar (Icing)",92.75,kg,"Universal Robina Supply Corp","Warehouse Inbound Team","Authorized supplier stock replenishment"
2026-04-18,RM-006,"Powdered Sugar (Icing)",104.12,kg,"Universal Robina Supply Corp","Warehouse Inbound Team","Authorized supplier stock replenishment"
2026-04-24,RM-006,"Powdered Sugar (Icing)",104.49,kg,"Universal Robina Supply Corp","Warehouse Inbound Team","Authorized supplier stock replenishment"
2026-04-30,RM-006,"Powdered Sugar (Icing)",93.09,kg,"Universal Robina Supply Corp","Warehouse Inbound Team","Authorized supplier stock replenishment"
2026-05-06,RM-006,"Powdered Sugar (Icing)",93.62,kg,"Universal Robina Supply Corp","Warehouse Inbound Team","Authorized supplier stock replenishment"
2026-05-12,RM-006,"Powdered Sugar (Icing)",104.98,kg,"Universal Robina Supply Corp","Warehouse Inbound Team","Authorized supplier stock replenishment"
2026-05-18,RM-006,"Powdered Sugar (Icing)",103.55,kg,"Universal Robina Supply Corp","Warehouse Inbound Team","Authorized supplier stock replenishment"
2026-05-24,RM-006,"Powdered Sugar (Icing)",92.31,kg,"Universal Robina Supply Corp","Warehouse Inbound Team","Authorized supplier stock replenishment"
2026-05-30,RM-006,"Powdered Sugar (Icing)",94.63,kg,"Universal Robina Supply Corp","Warehouse Inbound Team","Authorized supplier stock replenishment"
2026-06-05,RM-006,"Powdered Sugar (Icing)",105.69,kg,"Universal Robina Supply Corp","Warehouse Inbound Team","Authorized supplier stock replenishment"
2026-06-11,RM-006,"Powdered Sugar (Icing)",102.49,kg,"Universal Robina Supply Corp","Warehouse Inbound Team","Authorized supplier stock replenishment"
2026-06-17,RM-006,"Powdered Sugar (Icing)",91.68,kg,"Universal Robina Supply Corp","Warehouse Inbound Team","Authorized supplier stock replenishment"
2026-06-23,RM-006,"Powdered Sugar (Icing)",95.74,kg,"Universal Robina Supply Corp","Warehouse Inbound Team","Authorized supplier stock replenishment"
2026-06-29,RM-006,"Powdered Sugar (Icing)",106.22,kg,"Universal Robina Supply Corp","Warehouse Inbound Team","Authorized supplier stock replenishment"
2026-07-05,RM-006,"Powdered Sugar (Icing)",101.34,kg,"Universal Robina Supply Corp","Warehouse Inbound Team","Authorized supplier stock replenishment"
2026-07-11,RM-006,"Powdered Sugar (Icing)",91.24,kg,"Universal Robina Supply Corp","Warehouse Inbound Team","Authorized supplier stock replenishment"
2026-07-17,RM-006,"Powdered Sugar (Icing)",96.93,kg,"Universal Robina Supply Corp","Warehouse Inbound Team","Authorized supplier stock replenishment"
2026-07-23,RM-006,"Powdered Sugar (Icing)",106.57,kg,"Universal Robina Supply Corp","Warehouse Inbound Team","Authorized supplier stock replenishment"
2026-07-29,RM-006,"Powdered Sugar (Icing)",100.12,kg,"Universal Robina Supply Corp","Warehouse Inbound Team","Authorized supplier stock replenishment"
2026-08-04,RM-006,"Powdered Sugar (Icing)",90.99,kg,"Universal Robina Supply Corp","Warehouse Inbound Team","Authorized supplier stock replenishment"
2026-08-10,RM-006,"Powdered Sugar (Icing)",98.16,kg,"Universal Robina Supply Corp","Warehouse Inbound Team","Authorized supplier stock replenishment"
2026-08-16,RM-006,"Powdered Sugar (Icing)",106.73,kg,"Universal Robina Supply Corp","Warehouse Inbound Team","Authorized supplier stock replenishment"
2026-08-22,RM-006,"Powdered Sugar (Icing)",98.87,kg,"Universal Robina Supply Corp","Warehouse Inbound Team","Authorized supplier stock replenishment"
2026-08-28,RM-006,"Powdered Sugar (Icing)",90.93,kg,"Universal Robina Supply Corp","Warehouse Inbound Team","Authorized supplier stock replenishment"
2026-01-01,RM-007,"Unsalted Butter",211.82,kg,"San Miguel Mills Logistics","Warehouse Inbound Team","Authorized supplier stock replenishment"
2026-01-07,RM-007,"Unsalted Butter",200.5,kg,"San Miguel Mills Logistics","Warehouse Inbound Team","Authorized supplier stock replenishment"
2026-01-13,RM-007,"Unsalted Butter",181.3,kg,"San Miguel Mills Logistics","Warehouse Inbound Team","Authorized supplier stock replenishment"
2026-01-19,RM-007,"Unsalted Butter",194.14,kg,"San Miguel Mills Logistics","Warehouse Inbound Team","Authorized supplier stock replenishment"
2026-01-25,RM-007,"Unsalted Butter",212.32,kg,"San Miguel Mills Logistics","Warehouse Inbound Team","Authorized supplier stock replenishment"
2026-01-31,RM-007,"Unsalted Butter",198.04,kg,"San Miguel Mills Logistics","Warehouse Inbound Team","Authorized supplier stock replenishment"
2026-02-06,RM-007,"Unsalted Butter",180.99,kg,"San Miguel Mills Logistics","Warehouse Inbound Team","Authorized supplier stock replenishment"
2026-02-12,RM-007,"Unsalted Butter",196.62,kg,"San Miguel Mills Logistics","Warehouse Inbound Team","Authorized supplier stock replenishment"
2026-02-18,RM-007,"Unsalted Butter",212.44,kg,"San Miguel Mills Logistics","Warehouse Inbound Team","Authorized supplier stock replenishment"
2026-02-24,RM-007,"Unsalted Butter",195.55,kg,"San Miguel Mills Logistics","Warehouse Inbound Team","Authorized supplier stock replenishment"
2026-03-02,RM-007,"Unsalted Butter",181.07,kg,"San Miguel Mills Logistics","Warehouse Inbound Team","Authorized supplier stock replenishment"
2026-03-08,RM-007,"Unsalted Butter",199.11,kg,"San Miguel Mills Logistics","Warehouse Inbound Team","Authorized supplier stock replenishment"
2026-03-14,RM-007,"Unsalted Butter",212.15,kg,"San Miguel Mills Logistics","Warehouse Inbound Team","Authorized supplier stock replenishment"
2026-03-20,RM-007,"Unsalted Butter",193.09,kg,"San Miguel Mills Logistics","Warehouse Inbound Team","Authorized supplier stock replenishment"
2026-03-26,RM-007,"Unsalted Butter",181.55,kg,"San Miguel Mills Logistics","Warehouse Inbound Team","Authorized supplier stock replenishment"
2026-04-01,RM-007,"Unsalted Butter",201.53,kg,"San Miguel Mills Logistics","Warehouse Inbound Team","Authorized supplier stock replenishment"
2026-04-07,RM-007,"Unsalted Butter",211.49,kg,"San Miguel Mills Logistics","Warehouse Inbound Team","Authorized supplier stock replenishment"
2026-04-13,RM-007,"Unsalted Butter",190.71,kg,"San Miguel Mills Logistics","Warehouse Inbound Team","Authorized supplier stock replenishment"
2026-04-19,RM-007,"Unsalted Butter",182.41,kg,"San Miguel Mills Logistics","Warehouse Inbound Team","Authorized supplier stock replenishment"
2026-04-25,RM-007,"Unsalted Butter",203.84,kg,"San Miguel Mills Logistics","Warehouse Inbound Team","Authorized supplier stock replenishment"
2026-05-01,RM-007,"Unsalted Butter",210.44,kg,"San Miguel Mills Logistics","Warehouse Inbound Team","Authorized supplier stock replenishment"
2026-05-07,RM-007,"Unsalted Butter",188.49,kg,"San Miguel Mills Logistics","Warehouse Inbound Team","Authorized supplier stock replenishment"
2026-05-13,RM-007,"Unsalted Butter",183.62,kg,"San Miguel Mills Logistics","Warehouse Inbound Team","Authorized supplier stock replenishment"
2026-05-19,RM-007,"Unsalted Butter",205.96,kg,"San Miguel Mills Logistics","Warehouse Inbound Team","Authorized supplier stock replenishment"
2026-05-25,RM-007,"Unsalted Butter",209.06,kg,"San Miguel Mills Logistics","Warehouse Inbound Team","Authorized supplier stock replenishment"
2026-05-31,RM-007,"Unsalted Butter",186.48,kg,"San Miguel Mills Logistics","Warehouse Inbound Team","Authorized supplier stock replenishment"
2026-06-06,RM-007,"Unsalted Butter",185.17,kg,"San Miguel Mills Logistics","Warehouse Inbound Team","Authorized supplier stock replenishment"
2026-06-12,RM-007,"Unsalted Butter",207.86,kg,"San Miguel Mills Logistics","Warehouse Inbound Team","Authorized supplier stock replenishment"
2026-06-18,RM-007,"Unsalted Butter",207.36,kg,"San Miguel Mills Logistics","Warehouse Inbound Team","Authorized supplier stock replenishment"
2026-06-24,RM-007,"Unsalted Butter",184.72,kg,"San Miguel Mills Logistics","Warehouse Inbound Team","Authorized supplier stock replenishment"
2026-06-30,RM-007,"Unsalted Butter",187,kg,"San Miguel Mills Logistics","Warehouse Inbound Team","Authorized supplier stock replenishment"
2026-07-06,RM-007,"Unsalted Butter",209.47,kg,"San Miguel Mills Logistics","Warehouse Inbound Team","Authorized supplier stock replenishment"
2026-07-12,RM-007,"Unsalted Butter",205.4,kg,"San Miguel Mills Logistics","Warehouse Inbound Team","Authorized supplier stock replenishment"
2026-07-18,RM-007,"Unsalted Butter",183.26,kg,"San Miguel Mills Logistics","Warehouse Inbound Team","Authorized supplier stock replenishment"
2026-07-24,RM-007,"Unsalted Butter",189.08,kg,"San Miguel Mills Logistics","Warehouse Inbound Team","Authorized supplier stock replenishment"
2026-07-30,RM-007,"Unsalted Butter",210.77,kg,"San Miguel Mills Logistics","Warehouse Inbound Team","Authorized supplier stock replenishment"
2026-08-05,RM-007,"Unsalted Butter",203.22,kg,"San Miguel Mills Logistics","Warehouse Inbound Team","Authorized supplier stock replenishment"
2026-08-11,RM-007,"Unsalted Butter",182.14,kg,"San Miguel Mills Logistics","Warehouse Inbound Team","Authorized supplier stock replenishment"
2026-08-17,RM-007,"Unsalted Butter",191.35,kg,"San Miguel Mills Logistics","Warehouse Inbound Team","Authorized supplier stock replenishment"
2026-08-23,RM-007,"Unsalted Butter",211.71,kg,"San Miguel Mills Logistics","Warehouse Inbound Team","Authorized supplier stock replenishment"
2026-08-29,RM-007,"Unsalted Butter",149.06,kg,"San Miguel Mills Logistics","Warehouse Inbound Team","Authorized supplier stock replenishment"
2026-01-03,RM-008,"Salted Butter",101.12,kg,"Universal Robina Supply Corp","Warehouse Inbound Team","Authorized supplier stock replenishment"
2026-01-08,RM-008,"Salted Butter",105.4,kg,"Universal Robina Supply Corp","Warehouse Inbound Team","Authorized supplier stock replenishment"
2026-01-13,RM-008,"Salted Butter",93.14,kg,"Universal Robina Supply Corp","Warehouse Inbound Team","Authorized supplier stock replenishment"
2026-01-18,RM-008,"Salted Butter",94.41,kg,"Universal Robina Supply Corp","Warehouse Inbound Team","Authorized supplier stock replenishment"
2026-01-23,RM-008,"Salted Butter",106.1,kg,"Universal Robina Supply Corp","Warehouse Inbound Team","Authorized supplier stock replenishment"
2026-01-28,RM-008,"Salted Butter",99.52,kg,"Universal Robina Supply Corp","Warehouse Inbound Team","Authorized supplier stock replenishment"
2026-02-02,RM-008,"Salted Butter",90.82,kg,"Universal Robina Supply Corp","Warehouse Inbound Team","Authorized supplier stock replenishment"
2026-02-07,RM-008,"Salted Butter",101.35,kg,"Universal Robina Supply Corp","Warehouse Inbound Team","Authorized supplier stock replenishment"
2026-02-12,RM-008,"Salted Butter",105.27,kg,"Universal Robina Supply Corp","Warehouse Inbound Team","Authorized supplier stock replenishment"
2026-02-17,RM-008,"Salted Butter",92.97,kg,"Universal Robina Supply Corp","Warehouse Inbound Team","Authorized supplier stock replenishment"
2026-02-22,RM-008,"Salted Butter",94.62,kg,"Universal Robina Supply Corp","Warehouse Inbound Team","Authorized supplier stock replenishment"
2026-02-27,RM-008,"Salted Butter",106.18,kg,"Universal Robina Supply Corp","Warehouse Inbound Team","Authorized supplier stock replenishment"
2026-03-04,RM-008,"Salted Butter",99.28,kg,"Universal Robina Supply Corp","Warehouse Inbound Team","Authorized supplier stock replenishment"
2026-03-09,RM-008,"Salted Butter",90.85,kg,"Universal Robina Supply Corp","Warehouse Inbound Team","Authorized supplier stock replenishment"
2026-03-14,RM-008,"Salted Butter",101.57,kg,"Universal Robina Supply Corp","Warehouse Inbound Team","Authorized supplier stock replenishment"
2026-03-19,RM-008,"Salted Butter",105.14,kg,"Universal Robina Supply Corp","Warehouse Inbound Team","Authorized supplier stock replenishment"
2026-03-24,RM-008,"Salted Butter",92.8,kg,"Universal Robina Supply Corp","Warehouse Inbound Team","Authorized supplier stock replenishment"
2026-03-29,RM-008,"Salted Butter",94.83,kg,"Universal Robina Supply Corp","Warehouse Inbound Team","Authorized supplier stock replenishment"
2026-04-03,RM-008,"Salted Butter",106.25,kg,"Universal Robina Supply Corp","Warehouse Inbound Team","Authorized supplier stock replenishment"
2026-04-08,RM-008,"Salted Butter",99.04,kg,"Universal Robina Supply Corp","Warehouse Inbound Team","Authorized supplier stock replenishment"
2026-04-13,RM-008,"Salted Butter",90.89,kg,"Universal Robina Supply Corp","Warehouse Inbound Team","Authorized supplier stock replenishment"
2026-04-18,RM-008,"Salted Butter",101.79,kg,"Universal Robina Supply Corp","Warehouse Inbound Team","Authorized supplier stock replenishment"
2026-04-23,RM-008,"Salted Butter",105,kg,"Universal Robina Supply Corp","Warehouse Inbound Team","Authorized supplier stock replenishment"
2026-04-28,RM-008,"Salted Butter",92.64,kg,"Universal Robina Supply Corp","Warehouse Inbound Team","Authorized supplier stock replenishment"
2026-05-03,RM-008,"Salted Butter",95.04,kg,"Universal Robina Supply Corp","Warehouse Inbound Team","Authorized supplier stock replenishment"
2026-05-08,RM-008,"Salted Butter",106.31,kg,"Universal Robina Supply Corp","Warehouse Inbound Team","Authorized supplier stock replenishment"
2026-05-13,RM-008,"Salted Butter",98.8,kg,"Universal Robina Supply Corp","Warehouse Inbound Team","Authorized supplier stock replenishment"
2026-05-18,RM-008,"Salted Butter",90.94,kg,"Universal Robina Supply Corp","Warehouse Inbound Team","Authorized supplier stock replenishment"
2026-05-23,RM-008,"Salted Butter",102.01,kg,"Universal Robina Supply Corp","Warehouse Inbound Team","Authorized supplier stock replenishment"
2026-05-28,RM-008,"Salted Butter",104.85,kg,"Universal Robina Supply Corp","Warehouse Inbound Team","Authorized supplier stock replenishment"
2026-06-02,RM-008,"Salted Butter",92.49,kg,"Universal Robina Supply Corp","Warehouse Inbound Team","Authorized supplier stock replenishment"
2026-06-07,RM-008,"Salted Butter",95.26,kg,"Universal Robina Supply Corp","Warehouse Inbound Team","Authorized supplier stock replenishment"
2026-06-12,RM-008,"Salted Butter",106.36,kg,"Universal Robina Supply Corp","Warehouse Inbound Team","Authorized supplier stock replenishment"
2026-06-17,RM-008,"Salted Butter",98.56,kg,"Universal Robina Supply Corp","Warehouse Inbound Team","Authorized supplier stock replenishment"
2026-06-22,RM-008,"Salted Butter",90.99,kg,"Universal Robina Supply Corp","Warehouse Inbound Team","Authorized supplier stock replenishment"
2026-06-27,RM-008,"Salted Butter",102.23,kg,"Universal Robina Supply Corp","Warehouse Inbound Team","Authorized supplier stock replenishment"
2026-07-02,RM-008,"Salted Butter",104.7,kg,"Universal Robina Supply Corp","Warehouse Inbound Team","Authorized supplier stock replenishment"
2026-07-07,RM-008,"Salted Butter",92.34,kg,"Universal Robina Supply Corp","Warehouse Inbound Team","Authorized supplier stock replenishment"
2026-07-12,RM-008,"Salted Butter",95.48,kg,"Universal Robina Supply Corp","Warehouse Inbound Team","Authorized supplier stock replenishment"
2026-07-17,RM-008,"Salted Butter",106.41,kg,"Universal Robina Supply Corp","Warehouse Inbound Team","Authorized supplier stock replenishment"
2026-07-22,RM-008,"Salted Butter",98.32,kg,"Universal Robina Supply Corp","Warehouse Inbound Team","Authorized supplier stock replenishment"
2026-07-27,RM-008,"Salted Butter",91.05,kg,"Universal Robina Supply Corp","Warehouse Inbound Team","Authorized supplier stock replenishment"
2026-08-01,RM-008,"Salted Butter",102.44,kg,"Universal Robina Supply Corp","Warehouse Inbound Team","Authorized supplier stock replenishment"
2026-08-06,RM-008,"Salted Butter",104.54,kg,"Universal Robina Supply Corp","Warehouse Inbound Team","Authorized supplier stock replenishment"
2026-08-11,RM-008,"Salted Butter",92.2,kg,"Universal Robina Supply Corp","Warehouse Inbound Team","Authorized supplier stock replenishment"
2026-08-16,RM-008,"Salted Butter",95.7,kg,"Universal Robina Supply Corp","Warehouse Inbound Team","Authorized supplier stock replenishment"
2026-08-21,RM-008,"Salted Butter",106.45,kg,"Universal Robina Supply Corp","Warehouse Inbound Team","Authorized supplier stock replenishment"
2026-08-26,RM-008,"Salted Butter",98.08,kg,"Universal Robina Supply Corp","Warehouse Inbound Team","Authorized supplier stock replenishment"
2026-08-31,RM-008,"Salted Butter",91.12,kg,"Universal Robina Supply Corp","Warehouse Inbound Team","Authorized supplier stock replenishment"
2026-01-04,RM-009,"Margarine",146.3,kg,"San Miguel Mills Logistics","Warehouse Inbound Team","Authorized supplier stock replenishment"
2026-01-09,RM-009,"Margarine",129.11,kg,"San Miguel Mills Logistics","Warehouse Inbound Team","Authorized supplier stock replenishment"
2026-01-14,RM-009,"Margarine",132.15,kg,"San Miguel Mills Logistics","Warehouse Inbound Team","Authorized supplier stock replenishment"
2026-01-19,RM-009,"Margarine",147.96,kg,"San Miguel Mills Logistics","Warehouse Inbound Team","Authorized supplier stock replenishment"
2026-01-24,RM-009,"Margarine",137.75,kg,"San Miguel Mills Logistics","Warehouse Inbound Team","Authorized supplier stock replenishment"
2026-01-29,RM-009,"Margarine",126.57,kg,"San Miguel Mills Logistics","Warehouse Inbound Team","Authorized supplier stock replenishment"
2026-02-03,RM-009,"Margarine",141.85,kg,"San Miguel Mills Logistics","Warehouse Inbound Team","Authorized supplier stock replenishment"
2026-02-08,RM-009,"Margarine",146.1,kg,"San Miguel Mills Logistics","Warehouse Inbound Team","Authorized supplier stock replenishment"
2026-02-13,RM-009,"Margarine",128.89,kg,"San Miguel Mills Logistics","Warehouse Inbound Team","Authorized supplier stock replenishment"
2026-02-18,RM-009,"Margarine",132.45,kg,"San Miguel Mills Logistics","Warehouse Inbound Team","Authorized supplier stock replenishment"
2026-02-23,RM-009,"Margarine",148.04,kg,"San Miguel Mills Logistics","Warehouse Inbound Team","Authorized supplier stock replenishment"
2026-02-28,RM-009,"Margarine",137.42,kg,"San Miguel Mills Logistics","Warehouse Inbound Team","Authorized supplier stock replenishment"
2026-03-05,RM-009,"Margarine",126.64,kg,"San Miguel Mills Logistics","Warehouse Inbound Team","Authorized supplier stock replenishment"
2026-03-10,RM-009,"Margarine",142.15,kg,"San Miguel Mills Logistics","Warehouse Inbound Team","Authorized supplier stock replenishment"
2026-03-15,RM-009,"Margarine",145.9,kg,"San Miguel Mills Logistics","Warehouse Inbound Team","Authorized supplier stock replenishment"
2026-03-20,RM-009,"Margarine",128.68,kg,"San Miguel Mills Logistics","Warehouse Inbound Team","Authorized supplier stock replenishment"
2026-03-25,RM-009,"Margarine",132.75,kg,"San Miguel Mills Logistics","Warehouse Inbound Team","Authorized supplier stock replenishment"
2026-03-30,RM-009,"Margarine",148.12,kg,"San Miguel Mills Logistics","Warehouse Inbound Team","Authorized supplier stock replenishment"
2026-04-04,RM-009,"Margarine",137.08,kg,"San Miguel Mills Logistics","Warehouse Inbound Team","Authorized supplier stock replenishment"
2026-04-09,RM-009,"Margarine",126.72,kg,"San Miguel Mills Logistics","Warehouse Inbound Team","Authorized supplier stock replenishment"
2026-04-14,RM-009,"Margarine",142.45,kg,"San Miguel Mills Logistics","Warehouse Inbound Team","Authorized supplier stock replenishment"
2026-04-19,RM-009,"Margarine",145.68,kg,"San Miguel Mills Logistics","Warehouse Inbound Team","Authorized supplier stock replenishment"
2026-04-24,RM-009,"Margarine",128.48,kg,"San Miguel Mills Logistics","Warehouse Inbound Team","Authorized supplier stock replenishment"
2026-04-29,RM-009,"Margarine",133.06,kg,"San Miguel Mills Logistics","Warehouse Inbound Team","Authorized supplier stock replenishment"
2026-05-04,RM-009,"Margarine",148.18,kg,"San Miguel Mills Logistics","Warehouse Inbound Team","Authorized supplier stock replenishment"
2026-05-09,RM-009,"Margarine",136.75,kg,"San Miguel Mills Logistics","Warehouse Inbound Team","Authorized supplier stock replenishment"
2026-05-14,RM-009,"Margarine",126.81,kg,"San Miguel Mills Logistics","Warehouse Inbound Team","Authorized supplier stock replenishment"
2026-05-19,RM-009,"Margarine",142.75,kg,"San Miguel Mills Logistics","Warehouse Inbound Team","Authorized supplier stock replenishment"
2026-05-24,RM-009,"Margarine",145.46,kg,"San Miguel Mills Logistics","Warehouse Inbound Team","Authorized supplier stock replenishment"
2026-05-29,RM-009,"Margarine",128.29,kg,"San Miguel Mills Logistics","Warehouse Inbound Team","Authorized supplier stock replenishment"
2026-06-03,RM-009,"Margarine",133.37,kg,"San Miguel Mills Logistics","Warehouse Inbound Team","Authorized supplier stock replenishment"
2026-06-08,RM-009,"Margarine",148.23,kg,"San Miguel Mills Logistics","Warehouse Inbound Team","Authorized supplier stock replenishment"
2026-06-13,RM-009,"Margarine",136.41,kg,"San Miguel Mills Logistics","Warehouse Inbound Team","Authorized supplier stock replenishment"
2026-06-18,RM-009,"Margarine",126.91,kg,"San Miguel Mills Logistics","Warehouse Inbound Team","Authorized supplier stock replenishment"
2026-06-23,RM-009,"Margarine",143.04,kg,"San Miguel Mills Logistics","Warehouse Inbound Team","Authorized supplier stock replenishment"
2026-06-28,RM-009,"Margarine",145.23,kg,"San Miguel Mills Logistics","Warehouse Inbound Team","Authorized supplier stock replenishment"
2026-07-03,RM-009,"Margarine",128.1,kg,"San Miguel Mills Logistics","Warehouse Inbound Team","Authorized supplier stock replenishment"
2026-07-08,RM-009,"Margarine",133.68,kg,"San Miguel Mills Logistics","Warehouse Inbound Team","Authorized supplier stock replenishment"
2026-07-13,RM-009,"Margarine",148.28,kg,"San Miguel Mills Logistics","Warehouse Inbound Team","Authorized supplier stock replenishment"
2026-07-18,RM-009,"Margarine",136.08,kg,"San Miguel Mills Logistics","Warehouse Inbound Team","Authorized supplier stock replenishment"
2026-07-23,RM-009,"Margarine",127.02,kg,"San Miguel Mills Logistics","Warehouse Inbound Team","Authorized supplier stock replenishment"
2026-07-28,RM-009,"Margarine",143.32,kg,"San Miguel Mills Logistics","Warehouse Inbound Team","Authorized supplier stock replenishment"
2026-08-02,RM-009,"Margarine",144.99,kg,"San Miguel Mills Logistics","Warehouse Inbound Team","Authorized supplier stock replenishment"
2026-08-07,RM-009,"Margarine",127.93,kg,"San Miguel Mills Logistics","Warehouse Inbound Team","Authorized supplier stock replenishment"
2026-08-12,RM-009,"Margarine",134,kg,"San Miguel Mills Logistics","Warehouse Inbound Team","Authorized supplier stock replenishment"
2026-08-17,RM-009,"Margarine",148.31,kg,"San Miguel Mills Logistics","Warehouse Inbound Team","Authorized supplier stock replenishment"
2026-08-22,RM-009,"Margarine",135.75,kg,"San Miguel Mills Logistics","Warehouse Inbound Team","Authorized supplier stock replenishment"
2026-08-27,RM-009,"Margarine",127.13,kg,"San Miguel Mills Logistics","Warehouse Inbound Team","Authorized supplier stock replenishment"
2026-09-01,RM-009,"Margarine",142.13,kg,"San Miguel Mills Logistics","Warehouse Inbound Team","Authorized supplier stock replenishment"
2026-01-04,RM-010,"Vegetable Shortening",148,kg,"Universal Robina Supply Corp","Warehouse Inbound Team","Authorized supplier stock replenishment"
2026-01-10,RM-010,"Vegetable Shortening",133.27,kg,"Universal Robina Supply Corp","Warehouse Inbound Team","Authorized supplier stock replenishment"
2026-01-16,RM-010,"Vegetable Shortening",127.89,kg,"Universal Robina Supply Corp","Warehouse Inbound Team","Authorized supplier stock replenishment"
2026-01-22,RM-010,"Vegetable Shortening",143.05,kg,"Universal Robina Supply Corp","Warehouse Inbound Team","Authorized supplier stock replenishment"
2026-01-28,RM-010,"Vegetable Shortening",147.23,kg,"Universal Robina Supply Corp","Warehouse Inbound Team","Authorized supplier stock replenishment"
2026-02-03,RM-010,"Vegetable Shortening",131.74,kg,"Universal Robina Supply Corp","Warehouse Inbound Team","Authorized supplier stock replenishment"
2026-02-09,RM-010,"Vegetable Shortening",128.79,kg,"Universal Robina Supply Corp","Warehouse Inbound Team","Authorized supplier stock replenishment"
2026-02-15,RM-010,"Vegetable Shortening",144.51,kg,"Universal Robina Supply Corp","Warehouse Inbound Team","Authorized supplier stock replenishment"
2026-02-21,RM-010,"Vegetable Shortening",146.21,kg,"Universal Robina Supply Corp","Warehouse Inbound Team","Authorized supplier stock replenishment"
2026-02-27,RM-010,"Vegetable Shortening",130.36,kg,"Universal Robina Supply Corp","Warehouse Inbound Team","Authorized supplier stock replenishment"
2026-03-05,RM-010,"Vegetable Shortening",129.91,kg,"Universal Robina Supply Corp","Warehouse Inbound Team","Authorized supplier stock replenishment"
2026-03-11,RM-010,"Vegetable Shortening",145.8,kg,"Universal Robina Supply Corp","Warehouse Inbound Team","Authorized supplier stock replenishment"
2026-03-17,RM-010,"Vegetable Shortening",144.99,kg,"Universal Robina Supply Corp","Warehouse Inbound Team","Authorized supplier stock replenishment"
2026-03-23,RM-010,"Vegetable Shortening",129.16,kg,"Universal Robina Supply Corp","Warehouse Inbound Team","Authorized supplier stock replenishment"
2026-03-29,RM-010,"Vegetable Shortening",131.23,kg,"Universal Robina Supply Corp","Warehouse Inbound Team","Authorized supplier stock replenishment"
2026-04-04,RM-010,"Vegetable Shortening",146.89,kg,"Universal Robina Supply Corp","Warehouse Inbound Team","Authorized supplier stock replenishment"
2026-04-10,RM-010,"Vegetable Shortening",143.58,kg,"Universal Robina Supply Corp","Warehouse Inbound Team","Authorized supplier stock replenishment"
2026-04-16,RM-010,"Vegetable Shortening",128.18,kg,"Universal Robina Supply Corp","Warehouse Inbound Team","Authorized supplier stock replenishment"
2026-04-22,RM-010,"Vegetable Shortening",132.71,kg,"Universal Robina Supply Corp","Warehouse Inbound Team","Authorized supplier stock replenishment"
2026-04-28,RM-010,"Vegetable Shortening",147.75,kg,"Universal Robina Supply Corp","Warehouse Inbound Team","Authorized supplier stock replenishment"
2026-05-04,RM-010,"Vegetable Shortening",142.03,kg,"Universal Robina Supply Corp","Warehouse Inbound Team","Authorized supplier stock replenishment"
2026-05-10,RM-010,"Vegetable Shortening",127.44,kg,"Universal Robina Supply Corp","Warehouse Inbound Team","Authorized supplier stock replenishment"
2026-05-16,RM-010,"Vegetable Shortening",134.32,kg,"Universal Robina Supply Corp","Warehouse Inbound Team","Authorized supplier stock replenishment"
2026-05-22,RM-010,"Vegetable Shortening",148.36,kg,"Universal Robina Supply Corp","Warehouse Inbound Team","Authorized supplier stock replenishment"
2026-05-28,RM-010,"Vegetable Shortening",140.37,kg,"Universal Robina Supply Corp","Warehouse Inbound Team","Authorized supplier stock replenishment"
2026-06-03,RM-010,"Vegetable Shortening",126.96,kg,"Universal Robina Supply Corp","Warehouse Inbound Team","Authorized supplier stock replenishment"
2026-06-09,RM-010,"Vegetable Shortening",136.02,kg,"Universal Robina Supply Corp","Warehouse Inbound Team","Authorized supplier stock replenishment"
2026-06-15,RM-010,"Vegetable Shortening",148.71,kg,"Universal Robina Supply Corp","Warehouse Inbound Team","Authorized supplier stock replenishment"
2026-06-21,RM-010,"Vegetable Shortening",138.65,kg,"Universal Robina Supply Corp","Warehouse Inbound Team","Authorized supplier stock replenishment"
2026-06-27,RM-010,"Vegetable Shortening",126.76,kg,"Universal Robina Supply Corp","Warehouse Inbound Team","Authorized supplier stock replenishment"
2026-07-03,RM-010,"Vegetable Shortening",137.76,kg,"Universal Robina Supply Corp","Warehouse Inbound Team","Authorized supplier stock replenishment"
2026-07-09,RM-010,"Vegetable Shortening",148.78,kg,"Universal Robina Supply Corp","Warehouse Inbound Team","Authorized supplier stock replenishment"
2026-07-15,RM-010,"Vegetable Shortening",136.9,kg,"Universal Robina Supply Corp","Warehouse Inbound Team","Authorized supplier stock replenishment"
2026-07-21,RM-010,"Vegetable Shortening",126.82,kg,"Universal Robina Supply Corp","Warehouse Inbound Team","Authorized supplier stock replenishment"
2026-07-27,RM-010,"Vegetable Shortening",139.5,kg,"Universal Robina Supply Corp","Warehouse Inbound Team","Authorized supplier stock replenishment"
2026-08-02,RM-010,"Vegetable Shortening",148.58,kg,"Universal Robina Supply Corp","Warehouse Inbound Team","Authorized supplier stock replenishment"
2026-08-08,RM-010,"Vegetable Shortening",135.18,kg,"Universal Robina Supply Corp","Warehouse Inbound Team","Authorized supplier stock replenishment"
2026-08-14,RM-010,"Vegetable Shortening",127.17,kg,"Universal Robina Supply Corp","Warehouse Inbound Team","Authorized supplier stock replenishment"
2026-08-20,RM-010,"Vegetable Shortening",141.2,kg,"Universal Robina Supply Corp","Warehouse Inbound Team","Authorized supplier stock replenishment"
2026-08-26,RM-010,"Vegetable Shortening",148.1,kg,"Universal Robina Supply Corp","Warehouse Inbound Team","Authorized supplier stock replenishment"
2026-09-01,RM-010,"Vegetable Shortening",104.66,kg,"Universal Robina Supply Corp","Warehouse Inbound Team","Authorized supplier stock replenishment"
2026-01-05,RM-011,"Pasteurized Whole Eggs",231.39,kg,"San Miguel Mills Logistics","Warehouse Inbound Team","Authorized supplier stock replenishment"
2026-01-11,RM-011,"Pasteurized Whole Eggs",248.22,kg,"San Miguel Mills Logistics","Warehouse Inbound Team","Authorized supplier stock replenishment"
2026-01-17,RM-011,"Pasteurized Whole Eggs",227.07,kg,"San Miguel Mills Logistics","Warehouse Inbound Team","Authorized supplier stock replenishment"
2026-01-23,RM-011,"Pasteurized Whole Eggs",211.91,kg,"San Miguel Mills Logistics","Warehouse Inbound Team","Authorized supplier stock replenishment"
2026-01-29,RM-011,"Pasteurized Whole Eggs",234.26,kg,"San Miguel Mills Logistics","Warehouse Inbound Team","Authorized supplier stock replenishment"
2026-02-04,RM-011,"Pasteurized Whole Eggs",247.65,kg,"San Miguel Mills Logistics","Warehouse Inbound Team","Authorized supplier stock replenishment"
2026-02-10,RM-011,"Pasteurized Whole Eggs",224.24,kg,"San Miguel Mills Logistics","Warehouse Inbound Team","Authorized supplier stock replenishment"
2026-02-16,RM-011,"Pasteurized Whole Eggs",212.71,kg,"San Miguel Mills Logistics","Warehouse Inbound Team","Authorized supplier stock replenishment"
2026-02-22,RM-011,"Pasteurized Whole Eggs",237.03,kg,"San Miguel Mills Logistics","Warehouse Inbound Team","Authorized supplier stock replenishment"
2026-02-28,RM-011,"Pasteurized Whole Eggs",246.64,kg,"San Miguel Mills Logistics","Warehouse Inbound Team","Authorized supplier stock replenishment"
2026-03-06,RM-011,"Pasteurized Whole Eggs",221.55,kg,"San Miguel Mills Logistics","Warehouse Inbound Team","Authorized supplier stock replenishment"
2026-03-12,RM-011,"Pasteurized Whole Eggs",213.93,kg,"San Miguel Mills Logistics","Warehouse Inbound Team","Authorized supplier stock replenishment"
2026-03-18,RM-011,"Pasteurized Whole Eggs",239.63,kg,"San Miguel Mills Logistics","Warehouse Inbound Team","Authorized supplier stock replenishment"
2026-03-24,RM-011,"Pasteurized Whole Eggs",245.2,kg,"San Miguel Mills Logistics","Warehouse Inbound Team","Authorized supplier stock replenishment"
2026-03-30,RM-011,"Pasteurized Whole Eggs",219.07,kg,"San Miguel Mills Logistics","Warehouse Inbound Team","Authorized supplier stock replenishment"
2026-04-05,RM-011,"Pasteurized Whole Eggs",215.56,kg,"San Miguel Mills Logistics","Warehouse Inbound Team","Authorized supplier stock replenishment"
2026-04-11,RM-011,"Pasteurized Whole Eggs",241.98,kg,"San Miguel Mills Logistics","Warehouse Inbound Team","Authorized supplier stock replenishment"
2026-04-17,RM-011,"Pasteurized Whole Eggs",243.39,kg,"San Miguel Mills Logistics","Warehouse Inbound Team","Authorized supplier stock replenishment"
2026-04-23,RM-011,"Pasteurized Whole Eggs",216.86,kg,"San Miguel Mills Logistics","Warehouse Inbound Team","Authorized supplier stock replenishment"
2026-04-29,RM-011,"Pasteurized Whole Eggs",217.55,kg,"San Miguel Mills Logistics","Warehouse Inbound Team","Authorized supplier stock replenishment"
2026-05-05,RM-011,"Pasteurized Whole Eggs",244.02,kg,"San Miguel Mills Logistics","Warehouse Inbound Team","Authorized supplier stock replenishment"
2026-05-11,RM-011,"Pasteurized Whole Eggs",241.23,kg,"San Miguel Mills Logistics","Warehouse Inbound Team","Authorized supplier stock replenishment"
2026-05-17,RM-011,"Pasteurized Whole Eggs",214.98,kg,"San Miguel Mills Logistics","Warehouse Inbound Team","Authorized supplier stock replenishment"
2026-05-23,RM-011,"Pasteurized Whole Eggs",219.86,kg,"San Miguel Mills Logistics","Warehouse Inbound Team","Authorized supplier stock replenishment"
2026-05-29,RM-011,"Pasteurized Whole Eggs",245.72,kg,"San Miguel Mills Logistics","Warehouse Inbound Team","Authorized supplier stock replenishment"
2026-06-04,RM-011,"Pasteurized Whole Eggs",238.8,kg,"San Miguel Mills Logistics","Warehouse Inbound Team","Authorized supplier stock replenishment"
2026-06-10,RM-011,"Pasteurized Whole Eggs",213.48,kg,"San Miguel Mills Logistics","Warehouse Inbound Team","Authorized supplier stock replenishment"
2026-06-16,RM-011,"Pasteurized Whole Eggs",222.41,kg,"San Miguel Mills Logistics","Warehouse Inbound Team","Authorized supplier stock replenishment"
2026-06-22,RM-011,"Pasteurized Whole Eggs",247.02,kg,"San Miguel Mills Logistics","Warehouse Inbound Team","Authorized supplier stock replenishment"
2026-06-28,RM-011,"Pasteurized Whole Eggs",236.14,kg,"San Miguel Mills Logistics","Warehouse Inbound Team","Authorized supplier stock replenishment"
2026-07-04,RM-011,"Pasteurized Whole Eggs",212.4,kg,"San Miguel Mills Logistics","Warehouse Inbound Team","Authorized supplier stock replenishment"
2026-07-10,RM-011,"Pasteurized Whole Eggs",225.16,kg,"San Miguel Mills Logistics","Warehouse Inbound Team","Authorized supplier stock replenishment"
2026-07-16,RM-011,"Pasteurized Whole Eggs",247.89,kg,"San Miguel Mills Logistics","Warehouse Inbound Team","Authorized supplier stock replenishment"
2026-07-22,RM-011,"Pasteurized Whole Eggs",233.32,kg,"San Miguel Mills Logistics","Warehouse Inbound Team","Authorized supplier stock replenishment"
2026-07-28,RM-011,"Pasteurized Whole Eggs",211.75,kg,"San Miguel Mills Logistics","Warehouse Inbound Team","Authorized supplier stock replenishment"
2026-08-03,RM-011,"Pasteurized Whole Eggs",228.02,kg,"San Miguel Mills Logistics","Warehouse Inbound Team","Authorized supplier stock replenishment"
2026-08-09,RM-011,"Pasteurized Whole Eggs",248.31,kg,"San Miguel Mills Logistics","Warehouse Inbound Team","Authorized supplier stock replenishment"
2026-08-15,RM-011,"Pasteurized Whole Eggs",230.43,kg,"San Miguel Mills Logistics","Warehouse Inbound Team","Authorized supplier stock replenishment"
2026-08-21,RM-011,"Pasteurized Whole Eggs",211.56,kg,"San Miguel Mills Logistics","Warehouse Inbound Team","Authorized supplier stock replenishment"
2026-08-27,RM-011,"Pasteurized Whole Eggs",230.94,kg,"San Miguel Mills Logistics","Warehouse Inbound Team","Authorized supplier stock replenishment"
2026-09-02,RM-011,"Pasteurized Whole Eggs",190.4,kg,"San Miguel Mills Logistics","Warehouse Inbound Team","Authorized supplier stock replenishment"
2026-01-02,RM-012,"Egg Yolks (Liquid)",75.28,kg,"Universal Robina Supply Corp","Warehouse Inbound Team","Authorized supplier stock replenishment"
2026-01-07,RM-012,"Egg Yolks (Liquid)",83.09,kg,"Universal Robina Supply Corp","Warehouse Inbound Team","Authorized supplier stock replenishment"
2026-01-12,RM-012,"Egg Yolks (Liquid)",75.81,kg,"Universal Robina Supply Corp","Warehouse Inbound Team","Authorized supplier stock replenishment"
2026-01-17,RM-012,"Egg Yolks (Liquid)",71.31,kg,"Universal Robina Supply Corp","Warehouse Inbound Team","Authorized supplier stock replenishment"
2026-01-22,RM-012,"Egg Yolks (Liquid)",80.63,kg,"Universal Robina Supply Corp","Warehouse Inbound Team","Authorized supplier stock replenishment"
2026-01-27,RM-012,"Egg Yolks (Liquid)",80.91,kg,"Universal Robina Supply Corp","Warehouse Inbound Team","Authorized supplier stock replenishment"
2026-02-01,RM-012,"Egg Yolks (Liquid)",71.46,kg,"Universal Robina Supply Corp","Warehouse Inbound Team","Authorized supplier stock replenishment"
2026-02-06,RM-012,"Egg Yolks (Liquid)",75.47,kg,"Universal Robina Supply Corp","Warehouse Inbound Team","Authorized supplier stock replenishment"
2026-02-11,RM-012,"Egg Yolks (Liquid)",83.1,kg,"Universal Robina Supply Corp","Warehouse Inbound Team","Authorized supplier stock replenishment"
2026-02-16,RM-012,"Egg Yolks (Liquid)",75.63,kg,"Universal Robina Supply Corp","Warehouse Inbound Team","Authorized supplier stock replenishment"
2026-02-21,RM-012,"Egg Yolks (Liquid)",71.38,kg,"Universal Robina Supply Corp","Warehouse Inbound Team","Authorized supplier stock replenishment"
2026-02-26,RM-012,"Egg Yolks (Liquid)",80.78,kg,"Universal Robina Supply Corp","Warehouse Inbound Team","Authorized supplier stock replenishment"
2026-03-03,RM-012,"Egg Yolks (Liquid)",80.76,kg,"Universal Robina Supply Corp","Warehouse Inbound Team","Authorized supplier stock replenishment"
2026-03-08,RM-012,"Egg Yolks (Liquid)",71.38,kg,"Universal Robina Supply Corp","Warehouse Inbound Team","Authorized supplier stock replenishment"
2026-03-13,RM-012,"Egg Yolks (Liquid)",75.65,kg,"Universal Robina Supply Corp","Warehouse Inbound Team","Authorized supplier stock replenishment"
2026-03-18,RM-012,"Egg Yolks (Liquid)",83.1,kg,"Universal Robina Supply Corp","Warehouse Inbound Team","Authorized supplier stock replenishment"
2026-03-23,RM-012,"Egg Yolks (Liquid)",75.45,kg,"Universal Robina Supply Corp","Warehouse Inbound Team","Authorized supplier stock replenishment"
2026-03-28,RM-012,"Egg Yolks (Liquid)",71.47,kg,"Universal Robina Supply Corp","Warehouse Inbound Team","Authorized supplier stock replenishment"
2026-04-02,RM-012,"Egg Yolks (Liquid)",80.92,kg,"Universal Robina Supply Corp","Warehouse Inbound Team","Authorized supplier stock replenishment"
2026-04-07,RM-012,"Egg Yolks (Liquid)",80.61,kg,"Universal Robina Supply Corp","Warehouse Inbound Team","Authorized supplier stock replenishment"
2026-04-12,RM-012,"Egg Yolks (Liquid)",71.3,kg,"Universal Robina Supply Corp","Warehouse Inbound Team","Authorized supplier stock replenishment"
2026-04-17,RM-012,"Egg Yolks (Liquid)",75.83,kg,"Universal Robina Supply Corp","Warehouse Inbound Team","Authorized supplier stock replenishment"
2026-04-22,RM-012,"Egg Yolks (Liquid)",83.09,kg,"Universal Robina Supply Corp","Warehouse Inbound Team","Authorized supplier stock replenishment"
2026-04-27,RM-012,"Egg Yolks (Liquid)",75.26,kg,"Universal Robina Supply Corp","Warehouse Inbound Team","Authorized supplier stock replenishment"
2026-05-02,RM-012,"Egg Yolks (Liquid)",71.56,kg,"Universal Robina Supply Corp","Warehouse Inbound Team","Authorized supplier stock replenishment"
2026-05-07,RM-012,"Egg Yolks (Liquid)",81.07,kg,"Universal Robina Supply Corp","Warehouse Inbound Team","Authorized supplier stock replenishment"
2026-05-12,RM-012,"Egg Yolks (Liquid)",80.46,kg,"Universal Robina Supply Corp","Warehouse Inbound Team","Authorized supplier stock replenishment"
2026-05-17,RM-012,"Egg Yolks (Liquid)",71.23,kg,"Universal Robina Supply Corp","Warehouse Inbound Team","Authorized supplier stock replenishment"
2026-05-22,RM-012,"Egg Yolks (Liquid)",76.02,kg,"Universal Robina Supply Corp","Warehouse Inbound Team","Authorized supplier stock replenishment"
2026-05-27,RM-012,"Egg Yolks (Liquid)",83.08,kg,"Universal Robina Supply Corp","Warehouse Inbound Team","Authorized supplier stock replenishment"
2026-06-01,RM-012,"Egg Yolks (Liquid)",75.08,kg,"Universal Robina Supply Corp","Warehouse Inbound Team","Authorized supplier stock replenishment"
2026-06-06,RM-012,"Egg Yolks (Liquid)",71.65,kg,"Universal Robina Supply Corp","Warehouse Inbound Team","Authorized supplier stock replenishment"
2026-06-11,RM-012,"Egg Yolks (Liquid)",81.2,kg,"Universal Robina Supply Corp","Warehouse Inbound Team","Authorized supplier stock replenishment"
2026-06-16,RM-012,"Egg Yolks (Liquid)",80.31,kg,"Universal Robina Supply Corp","Warehouse Inbound Team","Authorized supplier stock replenishment"
2026-06-21,RM-012,"Egg Yolks (Liquid)",71.16,kg,"Universal Robina Supply Corp","Warehouse Inbound Team","Authorized supplier stock replenishment"
2026-06-26,RM-012,"Egg Yolks (Liquid)",76.21,kg,"Universal Robina Supply Corp","Warehouse Inbound Team","Authorized supplier stock replenishment"
2026-07-01,RM-012,"Egg Yolks (Liquid)",83.06,kg,"Universal Robina Supply Corp","Warehouse Inbound Team","Authorized supplier stock replenishment"
2026-07-06,RM-012,"Egg Yolks (Liquid)",74.91,kg,"Universal Robina Supply Corp","Warehouse Inbound Team","Authorized supplier stock replenishment"
2026-07-11,RM-012,"Egg Yolks (Liquid)",71.75,kg,"Universal Robina Supply Corp","Warehouse Inbound Team","Authorized supplier stock replenishment"
2026-07-16,RM-012,"Egg Yolks (Liquid)",81.34,kg,"Universal Robina Supply Corp","Warehouse Inbound Team","Authorized supplier stock replenishment"
2026-07-21,RM-012,"Egg Yolks (Liquid)",80.15,kg,"Universal Robina Supply Corp","Warehouse Inbound Team","Authorized supplier stock replenishment"
2026-07-26,RM-012,"Egg Yolks (Liquid)",71.1,kg,"Universal Robina Supply Corp","Warehouse Inbound Team","Authorized supplier stock replenishment"
2026-07-31,RM-012,"Egg Yolks (Liquid)",76.39,kg,"Universal Robina Supply Corp","Warehouse Inbound Team","Authorized supplier stock replenishment"
2026-08-05,RM-012,"Egg Yolks (Liquid)",83.04,kg,"Universal Robina Supply Corp","Warehouse Inbound Team","Authorized supplier stock replenishment"
2026-08-10,RM-012,"Egg Yolks (Liquid)",74.73,kg,"Universal Robina Supply Corp","Warehouse Inbound Team","Authorized supplier stock replenishment"
2026-08-15,RM-012,"Egg Yolks (Liquid)",71.85,kg,"Universal Robina Supply Corp","Warehouse Inbound Team","Authorized supplier stock replenishment"
2026-08-20,RM-012,"Egg Yolks (Liquid)",81.47,kg,"Universal Robina Supply Corp","Warehouse Inbound Team","Authorized supplier stock replenishment"
2026-08-25,RM-012,"Egg Yolks (Liquid)",79.98,kg,"Universal Robina Supply Corp","Warehouse Inbound Team","Authorized supplier stock replenishment"
2026-08-30,RM-012,"Egg Yolks (Liquid)",71.04,kg,"Universal Robina Supply Corp","Warehouse Inbound Team","Authorized supplier stock replenishment"
2026-01-01,RM-013,"Egg Whites (Liquid)",84.11,kg,"San Miguel Mills Logistics","Warehouse Inbound Team","Authorized supplier stock replenishment"
2026-01-07,RM-013,"Egg Whites (Liquid)",81.96,kg,"San Miguel Mills Logistics","Warehouse Inbound Team","Authorized supplier stock replenishment"
2026-01-13,RM-013,"Egg Whites (Liquid)",73.22,kg,"San Miguel Mills Logistics","Warehouse Inbound Team","Authorized supplier stock replenishment"
2026-01-19,RM-013,"Egg Whites (Liquid)",76.06,kg,"San Miguel Mills Logistics","Warehouse Inbound Team","Authorized supplier stock replenishment"
2026-01-25,RM-013,"Egg Whites (Liquid)",84.58,kg,"San Miguel Mills Logistics","Warehouse Inbound Team","Authorized supplier stock replenishment"
2026-01-31,RM-013,"Egg Whites (Liquid)",81.06,kg,"San Miguel Mills Logistics","Warehouse Inbound Team","Authorized supplier stock replenishment"
2026-02-06,RM-013,"Egg Whites (Liquid)",72.82,kg,"San Miguel Mills Logistics","Warehouse Inbound Team","Authorized supplier stock replenishment"
2026-02-12,RM-013,"Egg Whites (Liquid)",76.99,kg,"San Miguel Mills Logistics","Warehouse Inbound Team","Authorized supplier stock replenishment"
2026-02-18,RM-013,"Egg Whites (Liquid)",84.9,kg,"San Miguel Mills Logistics","Warehouse Inbound Team","Authorized supplier stock replenishment"
2026-02-24,RM-013,"Egg Whites (Liquid)",80.1,kg,"San Miguel Mills Logistics","Warehouse Inbound Team","Authorized supplier stock replenishment"
2026-03-02,RM-013,"Egg Whites (Liquid)",72.58,kg,"San Miguel Mills Logistics","Warehouse Inbound Team","Authorized supplier stock replenishment"
2026-03-08,RM-013,"Egg Whites (Liquid)",77.97,kg,"San Miguel Mills Logistics","Warehouse Inbound Team","Authorized supplier stock replenishment"
2026-03-14,RM-013,"Egg Whites (Liquid)",85.07,kg,"San Miguel Mills Logistics","Warehouse Inbound Team","Authorized supplier stock replenishment"
2026-03-20,RM-013,"Egg Whites (Liquid)",79.11,kg,"San Miguel Mills Logistics","Warehouse Inbound Team","Authorized supplier stock replenishment"
2026-03-26,RM-013,"Egg Whites (Liquid)",72.49,kg,"San Miguel Mills Logistics","Warehouse Inbound Team","Authorized supplier stock replenishment"
2026-04-01,RM-013,"Egg Whites (Liquid)",78.97,kg,"San Miguel Mills Logistics","Warehouse Inbound Team","Authorized supplier stock replenishment"
2026-04-07,RM-013,"Egg Whites (Liquid)",85.08,kg,"San Miguel Mills Logistics","Warehouse Inbound Team","Authorized supplier stock replenishment"
2026-04-13,RM-013,"Egg Whites (Liquid)",78.11,kg,"San Miguel Mills Logistics","Warehouse Inbound Team","Authorized supplier stock replenishment"
2026-04-19,RM-013,"Egg Whites (Liquid)",72.56,kg,"San Miguel Mills Logistics","Warehouse Inbound Team","Authorized supplier stock replenishment"
2026-04-25,RM-013,"Egg Whites (Liquid)",79.96,kg,"San Miguel Mills Logistics","Warehouse Inbound Team","Authorized supplier stock replenishment"
2026-05-01,RM-013,"Egg Whites (Liquid)",84.93,kg,"San Miguel Mills Logistics","Warehouse Inbound Team","Authorized supplier stock replenishment"
2026-05-07,RM-013,"Egg Whites (Liquid)",77.13,kg,"San Miguel Mills Logistics","Warehouse Inbound Team","Authorized supplier stock replenishment"
2026-05-13,RM-013,"Egg Whites (Liquid)",72.78,kg,"San Miguel Mills Logistics","Warehouse Inbound Team","Authorized supplier stock replenishment"
2026-05-19,RM-013,"Egg Whites (Liquid)",80.93,kg,"San Miguel Mills Logistics","Warehouse Inbound Team","Authorized supplier stock replenishment"
2026-05-25,RM-013,"Egg Whites (Liquid)",84.63,kg,"San Miguel Mills Logistics","Warehouse Inbound Team","Authorized supplier stock replenishment"
2026-05-31,RM-013,"Egg Whites (Liquid)",76.19,kg,"San Miguel Mills Logistics","Warehouse Inbound Team","Authorized supplier stock replenishment"
2026-06-06,RM-013,"Egg Whites (Liquid)",73.15,kg,"San Miguel Mills Logistics","Warehouse Inbound Team","Authorized supplier stock replenishment"
2026-06-12,RM-013,"Egg Whites (Liquid)",81.83,kg,"San Miguel Mills Logistics","Warehouse Inbound Team","Authorized supplier stock replenishment"
2026-06-18,RM-013,"Egg Whites (Liquid)",84.18,kg,"San Miguel Mills Logistics","Warehouse Inbound Team","Authorized supplier stock replenishment"
2026-06-24,RM-013,"Egg Whites (Liquid)",75.32,kg,"San Miguel Mills Logistics","Warehouse Inbound Team","Authorized supplier stock replenishment"
2026-06-30,RM-013,"Egg Whites (Liquid)",73.67,kg,"San Miguel Mills Logistics","Warehouse Inbound Team","Authorized supplier stock replenishment"
2026-07-06,RM-013,"Egg Whites (Liquid)",82.67,kg,"San Miguel Mills Logistics","Warehouse Inbound Team","Authorized supplier stock replenishment"
2026-07-12,RM-013,"Egg Whites (Liquid)",83.6,kg,"San Miguel Mills Logistics","Warehouse Inbound Team","Authorized supplier stock replenishment"
2026-07-18,RM-013,"Egg Whites (Liquid)",74.53,kg,"San Miguel Mills Logistics","Warehouse Inbound Team","Authorized supplier stock replenishment"
2026-07-24,RM-013,"Egg Whites (Liquid)",74.32,kg,"San Miguel Mills Logistics","Warehouse Inbound Team","Authorized supplier stock replenishment"
2026-07-30,RM-013,"Egg Whites (Liquid)",83.4,kg,"San Miguel Mills Logistics","Warehouse Inbound Team","Authorized supplier stock replenishment"
2026-08-05,RM-013,"Egg Whites (Liquid)",82.9,kg,"San Miguel Mills Logistics","Warehouse Inbound Team","Authorized supplier stock replenishment"
2026-08-11,RM-013,"Egg Whites (Liquid)",73.85,kg,"San Miguel Mills Logistics","Warehouse Inbound Team","Authorized supplier stock replenishment"
2026-08-17,RM-013,"Egg Whites (Liquid)",75.07,kg,"San Miguel Mills Logistics","Warehouse Inbound Team","Authorized supplier stock replenishment"
2026-08-23,RM-013,"Egg Whites (Liquid)",84.02,kg,"San Miguel Mills Logistics","Warehouse Inbound Team","Authorized supplier stock replenishment"
2026-08-29,RM-013,"Egg Whites (Liquid)",60.47,kg,"San Miguel Mills Logistics","Warehouse Inbound Team","Authorized supplier stock replenishment"
2026-01-02,RM-014,"Full Cream Milk",172.56,L,"Universal Robina Supply Corp","Warehouse Inbound Team","Authorized supplier stock replenishment"
2026-01-08,RM-014,"Full Cream Milk",193.72,L,"Universal Robina Supply Corp","Warehouse Inbound Team","Authorized supplier stock replenishment"
2026-01-14,RM-014,"Full Cream Milk",194.22,L,"Universal Robina Supply Corp","Warehouse Inbound Team","Authorized supplier stock replenishment"
2026-01-20,RM-014,"Full Cream Milk",173.02,L,"Universal Robina Supply Corp","Warehouse Inbound Team","Authorized supplier stock replenishment"
2026-01-26,RM-014,"Full Cream Milk",174.2,L,"Universal Robina Supply Corp","Warehouse Inbound Team","Authorized supplier stock replenishment"
2026-02-01,RM-014,"Full Cream Milk",195.3,L,"Universal Robina Supply Corp","Warehouse Inbound Team","Authorized supplier stock replenishment"
2026-02-07,RM-014,"Full Cream Milk",192.46,L,"Universal Robina Supply Corp","Warehouse Inbound Team","Authorized supplier stock replenishment"
2026-02-13,RM-014,"Full Cream Milk",171.58,L,"Universal Robina Supply Corp","Warehouse Inbound Team","Authorized supplier stock replenishment"
2026-02-19,RM-014,"Full Cream Milk",176.08,L,"Universal Robina Supply Corp","Warehouse Inbound Team","Authorized supplier stock replenishment"
2026-02-25,RM-014,"Full Cream Milk",196.6,L,"Universal Robina Supply Corp","Warehouse Inbound Team","Authorized supplier stock replenishment"
2026-03-03,RM-014,"Full Cream Milk",190.47,L,"Universal Robina Supply Corp","Warehouse Inbound Team","Authorized supplier stock replenishment"
2026-03-09,RM-014,"Full Cream Milk",170.44,L,"Universal Robina Supply Corp","Warehouse Inbound Team","Authorized supplier stock replenishment"
2026-03-15,RM-014,"Full Cream Milk",178.15,L,"Universal Robina Supply Corp","Warehouse Inbound Team","Authorized supplier stock replenishment"
2026-03-21,RM-014,"Full Cream Milk",197.58,L,"Universal Robina Supply Corp","Warehouse Inbound Team","Authorized supplier stock replenishment"
2026-03-27,RM-014,"Full Cream Milk",188.32,L,"Universal Robina Supply Corp","Warehouse Inbound Team","Authorized supplier stock replenishment"
2026-04-02,RM-014,"Full Cream Milk",169.63,L,"Universal Robina Supply Corp","Warehouse Inbound Team","Authorized supplier stock replenishment"
2026-04-08,RM-014,"Full Cream Milk",180.37,L,"Universal Robina Supply Corp","Warehouse Inbound Team","Authorized supplier stock replenishment"
2026-04-14,RM-014,"Full Cream Milk",198.21,L,"Universal Robina Supply Corp","Warehouse Inbound Team","Authorized supplier stock replenishment"
2026-04-20,RM-014,"Full Cream Milk",186.06,L,"Universal Robina Supply Corp","Warehouse Inbound Team","Authorized supplier stock replenishment"
2026-04-26,RM-014,"Full Cream Milk",169.18,L,"Universal Robina Supply Corp","Warehouse Inbound Team","Authorized supplier stock replenishment"
2026-05-02,RM-014,"Full Cream Milk",182.67,L,"Universal Robina Supply Corp","Warehouse Inbound Team","Authorized supplier stock replenishment"
2026-05-08,RM-014,"Full Cream Milk",198.48,L,"Universal Robina Supply Corp","Warehouse Inbound Team","Authorized supplier stock replenishment"
2026-05-14,RM-014,"Full Cream Milk",183.73,L,"Universal Robina Supply Corp","Warehouse Inbound Team","Authorized supplier stock replenishment"
2026-05-20,RM-014,"Full Cream Milk",169.1,L,"Universal Robina Supply Corp","Warehouse Inbound Team","Authorized supplier stock replenishment"
2026-05-26,RM-014,"Full Cream Milk",185,L,"Universal Robina Supply Corp","Warehouse Inbound Team","Authorized supplier stock replenishment"
2026-06-01,RM-014,"Full Cream Milk",198.38,L,"Universal Robina Supply Corp","Warehouse Inbound Team","Authorized supplier stock replenishment"
2026-06-07,RM-014,"Full Cream Milk",181.41,L,"Universal Robina Supply Corp","Warehouse Inbound Team","Authorized supplier stock replenishment"
2026-06-13,RM-014,"Full Cream Milk",169.38,L,"Universal Robina Supply Corp","Warehouse Inbound Team","Authorized supplier stock replenishment"
2026-06-19,RM-014,"Full Cream Milk",187.3,L,"Universal Robina Supply Corp","Warehouse Inbound Team","Authorized supplier stock replenishment"
2026-06-25,RM-014,"Full Cream Milk",197.91,L,"Universal Robina Supply Corp","Warehouse Inbound Team","Authorized supplier stock replenishment"
2026-07-01,RM-014,"Full Cream Milk",179.15,L,"Universal Robina Supply Corp","Warehouse Inbound Team","Authorized supplier stock replenishment"
2026-07-07,RM-014,"Full Cream Milk",170.03,L,"Universal Robina Supply Corp","Warehouse Inbound Team","Authorized supplier stock replenishment"
2026-07-13,RM-014,"Full Cream Milk",189.51,L,"Universal Robina Supply Corp","Warehouse Inbound Team","Authorized supplier stock replenishment"
2026-07-19,RM-014,"Full Cream Milk",197.09,L,"Universal Robina Supply Corp","Warehouse Inbound Team","Authorized supplier stock replenishment"
2026-07-25,RM-014,"Full Cream Milk",177,L,"Universal Robina Supply Corp","Warehouse Inbound Team","Authorized supplier stock replenishment"
2026-07-31,RM-014,"Full Cream Milk",171.02,L,"Universal Robina Supply Corp","Warehouse Inbound Team","Authorized supplier stock replenishment"
2026-08-06,RM-014,"Full Cream Milk",191.58,L,"Universal Robina Supply Corp","Warehouse Inbound Team","Authorized supplier stock replenishment"
2026-08-12,RM-014,"Full Cream Milk",195.93,L,"Universal Robina Supply Corp","Warehouse Inbound Team","Authorized supplier stock replenishment"
2026-08-18,RM-014,"Full Cream Milk",175.03,L,"Universal Robina Supply Corp","Warehouse Inbound Team","Authorized supplier stock replenishment"
2026-08-24,RM-014,"Full Cream Milk",172.33,L,"Universal Robina Supply Corp","Warehouse Inbound Team","Authorized supplier stock replenishment"
2026-08-30,RM-014,"Full Cream Milk",164.34,L,"Universal Robina Supply Corp","Warehouse Inbound Team","Authorized supplier stock replenishment"
2026-01-05,RM-015,"Skimmed Milk Powder",84.83,kg,"San Miguel Mills Logistics","Warehouse Inbound Team","Authorized supplier stock replenishment"
2026-01-10,RM-015,"Skimmed Milk Powder",96.19,kg,"San Miguel Mills Logistics","Warehouse Inbound Team","Authorized supplier stock replenishment"
2026-01-15,RM-015,"Skimmed Milk Powder",94.02,kg,"San Miguel Mills Logistics","Warehouse Inbound Team","Authorized supplier stock replenishment"
2026-01-20,RM-015,"Skimmed Milk Powder",83.65,kg,"San Miguel Mills Logistics","Warehouse Inbound Team","Authorized supplier stock replenishment"
2026-01-25,RM-015,"Skimmed Milk Powder",90.52,kg,"San Miguel Mills Logistics","Warehouse Inbound Team","Authorized supplier stock replenishment"
2026-01-30,RM-015,"Skimmed Milk Powder",97.78,kg,"San Miguel Mills Logistics","Warehouse Inbound Team","Authorized supplier stock replenishment"
2026-02-04,RM-015,"Skimmed Milk Powder",87.61,kg,"San Miguel Mills Logistics","Warehouse Inbound Team","Authorized supplier stock replenishment"
2026-02-09,RM-015,"Skimmed Milk Powder",84.97,kg,"San Miguel Mills Logistics","Warehouse Inbound Team","Authorized supplier stock replenishment"
2026-02-14,RM-015,"Skimmed Milk Powder",96.33,kg,"San Miguel Mills Logistics","Warehouse Inbound Team","Authorized supplier stock replenishment"
2026-02-19,RM-015,"Skimmed Milk Powder",93.82,kg,"San Miguel Mills Logistics","Warehouse Inbound Team","Authorized supplier stock replenishment"
2026-02-24,RM-015,"Skimmed Milk Powder",83.6,kg,"San Miguel Mills Logistics","Warehouse Inbound Team","Authorized supplier stock replenishment"
2026-03-01,RM-015,"Skimmed Milk Powder",90.74,kg,"San Miguel Mills Logistics","Warehouse Inbound Team","Authorized supplier stock replenishment"
2026-03-06,RM-015,"Skimmed Milk Powder",97.73,kg,"San Miguel Mills Logistics","Warehouse Inbound Team","Authorized supplier stock replenishment"
2026-03-11,RM-015,"Skimmed Milk Powder",87.41,kg,"San Miguel Mills Logistics","Warehouse Inbound Team","Authorized supplier stock replenishment"
2026-03-16,RM-015,"Skimmed Milk Powder",85.11,kg,"San Miguel Mills Logistics","Warehouse Inbound Team","Authorized supplier stock replenishment"
2026-03-21,RM-015,"Skimmed Milk Powder",96.47,kg,"San Miguel Mills Logistics","Warehouse Inbound Team","Authorized supplier stock replenishment"
2026-03-26,RM-015,"Skimmed Milk Powder",93.62,kg,"San Miguel Mills Logistics","Warehouse Inbound Team","Authorized supplier stock replenishment"
2026-03-31,RM-015,"Skimmed Milk Powder",83.55,kg,"San Miguel Mills Logistics","Warehouse Inbound Team","Authorized supplier stock replenishment"
2026-04-05,RM-015,"Skimmed Milk Powder",90.96,kg,"San Miguel Mills Logistics","Warehouse Inbound Team","Authorized supplier stock replenishment"
2026-04-10,RM-015,"Skimmed Milk Powder",97.67,kg,"San Miguel Mills Logistics","Warehouse Inbound Team","Authorized supplier stock replenishment"
2026-04-15,RM-015,"Skimmed Milk Powder",87.22,kg,"San Miguel Mills Logistics","Warehouse Inbound Team","Authorized supplier stock replenishment"
2026-04-20,RM-015,"Skimmed Milk Powder",85.25,kg,"San Miguel Mills Logistics","Warehouse Inbound Team","Authorized supplier stock replenishment"
2026-04-25,RM-015,"Skimmed Milk Powder",96.6,kg,"San Miguel Mills Logistics","Warehouse Inbound Team","Authorized supplier stock replenishment"
2026-04-30,RM-015,"Skimmed Milk Powder",93.42,kg,"San Miguel Mills Logistics","Warehouse Inbound Team","Authorized supplier stock replenishment"
2026-05-05,RM-015,"Skimmed Milk Powder",83.51,kg,"San Miguel Mills Logistics","Warehouse Inbound Team","Authorized supplier stock replenishment"
2026-05-10,RM-015,"Skimmed Milk Powder",91.19,kg,"San Miguel Mills Logistics","Warehouse Inbound Team","Authorized supplier stock replenishment"
2026-05-15,RM-015,"Skimmed Milk Powder",97.61,kg,"San Miguel Mills Logistics","Warehouse Inbound Team","Authorized supplier stock replenishment"
2026-05-20,RM-015,"Skimmed Milk Powder",87.02,kg,"San Miguel Mills Logistics","Warehouse Inbound Team","Authorized supplier stock replenishment"
2026-05-25,RM-015,"Skimmed Milk Powder",85.4,kg,"San Miguel Mills Logistics","Warehouse Inbound Team","Authorized supplier stock replenishment"
2026-05-30,RM-015,"Skimmed Milk Powder",96.72,kg,"San Miguel Mills Logistics","Warehouse Inbound Team","Authorized supplier stock replenishment"
2026-06-04,RM-015,"Skimmed Milk Powder",93.21,kg,"San Miguel Mills Logistics","Warehouse Inbound Team","Authorized supplier stock replenishment"
2026-06-09,RM-015,"Skimmed Milk Powder",83.48,kg,"San Miguel Mills Logistics","Warehouse Inbound Team","Authorized supplier stock replenishment"
2026-06-14,RM-015,"Skimmed Milk Powder",91.41,kg,"San Miguel Mills Logistics","Warehouse Inbound Team","Authorized supplier stock replenishment"
2026-06-19,RM-015,"Skimmed Milk Powder",97.54,kg,"San Miguel Mills Logistics","Warehouse Inbound Team","Authorized supplier stock replenishment"
2026-06-24,RM-015,"Skimmed Milk Powder",86.84,kg,"San Miguel Mills Logistics","Warehouse Inbound Team","Authorized supplier stock replenishment"
2026-06-29,RM-015,"Skimmed Milk Powder",85.56,kg,"San Miguel Mills Logistics","Warehouse Inbound Team","Authorized supplier stock replenishment"
2026-07-04,RM-015,"Skimmed Milk Powder",96.84,kg,"San Miguel Mills Logistics","Warehouse Inbound Team","Authorized supplier stock replenishment"
2026-07-09,RM-015,"Skimmed Milk Powder",93,kg,"San Miguel Mills Logistics","Warehouse Inbound Team","Authorized supplier stock replenishment"
2026-07-14,RM-015,"Skimmed Milk Powder",83.46,kg,"San Miguel Mills Logistics","Warehouse Inbound Team","Authorized supplier stock replenishment"
2026-07-19,RM-015,"Skimmed Milk Powder",91.63,kg,"San Miguel Mills Logistics","Warehouse Inbound Team","Authorized supplier stock replenishment"
2026-07-24,RM-015,"Skimmed Milk Powder",97.47,kg,"San Miguel Mills Logistics","Warehouse Inbound Team","Authorized supplier stock replenishment"
2026-07-29,RM-015,"Skimmed Milk Powder",86.65,kg,"San Miguel Mills Logistics","Warehouse Inbound Team","Authorized supplier stock replenishment"
2026-08-03,RM-015,"Skimmed Milk Powder",85.71,kg,"San Miguel Mills Logistics","Warehouse Inbound Team","Authorized supplier stock replenishment"
2026-08-08,RM-015,"Skimmed Milk Powder",96.96,kg,"San Miguel Mills Logistics","Warehouse Inbound Team","Authorized supplier stock replenishment"
2026-08-13,RM-015,"Skimmed Milk Powder",92.79,kg,"San Miguel Mills Logistics","Warehouse Inbound Team","Authorized supplier stock replenishment"
2026-08-18,RM-015,"Skimmed Milk Powder",83.44,kg,"San Miguel Mills Logistics","Warehouse Inbound Team","Authorized supplier stock replenishment"
2026-08-23,RM-015,"Skimmed Milk Powder",91.85,kg,"San Miguel Mills Logistics","Warehouse Inbound Team","Authorized supplier stock replenishment"
2026-08-28,RM-015,"Skimmed Milk Powder",97.39,kg,"San Miguel Mills Logistics","Warehouse Inbound Team","Authorized supplier stock replenishment"
2026-09-02,RM-015,"Skimmed Milk Powder",86.47,kg,"San Miguel Mills Logistics","Warehouse Inbound Team","Authorized supplier stock replenishment"
2026-01-01,RM-016,"Evaporated Milk",97.74,L,"Universal Robina Supply Corp","Warehouse Inbound Team","Authorized supplier stock replenishment"
2026-01-06,RM-016,"Evaporated Milk",110.77,L,"Universal Robina Supply Corp","Warehouse Inbound Team","Authorized supplier stock replenishment"
2026-01-11,RM-016,"Evaporated Milk",107.35,L,"Universal Robina Supply Corp","Warehouse Inbound Team","Authorized supplier stock replenishment"
2026-01-16,RM-016,"Evaporated Milk",95.87,L,"Universal Robina Supply Corp","Warehouse Inbound Team","Authorized supplier stock replenishment"
2026-01-21,RM-016,"Evaporated Milk",104.5,L,"Universal Robina Supply Corp","Warehouse Inbound Team","Authorized supplier stock replenishment"
2026-01-26,RM-016,"Evaporated Milk",112.07,L,"Universal Robina Supply Corp","Warehouse Inbound Team","Authorized supplier stock replenishment"
2026-01-31,RM-016,"Evaporated Milk",100,L,"Universal Robina Supply Corp","Warehouse Inbound Team","Authorized supplier stock replenishment"
2026-02-05,RM-016,"Evaporated Milk",97.91,L,"Universal Robina Supply Corp","Warehouse Inbound Team","Authorized supplier stock replenishment"
2026-02-10,RM-016,"Evaporated Milk",110.92,L,"Universal Robina Supply Corp","Warehouse Inbound Team","Authorized supplier stock replenishment"
2026-02-15,RM-016,"Evaporated Milk",107.11,L,"Universal Robina Supply Corp","Warehouse Inbound Team","Authorized supplier stock replenishment"
2026-02-20,RM-016,"Evaporated Milk",95.83,L,"Universal Robina Supply Corp","Warehouse Inbound Team","Authorized supplier stock replenishment"
2026-02-25,RM-016,"Evaporated Milk",104.75,L,"Universal Robina Supply Corp","Warehouse Inbound Team","Authorized supplier stock replenishment"
2026-03-02,RM-016,"Evaporated Milk",111.99,L,"Universal Robina Supply Corp","Warehouse Inbound Team","Authorized supplier stock replenishment"
2026-03-07,RM-016,"Evaporated Milk",99.78,L,"Universal Robina Supply Corp","Warehouse Inbound Team","Authorized supplier stock replenishment"
2026-03-12,RM-016,"Evaporated Milk",98.08,L,"Universal Robina Supply Corp","Warehouse Inbound Team","Authorized supplier stock replenishment"
2026-03-17,RM-016,"Evaporated Milk",111.06,L,"Universal Robina Supply Corp","Warehouse Inbound Team","Authorized supplier stock replenishment"
2026-03-22,RM-016,"Evaporated Milk",106.88,L,"Universal Robina Supply Corp","Warehouse Inbound Team","Authorized supplier stock replenishment"
2026-03-27,RM-016,"Evaporated Milk",95.8,L,"Universal Robina Supply Corp","Warehouse Inbound Team","Authorized supplier stock replenishment"
2026-04-01,RM-016,"Evaporated Milk",105.01,L,"Universal Robina Supply Corp","Warehouse Inbound Team","Authorized supplier stock replenishment"
2026-04-06,RM-016,"Evaporated Milk",111.91,L,"Universal Robina Supply Corp","Warehouse Inbound Team","Authorized supplier stock replenishment"
2026-04-11,RM-016,"Evaporated Milk",99.57,L,"Universal Robina Supply Corp","Warehouse Inbound Team","Authorized supplier stock replenishment"
2026-04-16,RM-016,"Evaporated Milk",98.26,L,"Universal Robina Supply Corp","Warehouse Inbound Team","Authorized supplier stock replenishment"
2026-04-21,RM-016,"Evaporated Milk",111.2,L,"Universal Robina Supply Corp","Warehouse Inbound Team","Authorized supplier stock replenishment"
2026-04-26,RM-016,"Evaporated Milk",106.64,L,"Universal Robina Supply Corp","Warehouse Inbound Team","Authorized supplier stock replenishment"
2026-05-01,RM-016,"Evaporated Milk",95.77,L,"Universal Robina Supply Corp","Warehouse Inbound Team","Authorized supplier stock replenishment"
2026-05-06,RM-016,"Evaporated Milk",105.26,L,"Universal Robina Supply Corp","Warehouse Inbound Team","Authorized supplier stock replenishment"
2026-05-11,RM-016,"Evaporated Milk",111.82,L,"Universal Robina Supply Corp","Warehouse Inbound Team","Authorized supplier stock replenishment"
2026-05-16,RM-016,"Evaporated Milk",99.36,L,"Universal Robina Supply Corp","Warehouse Inbound Team","Authorized supplier stock replenishment"
2026-05-21,RM-016,"Evaporated Milk",98.45,L,"Universal Robina Supply Corp","Warehouse Inbound Team","Authorized supplier stock replenishment"
2026-05-26,RM-016,"Evaporated Milk",111.32,L,"Universal Robina Supply Corp","Warehouse Inbound Team","Authorized supplier stock replenishment"
2026-05-31,RM-016,"Evaporated Milk",106.39,L,"Universal Robina Supply Corp","Warehouse Inbound Team","Authorized supplier stock replenishment"
2026-06-05,RM-016,"Evaporated Milk",95.75,L,"Universal Robina Supply Corp","Warehouse Inbound Team","Authorized supplier stock replenishment"
2026-06-10,RM-016,"Evaporated Milk",105.51,L,"Universal Robina Supply Corp","Warehouse Inbound Team","Authorized supplier stock replenishment"
2026-06-15,RM-016,"Evaporated Milk",111.72,L,"Universal Robina Supply Corp","Warehouse Inbound Team","Authorized supplier stock replenishment"
2026-06-20,RM-016,"Evaporated Milk",99.15,L,"Universal Robina Supply Corp","Warehouse Inbound Team","Authorized supplier stock replenishment"
2026-06-25,RM-016,"Evaporated Milk",98.64,L,"Universal Robina Supply Corp","Warehouse Inbound Team","Authorized supplier stock replenishment"
2026-06-30,RM-016,"Evaporated Milk",111.45,L,"Universal Robina Supply Corp","Warehouse Inbound Team","Authorized supplier stock replenishment"
2026-07-05,RM-016,"Evaporated Milk",106.15,L,"Universal Robina Supply Corp","Warehouse Inbound Team","Authorized supplier stock replenishment"
2026-07-10,RM-016,"Evaporated Milk",95.74,L,"Universal Robina Supply Corp","Warehouse Inbound Team","Authorized supplier stock replenishment"
2026-07-15,RM-016,"Evaporated Milk",105.76,L,"Universal Robina Supply Corp","Warehouse Inbound Team","Authorized supplier stock replenishment"
2026-07-20,RM-016,"Evaporated Milk",111.62,L,"Universal Robina Supply Corp","Warehouse Inbound Team","Authorized supplier stock replenishment"
2026-07-25,RM-016,"Evaporated Milk",98.95,L,"Universal Robina Supply Corp","Warehouse Inbound Team","Authorized supplier stock replenishment"
2026-07-30,RM-016,"Evaporated Milk",98.83,L,"Universal Robina Supply Corp","Warehouse Inbound Team","Authorized supplier stock replenishment"
2026-08-04,RM-016,"Evaporated Milk",111.56,L,"Universal Robina Supply Corp","Warehouse Inbound Team","Authorized supplier stock replenishment"
2026-08-09,RM-016,"Evaporated Milk",105.9,L,"Universal Robina Supply Corp","Warehouse Inbound Team","Authorized supplier stock replenishment"
2026-08-14,RM-016,"Evaporated Milk",95.74,L,"Universal Robina Supply Corp","Warehouse Inbound Team","Authorized supplier stock replenishment"
2026-08-19,RM-016,"Evaporated Milk",106.01,L,"Universal Robina Supply Corp","Warehouse Inbound Team","Authorized supplier stock replenishment"
2026-08-24,RM-016,"Evaporated Milk",111.51,L,"Universal Robina Supply Corp","Warehouse Inbound Team","Authorized supplier stock replenishment"
2026-08-29,RM-016,"Evaporated Milk",98.75,L,"Universal Robina Supply Corp","Warehouse Inbound Team","Authorized supplier stock replenishment"
2026-01-05,RM-017,"Condensed Milk",145.17,kg,"San Miguel Mills Logistics","Warehouse Inbound Team","Authorized supplier stock replenishment"
2026-01-11,RM-017,"Condensed Milk",159.22,kg,"San Miguel Mills Logistics","Warehouse Inbound Team","Authorized supplier stock replenishment"
2026-01-17,RM-017,"Condensed Milk",149.06,kg,"San Miguel Mills Logistics","Warehouse Inbound Team","Authorized supplier stock replenishment"
2026-01-23,RM-017,"Condensed Milk",135.81,kg,"San Miguel Mills Logistics","Warehouse Inbound Team","Authorized supplier stock replenishment"
2026-01-29,RM-017,"Condensed Milk",147.03,kg,"San Miguel Mills Logistics","Warehouse Inbound Team","Authorized supplier stock replenishment"
2026-02-04,RM-017,"Condensed Milk",159.38,kg,"San Miguel Mills Logistics","Warehouse Inbound Team","Authorized supplier stock replenishment"
2026-02-10,RM-017,"Condensed Milk",147.19,kg,"San Miguel Mills Logistics","Warehouse Inbound Team","Authorized supplier stock replenishment"
2026-02-16,RM-017,"Condensed Milk",135.8,kg,"San Miguel Mills Logistics","Warehouse Inbound Team","Authorized supplier stock replenishment"
2026-02-22,RM-017,"Condensed Milk",148.9,kg,"San Miguel Mills Logistics","Warehouse Inbound Team","Authorized supplier stock replenishment"
2026-02-28,RM-017,"Condensed Milk",159.25,kg,"San Miguel Mills Logistics","Warehouse Inbound Team","Authorized supplier stock replenishment"
2026-03-06,RM-017,"Condensed Milk",145.33,kg,"San Miguel Mills Logistics","Warehouse Inbound Team","Authorized supplier stock replenishment"
2026-03-12,RM-017,"Condensed Milk",136.08,kg,"San Miguel Mills Logistics","Warehouse Inbound Team","Authorized supplier stock replenishment"
2026-03-18,RM-017,"Condensed Milk",150.73,kg,"San Miguel Mills Logistics","Warehouse Inbound Team","Authorized supplier stock replenishment"
2026-03-24,RM-017,"Condensed Milk",158.82,kg,"San Miguel Mills Logistics","Warehouse Inbound Team","Authorized supplier stock replenishment"
2026-03-30,RM-017,"Condensed Milk",143.53,kg,"San Miguel Mills Logistics","Warehouse Inbound Team","Authorized supplier stock replenishment"
2026-04-05,RM-017,"Condensed Milk",136.65,kg,"San Miguel Mills Logistics","Warehouse Inbound Team","Authorized supplier stock replenishment"
2026-04-11,RM-017,"Condensed Milk",152.49,kg,"San Miguel Mills Logistics","Warehouse Inbound Team","Authorized supplier stock replenishment"
2026-04-17,RM-017,"Condensed Milk",158.11,kg,"San Miguel Mills Logistics","Warehouse Inbound Team","Authorized supplier stock replenishment"
2026-04-23,RM-017,"Condensed Milk",141.83,kg,"San Miguel Mills Logistics","Warehouse Inbound Team","Authorized supplier stock replenishment"
2026-04-29,RM-017,"Condensed Milk",137.5,kg,"San Miguel Mills Logistics","Warehouse Inbound Team","Authorized supplier stock replenishment"
2026-05-05,RM-017,"Condensed Milk",154.12,kg,"San Miguel Mills Logistics","Warehouse Inbound Team","Authorized supplier stock replenishment"
2026-05-11,RM-017,"Condensed Milk",157.13,kg,"San Miguel Mills Logistics","Warehouse Inbound Team","Authorized supplier stock replenishment"
2026-05-17,RM-017,"Condensed Milk",140.27,kg,"San Miguel Mills Logistics","Warehouse Inbound Team","Authorized supplier stock replenishment"
2026-05-23,RM-017,"Condensed Milk",138.6,kg,"San Miguel Mills Logistics","Warehouse Inbound Team","Authorized supplier stock replenishment"
2026-05-29,RM-017,"Condensed Milk",155.59,kg,"San Miguel Mills Logistics","Warehouse Inbound Team","Authorized supplier stock replenishment"
2026-06-04,RM-017,"Condensed Milk",155.92,kg,"San Miguel Mills Logistics","Warehouse Inbound Team","Authorized supplier stock replenishment"
2026-06-10,RM-017,"Condensed Milk",138.9,kg,"San Miguel Mills Logistics","Warehouse Inbound Team","Authorized supplier stock replenishment"
2026-06-16,RM-017,"Condensed Milk",139.92,kg,"San Miguel Mills Logistics","Warehouse Inbound Team","Authorized supplier stock replenishment"
2026-06-22,RM-017,"Condensed Milk",156.86,kg,"San Miguel Mills Logistics","Warehouse Inbound Team","Authorized supplier stock replenishment"
2026-06-28,RM-017,"Condensed Milk",154.49,kg,"San Miguel Mills Logistics","Warehouse Inbound Team","Authorized supplier stock replenishment"
2026-07-04,RM-017,"Condensed Milk",137.74,kg,"San Miguel Mills Logistics","Warehouse Inbound Team","Authorized supplier stock replenishment"
2026-07-10,RM-017,"Condensed Milk",141.44,kg,"San Miguel Mills Logistics","Warehouse Inbound Team","Authorized supplier stock replenishment"
2026-07-16,RM-017,"Condensed Milk",157.9,kg,"San Miguel Mills Logistics","Warehouse Inbound Team","Authorized supplier stock replenishment"
2026-07-22,RM-017,"Condensed Milk",152.9,kg,"San Miguel Mills Logistics","Warehouse Inbound Team","Authorized supplier stock replenishment"
2026-07-28,RM-017,"Condensed Milk",136.83,kg,"San Miguel Mills Logistics","Warehouse Inbound Team","Authorized supplier stock replenishment"
2026-08-03,RM-017,"Condensed Milk",143.11,kg,"San Miguel Mills Logistics","Warehouse Inbound Team","Authorized supplier stock replenishment"
2026-08-09,RM-017,"Condensed Milk",158.67,kg,"San Miguel Mills Logistics","Warehouse Inbound Team","Authorized supplier stock replenishment"
2026-08-15,RM-017,"Condensed Milk",151.17,kg,"San Miguel Mills Logistics","Warehouse Inbound Team","Authorized supplier stock replenishment"
2026-08-21,RM-017,"Condensed Milk",136.19,kg,"San Miguel Mills Logistics","Warehouse Inbound Team","Authorized supplier stock replenishment"
2026-08-27,RM-017,"Condensed Milk",144.89,kg,"San Miguel Mills Logistics","Warehouse Inbound Team","Authorized supplier stock replenishment"
2026-09-02,RM-017,"Condensed Milk",125.47,kg,"San Miguel Mills Logistics","Warehouse Inbound Team","Authorized supplier stock replenishment"
2026-01-06,RM-018,"Heavy Whipping Cream",104.23,L,"Universal Robina Supply Corp","Warehouse Inbound Team","Authorized supplier stock replenishment"
2026-01-12,RM-018,"Heavy Whipping Cream",108.02,L,"Universal Robina Supply Corp","Warehouse Inbound Team","Authorized supplier stock replenishment"
2026-01-18,RM-018,"Heavy Whipping Cream",120.22,L,"Universal Robina Supply Corp","Warehouse Inbound Team","Authorized supplier stock replenishment"
2026-01-24,RM-018,"Heavy Whipping Cream",115.46,L,"Universal Robina Supply Corp","Warehouse Inbound Team","Authorized supplier stock replenishment"
2026-01-30,RM-018,"Heavy Whipping Cream",103.64,L,"Universal Robina Supply Corp","Warehouse Inbound Team","Authorized supplier stock replenishment"
2026-02-05,RM-018,"Heavy Whipping Cream",109.33,L,"Universal Robina Supply Corp","Warehouse Inbound Team","Authorized supplier stock replenishment"
2026-02-11,RM-018,"Heavy Whipping Cream",120.7,L,"Universal Robina Supply Corp","Warehouse Inbound Team","Authorized supplier stock replenishment"
2026-02-17,RM-018,"Heavy Whipping Cream",114.1,L,"Universal Robina Supply Corp","Warehouse Inbound Team","Authorized supplier stock replenishment"
2026-02-23,RM-018,"Heavy Whipping Cream",103.26,L,"Universal Robina Supply Corp","Warehouse Inbound Team","Authorized supplier stock replenishment"
2026-03-01,RM-018,"Heavy Whipping Cream",110.71,L,"Universal Robina Supply Corp","Warehouse Inbound Team","Authorized supplier stock replenishment"
2026-03-07,RM-018,"Heavy Whipping Cream",120.97,L,"Universal Robina Supply Corp","Warehouse Inbound Team","Authorized supplier stock replenishment"
2026-03-13,RM-018,"Heavy Whipping Cream",112.7,L,"Universal Robina Supply Corp","Warehouse Inbound Team","Authorized supplier stock replenishment"
2026-03-19,RM-018,"Heavy Whipping Cream",103.1,L,"Universal Robina Supply Corp","Warehouse Inbound Team","Authorized supplier stock replenishment"
2026-03-25,RM-018,"Heavy Whipping Cream",112.13,L,"Universal Robina Supply Corp","Warehouse Inbound Team","Authorized supplier stock replenishment"
2026-03-31,RM-018,"Heavy Whipping Cream",121.02,L,"Universal Robina Supply Corp","Warehouse Inbound Team","Authorized supplier stock replenishment"
2026-04-06,RM-018,"Heavy Whipping Cream",111.28,L,"Universal Robina Supply Corp","Warehouse Inbound Team","Authorized supplier stock replenishment"
2026-04-12,RM-018,"Heavy Whipping Cream",103.17,L,"Universal Robina Supply Corp","Warehouse Inbound Team","Authorized supplier stock replenishment"
2026-04-18,RM-018,"Heavy Whipping Cream",113.55,L,"Universal Robina Supply Corp","Warehouse Inbound Team","Authorized supplier stock replenishment"
2026-04-24,RM-018,"Heavy Whipping Cream",120.84,L,"Universal Robina Supply Corp","Warehouse Inbound Team","Authorized supplier stock replenishment"
2026-04-30,RM-018,"Heavy Whipping Cream",109.88,L,"Universal Robina Supply Corp","Warehouse Inbound Team","Authorized supplier stock replenishment"
2026-05-06,RM-018,"Heavy Whipping Cream",103.46,L,"Universal Robina Supply Corp","Warehouse Inbound Team","Authorized supplier stock replenishment"
2026-05-12,RM-018,"Heavy Whipping Cream",114.92,L,"Universal Robina Supply Corp","Warehouse Inbound Team","Authorized supplier stock replenishment"
2026-05-18,RM-018,"Heavy Whipping Cream",120.44,L,"Universal Robina Supply Corp","Warehouse Inbound Team","Authorized supplier stock replenishment"
2026-05-24,RM-018,"Heavy Whipping Cream",108.53,L,"Universal Robina Supply Corp","Warehouse Inbound Team","Authorized supplier stock replenishment"
2026-05-30,RM-018,"Heavy Whipping Cream",103.97,L,"Universal Robina Supply Corp","Warehouse Inbound Team","Authorized supplier stock replenishment"
2026-06-05,RM-018,"Heavy Whipping Cream",116.23,L,"Universal Robina Supply Corp","Warehouse Inbound Team","Authorized supplier stock replenishment"
2026-06-11,RM-018,"Heavy Whipping Cream",119.83,L,"Universal Robina Supply Corp","Warehouse Inbound Team","Authorized supplier stock replenishment"
2026-06-17,RM-018,"Heavy Whipping Cream",107.28,L,"Universal Robina Supply Corp","Warehouse Inbound Team","Authorized supplier stock replenishment"
2026-06-23,RM-018,"Heavy Whipping Cream",104.67,L,"Universal Robina Supply Corp","Warehouse Inbound Team","Authorized supplier stock replenishment"
2026-06-29,RM-018,"Heavy Whipping Cream",117.43,L,"Universal Robina Supply Corp","Warehouse Inbound Team","Authorized supplier stock replenishment"
2026-07-05,RM-018,"Heavy Whipping Cream",119.02,L,"Universal Robina Supply Corp","Warehouse Inbound Team","Authorized supplier stock replenishment"
2026-07-11,RM-018,"Heavy Whipping Cream",106.14,L,"Universal Robina Supply Corp","Warehouse Inbound Team","Authorized supplier stock replenishment"
2026-07-17,RM-018,"Heavy Whipping Cream",105.57,L,"Universal Robina Supply Corp","Warehouse Inbound Team","Authorized supplier stock replenishment"
2026-07-23,RM-018,"Heavy Whipping Cream",118.5,L,"Universal Robina Supply Corp","Warehouse Inbound Team","Authorized supplier stock replenishment"
2026-07-29,RM-018,"Heavy Whipping Cream",118.04,L,"Universal Robina Supply Corp","Warehouse Inbound Team","Authorized supplier stock replenishment"
2026-08-04,RM-018,"Heavy Whipping Cream",105.15,L,"Universal Robina Supply Corp","Warehouse Inbound Team","Authorized supplier stock replenishment"
2026-08-10,RM-018,"Heavy Whipping Cream",106.63,L,"Universal Robina Supply Corp","Warehouse Inbound Team","Authorized supplier stock replenishment"
2026-08-16,RM-018,"Heavy Whipping Cream",119.4,L,"Universal Robina Supply Corp","Warehouse Inbound Team","Authorized supplier stock replenishment"
2026-08-22,RM-018,"Heavy Whipping Cream",116.91,L,"Universal Robina Supply Corp","Warehouse Inbound Team","Authorized supplier stock replenishment"
2026-08-28,RM-018,"Heavy Whipping Cream",104.34,L,"Universal Robina Supply Corp","Warehouse Inbound Team","Authorized supplier stock replenishment"
2026-01-01,RM-019,"Instant Dry Yeast",42.95,kg,"San Miguel Mills Logistics","Warehouse Inbound Team","Authorized supplier stock replenishment"
2026-01-07,RM-019,"Instant Dry Yeast",43.16,kg,"San Miguel Mills Logistics","Warehouse Inbound Team","Authorized supplier stock replenishment"
2026-01-13,RM-019,"Instant Dry Yeast",38.45,kg,"San Miguel Mills Logistics","Warehouse Inbound Team","Authorized supplier stock replenishment"
2026-01-19,RM-019,"Instant Dry Yeast",38.62,kg,"San Miguel Mills Logistics","Warehouse Inbound Team","Authorized supplier stock replenishment"
2026-01-25,RM-019,"Instant Dry Yeast",43.31,kg,"San Miguel Mills Logistics","Warehouse Inbound Team","Authorized supplier stock replenishment"
2026-01-31,RM-019,"Instant Dry Yeast",42.77,kg,"San Miguel Mills Logistics","Warehouse Inbound Team","Authorized supplier stock replenishment"
2026-02-06,RM-019,"Instant Dry Yeast",38.12,kg,"San Miguel Mills Logistics","Warehouse Inbound Team","Authorized supplier stock replenishment"
2026-02-12,RM-019,"Instant Dry Yeast",39.03,kg,"San Miguel Mills Logistics","Warehouse Inbound Team","Authorized supplier stock replenishment"
2026-02-18,RM-019,"Instant Dry Yeast",43.61,kg,"San Miguel Mills Logistics","Warehouse Inbound Team","Authorized supplier stock replenishment"
2026-02-24,RM-019,"Instant Dry Yeast",42.34,kg,"San Miguel Mills Logistics","Warehouse Inbound Team","Authorized supplier stock replenishment"
2026-03-02,RM-019,"Instant Dry Yeast",37.86,kg,"San Miguel Mills Logistics","Warehouse Inbound Team","Authorized supplier stock replenishment"
2026-03-08,RM-019,"Instant Dry Yeast",39.48,kg,"San Miguel Mills Logistics","Warehouse Inbound Team","Authorized supplier stock replenishment"
2026-03-14,RM-019,"Instant Dry Yeast",43.83,kg,"San Miguel Mills Logistics","Warehouse Inbound Team","Authorized supplier stock replenishment"
2026-03-20,RM-019,"Instant Dry Yeast",41.86,kg,"San Miguel Mills Logistics","Warehouse Inbound Team","Authorized supplier stock replenishment"
2026-03-26,RM-019,"Instant Dry Yeast",37.67,kg,"San Miguel Mills Logistics","Warehouse Inbound Team","Authorized supplier stock replenishment"
2026-04-01,RM-019,"Instant Dry Yeast",39.97,kg,"San Miguel Mills Logistics","Warehouse Inbound Team","Authorized supplier stock replenishment"
2026-04-07,RM-019,"Instant Dry Yeast",43.98,kg,"San Miguel Mills Logistics","Warehouse Inbound Team","Authorized supplier stock replenishment"
2026-04-13,RM-019,"Instant Dry Yeast",41.36,kg,"San Miguel Mills Logistics","Warehouse Inbound Team","Authorized supplier stock replenishment"
2026-04-19,RM-019,"Instant Dry Yeast",37.56,kg,"San Miguel Mills Logistics","Warehouse Inbound Team","Authorized supplier stock replenishment"
2026-04-25,RM-019,"Instant Dry Yeast",40.48,kg,"San Miguel Mills Logistics","Warehouse Inbound Team","Authorized supplier stock replenishment"
2026-05-01,RM-019,"Instant Dry Yeast",44.05,kg,"San Miguel Mills Logistics","Warehouse Inbound Team","Authorized supplier stock replenishment"
2026-05-07,RM-019,"Instant Dry Yeast",40.85,kg,"San Miguel Mills Logistics","Warehouse Inbound Team","Authorized supplier stock replenishment"
2026-05-13,RM-019,"Instant Dry Yeast",37.53,kg,"San Miguel Mills Logistics","Warehouse Inbound Team","Authorized supplier stock replenishment"
2026-05-19,RM-019,"Instant Dry Yeast",41,kg,"San Miguel Mills Logistics","Warehouse Inbound Team","Authorized supplier stock replenishment"
2026-05-25,RM-019,"Instant Dry Yeast",44.04,kg,"San Miguel Mills Logistics","Warehouse Inbound Team","Authorized supplier stock replenishment"
2026-05-31,RM-019,"Instant Dry Yeast",40.33,kg,"San Miguel Mills Logistics","Warehouse Inbound Team","Authorized supplier stock replenishment"
2026-06-06,RM-019,"Instant Dry Yeast",37.58,kg,"San Miguel Mills Logistics","Warehouse Inbound Team","Authorized supplier stock replenishment"
2026-06-12,RM-019,"Instant Dry Yeast",41.51,kg,"San Miguel Mills Logistics","Warehouse Inbound Team","Authorized supplier stock replenishment"
2026-06-18,RM-019,"Instant Dry Yeast",43.95,kg,"San Miguel Mills Logistics","Warehouse Inbound Team","Authorized supplier stock replenishment"
2026-06-24,RM-019,"Instant Dry Yeast",39.83,kg,"San Miguel Mills Logistics","Warehouse Inbound Team","Authorized supplier stock replenishment"
2026-06-30,RM-019,"Instant Dry Yeast",37.72,kg,"San Miguel Mills Logistics","Warehouse Inbound Team","Authorized supplier stock replenishment"
2026-07-06,RM-019,"Instant Dry Yeast",42,kg,"San Miguel Mills Logistics","Warehouse Inbound Team","Authorized supplier stock replenishment"
2026-07-12,RM-019,"Instant Dry Yeast",43.77,kg,"San Miguel Mills Logistics","Warehouse Inbound Team","Authorized supplier stock replenishment"
2026-07-18,RM-019,"Instant Dry Yeast",39.35,kg,"San Miguel Mills Logistics","Warehouse Inbound Team","Authorized supplier stock replenishment"
2026-07-24,RM-019,"Instant Dry Yeast",37.93,kg,"San Miguel Mills Logistics","Warehouse Inbound Team","Authorized supplier stock replenishment"
2026-07-30,RM-019,"Instant Dry Yeast",42.47,kg,"San Miguel Mills Logistics","Warehouse Inbound Team","Authorized supplier stock replenishment"
2026-08-05,RM-019,"Instant Dry Yeast",43.53,kg,"San Miguel Mills Logistics","Warehouse Inbound Team","Authorized supplier stock replenishment"
2026-08-11,RM-019,"Instant Dry Yeast",38.9,kg,"San Miguel Mills Logistics","Warehouse Inbound Team","Authorized supplier stock replenishment"
2026-08-17,RM-019,"Instant Dry Yeast",38.21,kg,"San Miguel Mills Logistics","Warehouse Inbound Team","Authorized supplier stock replenishment"
2026-08-23,RM-019,"Instant Dry Yeast",42.89,kg,"San Miguel Mills Logistics","Warehouse Inbound Team","Authorized supplier stock replenishment"
2026-08-29,RM-019,"Instant Dry Yeast",31.89,kg,"San Miguel Mills Logistics","Warehouse Inbound Team","Authorized supplier stock replenishment"
2026-01-05,RM-020,"Active Dry Yeast",21.33,kg,"Universal Robina Supply Corp","Warehouse Inbound Team","Authorized supplier stock replenishment"
2026-01-10,RM-020,"Active Dry Yeast",22.16,kg,"Universal Robina Supply Corp","Warehouse Inbound Team","Authorized supplier stock replenishment"
2026-01-15,RM-020,"Active Dry Yeast",19.57,kg,"Universal Robina Supply Corp","Warehouse Inbound Team","Authorized supplier stock replenishment"
2026-01-20,RM-020,"Active Dry Yeast",19.91,kg,"Universal Robina Supply Corp","Warehouse Inbound Team","Authorized supplier stock replenishment"
2026-01-25,RM-020,"Active Dry Yeast",22.34,kg,"Universal Robina Supply Corp","Warehouse Inbound Team","Authorized supplier stock replenishment"
2026-01-30,RM-020,"Active Dry Yeast",20.89,kg,"Universal Robina Supply Corp","Warehouse Inbound Team","Authorized supplier stock replenishment"
2026-02-04,RM-020,"Active Dry Yeast",19.12,kg,"Universal Robina Supply Corp","Warehouse Inbound Team","Authorized supplier stock replenishment"
2026-02-09,RM-020,"Active Dry Yeast",21.37,kg,"Universal Robina Supply Corp","Warehouse Inbound Team","Authorized supplier stock replenishment"
2026-02-14,RM-020,"Active Dry Yeast",22.13,kg,"Universal Robina Supply Corp","Warehouse Inbound Team","Authorized supplier stock replenishment"
2026-02-19,RM-020,"Active Dry Yeast",19.53,kg,"Universal Robina Supply Corp","Warehouse Inbound Team","Authorized supplier stock replenishment"
2026-02-24,RM-020,"Active Dry Yeast",19.95,kg,"Universal Robina Supply Corp","Warehouse Inbound Team","Authorized supplier stock replenishment"
2026-03-01,RM-020,"Active Dry Yeast",22.36,kg,"Universal Robina Supply Corp","Warehouse Inbound Team","Authorized supplier stock replenishment"
2026-03-06,RM-020,"Active Dry Yeast",20.84,kg,"Universal Robina Supply Corp","Warehouse Inbound Team","Authorized supplier stock replenishment"
2026-03-11,RM-020,"Active Dry Yeast",19.13,kg,"Universal Robina Supply Corp","Warehouse Inbound Team","Authorized supplier stock replenishment"
2026-03-16,RM-020,"Active Dry Yeast",21.42,kg,"Universal Robina Supply Corp","Warehouse Inbound Team","Authorized supplier stock replenishment"
2026-03-21,RM-020,"Active Dry Yeast",22.1,kg,"Universal Robina Supply Corp","Warehouse Inbound Team","Authorized supplier stock replenishment"
2026-03-26,RM-020,"Active Dry Yeast",19.5,kg,"Universal Robina Supply Corp","Warehouse Inbound Team","Authorized supplier stock replenishment"
2026-03-31,RM-020,"Active Dry Yeast",20,kg,"Universal Robina Supply Corp","Warehouse Inbound Team","Authorized supplier stock replenishment"
2026-04-05,RM-020,"Active Dry Yeast",22.37,kg,"Universal Robina Supply Corp","Warehouse Inbound Team","Authorized supplier stock replenishment"
2026-04-10,RM-020,"Active Dry Yeast",20.79,kg,"Universal Robina Supply Corp","Warehouse Inbound Team","Authorized supplier stock replenishment"
2026-04-15,RM-020,"Active Dry Yeast",19.14,kg,"Universal Robina Supply Corp","Warehouse Inbound Team","Authorized supplier stock replenishment"
2026-04-20,RM-020,"Active Dry Yeast",21.47,kg,"Universal Robina Supply Corp","Warehouse Inbound Team","Authorized supplier stock replenishment"
2026-04-25,RM-020,"Active Dry Yeast",22.07,kg,"Universal Robina Supply Corp","Warehouse Inbound Team","Authorized supplier stock replenishment"
2026-04-30,RM-020,"Active Dry Yeast",19.46,kg,"Universal Robina Supply Corp","Warehouse Inbound Team","Authorized supplier stock replenishment"
2026-05-05,RM-020,"Active Dry Yeast",20.04,kg,"Universal Robina Supply Corp","Warehouse Inbound Team","Authorized supplier stock replenishment"
2026-05-10,RM-020,"Active Dry Yeast",22.38,kg,"Universal Robina Supply Corp","Warehouse Inbound Team","Authorized supplier stock replenishment"
2026-05-15,RM-020,"Active Dry Yeast",20.74,kg,"Universal Robina Supply Corp","Warehouse Inbound Team","Authorized supplier stock replenishment"
2026-05-20,RM-020,"Active Dry Yeast",19.15,kg,"Universal Robina Supply Corp","Warehouse Inbound Team","Authorized supplier stock replenishment"
2026-05-25,RM-020,"Active Dry Yeast",21.51,kg,"Universal Robina Supply Corp","Warehouse Inbound Team","Authorized supplier stock replenishment"
2026-05-30,RM-020,"Active Dry Yeast",22.03,kg,"Universal Robina Supply Corp","Warehouse Inbound Team","Authorized supplier stock replenishment"
2026-06-04,RM-020,"Active Dry Yeast",19.43,kg,"Universal Robina Supply Corp","Warehouse Inbound Team","Authorized supplier stock replenishment"
2026-06-09,RM-020,"Active Dry Yeast",20.09,kg,"Universal Robina Supply Corp","Warehouse Inbound Team","Authorized supplier stock replenishment"
2026-06-14,RM-020,"Active Dry Yeast",22.39,kg,"Universal Robina Supply Corp","Warehouse Inbound Team","Authorized supplier stock replenishment"
2026-06-19,RM-020,"Active Dry Yeast",20.69,kg,"Universal Robina Supply Corp","Warehouse Inbound Team","Authorized supplier stock replenishment"
2026-06-24,RM-020,"Active Dry Yeast",19.16,kg,"Universal Robina Supply Corp","Warehouse Inbound Team","Authorized supplier stock replenishment"
2026-06-29,RM-020,"Active Dry Yeast",21.56,kg,"Universal Robina Supply Corp","Warehouse Inbound Team","Authorized supplier stock replenishment"
2026-07-04,RM-020,"Active Dry Yeast",22,kg,"Universal Robina Supply Corp","Warehouse Inbound Team","Authorized supplier stock replenishment"
2026-07-09,RM-020,"Active Dry Yeast",19.4,kg,"Universal Robina Supply Corp","Warehouse Inbound Team","Authorized supplier stock replenishment"
2026-07-14,RM-020,"Active Dry Yeast",20.14,kg,"Universal Robina Supply Corp","Warehouse Inbound Team","Authorized supplier stock replenishment"
2026-07-19,RM-020,"Active Dry Yeast",22.4,kg,"Universal Robina Supply Corp","Warehouse Inbound Team","Authorized supplier stock replenishment"
2026-07-24,RM-020,"Active Dry Yeast",20.64,kg,"Universal Robina Supply Corp","Warehouse Inbound Team","Authorized supplier stock replenishment"
2026-07-29,RM-020,"Active Dry Yeast",19.18,kg,"Universal Robina Supply Corp","Warehouse Inbound Team","Authorized supplier stock replenishment"
2026-08-03,RM-020,"Active Dry Yeast",21.6,kg,"Universal Robina Supply Corp","Warehouse Inbound Team","Authorized supplier stock replenishment"
2026-08-08,RM-020,"Active Dry Yeast",21.97,kg,"Universal Robina Supply Corp","Warehouse Inbound Team","Authorized supplier stock replenishment"
2026-08-13,RM-020,"Active Dry Yeast",19.38,kg,"Universal Robina Supply Corp","Warehouse Inbound Team","Authorized supplier stock replenishment"
2026-08-18,RM-020,"Active Dry Yeast",20.18,kg,"Universal Robina Supply Corp","Warehouse Inbound Team","Authorized supplier stock replenishment"
2026-08-23,RM-020,"Active Dry Yeast",22.41,kg,"Universal Robina Supply Corp","Warehouse Inbound Team","Authorized supplier stock replenishment"
2026-08-28,RM-020,"Active Dry Yeast",20.59,kg,"Universal Robina Supply Corp","Warehouse Inbound Team","Authorized supplier stock replenishment"
2026-09-02,RM-020,"Active Dry Yeast",19.19,kg,"Universal Robina Supply Corp","Warehouse Inbound Team","Authorized supplier stock replenishment"
2026-01-01,RM-021,"Baking Powder (Double Acting)",38.54,kg,"San Miguel Mills Logistics","Warehouse Inbound Team","Authorized supplier stock replenishment"
2026-01-06,RM-021,"Baking Powder (Double Acting)",39.7,kg,"San Miguel Mills Logistics","Warehouse Inbound Team","Authorized supplier stock replenishment"
2026-01-11,RM-021,"Baking Powder (Double Acting)",35.03,kg,"San Miguel Mills Logistics","Warehouse Inbound Team","Authorized supplier stock replenishment"
2026-01-16,RM-021,"Baking Powder (Double Acting)",35.99,kg,"San Miguel Mills Logistics","Warehouse Inbound Team","Authorized supplier stock replenishment"
2026-01-21,RM-021,"Baking Powder (Double Acting)",40.23,kg,"San Miguel Mills Logistics","Warehouse Inbound Team","Authorized supplier stock replenishment"
2026-01-26,RM-021,"Baking Powder (Double Acting)",37.34,kg,"San Miguel Mills Logistics","Warehouse Inbound Team","Authorized supplier stock replenishment"
2026-01-31,RM-021,"Baking Powder (Double Acting)",34.41,kg,"San Miguel Mills Logistics","Warehouse Inbound Team","Authorized supplier stock replenishment"
2026-02-05,RM-021,"Baking Powder (Double Acting)",38.62,kg,"San Miguel Mills Logistics","Warehouse Inbound Team","Authorized supplier stock replenishment"
2026-02-10,RM-021,"Baking Powder (Double Acting)",39.65,kg,"San Miguel Mills Logistics","Warehouse Inbound Team","Authorized supplier stock replenishment"
2026-02-15,RM-021,"Baking Powder (Double Acting)",34.97,kg,"San Miguel Mills Logistics","Warehouse Inbound Team","Authorized supplier stock replenishment"
2026-02-20,RM-021,"Baking Powder (Double Acting)",36.07,kg,"San Miguel Mills Logistics","Warehouse Inbound Team","Authorized supplier stock replenishment"
2026-02-25,RM-021,"Baking Powder (Double Acting)",40.25,kg,"San Miguel Mills Logistics","Warehouse Inbound Team","Authorized supplier stock replenishment"
2026-03-02,RM-021,"Baking Powder (Double Acting)",37.25,kg,"San Miguel Mills Logistics","Warehouse Inbound Team","Authorized supplier stock replenishment"
2026-03-07,RM-021,"Baking Powder (Double Acting)",34.43,kg,"San Miguel Mills Logistics","Warehouse Inbound Team","Authorized supplier stock replenishment"
2026-03-12,RM-021,"Baking Powder (Double Acting)",38.71,kg,"San Miguel Mills Logistics","Warehouse Inbound Team","Authorized supplier stock replenishment"
2026-03-17,RM-021,"Baking Powder (Double Acting)",39.59,kg,"San Miguel Mills Logistics","Warehouse Inbound Team","Authorized supplier stock replenishment"
2026-03-22,RM-021,"Baking Powder (Double Acting)",34.91,kg,"San Miguel Mills Logistics","Warehouse Inbound Team","Authorized supplier stock replenishment"
2026-03-27,RM-021,"Baking Powder (Double Acting)",36.15,kg,"San Miguel Mills Logistics","Warehouse Inbound Team","Authorized supplier stock replenishment"
2026-04-01,RM-021,"Baking Powder (Double Acting)",40.26,kg,"San Miguel Mills Logistics","Warehouse Inbound Team","Authorized supplier stock replenishment"
2026-04-06,RM-021,"Baking Powder (Double Acting)",37.16,kg,"San Miguel Mills Logistics","Warehouse Inbound Team","Authorized supplier stock replenishment"
2026-04-11,RM-021,"Baking Powder (Double Acting)",34.46,kg,"San Miguel Mills Logistics","Warehouse Inbound Team","Authorized supplier stock replenishment"
2026-04-16,RM-021,"Baking Powder (Double Acting)",38.79,kg,"San Miguel Mills Logistics","Warehouse Inbound Team","Authorized supplier stock replenishment"
2026-04-21,RM-021,"Baking Powder (Double Acting)",39.53,kg,"San Miguel Mills Logistics","Warehouse Inbound Team","Authorized supplier stock replenishment"
2026-04-26,RM-021,"Baking Powder (Double Acting)",34.86,kg,"San Miguel Mills Logistics","Warehouse Inbound Team","Authorized supplier stock replenishment"
2026-05-01,RM-021,"Baking Powder (Double Acting)",36.24,kg,"San Miguel Mills Logistics","Warehouse Inbound Team","Authorized supplier stock replenishment"
2026-05-06,RM-021,"Baking Powder (Double Acting)",40.28,kg,"San Miguel Mills Logistics","Warehouse Inbound Team","Authorized supplier stock replenishment"
2026-05-11,RM-021,"Baking Powder (Double Acting)",37.07,kg,"San Miguel Mills Logistics","Warehouse Inbound Team","Authorized supplier stock replenishment"
2026-05-16,RM-021,"Baking Powder (Double Acting)",34.48,kg,"San Miguel Mills Logistics","Warehouse Inbound Team","Authorized supplier stock replenishment"
2026-05-21,RM-021,"Baking Powder (Double Acting)",38.87,kg,"San Miguel Mills Logistics","Warehouse Inbound Team","Authorized supplier stock replenishment"
2026-05-26,RM-021,"Baking Powder (Double Acting)",39.46,kg,"San Miguel Mills Logistics","Warehouse Inbound Team","Authorized supplier stock replenishment"
2026-05-31,RM-021,"Baking Powder (Double Acting)",34.81,kg,"San Miguel Mills Logistics","Warehouse Inbound Team","Authorized supplier stock replenishment"
2026-06-05,RM-021,"Baking Powder (Double Acting)",36.32,kg,"San Miguel Mills Logistics","Warehouse Inbound Team","Authorized supplier stock replenishment"
2026-06-10,RM-021,"Baking Powder (Double Acting)",40.29,kg,"San Miguel Mills Logistics","Warehouse Inbound Team","Authorized supplier stock replenishment"
2026-06-15,RM-021,"Baking Powder (Double Acting)",36.98,kg,"San Miguel Mills Logistics","Warehouse Inbound Team","Authorized supplier stock replenishment"
2026-06-20,RM-021,"Baking Powder (Double Acting)",34.51,kg,"San Miguel Mills Logistics","Warehouse Inbound Team","Authorized supplier stock replenishment"
2026-06-25,RM-021,"Baking Powder (Double Acting)",38.94,kg,"San Miguel Mills Logistics","Warehouse Inbound Team","Authorized supplier stock replenishment"
2026-06-30,RM-021,"Baking Powder (Double Acting)",39.4,kg,"San Miguel Mills Logistics","Warehouse Inbound Team","Authorized supplier stock replenishment"
2026-07-05,RM-021,"Baking Powder (Double Acting)",34.76,kg,"San Miguel Mills Logistics","Warehouse Inbound Team","Authorized supplier stock replenishment"
2026-07-10,RM-021,"Baking Powder (Double Acting)",36.41,kg,"San Miguel Mills Logistics","Warehouse Inbound Team","Authorized supplier stock replenishment"
2026-07-15,RM-021,"Baking Powder (Double Acting)",40.3,kg,"San Miguel Mills Logistics","Warehouse Inbound Team","Authorized supplier stock replenishment"
2026-07-20,RM-021,"Baking Powder (Double Acting)",36.89,kg,"San Miguel Mills Logistics","Warehouse Inbound Team","Authorized supplier stock replenishment"
2026-07-25,RM-021,"Baking Powder (Double Acting)",34.54,kg,"San Miguel Mills Logistics","Warehouse Inbound Team","Authorized supplier stock replenishment"
2026-07-30,RM-021,"Baking Powder (Double Acting)",39.02,kg,"San Miguel Mills Logistics","Warehouse Inbound Team","Authorized supplier stock replenishment"
2026-08-04,RM-021,"Baking Powder (Double Acting)",39.33,kg,"San Miguel Mills Logistics","Warehouse Inbound Team","Authorized supplier stock replenishment"
2026-08-09,RM-021,"Baking Powder (Double Acting)",34.72,kg,"San Miguel Mills Logistics","Warehouse Inbound Team","Authorized supplier stock replenishment"
2026-08-14,RM-021,"Baking Powder (Double Acting)",36.5,kg,"San Miguel Mills Logistics","Warehouse Inbound Team","Authorized supplier stock replenishment"
2026-08-19,RM-021,"Baking Powder (Double Acting)",40.31,kg,"San Miguel Mills Logistics","Warehouse Inbound Team","Authorized supplier stock replenishment"
2026-08-24,RM-021,"Baking Powder (Double Acting)",36.8,kg,"San Miguel Mills Logistics","Warehouse Inbound Team","Authorized supplier stock replenishment"
2026-08-29,RM-021,"Baking Powder (Double Acting)",34.58,kg,"San Miguel Mills Logistics","Warehouse Inbound Team","Authorized supplier stock replenishment"
2026-01-04,RM-022,"Baking Soda",36.94,kg,"Universal Robina Supply Corp","Warehouse Inbound Team","Authorized supplier stock replenishment"
2026-01-10,RM-022,"Baking Soda",34.65,kg,"Universal Robina Supply Corp","Warehouse Inbound Team","Authorized supplier stock replenishment"
2026-01-16,RM-022,"Baking Soda",31.52,kg,"Universal Robina Supply Corp","Warehouse Inbound Team","Authorized supplier stock replenishment"
2026-01-22,RM-022,"Baking Soda",34.07,kg,"Universal Robina Supply Corp","Warehouse Inbound Team","Authorized supplier stock replenishment"
2026-01-28,RM-022,"Baking Soda",36.99,kg,"Universal Robina Supply Corp","Warehouse Inbound Team","Authorized supplier stock replenishment"
2026-02-03,RM-022,"Baking Soda",34.22,kg,"Universal Robina Supply Corp","Warehouse Inbound Team","Authorized supplier stock replenishment"
2026-02-09,RM-022,"Baking Soda",31.51,kg,"Universal Robina Supply Corp","Warehouse Inbound Team","Authorized supplier stock replenishment"
2026-02-15,RM-022,"Baking Soda",34.5,kg,"Universal Robina Supply Corp","Warehouse Inbound Team","Authorized supplier stock replenishment"
2026-02-21,RM-022,"Baking Soda",36.97,kg,"Universal Robina Supply Corp","Warehouse Inbound Team","Authorized supplier stock replenishment"
2026-02-27,RM-022,"Baking Soda",33.78,kg,"Universal Robina Supply Corp","Warehouse Inbound Team","Authorized supplier stock replenishment"
2026-03-05,RM-022,"Baking Soda",31.57,kg,"Universal Robina Supply Corp","Warehouse Inbound Team","Authorized supplier stock replenishment"
2026-03-11,RM-022,"Baking Soda",34.93,kg,"Universal Robina Supply Corp","Warehouse Inbound Team","Authorized supplier stock replenishment"
2026-03-17,RM-022,"Baking Soda",36.87,kg,"Universal Robina Supply Corp","Warehouse Inbound Team","Authorized supplier stock replenishment"
2026-03-23,RM-022,"Baking Soda",33.36,kg,"Universal Robina Supply Corp","Warehouse Inbound Team","Authorized supplier stock replenishment"
2026-03-29,RM-022,"Baking Soda",31.69,kg,"Universal Robina Supply Corp","Warehouse Inbound Team","Authorized supplier stock replenishment"
2026-04-04,RM-022,"Baking Soda",35.34,kg,"Universal Robina Supply Corp","Warehouse Inbound Team","Authorized supplier stock replenishment"
2026-04-10,RM-022,"Baking Soda",36.72,kg,"Universal Robina Supply Corp","Warehouse Inbound Team","Authorized supplier stock replenishment"
2026-04-16,RM-022,"Baking Soda",32.96,kg,"Universal Robina Supply Corp","Warehouse Inbound Team","Authorized supplier stock replenishment"
2026-04-22,RM-022,"Baking Soda",31.88,kg,"Universal Robina Supply Corp","Warehouse Inbound Team","Authorized supplier stock replenishment"
2026-04-28,RM-022,"Baking Soda",35.72,kg,"Universal Robina Supply Corp","Warehouse Inbound Team","Authorized supplier stock replenishment"
2026-05-04,RM-022,"Baking Soda",36.5,kg,"Universal Robina Supply Corp","Warehouse Inbound Team","Authorized supplier stock replenishment"
2026-05-10,RM-022,"Baking Soda",32.6,kg,"Universal Robina Supply Corp","Warehouse Inbound Team","Authorized supplier stock replenishment"
2026-05-16,RM-022,"Baking Soda",32.13,kg,"Universal Robina Supply Corp","Warehouse Inbound Team","Authorized supplier stock replenishment"
2026-05-22,RM-022,"Baking Soda",36.07,kg,"Universal Robina Supply Corp","Warehouse Inbound Team","Authorized supplier stock replenishment"
2026-05-28,RM-022,"Baking Soda",36.22,kg,"Universal Robina Supply Corp","Warehouse Inbound Team","Authorized supplier stock replenishment"
2026-06-03,RM-022,"Baking Soda",32.27,kg,"Universal Robina Supply Corp","Warehouse Inbound Team","Authorized supplier stock replenishment"
2026-06-09,RM-022,"Baking Soda",32.43,kg,"Universal Robina Supply Corp","Warehouse Inbound Team","Authorized supplier stock replenishment"
2026-06-15,RM-022,"Baking Soda",36.37,kg,"Universal Robina Supply Corp","Warehouse Inbound Team","Authorized supplier stock replenishment"
2026-06-21,RM-022,"Baking Soda",35.9,kg,"Universal Robina Supply Corp","Warehouse Inbound Team","Authorized supplier stock replenishment"
2026-06-27,RM-022,"Baking Soda",32,kg,"Universal Robina Supply Corp","Warehouse Inbound Team","Authorized supplier stock replenishment"
2026-07-03,RM-022,"Baking Soda",32.78,kg,"Universal Robina Supply Corp","Warehouse Inbound Team","Authorized supplier stock replenishment"
2026-07-09,RM-022,"Baking Soda",36.62,kg,"Universal Robina Supply Corp","Warehouse Inbound Team","Authorized supplier stock replenishment"
2026-07-15,RM-022,"Baking Soda",35.53,kg,"Universal Robina Supply Corp","Warehouse Inbound Team","Authorized supplier stock replenishment"
2026-07-21,RM-022,"Baking Soda",31.78,kg,"Universal Robina Supply Corp","Warehouse Inbound Team","Authorized supplier stock replenishment"
2026-07-27,RM-022,"Baking Soda",33.16,kg,"Universal Robina Supply Corp","Warehouse Inbound Team","Authorized supplier stock replenishment"
2026-08-02,RM-022,"Baking Soda",36.8,kg,"Universal Robina Supply Corp","Warehouse Inbound Team","Authorized supplier stock replenishment"
2026-08-08,RM-022,"Baking Soda",35.14,kg,"Universal Robina Supply Corp","Warehouse Inbound Team","Authorized supplier stock replenishment"
2026-08-14,RM-022,"Baking Soda",31.62,kg,"Universal Robina Supply Corp","Warehouse Inbound Team","Authorized supplier stock replenishment"
2026-08-20,RM-022,"Baking Soda",33.57,kg,"Universal Robina Supply Corp","Warehouse Inbound Team","Authorized supplier stock replenishment"
2026-08-26,RM-022,"Baking Soda",36.93,kg,"Universal Robina Supply Corp","Warehouse Inbound Team","Authorized supplier stock replenishment"
2026-09-01,RM-022,"Baking Soda",25.89,kg,"Universal Robina Supply Corp","Warehouse Inbound Team","Authorized supplier stock replenishment"
2026-01-03,RM-023,"Iodized Fine Salt",40.72,kg,"San Miguel Mills Logistics","Warehouse Inbound Team","Authorized supplier stock replenishment"
2026-01-08,RM-023,"Iodized Fine Salt",42.62,kg,"San Miguel Mills Logistics","Warehouse Inbound Team","Authorized supplier stock replenishment"
2026-01-13,RM-023,"Iodized Fine Salt",47.19,kg,"San Miguel Mills Logistics","Warehouse Inbound Team","Authorized supplier stock replenishment"
2026-01-18,RM-023,"Iodized Fine Salt",43.22,kg,"San Miguel Mills Logistics","Warehouse Inbound Team","Authorized supplier stock replenishment"
2026-01-23,RM-023,"Iodized Fine Salt",40.45,kg,"San Miguel Mills Logistics","Warehouse Inbound Team","Authorized supplier stock replenishment"
2026-01-28,RM-023,"Iodized Fine Salt",45.68,kg,"San Miguel Mills Logistics","Warehouse Inbound Team","Authorized supplier stock replenishment"
2026-02-02,RM-023,"Iodized Fine Salt",46.08,kg,"San Miguel Mills Logistics","Warehouse Inbound Team","Authorized supplier stock replenishment"
2026-02-07,RM-023,"Iodized Fine Salt",40.67,kg,"San Miguel Mills Logistics","Warehouse Inbound Team","Authorized supplier stock replenishment"
2026-02-12,RM-023,"Iodized Fine Salt",42.72,kg,"San Miguel Mills Logistics","Warehouse Inbound Team","Authorized supplier stock replenishment"
2026-02-17,RM-023,"Iodized Fine Salt",47.2,kg,"San Miguel Mills Logistics","Warehouse Inbound Team","Authorized supplier stock replenishment"
2026-02-22,RM-023,"Iodized Fine Salt",43.11,kg,"San Miguel Mills Logistics","Warehouse Inbound Team","Authorized supplier stock replenishment"
2026-02-27,RM-023,"Iodized Fine Salt",40.49,kg,"San Miguel Mills Logistics","Warehouse Inbound Team","Authorized supplier stock replenishment"
2026-03-04,RM-023,"Iodized Fine Salt",45.76,kg,"San Miguel Mills Logistics","Warehouse Inbound Team","Authorized supplier stock replenishment"
2026-03-09,RM-023,"Iodized Fine Salt",46,kg,"San Miguel Mills Logistics","Warehouse Inbound Team","Authorized supplier stock replenishment"
2026-03-14,RM-023,"Iodized Fine Salt",40.61,kg,"San Miguel Mills Logistics","Warehouse Inbound Team","Authorized supplier stock replenishment"
2026-03-19,RM-023,"Iodized Fine Salt",42.82,kg,"San Miguel Mills Logistics","Warehouse Inbound Team","Authorized supplier stock replenishment"
2026-03-24,RM-023,"Iodized Fine Salt",47.2,kg,"San Miguel Mills Logistics","Warehouse Inbound Team","Authorized supplier stock replenishment"
2026-03-29,RM-023,"Iodized Fine Salt",43.01,kg,"San Miguel Mills Logistics","Warehouse Inbound Team","Authorized supplier stock replenishment"
2026-04-03,RM-023,"Iodized Fine Salt",40.53,kg,"San Miguel Mills Logistics","Warehouse Inbound Team","Authorized supplier stock replenishment"
2026-04-08,RM-023,"Iodized Fine Salt",45.85,kg,"San Miguel Mills Logistics","Warehouse Inbound Team","Authorized supplier stock replenishment"
2026-04-13,RM-023,"Iodized Fine Salt",45.92,kg,"San Miguel Mills Logistics","Warehouse Inbound Team","Authorized supplier stock replenishment"
2026-04-18,RM-023,"Iodized Fine Salt",40.57,kg,"San Miguel Mills Logistics","Warehouse Inbound Team","Authorized supplier stock replenishment"
2026-04-23,RM-023,"Iodized Fine Salt",42.93,kg,"San Miguel Mills Logistics","Warehouse Inbound Team","Authorized supplier stock replenishment"
2026-04-28,RM-023,"Iodized Fine Salt",47.21,kg,"San Miguel Mills Logistics","Warehouse Inbound Team","Authorized supplier stock replenishment"
2026-05-03,RM-023,"Iodized Fine Salt",42.9,kg,"San Miguel Mills Logistics","Warehouse Inbound Team","Authorized supplier stock replenishment"
2026-05-08,RM-023,"Iodized Fine Salt",40.58,kg,"San Miguel Mills Logistics","Warehouse Inbound Team","Authorized supplier stock replenishment"
2026-05-13,RM-023,"Iodized Fine Salt",45.93,kg,"San Miguel Mills Logistics","Warehouse Inbound Team","Authorized supplier stock replenishment"
2026-05-18,RM-023,"Iodized Fine Salt",45.83,kg,"San Miguel Mills Logistics","Warehouse Inbound Team","Authorized supplier stock replenishment"
2026-05-23,RM-023,"Iodized Fine Salt",40.52,kg,"San Miguel Mills Logistics","Warehouse Inbound Team","Authorized supplier stock replenishment"
2026-05-28,RM-023,"Iodized Fine Salt",43.03,kg,"San Miguel Mills Logistics","Warehouse Inbound Team","Authorized supplier stock replenishment"
2026-06-02,RM-023,"Iodized Fine Salt",47.2,kg,"San Miguel Mills Logistics","Warehouse Inbound Team","Authorized supplier stock replenishment"
2026-06-07,RM-023,"Iodized Fine Salt",42.8,kg,"San Miguel Mills Logistics","Warehouse Inbound Team","Authorized supplier stock replenishment"
2026-06-12,RM-023,"Iodized Fine Salt",40.63,kg,"San Miguel Mills Logistics","Warehouse Inbound Team","Authorized supplier stock replenishment"
2026-06-17,RM-023,"Iodized Fine Salt",46.01,kg,"San Miguel Mills Logistics","Warehouse Inbound Team","Authorized supplier stock replenishment"
2026-06-22,RM-023,"Iodized Fine Salt",45.75,kg,"San Miguel Mills Logistics","Warehouse Inbound Team","Authorized supplier stock replenishment"
2026-06-27,RM-023,"Iodized Fine Salt",40.48,kg,"San Miguel Mills Logistics","Warehouse Inbound Team","Authorized supplier stock replenishment"
2026-07-02,RM-023,"Iodized Fine Salt",43.14,kg,"San Miguel Mills Logistics","Warehouse Inbound Team","Authorized supplier stock replenishment"
2026-07-07,RM-023,"Iodized Fine Salt",47.2,kg,"San Miguel Mills Logistics","Warehouse Inbound Team","Authorized supplier stock replenishment"
2026-07-12,RM-023,"Iodized Fine Salt",42.7,kg,"San Miguel Mills Logistics","Warehouse Inbound Team","Authorized supplier stock replenishment"
2026-07-17,RM-023,"Iodized Fine Salt",40.68,kg,"San Miguel Mills Logistics","Warehouse Inbound Team","Authorized supplier stock replenishment"
2026-07-22,RM-023,"Iodized Fine Salt",46.09,kg,"San Miguel Mills Logistics","Warehouse Inbound Team","Authorized supplier stock replenishment"
2026-07-27,RM-023,"Iodized Fine Salt",45.66,kg,"San Miguel Mills Logistics","Warehouse Inbound Team","Authorized supplier stock replenishment"
2026-08-01,RM-023,"Iodized Fine Salt",40.44,kg,"San Miguel Mills Logistics","Warehouse Inbound Team","Authorized supplier stock replenishment"
2026-08-06,RM-023,"Iodized Fine Salt",43.24,kg,"San Miguel Mills Logistics","Warehouse Inbound Team","Authorized supplier stock replenishment"
2026-08-11,RM-023,"Iodized Fine Salt",47.19,kg,"San Miguel Mills Logistics","Warehouse Inbound Team","Authorized supplier stock replenishment"
2026-08-16,RM-023,"Iodized Fine Salt",42.6,kg,"San Miguel Mills Logistics","Warehouse Inbound Team","Authorized supplier stock replenishment"
2026-08-21,RM-023,"Iodized Fine Salt",40.73,kg,"San Miguel Mills Logistics","Warehouse Inbound Team","Authorized supplier stock replenishment"
2026-08-26,RM-023,"Iodized Fine Salt",46.17,kg,"San Miguel Mills Logistics","Warehouse Inbound Team","Authorized supplier stock replenishment"
2026-08-31,RM-023,"Iodized Fine Salt",45.57,kg,"San Miguel Mills Logistics","Warehouse Inbound Team","Authorized supplier stock replenishment"
2026-01-06,RM-024,"Dark Chocolate Couverture (65%)",149.04,kg,"Universal Robina Supply Corp","Warehouse Inbound Team","Authorized supplier stock replenishment"
2026-01-12,RM-024,"Dark Chocolate Couverture (65%)",149.3,kg,"Universal Robina Supply Corp","Warehouse Inbound Team","Authorized supplier stock replenishment"
2026-01-18,RM-024,"Dark Chocolate Couverture (65%)",167.49,kg,"Universal Robina Supply Corp","Warehouse Inbound Team","Authorized supplier stock replenishment"
2026-01-24,RM-024,"Dark Chocolate Couverture (65%)",165.79,kg,"Universal Robina Supply Corp","Warehouse Inbound Team","Authorized supplier stock replenishment"
2026-01-30,RM-024,"Dark Chocolate Couverture (65%)",147.73,kg,"Universal Robina Supply Corp","Warehouse Inbound Team","Authorized supplier stock replenishment"
2026-02-05,RM-024,"Dark Chocolate Couverture (65%)",150.87,kg,"Universal Robina Supply Corp","Warehouse Inbound Team","Authorized supplier stock replenishment"
2026-02-11,RM-024,"Dark Chocolate Couverture (65%)",168.68,kg,"Universal Robina Supply Corp","Warehouse Inbound Team","Authorized supplier stock replenishment"
2026-02-17,RM-024,"Dark Chocolate Couverture (65%)",164.13,kg,"Universal Robina Supply Corp","Warehouse Inbound Team","Authorized supplier stock replenishment"
2026-02-23,RM-024,"Dark Chocolate Couverture (65%)",146.68,kg,"Universal Robina Supply Corp","Warehouse Inbound Team","Authorized supplier stock replenishment"
2026-03-01,RM-024,"Dark Chocolate Couverture (65%)",152.61,kg,"Universal Robina Supply Corp","Warehouse Inbound Team","Authorized supplier stock replenishment"
2026-03-07,RM-024,"Dark Chocolate Couverture (65%)",169.59,kg,"Universal Robina Supply Corp","Warehouse Inbound Team","Authorized supplier stock replenishment"
2026-03-13,RM-024,"Dark Chocolate Couverture (65%)",162.31,kg,"Universal Robina Supply Corp","Warehouse Inbound Team","Authorized supplier stock replenishment"
2026-03-19,RM-024,"Dark Chocolate Couverture (65%)",145.91,kg,"Universal Robina Supply Corp","Warehouse Inbound Team","Authorized supplier stock replenishment"
2026-03-25,RM-024,"Dark Chocolate Couverture (65%)",154.49,kg,"Universal Robina Supply Corp","Warehouse Inbound Team","Authorized supplier stock replenishment"
2026-03-31,RM-024,"Dark Chocolate Couverture (65%)",170.21,kg,"Universal Robina Supply Corp","Warehouse Inbound Team","Authorized supplier stock replenishment"
2026-04-06,RM-024,"Dark Chocolate Couverture (65%)",160.38,kg,"Universal Robina Supply Corp","Warehouse Inbound Team","Authorized supplier stock replenishment"
2026-04-12,RM-024,"Dark Chocolate Couverture (65%)",145.44,kg,"Universal Robina Supply Corp","Warehouse Inbound Team","Authorized supplier stock replenishment"
2026-04-18,RM-024,"Dark Chocolate Couverture (65%)",156.45,kg,"Universal Robina Supply Corp","Warehouse Inbound Team","Authorized supplier stock replenishment"
2026-04-24,RM-024,"Dark Chocolate Couverture (65%)",170.52,kg,"Universal Robina Supply Corp","Warehouse Inbound Team","Authorized supplier stock replenishment"
2026-04-30,RM-024,"Dark Chocolate Couverture (65%)",158.4,kg,"Universal Robina Supply Corp","Warehouse Inbound Team","Authorized supplier stock replenishment"
2026-05-06,RM-024,"Dark Chocolate Couverture (65%)",145.29,kg,"Universal Robina Supply Corp","Warehouse Inbound Team","Authorized supplier stock replenishment"
2026-05-12,RM-024,"Dark Chocolate Couverture (65%)",158.45,kg,"Universal Robina Supply Corp","Warehouse Inbound Team","Authorized supplier stock replenishment"
2026-05-18,RM-024,"Dark Chocolate Couverture (65%)",170.52,kg,"Universal Robina Supply Corp","Warehouse Inbound Team","Authorized supplier stock replenishment"
2026-05-24,RM-024,"Dark Chocolate Couverture (65%)",156.4,kg,"Universal Robina Supply Corp","Warehouse Inbound Team","Authorized supplier stock replenishment"
2026-05-30,RM-024,"Dark Chocolate Couverture (65%)",145.45,kg,"Universal Robina Supply Corp","Warehouse Inbound Team","Authorized supplier stock replenishment"
2026-06-05,RM-024,"Dark Chocolate Couverture (65%)",160.44,kg,"Universal Robina Supply Corp","Warehouse Inbound Team","Authorized supplier stock replenishment"
2026-06-11,RM-024,"Dark Chocolate Couverture (65%)",170.2,kg,"Universal Robina Supply Corp","Warehouse Inbound Team","Authorized supplier stock replenishment"
2026-06-17,RM-024,"Dark Chocolate Couverture (65%)",154.44,kg,"Universal Robina Supply Corp","Warehouse Inbound Team","Authorized supplier stock replenishment"
2026-06-23,RM-024,"Dark Chocolate Couverture (65%)",145.93,kg,"Universal Robina Supply Corp","Warehouse Inbound Team","Authorized supplier stock replenishment"
2026-06-29,RM-024,"Dark Chocolate Couverture (65%)",162.36,kg,"Universal Robina Supply Corp","Warehouse Inbound Team","Authorized supplier stock replenishment"
2026-07-05,RM-024,"Dark Chocolate Couverture (65%)",169.57,kg,"Universal Robina Supply Corp","Warehouse Inbound Team","Authorized supplier stock replenishment"
2026-07-11,RM-024,"Dark Chocolate Couverture (65%)",152.56,kg,"Universal Robina Supply Corp","Warehouse Inbound Team","Authorized supplier stock replenishment"
2026-07-17,RM-024,"Dark Chocolate Couverture (65%)",146.71,kg,"Universal Robina Supply Corp","Warehouse Inbound Team","Authorized supplier stock replenishment"
2026-07-23,RM-024,"Dark Chocolate Couverture (65%)",164.18,kg,"Universal Robina Supply Corp","Warehouse Inbound Team","Authorized supplier stock replenishment"
2026-07-29,RM-024,"Dark Chocolate Couverture (65%)",168.65,kg,"Universal Robina Supply Corp","Warehouse Inbound Team","Authorized supplier stock replenishment"
2026-08-04,RM-024,"Dark Chocolate Couverture (65%)",150.82,kg,"Universal Robina Supply Corp","Warehouse Inbound Team","Authorized supplier stock replenishment"
2026-08-10,RM-024,"Dark Chocolate Couverture (65%)",147.76,kg,"Universal Robina Supply Corp","Warehouse Inbound Team","Authorized supplier stock replenishment"
2026-08-16,RM-024,"Dark Chocolate Couverture (65%)",165.83,kg,"Universal Robina Supply Corp","Warehouse Inbound Team","Authorized supplier stock replenishment"
2026-08-22,RM-024,"Dark Chocolate Couverture (65%)",167.46,kg,"Universal Robina Supply Corp","Warehouse Inbound Team","Authorized supplier stock replenishment"
2026-08-28,RM-024,"Dark Chocolate Couverture (65%)",149.26,kg,"Universal Robina Supply Corp","Warehouse Inbound Team","Authorized supplier stock replenishment"
2026-01-05,RM-025,"Milk Chocolate Chips",106.77,kg,"San Miguel Mills Logistics","Warehouse Inbound Team","Authorized supplier stock replenishment"
2026-01-10,RM-025,"Milk Chocolate Chips",96.63,kg,"San Miguel Mills Logistics","Warehouse Inbound Team","Authorized supplier stock replenishment"
2026-01-15,RM-025,"Milk Chocolate Chips",92,kg,"San Miguel Mills Logistics","Warehouse Inbound Team","Authorized supplier stock replenishment"
2026-01-20,RM-025,"Milk Chocolate Chips",104.24,kg,"San Miguel Mills Logistics","Warehouse Inbound Team","Authorized supplier stock replenishment"
2026-01-25,RM-025,"Milk Chocolate Chips",103.32,kg,"San Miguel Mills Logistics","Warehouse Inbound Team","Authorized supplier stock replenishment"
2026-01-30,RM-025,"Milk Chocolate Chips",91.49,kg,"San Miguel Mills Logistics","Warehouse Inbound Team","Authorized supplier stock replenishment"
2026-02-04,RM-025,"Milk Chocolate Chips",97.78,kg,"San Miguel Mills Logistics","Warehouse Inbound Team","Authorized supplier stock replenishment"
2026-02-09,RM-025,"Milk Chocolate Chips",106.75,kg,"San Miguel Mills Logistics","Warehouse Inbound Team","Authorized supplier stock replenishment"
2026-02-14,RM-025,"Milk Chocolate Chips",96.4,kg,"San Miguel Mills Logistics","Warehouse Inbound Team","Authorized supplier stock replenishment"
2026-02-19,RM-025,"Milk Chocolate Chips",92.12,kg,"San Miguel Mills Logistics","Warehouse Inbound Team","Authorized supplier stock replenishment"
2026-02-24,RM-025,"Milk Chocolate Chips",104.41,kg,"San Miguel Mills Logistics","Warehouse Inbound Team","Authorized supplier stock replenishment"
2026-03-01,RM-025,"Milk Chocolate Chips",103.12,kg,"San Miguel Mills Logistics","Warehouse Inbound Team","Authorized supplier stock replenishment"
2026-03-06,RM-025,"Milk Chocolate Chips",91.41,kg,"San Miguel Mills Logistics","Warehouse Inbound Team","Authorized supplier stock replenishment"
2026-03-11,RM-025,"Milk Chocolate Chips",98.02,kg,"San Miguel Mills Logistics","Warehouse Inbound Team","Authorized supplier stock replenishment"
2026-03-16,RM-025,"Milk Chocolate Chips",106.73,kg,"San Miguel Mills Logistics","Warehouse Inbound Team","Authorized supplier stock replenishment"
2026-03-21,RM-025,"Milk Chocolate Chips",96.17,kg,"San Miguel Mills Logistics","Warehouse Inbound Team","Authorized supplier stock replenishment"
2026-03-26,RM-025,"Milk Chocolate Chips",92.25,kg,"San Miguel Mills Logistics","Warehouse Inbound Team","Authorized supplier stock replenishment"
2026-03-31,RM-025,"Milk Chocolate Chips",104.58,kg,"San Miguel Mills Logistics","Warehouse Inbound Team","Authorized supplier stock replenishment"
2026-04-05,RM-025,"Milk Chocolate Chips",102.91,kg,"San Miguel Mills Logistics","Warehouse Inbound Team","Authorized supplier stock replenishment"
2026-04-10,RM-025,"Milk Chocolate Chips",91.33,kg,"San Miguel Mills Logistics","Warehouse Inbound Team","Authorized supplier stock replenishment"
2026-04-15,RM-025,"Milk Chocolate Chips",98.26,kg,"San Miguel Mills Logistics","Warehouse Inbound Team","Authorized supplier stock replenishment"
2026-04-20,RM-025,"Milk Chocolate Chips",106.69,kg,"San Miguel Mills Logistics","Warehouse Inbound Team","Authorized supplier stock replenishment"
2026-04-25,RM-025,"Milk Chocolate Chips",95.94,kg,"San Miguel Mills Logistics","Warehouse Inbound Team","Authorized supplier stock replenishment"
2026-04-30,RM-025,"Milk Chocolate Chips",92.38,kg,"San Miguel Mills Logistics","Warehouse Inbound Team","Authorized supplier stock replenishment"
2026-05-05,RM-025,"Milk Chocolate Chips",104.75,kg,"San Miguel Mills Logistics","Warehouse Inbound Team","Authorized supplier stock replenishment"
2026-05-10,RM-025,"Milk Chocolate Chips",102.7,kg,"San Miguel Mills Logistics","Warehouse Inbound Team","Authorized supplier stock replenishment"
2026-05-15,RM-025,"Milk Chocolate Chips",91.26,kg,"San Miguel Mills Logistics","Warehouse Inbound Team","Authorized supplier stock replenishment"
2026-05-20,RM-025,"Milk Chocolate Chips",98.5,kg,"San Miguel Mills Logistics","Warehouse Inbound Team","Authorized supplier stock replenishment"
2026-05-25,RM-025,"Milk Chocolate Chips",106.65,kg,"San Miguel Mills Logistics","Warehouse Inbound Team","Authorized supplier stock replenishment"
2026-05-30,RM-025,"Milk Chocolate Chips",95.72,kg,"San Miguel Mills Logistics","Warehouse Inbound Team","Authorized supplier stock replenishment"
2026-06-04,RM-025,"Milk Chocolate Chips",92.52,kg,"San Miguel Mills Logistics","Warehouse Inbound Team","Authorized supplier stock replenishment"
2026-06-09,RM-025,"Milk Chocolate Chips",104.91,kg,"San Miguel Mills Logistics","Warehouse Inbound Team","Authorized supplier stock replenishment"
2026-06-14,RM-025,"Milk Chocolate Chips",102.49,kg,"San Miguel Mills Logistics","Warehouse Inbound Team","Authorized supplier stock replenishment"
2026-06-19,RM-025,"Milk Chocolate Chips",91.2,kg,"San Miguel Mills Logistics","Warehouse Inbound Team","Authorized supplier stock replenishment"
2026-06-24,RM-025,"Milk Chocolate Chips",98.74,kg,"San Miguel Mills Logistics","Warehouse Inbound Team","Authorized supplier stock replenishment"
2026-06-29,RM-025,"Milk Chocolate Chips",106.61,kg,"San Miguel Mills Logistics","Warehouse Inbound Team","Authorized supplier stock replenishment"
2026-07-04,RM-025,"Milk Chocolate Chips",95.5,kg,"San Miguel Mills Logistics","Warehouse Inbound Team","Authorized supplier stock replenishment"
2026-07-09,RM-025,"Milk Chocolate Chips",92.67,kg,"San Miguel Mills Logistics","Warehouse Inbound Team","Authorized supplier stock replenishment"
2026-07-14,RM-025,"Milk Chocolate Chips",105.06,kg,"San Miguel Mills Logistics","Warehouse Inbound Team","Authorized supplier stock replenishment"
2026-07-19,RM-025,"Milk Chocolate Chips",102.27,kg,"San Miguel Mills Logistics","Warehouse Inbound Team","Authorized supplier stock replenishment"
2026-07-24,RM-025,"Milk Chocolate Chips",91.15,kg,"San Miguel Mills Logistics","Warehouse Inbound Team","Authorized supplier stock replenishment"
2026-07-29,RM-025,"Milk Chocolate Chips",98.98,kg,"San Miguel Mills Logistics","Warehouse Inbound Team","Authorized supplier stock replenishment"
2026-08-03,RM-025,"Milk Chocolate Chips",106.55,kg,"San Miguel Mills Logistics","Warehouse Inbound Team","Authorized supplier stock replenishment"
2026-08-08,RM-025,"Milk Chocolate Chips",95.28,kg,"San Miguel Mills Logistics","Warehouse Inbound Team","Authorized supplier stock replenishment"
2026-08-13,RM-025,"Milk Chocolate Chips",92.82,kg,"San Miguel Mills Logistics","Warehouse Inbound Team","Authorized supplier stock replenishment"
2026-08-18,RM-025,"Milk Chocolate Chips",105.21,kg,"San Miguel Mills Logistics","Warehouse Inbound Team","Authorized supplier stock replenishment"
2026-08-23,RM-025,"Milk Chocolate Chips",102.05,kg,"San Miguel Mills Logistics","Warehouse Inbound Team","Authorized supplier stock replenishment"
2026-08-28,RM-025,"Milk Chocolate Chips",91.1,kg,"San Miguel Mills Logistics","Warehouse Inbound Team","Authorized supplier stock replenishment"
2026-09-02,RM-025,"Milk Chocolate Chips",98.37,kg,"San Miguel Mills Logistics","Warehouse Inbound Team","Authorized supplier stock replenishment"
2026-01-02,RM-026,"White Chocolate Compound",87.56,kg,"Universal Robina Supply Corp","Warehouse Inbound Team","Authorized supplier stock replenishment"
2026-01-08,RM-026,"White Chocolate Compound",96.43,kg,"Universal Robina Supply Corp","Warehouse Inbound Team","Authorized supplier stock replenishment"
2026-01-14,RM-026,"White Chocolate Compound",102.53,kg,"Universal Robina Supply Corp","Warehouse Inbound Team","Authorized supplier stock replenishment"
2026-01-20,RM-026,"White Chocolate Compound",93.18,kg,"Universal Robina Supply Corp","Warehouse Inbound Team","Authorized supplier stock replenishment"
2026-01-26,RM-026,"White Chocolate Compound",87.82,kg,"Universal Robina Supply Corp","Warehouse Inbound Team","Authorized supplier stock replenishment"
2026-02-01,RM-026,"White Chocolate Compound",97.59,kg,"Universal Robina Supply Corp","Warehouse Inbound Team","Authorized supplier stock replenishment"
2026-02-07,RM-026,"White Chocolate Compound",102.18,kg,"Universal Robina Supply Corp","Warehouse Inbound Team","Authorized supplier stock replenishment"
2026-02-13,RM-026,"White Chocolate Compound",92.05,kg,"Universal Robina Supply Corp","Warehouse Inbound Team","Authorized supplier stock replenishment"
2026-02-19,RM-026,"White Chocolate Compound",88.26,kg,"Universal Robina Supply Corp","Warehouse Inbound Team","Authorized supplier stock replenishment"
2026-02-25,RM-026,"White Chocolate Compound",98.7,kg,"Universal Robina Supply Corp","Warehouse Inbound Team","Authorized supplier stock replenishment"
2026-03-03,RM-026,"White Chocolate Compound",101.66,kg,"Universal Robina Supply Corp","Warehouse Inbound Team","Authorized supplier stock replenishment"
2026-03-09,RM-026,"White Chocolate Compound",90.98,kg,"Universal Robina Supply Corp","Warehouse Inbound Team","Authorized supplier stock replenishment"
2026-03-15,RM-026,"White Chocolate Compound",88.87,kg,"Universal Robina Supply Corp","Warehouse Inbound Team","Authorized supplier stock replenishment"
2026-03-21,RM-026,"White Chocolate Compound",99.71,kg,"Universal Robina Supply Corp","Warehouse Inbound Team","Authorized supplier stock replenishment"
2026-03-27,RM-026,"White Chocolate Compound",100.96,kg,"Universal Robina Supply Corp","Warehouse Inbound Team","Authorized supplier stock replenishment"
2026-04-02,RM-026,"White Chocolate Compound",90.02,kg,"Universal Robina Supply Corp","Warehouse Inbound Team","Authorized supplier stock replenishment"
2026-04-08,RM-026,"White Chocolate Compound",89.64,kg,"Universal Robina Supply Corp","Warehouse Inbound Team","Authorized supplier stock replenishment"
2026-04-14,RM-026,"White Chocolate Compound",100.61,kg,"Universal Robina Supply Corp","Warehouse Inbound Team","Authorized supplier stock replenishment"
2026-04-20,RM-026,"White Chocolate Compound",100.13,kg,"Universal Robina Supply Corp","Warehouse Inbound Team","Authorized supplier stock replenishment"
2026-04-26,RM-026,"White Chocolate Compound",89.19,kg,"Universal Robina Supply Corp","Warehouse Inbound Team","Authorized supplier stock replenishment"
2026-05-02,RM-026,"White Chocolate Compound",90.54,kg,"Universal Robina Supply Corp","Warehouse Inbound Team","Authorized supplier stock replenishment"
2026-05-08,RM-026,"White Chocolate Compound",101.37,kg,"Universal Robina Supply Corp","Warehouse Inbound Team","Authorized supplier stock replenishment"
2026-05-14,RM-026,"White Chocolate Compound",99.16,kg,"Universal Robina Supply Corp","Warehouse Inbound Team","Authorized supplier stock replenishment"
2026-05-20,RM-026,"White Chocolate Compound",88.51,kg,"Universal Robina Supply Corp","Warehouse Inbound Team","Authorized supplier stock replenishment"
2026-05-26,RM-026,"White Chocolate Compound",91.56,kg,"Universal Robina Supply Corp","Warehouse Inbound Team","Authorized supplier stock replenishment"
2026-06-01,RM-026,"White Chocolate Compound",101.97,kg,"Universal Robina Supply Corp","Warehouse Inbound Team","Authorized supplier stock replenishment"
2026-06-07,RM-026,"White Chocolate Compound",98.09,kg,"Universal Robina Supply Corp","Warehouse Inbound Team","Authorized supplier stock replenishment"
2026-06-13,RM-026,"White Chocolate Compound",87.99,kg,"Universal Robina Supply Corp","Warehouse Inbound Team","Authorized supplier stock replenishment"
2026-06-19,RM-026,"White Chocolate Compound",92.67,kg,"Universal Robina Supply Corp","Warehouse Inbound Team","Authorized supplier stock replenishment"
2026-06-25,RM-026,"White Chocolate Compound",102.4,kg,"Universal Robina Supply Corp","Warehouse Inbound Team","Authorized supplier stock replenishment"
2026-07-01,RM-026,"White Chocolate Compound",96.95,kg,"Universal Robina Supply Corp","Warehouse Inbound Team","Authorized supplier stock replenishment"
2026-07-07,RM-026,"White Chocolate Compound",87.65,kg,"Universal Robina Supply Corp","Warehouse Inbound Team","Authorized supplier stock replenishment"
2026-07-13,RM-026,"White Chocolate Compound",93.84,kg,"Universal Robina Supply Corp","Warehouse Inbound Team","Authorized supplier stock replenishment"
2026-07-19,RM-026,"White Chocolate Compound",102.65,kg,"Universal Robina Supply Corp","Warehouse Inbound Team","Authorized supplier stock replenishment"
2026-07-25,RM-026,"White Chocolate Compound",95.76,kg,"Universal Robina Supply Corp","Warehouse Inbound Team","Authorized supplier stock replenishment"
2026-07-31,RM-026,"White Chocolate Compound",87.5,kg,"Universal Robina Supply Corp","Warehouse Inbound Team","Authorized supplier stock replenishment"
2026-08-06,RM-026,"White Chocolate Compound",95.04,kg,"Universal Robina Supply Corp","Warehouse Inbound Team","Authorized supplier stock replenishment"
2026-08-12,RM-026,"White Chocolate Compound",102.7,kg,"Universal Robina Supply Corp","Warehouse Inbound Team","Authorized supplier stock replenishment"
2026-08-18,RM-026,"White Chocolate Compound",94.56,kg,"Universal Robina Supply Corp","Warehouse Inbound Team","Authorized supplier stock replenishment"
2026-08-24,RM-026,"White Chocolate Compound",87.54,kg,"Universal Robina Supply Corp","Warehouse Inbound Team","Authorized supplier stock replenishment"
2026-08-30,RM-026,"White Chocolate Compound",86.76,kg,"Universal Robina Supply Corp","Warehouse Inbound Team","Authorized supplier stock replenishment"
2026-01-03,RM-027,"Alkalized Cocoa Powder",103.24,kg,"San Miguel Mills Logistics","Warehouse Inbound Team","Authorized supplier stock replenishment"
2026-01-09,RM-027,"Alkalized Cocoa Powder",93.8,kg,"San Miguel Mills Logistics","Warehouse Inbound Team","Authorized supplier stock replenishment"
2026-01-15,RM-027,"Alkalized Cocoa Powder",101.17,kg,"San Miguel Mills Logistics","Warehouse Inbound Team","Authorized supplier stock replenishment"
2026-01-21,RM-027,"Alkalized Cocoa Powder",110.02,kg,"San Miguel Mills Logistics","Warehouse Inbound Team","Authorized supplier stock replenishment"
2026-01-27,RM-027,"Alkalized Cocoa Powder",101.95,kg,"San Miguel Mills Logistics","Warehouse Inbound Team","Authorized supplier stock replenishment"
2026-02-02,RM-027,"Alkalized Cocoa Powder",93.74,kg,"San Miguel Mills Logistics","Warehouse Inbound Team","Authorized supplier stock replenishment"
2026-02-08,RM-027,"Alkalized Cocoa Powder",102.46,kg,"San Miguel Mills Logistics","Warehouse Inbound Team","Authorized supplier stock replenishment"
2026-02-14,RM-027,"Alkalized Cocoa Powder",109.98,kg,"San Miguel Mills Logistics","Warehouse Inbound Team","Authorized supplier stock replenishment"
2026-02-20,RM-027,"Alkalized Cocoa Powder",100.66,kg,"San Miguel Mills Logistics","Warehouse Inbound Team","Authorized supplier stock replenishment"
2026-02-26,RM-027,"Alkalized Cocoa Powder",93.88,kg,"San Miguel Mills Logistics","Warehouse Inbound Team","Authorized supplier stock replenishment"
2026-03-04,RM-027,"Alkalized Cocoa Powder",103.74,kg,"San Miguel Mills Logistics","Warehouse Inbound Team","Authorized supplier stock replenishment"
2026-03-10,RM-027,"Alkalized Cocoa Powder",109.74,kg,"San Miguel Mills Logistics","Warehouse Inbound Team","Authorized supplier stock replenishment"
2026-03-16,RM-027,"Alkalized Cocoa Powder",99.4,kg,"San Miguel Mills Logistics","Warehouse Inbound Team","Authorized supplier stock replenishment"
2026-03-22,RM-027,"Alkalized Cocoa Powder",94.22,kg,"San Miguel Mills Logistics","Warehouse Inbound Team","Authorized supplier stock replenishment"
2026-03-28,RM-027,"Alkalized Cocoa Powder",104.97,kg,"San Miguel Mills Logistics","Warehouse Inbound Team","Authorized supplier stock replenishment"
2026-04-03,RM-027,"Alkalized Cocoa Powder",109.3,kg,"San Miguel Mills Logistics","Warehouse Inbound Team","Authorized supplier stock replenishment"
2026-04-09,RM-027,"Alkalized Cocoa Powder",98.21,kg,"San Miguel Mills Logistics","Warehouse Inbound Team","Authorized supplier stock replenishment"
2026-04-15,RM-027,"Alkalized Cocoa Powder",94.76,kg,"San Miguel Mills Logistics","Warehouse Inbound Team","Authorized supplier stock replenishment"
2026-04-21,RM-027,"Alkalized Cocoa Powder",106.12,kg,"San Miguel Mills Logistics","Warehouse Inbound Team","Authorized supplier stock replenishment"
2026-04-27,RM-027,"Alkalized Cocoa Powder",108.67,kg,"San Miguel Mills Logistics","Warehouse Inbound Team","Authorized supplier stock replenishment"
2026-05-03,RM-027,"Alkalized Cocoa Powder",97.11,kg,"San Miguel Mills Logistics","Warehouse Inbound Team","Authorized supplier stock replenishment"
2026-05-09,RM-027,"Alkalized Cocoa Powder",95.47,kg,"San Miguel Mills Logistics","Warehouse Inbound Team","Authorized supplier stock replenishment"
2026-05-15,RM-027,"Alkalized Cocoa Powder",107.17,kg,"San Miguel Mills Logistics","Warehouse Inbound Team","Authorized supplier stock replenishment"
2026-05-21,RM-027,"Alkalized Cocoa Powder",107.87,kg,"San Miguel Mills Logistics","Warehouse Inbound Team","Authorized supplier stock replenishment"
2026-05-27,RM-027,"Alkalized Cocoa Powder",96.12,kg,"San Miguel Mills Logistics","Warehouse Inbound Team","Authorized supplier stock replenishment"
2026-06-02,RM-027,"Alkalized Cocoa Powder",96.35,kg,"San Miguel Mills Logistics","Warehouse Inbound Team","Authorized supplier stock replenishment"
2026-06-08,RM-027,"Alkalized Cocoa Powder",108.08,kg,"San Miguel Mills Logistics","Warehouse Inbound Team","Authorized supplier stock replenishment"
2026-06-14,RM-027,"Alkalized Cocoa Powder",106.93,kg,"San Miguel Mills Logistics","Warehouse Inbound Team","Authorized supplier stock replenishment"
2026-06-20,RM-027,"Alkalized Cocoa Powder",95.28,kg,"San Miguel Mills Logistics","Warehouse Inbound Team","Authorized supplier stock replenishment"
2026-06-26,RM-027,"Alkalized Cocoa Powder",97.36,kg,"San Miguel Mills Logistics","Warehouse Inbound Team","Authorized supplier stock replenishment"
2026-07-02,RM-027,"Alkalized Cocoa Powder",108.84,kg,"San Miguel Mills Logistics","Warehouse Inbound Team","Authorized supplier stock replenishment"
2026-07-08,RM-027,"Alkalized Cocoa Powder",105.85,kg,"San Miguel Mills Logistics","Warehouse Inbound Team","Authorized supplier stock replenishment"
2026-07-14,RM-027,"Alkalized Cocoa Powder",94.61,kg,"San Miguel Mills Logistics","Warehouse Inbound Team","Authorized supplier stock replenishment"
2026-07-20,RM-027,"Alkalized Cocoa Powder",98.49,kg,"San Miguel Mills Logistics","Warehouse Inbound Team","Authorized supplier stock replenishment"
2026-07-26,RM-027,"Alkalized Cocoa Powder",109.42,kg,"San Miguel Mills Logistics","Warehouse Inbound Team","Authorized supplier stock replenishment"
2026-08-01,RM-027,"Alkalized Cocoa Powder",104.68,kg,"San Miguel Mills Logistics","Warehouse Inbound Team","Authorized supplier stock replenishment"
2026-08-07,RM-027,"Alkalized Cocoa Powder",94.12,kg,"San Miguel Mills Logistics","Warehouse Inbound Team","Authorized supplier stock replenishment"
2026-08-13,RM-027,"Alkalized Cocoa Powder",99.7,kg,"San Miguel Mills Logistics","Warehouse Inbound Team","Authorized supplier stock replenishment"
2026-08-19,RM-027,"Alkalized Cocoa Powder",109.82,kg,"San Miguel Mills Logistics","Warehouse Inbound Team","Authorized supplier stock replenishment"
2026-08-25,RM-027,"Alkalized Cocoa Powder",103.43,kg,"San Miguel Mills Logistics","Warehouse Inbound Team","Authorized supplier stock replenishment"
2026-08-31,RM-027,"Alkalized Cocoa Powder",83.48,kg,"San Miguel Mills Logistics","Warehouse Inbound Team","Authorized supplier stock replenishment"
2026-01-03,RM-028,"Pure Vanilla Extract",18.1,L,"Universal Robina Supply Corp","Warehouse Inbound Team","Authorized supplier stock replenishment"
2026-01-08,RM-028,"Pure Vanilla Extract",20.5,L,"Universal Robina Supply Corp","Warehouse Inbound Team","Authorized supplier stock replenishment"
2026-01-13,RM-028,"Pure Vanilla Extract",19.8,L,"Universal Robina Supply Corp","Warehouse Inbound Team","Authorized supplier stock replenishment"
2026-01-18,RM-028,"Pure Vanilla Extract",17.71,L,"Universal Robina Supply Corp","Warehouse Inbound Team","Authorized supplier stock replenishment"
2026-01-23,RM-028,"Pure Vanilla Extract",19.36,L,"Universal Robina Supply Corp","Warehouse Inbound Team","Authorized supplier stock replenishment"
2026-01-28,RM-028,"Pure Vanilla Extract",20.7,L,"Universal Robina Supply Corp","Warehouse Inbound Team","Authorized supplier stock replenishment"
2026-02-02,RM-028,"Pure Vanilla Extract",18.44,L,"Universal Robina Supply Corp","Warehouse Inbound Team","Authorized supplier stock replenishment"
2026-02-07,RM-028,"Pure Vanilla Extract",18.13,L,"Universal Robina Supply Corp","Warehouse Inbound Team","Authorized supplier stock replenishment"
2026-02-12,RM-028,"Pure Vanilla Extract",20.53,L,"Universal Robina Supply Corp","Warehouse Inbound Team","Authorized supplier stock replenishment"
2026-02-17,RM-028,"Pure Vanilla Extract",19.76,L,"Universal Robina Supply Corp","Warehouse Inbound Team","Authorized supplier stock replenishment"
2026-02-22,RM-028,"Pure Vanilla Extract",17.71,L,"Universal Robina Supply Corp","Warehouse Inbound Team","Authorized supplier stock replenishment"
2026-02-27,RM-028,"Pure Vanilla Extract",19.41,L,"Universal Robina Supply Corp","Warehouse Inbound Team","Authorized supplier stock replenishment"
2026-03-04,RM-028,"Pure Vanilla Extract",20.68,L,"Universal Robina Supply Corp","Warehouse Inbound Team","Authorized supplier stock replenishment"
2026-03-09,RM-028,"Pure Vanilla Extract",18.4,L,"Universal Robina Supply Corp","Warehouse Inbound Team","Authorized supplier stock replenishment"
2026-03-14,RM-028,"Pure Vanilla Extract",18.16,L,"Universal Robina Supply Corp","Warehouse Inbound Team","Authorized supplier stock replenishment"
2026-03-19,RM-028,"Pure Vanilla Extract",20.55,L,"Universal Robina Supply Corp","Warehouse Inbound Team","Authorized supplier stock replenishment"
2026-03-24,RM-028,"Pure Vanilla Extract",19.71,L,"Universal Robina Supply Corp","Warehouse Inbound Team","Authorized supplier stock replenishment"
2026-03-29,RM-028,"Pure Vanilla Extract",17.7,L,"Universal Robina Supply Corp","Warehouse Inbound Team","Authorized supplier stock replenishment"
2026-04-03,RM-028,"Pure Vanilla Extract",19.45,L,"Universal Robina Supply Corp","Warehouse Inbound Team","Authorized supplier stock replenishment"
2026-04-08,RM-028,"Pure Vanilla Extract",20.67,L,"Universal Robina Supply Corp","Warehouse Inbound Team","Authorized supplier stock replenishment"
2026-04-13,RM-028,"Pure Vanilla Extract",18.37,L,"Universal Robina Supply Corp","Warehouse Inbound Team","Authorized supplier stock replenishment"
2026-04-18,RM-028,"Pure Vanilla Extract",18.19,L,"Universal Robina Supply Corp","Warehouse Inbound Team","Authorized supplier stock replenishment"
2026-04-23,RM-028,"Pure Vanilla Extract",20.57,L,"Universal Robina Supply Corp","Warehouse Inbound Team","Authorized supplier stock replenishment"
2026-04-28,RM-028,"Pure Vanilla Extract",19.67,L,"Universal Robina Supply Corp","Warehouse Inbound Team","Authorized supplier stock replenishment"
2026-05-03,RM-028,"Pure Vanilla Extract",17.7,L,"Universal Robina Supply Corp","Warehouse Inbound Team","Authorized supplier stock replenishment"
2026-05-08,RM-028,"Pure Vanilla Extract",19.5,L,"Universal Robina Supply Corp","Warehouse Inbound Team","Authorized supplier stock replenishment"
2026-05-13,RM-028,"Pure Vanilla Extract",20.65,L,"Universal Robina Supply Corp","Warehouse Inbound Team","Authorized supplier stock replenishment"
2026-05-18,RM-028,"Pure Vanilla Extract",18.33,L,"Universal Robina Supply Corp","Warehouse Inbound Team","Authorized supplier stock replenishment"
2026-05-23,RM-028,"Pure Vanilla Extract",18.23,L,"Universal Robina Supply Corp","Warehouse Inbound Team","Authorized supplier stock replenishment"
2026-05-28,RM-028,"Pure Vanilla Extract",20.6,L,"Universal Robina Supply Corp","Warehouse Inbound Team","Authorized supplier stock replenishment"
2026-06-02,RM-028,"Pure Vanilla Extract",19.62,L,"Universal Robina Supply Corp","Warehouse Inbound Team","Authorized supplier stock replenishment"
2026-06-07,RM-028,"Pure Vanilla Extract",17.7,L,"Universal Robina Supply Corp","Warehouse Inbound Team","Authorized supplier stock replenishment"
2026-06-12,RM-028,"Pure Vanilla Extract",19.55,L,"Universal Robina Supply Corp","Warehouse Inbound Team","Authorized supplier stock replenishment"
2026-06-17,RM-028,"Pure Vanilla Extract",20.63,L,"Universal Robina Supply Corp","Warehouse Inbound Team","Authorized supplier stock replenishment"
2026-06-22,RM-028,"Pure Vanilla Extract",18.29,L,"Universal Robina Supply Corp","Warehouse Inbound Team","Authorized supplier stock replenishment"
2026-06-27,RM-028,"Pure Vanilla Extract",18.27,L,"Universal Robina Supply Corp","Warehouse Inbound Team","Authorized supplier stock replenishment"
2026-07-02,RM-028,"Pure Vanilla Extract",20.62,L,"Universal Robina Supply Corp","Warehouse Inbound Team","Authorized supplier stock replenishment"
2026-07-07,RM-028,"Pure Vanilla Extract",19.57,L,"Universal Robina Supply Corp","Warehouse Inbound Team","Authorized supplier stock replenishment"
2026-07-12,RM-028,"Pure Vanilla Extract",17.7,L,"Universal Robina Supply Corp","Warehouse Inbound Team","Authorized supplier stock replenishment"
2026-07-17,RM-028,"Pure Vanilla Extract",19.59,L,"Universal Robina Supply Corp","Warehouse Inbound Team","Authorized supplier stock replenishment"
2026-07-22,RM-028,"Pure Vanilla Extract",20.61,L,"Universal Robina Supply Corp","Warehouse Inbound Team","Authorized supplier stock replenishment"
2026-07-27,RM-028,"Pure Vanilla Extract",18.25,L,"Universal Robina Supply Corp","Warehouse Inbound Team","Authorized supplier stock replenishment"
2026-08-01,RM-028,"Pure Vanilla Extract",18.3,L,"Universal Robina Supply Corp","Warehouse Inbound Team","Authorized supplier stock replenishment"
2026-08-06,RM-028,"Pure Vanilla Extract",20.64,L,"Universal Robina Supply Corp","Warehouse Inbound Team","Authorized supplier stock replenishment"
2026-08-11,RM-028,"Pure Vanilla Extract",19.53,L,"Universal Robina Supply Corp","Warehouse Inbound Team","Authorized supplier stock replenishment"
2026-08-16,RM-028,"Pure Vanilla Extract",17.7,L,"Universal Robina Supply Corp","Warehouse Inbound Team","Authorized supplier stock replenishment"
2026-08-21,RM-028,"Pure Vanilla Extract",19.64,L,"Universal Robina Supply Corp","Warehouse Inbound Team","Authorized supplier stock replenishment"
2026-08-26,RM-028,"Pure Vanilla Extract",20.59,L,"Universal Robina Supply Corp","Warehouse Inbound Team","Authorized supplier stock replenishment"
2026-08-31,RM-028,"Pure Vanilla Extract",18.22,L,"Universal Robina Supply Corp","Warehouse Inbound Team","Authorized supplier stock replenishment"
2026-01-04,RM-029,"Artificial Vanilla Flavoring",28.06,L,"San Miguel Mills Logistics","Warehouse Inbound Team","Authorized supplier stock replenishment"
2026-01-09,RM-029,"Artificial Vanilla Flavoring",26.88,L,"San Miguel Mills Logistics","Warehouse Inbound Team","Authorized supplier stock replenishment"
2026-01-14,RM-029,"Artificial Vanilla Flavoring",24.16,L,"San Miguel Mills Logistics","Warehouse Inbound Team","Authorized supplier stock replenishment"
2026-01-19,RM-029,"Artificial Vanilla Flavoring",26.58,L,"San Miguel Mills Logistics","Warehouse Inbound Team","Authorized supplier stock replenishment"
2026-01-24,RM-029,"Artificial Vanilla Flavoring",28.2,L,"San Miguel Mills Logistics","Warehouse Inbound Team","Authorized supplier stock replenishment"
2026-01-29,RM-029,"Artificial Vanilla Flavoring",25.04,L,"San Miguel Mills Logistics","Warehouse Inbound Team","Authorized supplier stock replenishment"
2026-02-03,RM-029,"Artificial Vanilla Flavoring",24.85,L,"San Miguel Mills Logistics","Warehouse Inbound Team","Authorized supplier stock replenishment"
2026-02-08,RM-029,"Artificial Vanilla Flavoring",28.1,L,"San Miguel Mills Logistics","Warehouse Inbound Team","Authorized supplier stock replenishment"
2026-02-13,RM-029,"Artificial Vanilla Flavoring",26.82,L,"San Miguel Mills Logistics","Warehouse Inbound Team","Authorized supplier stock replenishment"
2026-02-18,RM-029,"Artificial Vanilla Flavoring",24.15,L,"San Miguel Mills Logistics","Warehouse Inbound Team","Authorized supplier stock replenishment"
2026-02-23,RM-029,"Artificial Vanilla Flavoring",26.64,L,"San Miguel Mills Logistics","Warehouse Inbound Team","Authorized supplier stock replenishment"
2026-02-28,RM-029,"Artificial Vanilla Flavoring",28.18,L,"San Miguel Mills Logistics","Warehouse Inbound Team","Authorized supplier stock replenishment"
2026-03-05,RM-029,"Artificial Vanilla Flavoring",24.99,L,"San Miguel Mills Logistics","Warehouse Inbound Team","Authorized supplier stock replenishment"
2026-03-10,RM-029,"Artificial Vanilla Flavoring",24.9,L,"San Miguel Mills Logistics","Warehouse Inbound Team","Authorized supplier stock replenishment"
2026-03-15,RM-029,"Artificial Vanilla Flavoring",28.13,L,"San Miguel Mills Logistics","Warehouse Inbound Team","Authorized supplier stock replenishment"
2026-03-20,RM-029,"Artificial Vanilla Flavoring",26.75,L,"San Miguel Mills Logistics","Warehouse Inbound Team","Authorized supplier stock replenishment"
2026-03-25,RM-029,"Artificial Vanilla Flavoring",24.15,L,"San Miguel Mills Logistics","Warehouse Inbound Team","Authorized supplier stock replenishment"
2026-03-30,RM-029,"Artificial Vanilla Flavoring",26.7,L,"San Miguel Mills Logistics","Warehouse Inbound Team","Authorized supplier stock replenishment"
2026-04-04,RM-029,"Artificial Vanilla Flavoring",28.15,L,"San Miguel Mills Logistics","Warehouse Inbound Team","Authorized supplier stock replenishment"
2026-04-09,RM-029,"Artificial Vanilla Flavoring",24.94,L,"San Miguel Mills Logistics","Warehouse Inbound Team","Authorized supplier stock replenishment"
2026-04-14,RM-029,"Artificial Vanilla Flavoring",24.95,L,"San Miguel Mills Logistics","Warehouse Inbound Team","Authorized supplier stock replenishment"
2026-04-19,RM-029,"Artificial Vanilla Flavoring",28.15,L,"San Miguel Mills Logistics","Warehouse Inbound Team","Authorized supplier stock replenishment"
2026-04-24,RM-029,"Artificial Vanilla Flavoring",26.69,L,"San Miguel Mills Logistics","Warehouse Inbound Team","Authorized supplier stock replenishment"
2026-04-29,RM-029,"Artificial Vanilla Flavoring",24.15,L,"San Miguel Mills Logistics","Warehouse Inbound Team","Authorized supplier stock replenishment"
2026-05-04,RM-029,"Artificial Vanilla Flavoring",26.77,L,"San Miguel Mills Logistics","Warehouse Inbound Team","Authorized supplier stock replenishment"
2026-05-09,RM-029,"Artificial Vanilla Flavoring",28.12,L,"San Miguel Mills Logistics","Warehouse Inbound Team","Authorized supplier stock replenishment"
2026-05-14,RM-029,"Artificial Vanilla Flavoring",24.89,L,"San Miguel Mills Logistics","Warehouse Inbound Team","Authorized supplier stock replenishment"
2026-05-19,RM-029,"Artificial Vanilla Flavoring",25,L,"San Miguel Mills Logistics","Warehouse Inbound Team","Authorized supplier stock replenishment"
2026-05-24,RM-029,"Artificial Vanilla Flavoring",28.18,L,"San Miguel Mills Logistics","Warehouse Inbound Team","Authorized supplier stock replenishment"
2026-05-29,RM-029,"Artificial Vanilla Flavoring",26.63,L,"San Miguel Mills Logistics","Warehouse Inbound Team","Authorized supplier stock replenishment"
2026-06-03,RM-029,"Artificial Vanilla Flavoring",24.16,L,"San Miguel Mills Logistics","Warehouse Inbound Team","Authorized supplier stock replenishment"
2026-06-08,RM-029,"Artificial Vanilla Flavoring",26.83,L,"San Miguel Mills Logistics","Warehouse Inbound Team","Authorized supplier stock replenishment"
2026-06-13,RM-029,"Artificial Vanilla Flavoring",28.09,L,"San Miguel Mills Logistics","Warehouse Inbound Team","Authorized supplier stock replenishment"
2026-06-18,RM-029,"Artificial Vanilla Flavoring",24.84,L,"San Miguel Mills Logistics","Warehouse Inbound Team","Authorized supplier stock replenishment"
2026-06-23,RM-029,"Artificial Vanilla Flavoring",25.05,L,"San Miguel Mills Logistics","Warehouse Inbound Team","Authorized supplier stock replenishment"
2026-06-28,RM-029,"Artificial Vanilla Flavoring",28.2,L,"San Miguel Mills Logistics","Warehouse Inbound Team","Authorized supplier stock replenishment"
2026-07-03,RM-029,"Artificial Vanilla Flavoring",26.57,L,"San Miguel Mills Logistics","Warehouse Inbound Team","Authorized supplier stock replenishment"
2026-07-08,RM-029,"Artificial Vanilla Flavoring",24.16,L,"San Miguel Mills Logistics","Warehouse Inbound Team","Authorized supplier stock replenishment"
2026-07-13,RM-029,"Artificial Vanilla Flavoring",26.89,L,"San Miguel Mills Logistics","Warehouse Inbound Team","Authorized supplier stock replenishment"
2026-07-18,RM-029,"Artificial Vanilla Flavoring",28.06,L,"San Miguel Mills Logistics","Warehouse Inbound Team","Authorized supplier stock replenishment"
2026-07-23,RM-029,"Artificial Vanilla Flavoring",24.8,L,"San Miguel Mills Logistics","Warehouse Inbound Team","Authorized supplier stock replenishment"
2026-07-28,RM-029,"Artificial Vanilla Flavoring",25.11,L,"San Miguel Mills Logistics","Warehouse Inbound Team","Authorized supplier stock replenishment"
2026-08-02,RM-029,"Artificial Vanilla Flavoring",28.23,L,"San Miguel Mills Logistics","Warehouse Inbound Team","Authorized supplier stock replenishment"
2026-08-07,RM-029,"Artificial Vanilla Flavoring",26.5,L,"San Miguel Mills Logistics","Warehouse Inbound Team","Authorized supplier stock replenishment"
2026-08-12,RM-029,"Artificial Vanilla Flavoring",24.17,L,"San Miguel Mills Logistics","Warehouse Inbound Team","Authorized supplier stock replenishment"
2026-08-17,RM-029,"Artificial Vanilla Flavoring",26.95,L,"San Miguel Mills Logistics","Warehouse Inbound Team","Authorized supplier stock replenishment"
2026-08-22,RM-029,"Artificial Vanilla Flavoring",28.02,L,"San Miguel Mills Logistics","Warehouse Inbound Team","Authorized supplier stock replenishment"
2026-08-27,RM-029,"Artificial Vanilla Flavoring",24.75,L,"San Miguel Mills Logistics","Warehouse Inbound Team","Authorized supplier stock replenishment"
2026-09-01,RM-029,"Artificial Vanilla Flavoring",25.11,L,"San Miguel Mills Logistics","Warehouse Inbound Team","Authorized supplier stock replenishment"
2026-01-06,RM-030,"Ube Flavor Paste",66.32,kg,"Universal Robina Supply Corp","Warehouse Inbound Team","Authorized supplier stock replenishment"
2026-01-12,RM-030,"Ube Flavor Paste",64.21,kg,"Universal Robina Supply Corp","Warehouse Inbound Team","Authorized supplier stock replenishment"
2026-01-18,RM-030,"Ube Flavor Paste",71.95,kg,"Universal Robina Supply Corp","Warehouse Inbound Team","Authorized supplier stock replenishment"
2026-01-24,RM-030,"Ube Flavor Paste",73.45,kg,"Universal Robina Supply Corp","Warehouse Inbound Team","Authorized supplier stock replenishment"
2026-01-30,RM-030,"Ube Flavor Paste",65.58,kg,"Universal Robina Supply Corp","Warehouse Inbound Team","Authorized supplier stock replenishment"
2026-02-05,RM-030,"Ube Flavor Paste",64.71,kg,"Universal Robina Supply Corp","Warehouse Inbound Team","Authorized supplier stock replenishment"
2026-02-11,RM-030,"Ube Flavor Paste",72.64,kg,"Universal Robina Supply Corp","Warehouse Inbound Team","Authorized supplier stock replenishment"
2026-02-17,RM-030,"Ube Flavor Paste",72.89,kg,"Universal Robina Supply Corp","Warehouse Inbound Team","Authorized supplier stock replenishment"
2026-02-23,RM-030,"Ube Flavor Paste",64.94,kg,"Universal Robina Supply Corp","Warehouse Inbound Team","Authorized supplier stock replenishment"
2026-03-01,RM-030,"Ube Flavor Paste",65.32,kg,"Universal Robina Supply Corp","Warehouse Inbound Team","Authorized supplier stock replenishment"
2026-03-07,RM-030,"Ube Flavor Paste",73.24,kg,"Universal Robina Supply Corp","Warehouse Inbound Team","Authorized supplier stock replenishment"
2026-03-13,RM-030,"Ube Flavor Paste",72.23,kg,"Universal Robina Supply Corp","Warehouse Inbound Team","Authorized supplier stock replenishment"
2026-03-19,RM-030,"Ube Flavor Paste",64.39,kg,"Universal Robina Supply Corp","Warehouse Inbound Team","Authorized supplier stock replenishment"
2026-03-25,RM-030,"Ube Flavor Paste",66.02,kg,"Universal Robina Supply Corp","Warehouse Inbound Team","Authorized supplier stock replenishment"
2026-03-31,RM-030,"Ube Flavor Paste",73.74,kg,"Universal Robina Supply Corp","Warehouse Inbound Team","Authorized supplier stock replenishment"
2026-04-06,RM-030,"Ube Flavor Paste",71.49,kg,"Universal Robina Supply Corp","Warehouse Inbound Team","Authorized supplier stock replenishment"
2026-04-12,RM-030,"Ube Flavor Paste",63.96,kg,"Universal Robina Supply Corp","Warehouse Inbound Team","Authorized supplier stock replenishment"
2026-04-18,RM-030,"Ube Flavor Paste",66.8,kg,"Universal Robina Supply Corp","Warehouse Inbound Team","Authorized supplier stock replenishment"
2026-04-24,RM-030,"Ube Flavor Paste",74.11,kg,"Universal Robina Supply Corp","Warehouse Inbound Team","Authorized supplier stock replenishment"
2026-04-30,RM-030,"Ube Flavor Paste",70.68,kg,"Universal Robina Supply Corp","Warehouse Inbound Team","Authorized supplier stock replenishment"
2026-05-06,RM-030,"Ube Flavor Paste",63.65,kg,"Universal Robina Supply Corp","Warehouse Inbound Team","Authorized supplier stock replenishment"
2026-05-12,RM-030,"Ube Flavor Paste",67.63,kg,"Universal Robina Supply Corp","Warehouse Inbound Team","Authorized supplier stock replenishment"
2026-05-18,RM-030,"Ube Flavor Paste",74.35,kg,"Universal Robina Supply Corp","Warehouse Inbound Team","Authorized supplier stock replenishment"
2026-05-24,RM-030,"Ube Flavor Paste",69.84,kg,"Universal Robina Supply Corp","Warehouse Inbound Team","Authorized supplier stock replenishment"
2026-05-30,RM-030,"Ube Flavor Paste",63.47,kg,"Universal Robina Supply Corp","Warehouse Inbound Team","Authorized supplier stock replenishment"
2026-06-05,RM-030,"Ube Flavor Paste",68.49,kg,"Universal Robina Supply Corp","Warehouse Inbound Team","Authorized supplier stock replenishment"
2026-06-11,RM-030,"Ube Flavor Paste",74.46,kg,"Universal Robina Supply Corp","Warehouse Inbound Team","Authorized supplier stock replenishment"
2026-06-17,RM-030,"Ube Flavor Paste",68.97,kg,"Universal Robina Supply Corp","Warehouse Inbound Team","Authorized supplier stock replenishment"
2026-06-23,RM-030,"Ube Flavor Paste",63.43,kg,"Universal Robina Supply Corp","Warehouse Inbound Team","Authorized supplier stock replenishment"
2026-06-29,RM-030,"Ube Flavor Paste",69.37,kg,"Universal Robina Supply Corp","Warehouse Inbound Team","Authorized supplier stock replenishment"
2026-07-05,RM-030,"Ube Flavor Paste",74.43,kg,"Universal Robina Supply Corp","Warehouse Inbound Team","Authorized supplier stock replenishment"
2026-07-11,RM-030,"Ube Flavor Paste",68.09,kg,"Universal Robina Supply Corp","Warehouse Inbound Team","Authorized supplier stock replenishment"
2026-07-17,RM-030,"Ube Flavor Paste",63.54,kg,"Universal Robina Supply Corp","Warehouse Inbound Team","Authorized supplier stock replenishment"
2026-07-23,RM-030,"Ube Flavor Paste",70.23,kg,"Universal Robina Supply Corp","Warehouse Inbound Team","Authorized supplier stock replenishment"
2026-07-29,RM-030,"Ube Flavor Paste",74.26,kg,"Universal Robina Supply Corp","Warehouse Inbound Team","Authorized supplier stock replenishment"
2026-08-04,RM-030,"Ube Flavor Paste",67.24,kg,"Universal Robina Supply Corp","Warehouse Inbound Team","Authorized supplier stock replenishment"
2026-08-10,RM-030,"Ube Flavor Paste",63.77,kg,"Universal Robina Supply Corp","Warehouse Inbound Team","Authorized supplier stock replenishment"
2026-08-16,RM-030,"Ube Flavor Paste",71.06,kg,"Universal Robina Supply Corp","Warehouse Inbound Team","Authorized supplier stock replenishment"
2026-08-22,RM-030,"Ube Flavor Paste",73.95,kg,"Universal Robina Supply Corp","Warehouse Inbound Team","Authorized supplier stock replenishment"
2026-08-28,RM-030,"Ube Flavor Paste",66.44,kg,"Universal Robina Supply Corp","Warehouse Inbound Team","Authorized supplier stock replenishment"
2026-01-01,RM-031,"Pandan Extract Essence",20.03,L,"San Miguel Mills Logistics","Warehouse Inbound Team","Authorized supplier stock replenishment"
2026-01-07,RM-031,"Pandan Extract Essence",21.34,L,"San Miguel Mills Logistics","Warehouse Inbound Team","Authorized supplier stock replenishment"
2026-01-13,RM-031,"Pandan Extract Essence",19.42,L,"San Miguel Mills Logistics","Warehouse Inbound Team","Authorized supplier stock replenishment"
2026-01-19,RM-031,"Pandan Extract Essence",18.26,L,"San Miguel Mills Logistics","Warehouse Inbound Team","Authorized supplier stock replenishment"
2026-01-25,RM-031,"Pandan Extract Essence",20.27,L,"San Miguel Mills Logistics","Warehouse Inbound Team","Authorized supplier stock replenishment"
2026-01-31,RM-031,"Pandan Extract Essence",21.27,L,"San Miguel Mills Logistics","Warehouse Inbound Team","Authorized supplier stock replenishment"
2026-02-06,RM-031,"Pandan Extract Essence",19.18,L,"San Miguel Mills Logistics","Warehouse Inbound Team","Authorized supplier stock replenishment"
2026-02-12,RM-031,"Pandan Extract Essence",18.35,L,"San Miguel Mills Logistics","Warehouse Inbound Team","Authorized supplier stock replenishment"
2026-02-18,RM-031,"Pandan Extract Essence",20.51,L,"San Miguel Mills Logistics","Warehouse Inbound Team","Authorized supplier stock replenishment"
2026-02-24,RM-031,"Pandan Extract Essence",21.17,L,"San Miguel Mills Logistics","Warehouse Inbound Team","Authorized supplier stock replenishment"
2026-03-02,RM-031,"Pandan Extract Essence",18.96,L,"San Miguel Mills Logistics","Warehouse Inbound Team","Authorized supplier stock replenishment"
2026-03-08,RM-031,"Pandan Extract Essence",18.47,L,"San Miguel Mills Logistics","Warehouse Inbound Team","Authorized supplier stock replenishment"
2026-03-14,RM-031,"Pandan Extract Essence",20.72,L,"San Miguel Mills Logistics","Warehouse Inbound Team","Authorized supplier stock replenishment"
2026-03-20,RM-031,"Pandan Extract Essence",21.03,L,"San Miguel Mills Logistics","Warehouse Inbound Team","Authorized supplier stock replenishment"
2026-03-26,RM-031,"Pandan Extract Essence",18.75,L,"San Miguel Mills Logistics","Warehouse Inbound Team","Authorized supplier stock replenishment"
2026-04-01,RM-031,"Pandan Extract Essence",18.63,L,"San Miguel Mills Logistics","Warehouse Inbound Team","Authorized supplier stock replenishment"
2026-04-07,RM-031,"Pandan Extract Essence",20.91,L,"San Miguel Mills Logistics","Warehouse Inbound Team","Authorized supplier stock replenishment"
2026-04-13,RM-031,"Pandan Extract Essence",20.85,L,"San Miguel Mills Logistics","Warehouse Inbound Team","Authorized supplier stock replenishment"
2026-04-19,RM-031,"Pandan Extract Essence",18.58,L,"San Miguel Mills Logistics","Warehouse Inbound Team","Authorized supplier stock replenishment"
2026-04-25,RM-031,"Pandan Extract Essence",18.81,L,"San Miguel Mills Logistics","Warehouse Inbound Team","Authorized supplier stock replenishment"
2026-05-01,RM-031,"Pandan Extract Essence",21.07,L,"San Miguel Mills Logistics","Warehouse Inbound Team","Authorized supplier stock replenishment"
2026-05-07,RM-031,"Pandan Extract Essence",20.66,L,"San Miguel Mills Logistics","Warehouse Inbound Team","Authorized supplier stock replenishment"
2026-05-13,RM-031,"Pandan Extract Essence",18.43,L,"San Miguel Mills Logistics","Warehouse Inbound Team","Authorized supplier stock replenishment"
2026-05-19,RM-031,"Pandan Extract Essence",19.02,L,"San Miguel Mills Logistics","Warehouse Inbound Team","Authorized supplier stock replenishment"
2026-05-25,RM-031,"Pandan Extract Essence",21.2,L,"San Miguel Mills Logistics","Warehouse Inbound Team","Authorized supplier stock replenishment"
2026-05-31,RM-031,"Pandan Extract Essence",20.44,L,"San Miguel Mills Logistics","Warehouse Inbound Team","Authorized supplier stock replenishment"
2026-06-06,RM-031,"Pandan Extract Essence",18.32,L,"San Miguel Mills Logistics","Warehouse Inbound Team","Authorized supplier stock replenishment"
2026-06-12,RM-031,"Pandan Extract Essence",19.25,L,"San Miguel Mills Logistics","Warehouse Inbound Team","Authorized supplier stock replenishment"
2026-06-18,RM-031,"Pandan Extract Essence",21.29,L,"San Miguel Mills Logistics","Warehouse Inbound Team","Authorized supplier stock replenishment"
2026-06-24,RM-031,"Pandan Extract Essence",20.2,L,"San Miguel Mills Logistics","Warehouse Inbound Team","Authorized supplier stock replenishment"
2026-06-30,RM-031,"Pandan Extract Essence",18.24,L,"San Miguel Mills Logistics","Warehouse Inbound Team","Authorized supplier stock replenishment"
2026-07-06,RM-031,"Pandan Extract Essence",19.49,L,"San Miguel Mills Logistics","Warehouse Inbound Team","Authorized supplier stock replenishment"
2026-07-12,RM-031,"Pandan Extract Essence",21.35,L,"San Miguel Mills Logistics","Warehouse Inbound Team","Authorized supplier stock replenishment"
2026-07-18,RM-031,"Pandan Extract Essence",19.96,L,"San Miguel Mills Logistics","Warehouse Inbound Team","Authorized supplier stock replenishment"
2026-07-24,RM-031,"Pandan Extract Essence",18.21,L,"San Miguel Mills Logistics","Warehouse Inbound Team","Authorized supplier stock replenishment"
2026-07-30,RM-031,"Pandan Extract Essence",19.74,L,"San Miguel Mills Logistics","Warehouse Inbound Team","Authorized supplier stock replenishment"
2026-08-05,RM-031,"Pandan Extract Essence",21.37,L,"San Miguel Mills Logistics","Warehouse Inbound Team","Authorized supplier stock replenishment"
2026-08-11,RM-031,"Pandan Extract Essence",19.7,L,"San Miguel Mills Logistics","Warehouse Inbound Team","Authorized supplier stock replenishment"
2026-08-17,RM-031,"Pandan Extract Essence",18.21,L,"San Miguel Mills Logistics","Warehouse Inbound Team","Authorized supplier stock replenishment"
2026-08-23,RM-031,"Pandan Extract Essence",19.99,L,"San Miguel Mills Logistics","Warehouse Inbound Team","Authorized supplier stock replenishment"
2026-08-29,RM-031,"Pandan Extract Essence",16.26,L,"San Miguel Mills Logistics","Warehouse Inbound Team","Authorized supplier stock replenishment"
2026-01-02,RM-032,"Ground Cinnamon Powder",19.16,kg,"Universal Robina Supply Corp","Warehouse Inbound Team","Authorized supplier stock replenishment"
2026-01-07,RM-032,"Ground Cinnamon Powder",21.41,kg,"Universal Robina Supply Corp","Warehouse Inbound Team","Authorized supplier stock replenishment"
2026-01-12,RM-032,"Ground Cinnamon Powder",22.17,kg,"Universal Robina Supply Corp","Warehouse Inbound Team","Authorized supplier stock replenishment"
2026-01-17,RM-032,"Ground Cinnamon Powder",19.57,kg,"Universal Robina Supply Corp","Warehouse Inbound Team","Authorized supplier stock replenishment"
2026-01-22,RM-032,"Ground Cinnamon Powder",19.99,kg,"Universal Robina Supply Corp","Warehouse Inbound Team","Authorized supplier stock replenishment"
2026-01-27,RM-032,"Ground Cinnamon Powder",22.4,kg,"Universal Robina Supply Corp","Warehouse Inbound Team","Authorized supplier stock replenishment"
2026-02-01,RM-032,"Ground Cinnamon Powder",20.89,kg,"Universal Robina Supply Corp","Warehouse Inbound Team","Authorized supplier stock replenishment"
2026-02-06,RM-032,"Ground Cinnamon Powder",19.17,kg,"Universal Robina Supply Corp","Warehouse Inbound Team","Authorized supplier stock replenishment"
2026-02-11,RM-032,"Ground Cinnamon Powder",21.46,kg,"Universal Robina Supply Corp","Warehouse Inbound Team","Authorized supplier stock replenishment"
2026-02-16,RM-032,"Ground Cinnamon Powder",22.14,kg,"Universal Robina Supply Corp","Warehouse Inbound Team","Authorized supplier stock replenishment"
2026-02-21,RM-032,"Ground Cinnamon Powder",19.54,kg,"Universal Robina Supply Corp","Warehouse Inbound Team","Authorized supplier stock replenishment"
2026-02-26,RM-032,"Ground Cinnamon Powder",20.04,kg,"Universal Robina Supply Corp","Warehouse Inbound Team","Authorized supplier stock replenishment"
2026-03-03,RM-032,"Ground Cinnamon Powder",22.42,kg,"Universal Robina Supply Corp","Warehouse Inbound Team","Authorized supplier stock replenishment"
2026-03-08,RM-032,"Ground Cinnamon Powder",20.84,kg,"Universal Robina Supply Corp","Warehouse Inbound Team","Authorized supplier stock replenishment"
2026-03-13,RM-032,"Ground Cinnamon Powder",19.17,kg,"Universal Robina Supply Corp","Warehouse Inbound Team","Authorized supplier stock replenishment"
2026-03-18,RM-032,"Ground Cinnamon Powder",21.51,kg,"Universal Robina Supply Corp","Warehouse Inbound Team","Authorized supplier stock replenishment"
2026-03-23,RM-032,"Ground Cinnamon Powder",22.11,kg,"Universal Robina Supply Corp","Warehouse Inbound Team","Authorized supplier stock replenishment"
2026-03-28,RM-032,"Ground Cinnamon Powder",19.5,kg,"Universal Robina Supply Corp","Warehouse Inbound Team","Authorized supplier stock replenishment"
2026-04-02,RM-032,"Ground Cinnamon Powder",20.08,kg,"Universal Robina Supply Corp","Warehouse Inbound Team","Authorized supplier stock replenishment"
2026-04-07,RM-032,"Ground Cinnamon Powder",22.43,kg,"Universal Robina Supply Corp","Warehouse Inbound Team","Authorized supplier stock replenishment"
2026-04-12,RM-032,"Ground Cinnamon Powder",20.79,kg,"Universal Robina Supply Corp","Warehouse Inbound Team","Authorized supplier stock replenishment"
2026-04-17,RM-032,"Ground Cinnamon Powder",19.19,kg,"Universal Robina Supply Corp","Warehouse Inbound Team","Authorized supplier stock replenishment"
2026-04-22,RM-032,"Ground Cinnamon Powder",21.55,kg,"Universal Robina Supply Corp","Warehouse Inbound Team","Authorized supplier stock replenishment"
2026-04-27,RM-032,"Ground Cinnamon Powder",22.08,kg,"Universal Robina Supply Corp","Warehouse Inbound Team","Authorized supplier stock replenishment"
2026-05-02,RM-032,"Ground Cinnamon Powder",19.47,kg,"Universal Robina Supply Corp","Warehouse Inbound Team","Authorized supplier stock replenishment"
2026-05-07,RM-032,"Ground Cinnamon Powder",20.13,kg,"Universal Robina Supply Corp","Warehouse Inbound Team","Authorized supplier stock replenishment"
2026-05-12,RM-032,"Ground Cinnamon Powder",22.44,kg,"Universal Robina Supply Corp","Warehouse Inbound Team","Authorized supplier stock replenishment"
2026-05-17,RM-032,"Ground Cinnamon Powder",20.74,kg,"Universal Robina Supply Corp","Warehouse Inbound Team","Authorized supplier stock replenishment"
2026-05-22,RM-032,"Ground Cinnamon Powder",19.2,kg,"Universal Robina Supply Corp","Warehouse Inbound Team","Authorized supplier stock replenishment"
2026-05-27,RM-032,"Ground Cinnamon Powder",21.6,kg,"Universal Robina Supply Corp","Warehouse Inbound Team","Authorized supplier stock replenishment"
2026-06-01,RM-032,"Ground Cinnamon Powder",22.05,kg,"Universal Robina Supply Corp","Warehouse Inbound Team","Authorized supplier stock replenishment"
2026-06-06,RM-032,"Ground Cinnamon Powder",19.44,kg,"Universal Robina Supply Corp","Warehouse Inbound Team","Authorized supplier stock replenishment"
2026-06-11,RM-032,"Ground Cinnamon Powder",20.18,kg,"Universal Robina Supply Corp","Warehouse Inbound Team","Authorized supplier stock replenishment"
2026-06-16,RM-032,"Ground Cinnamon Powder",22.45,kg,"Universal Robina Supply Corp","Warehouse Inbound Team","Authorized supplier stock replenishment"
2026-06-21,RM-032,"Ground Cinnamon Powder",20.68,kg,"Universal Robina Supply Corp","Warehouse Inbound Team","Authorized supplier stock replenishment"
2026-06-26,RM-032,"Ground Cinnamon Powder",19.21,kg,"Universal Robina Supply Corp","Warehouse Inbound Team","Authorized supplier stock replenishment"
2026-07-01,RM-032,"Ground Cinnamon Powder",21.64,kg,"Universal Robina Supply Corp","Warehouse Inbound Team","Authorized supplier stock replenishment"
2026-07-06,RM-032,"Ground Cinnamon Powder",22.01,kg,"Universal Robina Supply Corp","Warehouse Inbound Team","Authorized supplier stock replenishment"
2026-07-11,RM-032,"Ground Cinnamon Powder",19.41,kg,"Universal Robina Supply Corp","Warehouse Inbound Team","Authorized supplier stock replenishment"
2026-07-16,RM-032,"Ground Cinnamon Powder",20.22,kg,"Universal Robina Supply Corp","Warehouse Inbound Team","Authorized supplier stock replenishment"
2026-07-21,RM-032,"Ground Cinnamon Powder",22.45,kg,"Universal Robina Supply Corp","Warehouse Inbound Team","Authorized supplier stock replenishment"
2026-07-26,RM-032,"Ground Cinnamon Powder",20.63,kg,"Universal Robina Supply Corp","Warehouse Inbound Team","Authorized supplier stock replenishment"
2026-07-31,RM-032,"Ground Cinnamon Powder",19.23,kg,"Universal Robina Supply Corp","Warehouse Inbound Team","Authorized supplier stock replenishment"
2026-08-05,RM-032,"Ground Cinnamon Powder",21.69,kg,"Universal Robina Supply Corp","Warehouse Inbound Team","Authorized supplier stock replenishment"
2026-08-10,RM-032,"Ground Cinnamon Powder",21.98,kg,"Universal Robina Supply Corp","Warehouse Inbound Team","Authorized supplier stock replenishment"
2026-08-15,RM-032,"Ground Cinnamon Powder",19.39,kg,"Universal Robina Supply Corp","Warehouse Inbound Team","Authorized supplier stock replenishment"
2026-08-20,RM-032,"Ground Cinnamon Powder",20.27,kg,"Universal Robina Supply Corp","Warehouse Inbound Team","Authorized supplier stock replenishment"
2026-08-25,RM-032,"Ground Cinnamon Powder",22.46,kg,"Universal Robina Supply Corp","Warehouse Inbound Team","Authorized supplier stock replenishment"
2026-08-30,RM-032,"Ground Cinnamon Powder",20.58,kg,"Universal Robina Supply Corp","Warehouse Inbound Team","Authorized supplier stock replenishment"
2026-01-03,RM-033,"Nutmeg Powder",9.05,kg,"San Miguel Mills Logistics","Warehouse Inbound Team","Authorized supplier stock replenishment"
2026-01-08,RM-033,"Nutmeg Powder",9.29,kg,"San Miguel Mills Logistics","Warehouse Inbound Team","Authorized supplier stock replenishment"
2026-01-13,RM-033,"Nutmeg Powder",8.2,kg,"San Miguel Mills Logistics","Warehouse Inbound Team","Authorized supplier stock replenishment"
2026-01-18,RM-033,"Nutmeg Powder",8.45,kg,"San Miguel Mills Logistics","Warehouse Inbound Team","Authorized supplier stock replenishment"
2026-01-23,RM-033,"Nutmeg Powder",9.43,kg,"San Miguel Mills Logistics","Warehouse Inbound Team","Authorized supplier stock replenishment"
2026-01-28,RM-033,"Nutmeg Powder",8.73,kg,"San Miguel Mills Logistics","Warehouse Inbound Team","Authorized supplier stock replenishment"
2026-02-02,RM-033,"Nutmeg Powder",8.07,kg,"San Miguel Mills Logistics","Warehouse Inbound Team","Authorized supplier stock replenishment"
2026-02-07,RM-033,"Nutmeg Powder",9.07,kg,"San Miguel Mills Logistics","Warehouse Inbound Team","Authorized supplier stock replenishment"
2026-02-12,RM-033,"Nutmeg Powder",9.28,kg,"San Miguel Mills Logistics","Warehouse Inbound Team","Authorized supplier stock replenishment"
2026-02-17,RM-033,"Nutmeg Powder",8.18,kg,"San Miguel Mills Logistics","Warehouse Inbound Team","Authorized supplier stock replenishment"
2026-02-22,RM-033,"Nutmeg Powder",8.47,kg,"San Miguel Mills Logistics","Warehouse Inbound Team","Authorized supplier stock replenishment"
2026-02-27,RM-033,"Nutmeg Powder",9.44,kg,"San Miguel Mills Logistics","Warehouse Inbound Team","Authorized supplier stock replenishment"
2026-03-04,RM-033,"Nutmeg Powder",8.71,kg,"San Miguel Mills Logistics","Warehouse Inbound Team","Authorized supplier stock replenishment"
2026-03-09,RM-033,"Nutmeg Powder",8.08,kg,"San Miguel Mills Logistics","Warehouse Inbound Team","Authorized supplier stock replenishment"
2026-03-14,RM-033,"Nutmeg Powder",9.09,kg,"San Miguel Mills Logistics","Warehouse Inbound Team","Authorized supplier stock replenishment"
2026-03-19,RM-033,"Nutmeg Powder",9.26,kg,"San Miguel Mills Logistics","Warehouse Inbound Team","Authorized supplier stock replenishment"
2026-03-24,RM-033,"Nutmeg Powder",8.17,kg,"San Miguel Mills Logistics","Warehouse Inbound Team","Authorized supplier stock replenishment"
2026-03-29,RM-033,"Nutmeg Powder",8.49,kg,"San Miguel Mills Logistics","Warehouse Inbound Team","Authorized supplier stock replenishment"
2026-04-03,RM-033,"Nutmeg Powder",9.44,kg,"San Miguel Mills Logistics","Warehouse Inbound Team","Authorized supplier stock replenishment"
2026-04-08,RM-033,"Nutmeg Powder",8.69,kg,"San Miguel Mills Logistics","Warehouse Inbound Team","Authorized supplier stock replenishment"
2026-04-13,RM-033,"Nutmeg Powder",8.08,kg,"San Miguel Mills Logistics","Warehouse Inbound Team","Authorized supplier stock replenishment"
2026-04-18,RM-033,"Nutmeg Powder",9.11,kg,"San Miguel Mills Logistics","Warehouse Inbound Team","Authorized supplier stock replenishment"
2026-04-23,RM-033,"Nutmeg Powder",9.25,kg,"San Miguel Mills Logistics","Warehouse Inbound Team","Authorized supplier stock replenishment"
2026-04-28,RM-033,"Nutmeg Powder",8.16,kg,"San Miguel Mills Logistics","Warehouse Inbound Team","Authorized supplier stock replenishment"
2026-05-03,RM-033,"Nutmeg Powder",8.51,kg,"San Miguel Mills Logistics","Warehouse Inbound Team","Authorized supplier stock replenishment"
2026-05-08,RM-033,"Nutmeg Powder",9.44,kg,"San Miguel Mills Logistics","Warehouse Inbound Team","Authorized supplier stock replenishment"
2026-05-13,RM-033,"Nutmeg Powder",8.67,kg,"San Miguel Mills Logistics","Warehouse Inbound Team","Authorized supplier stock replenishment"
2026-05-18,RM-033,"Nutmeg Powder",8.09,kg,"San Miguel Mills Logistics","Warehouse Inbound Team","Authorized supplier stock replenishment"
2026-05-23,RM-033,"Nutmeg Powder",9.13,kg,"San Miguel Mills Logistics","Warehouse Inbound Team","Authorized supplier stock replenishment"
2026-05-28,RM-033,"Nutmeg Powder",9.24,kg,"San Miguel Mills Logistics","Warehouse Inbound Team","Authorized supplier stock replenishment"
2026-06-02,RM-033,"Nutmeg Powder",8.15,kg,"San Miguel Mills Logistics","Warehouse Inbound Team","Authorized supplier stock replenishment"
2026-06-07,RM-033,"Nutmeg Powder",8.53,kg,"San Miguel Mills Logistics","Warehouse Inbound Team","Authorized supplier stock replenishment"
2026-06-12,RM-033,"Nutmeg Powder",9.45,kg,"San Miguel Mills Logistics","Warehouse Inbound Team","Authorized supplier stock replenishment"
2026-06-17,RM-033,"Nutmeg Powder",8.65,kg,"San Miguel Mills Logistics","Warehouse Inbound Team","Authorized supplier stock replenishment"
2026-06-22,RM-033,"Nutmeg Powder",8.1,kg,"San Miguel Mills Logistics","Warehouse Inbound Team","Authorized supplier stock replenishment"
2026-06-27,RM-033,"Nutmeg Powder",9.14,kg,"San Miguel Mills Logistics","Warehouse Inbound Team","Authorized supplier stock replenishment"
2026-07-02,RM-033,"Nutmeg Powder",9.22,kg,"San Miguel Mills Logistics","Warehouse Inbound Team","Authorized supplier stock replenishment"
2026-07-07,RM-033,"Nutmeg Powder",8.14,kg,"San Miguel Mills Logistics","Warehouse Inbound Team","Authorized supplier stock replenishment"
2026-07-12,RM-033,"Nutmeg Powder",8.55,kg,"San Miguel Mills Logistics","Warehouse Inbound Team","Authorized supplier stock replenishment"
2026-07-17,RM-033,"Nutmeg Powder",9.45,kg,"San Miguel Mills Logistics","Warehouse Inbound Team","Authorized supplier stock replenishment"
2026-07-22,RM-033,"Nutmeg Powder",8.63,kg,"San Miguel Mills Logistics","Warehouse Inbound Team","Authorized supplier stock replenishment"
2026-07-27,RM-033,"Nutmeg Powder",8.1,kg,"San Miguel Mills Logistics","Warehouse Inbound Team","Authorized supplier stock replenishment"
2026-08-01,RM-033,"Nutmeg Powder",9.16,kg,"San Miguel Mills Logistics","Warehouse Inbound Team","Authorized supplier stock replenishment"
2026-08-06,RM-033,"Nutmeg Powder",9.2,kg,"San Miguel Mills Logistics","Warehouse Inbound Team","Authorized supplier stock replenishment"
2026-08-11,RM-033,"Nutmeg Powder",8.13,kg,"San Miguel Mills Logistics","Warehouse Inbound Team","Authorized supplier stock replenishment"
2026-08-16,RM-033,"Nutmeg Powder",8.57,kg,"San Miguel Mills Logistics","Warehouse Inbound Team","Authorized supplier stock replenishment"
2026-08-21,RM-033,"Nutmeg Powder",9.45,kg,"San Miguel Mills Logistics","Warehouse Inbound Team","Authorized supplier stock replenishment"
2026-08-26,RM-033,"Nutmeg Powder",8.6,kg,"San Miguel Mills Logistics","Warehouse Inbound Team","Authorized supplier stock replenishment"
2026-08-31,RM-033,"Nutmeg Powder",8.11,kg,"San Miguel Mills Logistics","Warehouse Inbound Team","Authorized supplier stock replenishment"
2026-01-04,RM-034,"Cheddar Cheese Block",122.12,kg,"Universal Robina Supply Corp","Warehouse Inbound Team","Authorized supplier stock replenishment"
2026-01-10,RM-034,"Cheddar Cheese Block",121.42,kg,"Universal Robina Supply Corp","Warehouse Inbound Team","Authorized supplier stock replenishment"
2026-01-16,RM-034,"Cheddar Cheese Block",108.16,kg,"Universal Robina Supply Corp","Warehouse Inbound Team","Authorized supplier stock replenishment"
2026-01-22,RM-034,"Cheddar Cheese Block",109.92,kg,"Universal Robina Supply Corp","Warehouse Inbound Team","Authorized supplier stock replenishment"
2026-01-28,RM-034,"Cheddar Cheese Block",123.03,kg,"Universal Robina Supply Corp","Warehouse Inbound Team","Authorized supplier stock replenishment"
2026-02-03,RM-034,"Cheddar Cheese Block",120.24,kg,"Universal Robina Supply Corp","Warehouse Inbound Team","Authorized supplier stock replenishment"
2026-02-09,RM-034,"Cheddar Cheese Block",107.35,kg,"Universal Robina Supply Corp","Warehouse Inbound Team","Authorized supplier stock replenishment"
2026-02-15,RM-034,"Cheddar Cheese Block",111.16,kg,"Universal Robina Supply Corp","Warehouse Inbound Team","Authorized supplier stock replenishment"
2026-02-21,RM-034,"Cheddar Cheese Block",123.75,kg,"Universal Robina Supply Corp","Warehouse Inbound Team","Authorized supplier stock replenishment"
2026-02-27,RM-034,"Cheddar Cheese Block",118.94,kg,"Universal Robina Supply Corp","Warehouse Inbound Team","Authorized supplier stock replenishment"
2026-03-05,RM-034,"Cheddar Cheese Block",106.73,kg,"Universal Robina Supply Corp","Warehouse Inbound Team","Authorized supplier stock replenishment"
2026-03-11,RM-034,"Cheddar Cheese Block",112.51,kg,"Universal Robina Supply Corp","Warehouse Inbound Team","Authorized supplier stock replenishment"
2026-03-17,RM-034,"Cheddar Cheese Block",124.26,kg,"Universal Robina Supply Corp","Warehouse Inbound Team","Authorized supplier stock replenishment"
2026-03-23,RM-034,"Cheddar Cheese Block",117.55,kg,"Universal Robina Supply Corp","Warehouse Inbound Team","Authorized supplier stock replenishment"
2026-03-29,RM-034,"Cheddar Cheese Block",106.33,kg,"Universal Robina Supply Corp","Warehouse Inbound Team","Authorized supplier stock replenishment"
2026-04-04,RM-034,"Cheddar Cheese Block",113.93,kg,"Universal Robina Supply Corp","Warehouse Inbound Team","Authorized supplier stock replenishment"
2026-04-10,RM-034,"Cheddar Cheese Block",124.55,kg,"Universal Robina Supply Corp","Warehouse Inbound Team","Authorized supplier stock replenishment"
2026-04-16,RM-034,"Cheddar Cheese Block",116.1,kg,"Universal Robina Supply Corp","Warehouse Inbound Team","Authorized supplier stock replenishment"
2026-04-22,RM-034,"Cheddar Cheese Block",106.16,kg,"Universal Robina Supply Corp","Warehouse Inbound Team","Authorized supplier stock replenishment"
2026-04-28,RM-034,"Cheddar Cheese Block",115.39,kg,"Universal Robina Supply Corp","Warehouse Inbound Team","Authorized supplier stock replenishment"
2026-05-04,RM-034,"Cheddar Cheese Block",124.61,kg,"Universal Robina Supply Corp","Warehouse Inbound Team","Authorized supplier stock replenishment"
2026-05-10,RM-034,"Cheddar Cheese Block",114.64,kg,"Universal Robina Supply Corp","Warehouse Inbound Team","Authorized supplier stock replenishment"
2026-05-16,RM-034,"Cheddar Cheese Block",106.22,kg,"Universal Robina Supply Corp","Warehouse Inbound Team","Authorized supplier stock replenishment"
2026-05-22,RM-034,"Cheddar Cheese Block",116.85,kg,"Universal Robina Supply Corp","Warehouse Inbound Team","Authorized supplier stock replenishment"
2026-05-28,RM-034,"Cheddar Cheese Block",124.43,kg,"Universal Robina Supply Corp","Warehouse Inbound Team","Authorized supplier stock replenishment"
2026-06-03,RM-034,"Cheddar Cheese Block",113.2,kg,"Universal Robina Supply Corp","Warehouse Inbound Team","Authorized supplier stock replenishment"
2026-06-09,RM-034,"Cheddar Cheese Block",106.51,kg,"Universal Robina Supply Corp","Warehouse Inbound Team","Authorized supplier stock replenishment"
2026-06-15,RM-034,"Cheddar Cheese Block",118.27,kg,"Universal Robina Supply Corp","Warehouse Inbound Team","Authorized supplier stock replenishment"
2026-06-21,RM-034,"Cheddar Cheese Block",124.03,kg,"Universal Robina Supply Corp","Warehouse Inbound Team","Authorized supplier stock replenishment"
2026-06-27,RM-034,"Cheddar Cheese Block",111.81,kg,"Universal Robina Supply Corp","Warehouse Inbound Team","Authorized supplier stock replenishment"
2026-07-03,RM-034,"Cheddar Cheese Block",107.02,kg,"Universal Robina Supply Corp","Warehouse Inbound Team","Authorized supplier stock replenishment"
2026-07-09,RM-034,"Cheddar Cheese Block",119.62,kg,"Universal Robina Supply Corp","Warehouse Inbound Team","Authorized supplier stock replenishment"
2026-07-15,RM-034,"Cheddar Cheese Block",123.41,kg,"Universal Robina Supply Corp","Warehouse Inbound Team","Authorized supplier stock replenishment"
2026-07-21,RM-034,"Cheddar Cheese Block",110.51,kg,"Universal Robina Supply Corp","Warehouse Inbound Team","Authorized supplier stock replenishment"
2026-07-27,RM-034,"Cheddar Cheese Block",107.74,kg,"Universal Robina Supply Corp","Warehouse Inbound Team","Authorized supplier stock replenishment"
2026-08-02,RM-034,"Cheddar Cheese Block",120.86,kg,"Universal Robina Supply Corp","Warehouse Inbound Team","Authorized supplier stock replenishment"
2026-08-08,RM-034,"Cheddar Cheese Block",122.59,kg,"Universal Robina Supply Corp","Warehouse Inbound Team","Authorized supplier stock replenishment"
2026-08-14,RM-034,"Cheddar Cheese Block",109.33,kg,"Universal Robina Supply Corp","Warehouse Inbound Team","Authorized supplier stock replenishment"
2026-08-20,RM-034,"Cheddar Cheese Block",108.66,kg,"Universal Robina Supply Corp","Warehouse Inbound Team","Authorized supplier stock replenishment"
2026-08-26,RM-034,"Cheddar Cheese Block",121.97,kg,"Universal Robina Supply Corp","Warehouse Inbound Team","Authorized supplier stock replenishment"
2026-09-01,RM-034,"Cheddar Cheese Block",89.59,kg,"Universal Robina Supply Corp","Warehouse Inbound Team","Authorized supplier stock replenishment"
2026-01-05,RM-035,"Cream Cheese",119.32,kg,"San Miguel Mills Logistics","Warehouse Inbound Team","Authorized supplier stock replenishment"
2026-01-11,RM-035,"Cream Cheese",133.66,kg,"San Miguel Mills Logistics","Warehouse Inbound Team","Authorized supplier stock replenishment"
2026-01-17,RM-035,"Cream Cheese",136.74,kg,"San Miguel Mills Logistics","Warehouse Inbound Team","Authorized supplier stock replenishment"
2026-01-23,RM-035,"Cream Cheese",122.16,kg,"San Miguel Mills Logistics","Warehouse Inbound Team","Authorized supplier stock replenishment"
2026-01-29,RM-035,"Cream Cheese",120.23,kg,"San Miguel Mills Logistics","Warehouse Inbound Team","Authorized supplier stock replenishment"
2026-02-04,RM-035,"Cream Cheese",134.97,kg,"San Miguel Mills Logistics","Warehouse Inbound Team","Authorized supplier stock replenishment"
2026-02-10,RM-035,"Cream Cheese",135.73,kg,"San Miguel Mills Logistics","Warehouse Inbound Team","Authorized supplier stock replenishment"
2026-02-16,RM-035,"Cream Cheese",120.93,kg,"San Miguel Mills Logistics","Warehouse Inbound Team","Authorized supplier stock replenishment"
2026-02-22,RM-035,"Cream Cheese",121.35,kg,"San Miguel Mills Logistics","Warehouse Inbound Team","Authorized supplier stock replenishment"
2026-02-28,RM-035,"Cream Cheese",136.11,kg,"San Miguel Mills Logistics","Warehouse Inbound Team","Authorized supplier stock replenishment"
2026-03-06,RM-035,"Cream Cheese",134.52,kg,"San Miguel Mills Logistics","Warehouse Inbound Team","Authorized supplier stock replenishment"
2026-03-12,RM-035,"Cream Cheese",119.89,kg,"San Miguel Mills Logistics","Warehouse Inbound Team","Authorized supplier stock replenishment"
2026-03-18,RM-035,"Cream Cheese",122.63,kg,"San Miguel Mills Logistics","Warehouse Inbound Team","Authorized supplier stock replenishment"
2026-03-24,RM-035,"Cream Cheese",137.05,kg,"San Miguel Mills Logistics","Warehouse Inbound Team","Authorized supplier stock replenishment"
2026-03-30,RM-035,"Cream Cheese",133.16,kg,"San Miguel Mills Logistics","Warehouse Inbound Team","Authorized supplier stock replenishment"
2026-04-05,RM-035,"Cream Cheese",119.05,kg,"San Miguel Mills Logistics","Warehouse Inbound Team","Authorized supplier stock replenishment"
2026-04-11,RM-035,"Cream Cheese",124.06,kg,"San Miguel Mills Logistics","Warehouse Inbound Team","Authorized supplier stock replenishment"
2026-04-17,RM-035,"Cream Cheese",137.77,kg,"San Miguel Mills Logistics","Warehouse Inbound Team","Authorized supplier stock replenishment"
2026-04-23,RM-035,"Cream Cheese",131.68,kg,"San Miguel Mills Logistics","Warehouse Inbound Team","Authorized supplier stock replenishment"
2026-04-29,RM-035,"Cream Cheese",118.45,kg,"San Miguel Mills Logistics","Warehouse Inbound Team","Authorized supplier stock replenishment"
2026-05-05,RM-035,"Cream Cheese",125.59,kg,"San Miguel Mills Logistics","Warehouse Inbound Team","Authorized supplier stock replenishment"
2026-05-11,RM-035,"Cream Cheese",138.25,kg,"San Miguel Mills Logistics","Warehouse Inbound Team","Authorized supplier stock replenishment"
2026-05-17,RM-035,"Cream Cheese",130.11,kg,"San Miguel Mills Logistics","Warehouse Inbound Team","Authorized supplier stock replenishment"
2026-05-23,RM-035,"Cream Cheese",118.09,kg,"San Miguel Mills Logistics","Warehouse Inbound Team","Authorized supplier stock replenishment"
2026-05-29,RM-035,"Cream Cheese",127.19,kg,"San Miguel Mills Logistics","Warehouse Inbound Team","Authorized supplier stock replenishment"
2026-06-04,RM-035,"Cream Cheese",138.49,kg,"San Miguel Mills Logistics","Warehouse Inbound Team","Authorized supplier stock replenishment"
2026-06-10,RM-035,"Cream Cheese",128.49,kg,"San Miguel Mills Logistics","Warehouse Inbound Team","Authorized supplier stock replenishment"
2026-06-16,RM-035,"Cream Cheese",117.99,kg,"San Miguel Mills Logistics","Warehouse Inbound Team","Authorized supplier stock replenishment"
2026-06-22,RM-035,"Cream Cheese",128.82,kg,"San Miguel Mills Logistics","Warehouse Inbound Team","Authorized supplier stock replenishment"
2026-06-28,RM-035,"Cream Cheese",138.46,kg,"San Miguel Mills Logistics","Warehouse Inbound Team","Authorized supplier stock replenishment"
2026-07-04,RM-035,"Cream Cheese",126.87,kg,"San Miguel Mills Logistics","Warehouse Inbound Team","Authorized supplier stock replenishment"
2026-07-10,RM-035,"Cream Cheese",118.14,kg,"San Miguel Mills Logistics","Warehouse Inbound Team","Authorized supplier stock replenishment"
2026-07-16,RM-035,"Cream Cheese",130.43,kg,"San Miguel Mills Logistics","Warehouse Inbound Team","Authorized supplier stock replenishment"
2026-07-22,RM-035,"Cream Cheese",138.18,kg,"San Miguel Mills Logistics","Warehouse Inbound Team","Authorized supplier stock replenishment"
2026-07-28,RM-035,"Cream Cheese",125.28,kg,"San Miguel Mills Logistics","Warehouse Inbound Team","Authorized supplier stock replenishment"
2026-08-03,RM-035,"Cream Cheese",118.55,kg,"San Miguel Mills Logistics","Warehouse Inbound Team","Authorized supplier stock replenishment"
2026-08-09,RM-035,"Cream Cheese",131.98,kg,"San Miguel Mills Logistics","Warehouse Inbound Team","Authorized supplier stock replenishment"
2026-08-15,RM-035,"Cream Cheese",137.65,kg,"San Miguel Mills Logistics","Warehouse Inbound Team","Authorized supplier stock replenishment"
2026-08-21,RM-035,"Cream Cheese",123.77,kg,"San Miguel Mills Logistics","Warehouse Inbound Team","Authorized supplier stock replenishment"
2026-08-27,RM-035,"Cream Cheese",119.2,kg,"San Miguel Mills Logistics","Warehouse Inbound Team","Authorized supplier stock replenishment"
2026-09-02,RM-035,"Cream Cheese",115.75,kg,"San Miguel Mills Logistics","Warehouse Inbound Team","Authorized supplier stock replenishment"
2026-01-01,RM-036,"Grated Parmesan Cheese",39.54,kg,"Universal Robina Supply Corp","Warehouse Inbound Team","Authorized supplier stock replenishment"
2026-01-06,RM-036,"Grated Parmesan Cheese",41.9,kg,"Universal Robina Supply Corp","Warehouse Inbound Team","Authorized supplier stock replenishment"
2026-01-11,RM-036,"Grated Parmesan Cheese",46.03,kg,"Universal Robina Supply Corp","Warehouse Inbound Team","Authorized supplier stock replenishment"
2026-01-16,RM-036,"Grated Parmesan Cheese",41.8,kg,"Universal Robina Supply Corp","Warehouse Inbound Team","Authorized supplier stock replenishment"
2026-01-21,RM-036,"Grated Parmesan Cheese",39.59,kg,"Universal Robina Supply Corp","Warehouse Inbound Team","Authorized supplier stock replenishment"
2026-01-26,RM-036,"Grated Parmesan Cheese",44.82,kg,"Universal Robina Supply Corp","Warehouse Inbound Team","Authorized supplier stock replenishment"
2026-01-31,RM-036,"Grated Parmesan Cheese",44.66,kg,"Universal Robina Supply Corp","Warehouse Inbound Team","Authorized supplier stock replenishment"
2026-02-05,RM-036,"Grated Parmesan Cheese",39.5,kg,"Universal Robina Supply Corp","Warehouse Inbound Team","Authorized supplier stock replenishment"
2026-02-10,RM-036,"Grated Parmesan Cheese",42,kg,"Universal Robina Supply Corp","Warehouse Inbound Team","Authorized supplier stock replenishment"
2026-02-15,RM-036,"Grated Parmesan Cheese",46.03,kg,"Universal Robina Supply Corp","Warehouse Inbound Team","Authorized supplier stock replenishment"
2026-02-20,RM-036,"Grated Parmesan Cheese",41.7,kg,"Universal Robina Supply Corp","Warehouse Inbound Team","Authorized supplier stock replenishment"
2026-02-25,RM-036,"Grated Parmesan Cheese",39.64,kg,"Universal Robina Supply Corp","Warehouse Inbound Team","Authorized supplier stock replenishment"
2026-03-02,RM-036,"Grated Parmesan Cheese",44.9,kg,"Universal Robina Supply Corp","Warehouse Inbound Team","Authorized supplier stock replenishment"
2026-03-07,RM-036,"Grated Parmesan Cheese",44.58,kg,"Universal Robina Supply Corp","Warehouse Inbound Team","Authorized supplier stock replenishment"
2026-03-12,RM-036,"Grated Parmesan Cheese",39.46,kg,"Universal Robina Supply Corp","Warehouse Inbound Team","Authorized supplier stock replenishment"
2026-03-17,RM-036,"Grated Parmesan Cheese",42.1,kg,"Universal Robina Supply Corp","Warehouse Inbound Team","Authorized supplier stock replenishment"
2026-03-22,RM-036,"Grated Parmesan Cheese",46.02,kg,"Universal Robina Supply Corp","Warehouse Inbound Team","Authorized supplier stock replenishment"
2026-03-27,RM-036,"Grated Parmesan Cheese",41.6,kg,"Universal Robina Supply Corp","Warehouse Inbound Team","Authorized supplier stock replenishment"
2026-04-01,RM-036,"Grated Parmesan Cheese",39.69,kg,"Universal Robina Supply Corp","Warehouse Inbound Team","Authorized supplier stock replenishment"
2026-04-06,RM-036,"Grated Parmesan Cheese",44.98,kg,"Universal Robina Supply Corp","Warehouse Inbound Team","Authorized supplier stock replenishment"
2026-04-11,RM-036,"Grated Parmesan Cheese",44.49,kg,"Universal Robina Supply Corp","Warehouse Inbound Team","Authorized supplier stock replenishment"
2026-04-16,RM-036,"Grated Parmesan Cheese",39.42,kg,"Universal Robina Supply Corp","Warehouse Inbound Team","Authorized supplier stock replenishment"
2026-04-21,RM-036,"Grated Parmesan Cheese",42.21,kg,"Universal Robina Supply Corp","Warehouse Inbound Team","Authorized supplier stock replenishment"
2026-04-26,RM-036,"Grated Parmesan Cheese",46.01,kg,"Universal Robina Supply Corp","Warehouse Inbound Team","Authorized supplier stock replenishment"
2026-05-01,RM-036,"Grated Parmesan Cheese",41.5,kg,"Universal Robina Supply Corp","Warehouse Inbound Team","Authorized supplier stock replenishment"
2026-05-06,RM-036,"Grated Parmesan Cheese",39.74,kg,"Universal Robina Supply Corp","Warehouse Inbound Team","Authorized supplier stock replenishment"
2026-05-11,RM-036,"Grated Parmesan Cheese",45.05,kg,"Universal Robina Supply Corp","Warehouse Inbound Team","Authorized supplier stock replenishment"
2026-05-16,RM-036,"Grated Parmesan Cheese",44.4,kg,"Universal Robina Supply Corp","Warehouse Inbound Team","Authorized supplier stock replenishment"
2026-05-21,RM-036,"Grated Parmesan Cheese",39.39,kg,"Universal Robina Supply Corp","Warehouse Inbound Team","Authorized supplier stock replenishment"
2026-05-26,RM-036,"Grated Parmesan Cheese",42.31,kg,"Universal Robina Supply Corp","Warehouse Inbound Team","Authorized supplier stock replenishment"
2026-05-31,RM-036,"Grated Parmesan Cheese",46,kg,"Universal Robina Supply Corp","Warehouse Inbound Team","Authorized supplier stock replenishment"
2026-06-05,RM-036,"Grated Parmesan Cheese",41.4,kg,"Universal Robina Supply Corp","Warehouse Inbound Team","Authorized supplier stock replenishment"
2026-06-10,RM-036,"Grated Parmesan Cheese",39.8,kg,"Universal Robina Supply Corp","Warehouse Inbound Team","Authorized supplier stock replenishment"
2026-06-15,RM-036,"Grated Parmesan Cheese",45.12,kg,"Universal Robina Supply Corp","Warehouse Inbound Team","Authorized supplier stock replenishment"
2026-06-20,RM-036,"Grated Parmesan Cheese",44.31,kg,"Universal Robina Supply Corp","Warehouse Inbound Team","Authorized supplier stock replenishment"
2026-06-25,RM-036,"Grated Parmesan Cheese",39.36,kg,"Universal Robina Supply Corp","Warehouse Inbound Team","Authorized supplier stock replenishment"
2026-06-30,RM-036,"Grated Parmesan Cheese",42.41,kg,"Universal Robina Supply Corp","Warehouse Inbound Team","Authorized supplier stock replenishment"
2026-07-05,RM-036,"Grated Parmesan Cheese",45.98,kg,"Universal Robina Supply Corp","Warehouse Inbound Team","Authorized supplier stock replenishment"
2026-07-10,RM-036,"Grated Parmesan Cheese",41.31,kg,"Universal Robina Supply Corp","Warehouse Inbound Team","Authorized supplier stock replenishment"
2026-07-15,RM-036,"Grated Parmesan Cheese",39.86,kg,"Universal Robina Supply Corp","Warehouse Inbound Team","Authorized supplier stock replenishment"
2026-07-20,RM-036,"Grated Parmesan Cheese",45.19,kg,"Universal Robina Supply Corp","Warehouse Inbound Team","Authorized supplier stock replenishment"
2026-07-25,RM-036,"Grated Parmesan Cheese",44.22,kg,"Universal Robina Supply Corp","Warehouse Inbound Team","Authorized supplier stock replenishment"
2026-07-30,RM-036,"Grated Parmesan Cheese",39.33,kg,"Universal Robina Supply Corp","Warehouse Inbound Team","Authorized supplier stock replenishment"
2026-08-04,RM-036,"Grated Parmesan Cheese",42.52,kg,"Universal Robina Supply Corp","Warehouse Inbound Team","Authorized supplier stock replenishment"
2026-08-09,RM-036,"Grated Parmesan Cheese",45.97,kg,"Universal Robina Supply Corp","Warehouse Inbound Team","Authorized supplier stock replenishment"
2026-08-14,RM-036,"Grated Parmesan Cheese",41.21,kg,"Universal Robina Supply Corp","Warehouse Inbound Team","Authorized supplier stock replenishment"
2026-08-19,RM-036,"Grated Parmesan Cheese",39.92,kg,"Universal Robina Supply Corp","Warehouse Inbound Team","Authorized supplier stock replenishment"
2026-08-24,RM-036,"Grated Parmesan Cheese",45.26,kg,"Universal Robina Supply Corp","Warehouse Inbound Team","Authorized supplier stock replenishment"
2026-08-29,RM-036,"Grated Parmesan Cheese",44.13,kg,"Universal Robina Supply Corp","Warehouse Inbound Team","Authorized supplier stock replenishment"
2026-01-02,RM-037,"Quick-Melt Cheese",81.44,kg,"San Miguel Mills Logistics","Warehouse Inbound Team","Authorized supplier stock replenishment"
2026-01-07,RM-037,"Quick-Melt Cheese",88.93,kg,"San Miguel Mills Logistics","Warehouse Inbound Team","Authorized supplier stock replenishment"
2026-01-12,RM-037,"Quick-Melt Cheese",80.31,kg,"San Miguel Mills Logistics","Warehouse Inbound Team","Authorized supplier stock replenishment"
2026-01-17,RM-037,"Quick-Melt Cheese",76.73,kg,"San Miguel Mills Logistics","Warehouse Inbound Team","Authorized supplier stock replenishment"
2026-01-22,RM-037,"Quick-Melt Cheese",86.97,kg,"San Miguel Mills Logistics","Warehouse Inbound Team","Authorized supplier stock replenishment"
2026-01-27,RM-037,"Quick-Melt Cheese",85.9,kg,"San Miguel Mills Logistics","Warehouse Inbound Team","Authorized supplier stock replenishment"
2026-02-01,RM-037,"Quick-Melt Cheese",76.15,kg,"San Miguel Mills Logistics","Warehouse Inbound Team","Authorized supplier stock replenishment"
2026-02-06,RM-037,"Quick-Melt Cheese",81.64,kg,"San Miguel Mills Logistics","Warehouse Inbound Team","Authorized supplier stock replenishment"
2026-02-11,RM-037,"Quick-Melt Cheese",88.91,kg,"San Miguel Mills Logistics","Warehouse Inbound Team","Authorized supplier stock replenishment"
2026-02-16,RM-037,"Quick-Melt Cheese",80.12,kg,"San Miguel Mills Logistics","Warehouse Inbound Team","Authorized supplier stock replenishment"
2026-02-21,RM-037,"Quick-Melt Cheese",76.84,kg,"San Miguel Mills Logistics","Warehouse Inbound Team","Authorized supplier stock replenishment"
2026-02-26,RM-037,"Quick-Melt Cheese",87.12,kg,"San Miguel Mills Logistics","Warehouse Inbound Team","Authorized supplier stock replenishment"
2026-03-03,RM-037,"Quick-Melt Cheese",85.73,kg,"San Miguel Mills Logistics","Warehouse Inbound Team","Authorized supplier stock replenishment"
2026-03-08,RM-037,"Quick-Melt Cheese",76.08,kg,"San Miguel Mills Logistics","Warehouse Inbound Team","Authorized supplier stock replenishment"
2026-03-13,RM-037,"Quick-Melt Cheese",81.84,kg,"San Miguel Mills Logistics","Warehouse Inbound Team","Authorized supplier stock replenishment"
2026-03-18,RM-037,"Quick-Melt Cheese",88.88,kg,"San Miguel Mills Logistics","Warehouse Inbound Team","Authorized supplier stock replenishment"
2026-03-23,RM-037,"Quick-Melt Cheese",79.93,kg,"San Miguel Mills Logistics","Warehouse Inbound Team","Authorized supplier stock replenishment"
2026-03-28,RM-037,"Quick-Melt Cheese",76.95,kg,"San Miguel Mills Logistics","Warehouse Inbound Team","Authorized supplier stock replenishment"
2026-04-02,RM-037,"Quick-Melt Cheese",87.25,kg,"San Miguel Mills Logistics","Warehouse Inbound Team","Authorized supplier stock replenishment"
2026-04-07,RM-037,"Quick-Melt Cheese",85.56,kg,"San Miguel Mills Logistics","Warehouse Inbound Team","Authorized supplier stock replenishment"
2026-04-12,RM-037,"Quick-Melt Cheese",76.03,kg,"San Miguel Mills Logistics","Warehouse Inbound Team","Authorized supplier stock replenishment"
2026-04-17,RM-037,"Quick-Melt Cheese",82.04,kg,"San Miguel Mills Logistics","Warehouse Inbound Team","Authorized supplier stock replenishment"
2026-04-22,RM-037,"Quick-Melt Cheese",88.85,kg,"San Miguel Mills Logistics","Warehouse Inbound Team","Authorized supplier stock replenishment"
2026-04-27,RM-037,"Quick-Melt Cheese",79.74,kg,"San Miguel Mills Logistics","Warehouse Inbound Team","Authorized supplier stock replenishment"
2026-05-02,RM-037,"Quick-Melt Cheese",77.07,kg,"San Miguel Mills Logistics","Warehouse Inbound Team","Authorized supplier stock replenishment"
2026-05-07,RM-037,"Quick-Melt Cheese",87.38,kg,"San Miguel Mills Logistics","Warehouse Inbound Team","Authorized supplier stock replenishment"
2026-05-12,RM-037,"Quick-Melt Cheese",85.38,kg,"San Miguel Mills Logistics","Warehouse Inbound Team","Authorized supplier stock replenishment"
2026-05-17,RM-037,"Quick-Melt Cheese",75.97,kg,"San Miguel Mills Logistics","Warehouse Inbound Team","Authorized supplier stock replenishment"
2026-05-22,RM-037,"Quick-Melt Cheese",82.24,kg,"San Miguel Mills Logistics","Warehouse Inbound Team","Authorized supplier stock replenishment"
2026-05-27,RM-037,"Quick-Melt Cheese",88.81,kg,"San Miguel Mills Logistics","Warehouse Inbound Team","Authorized supplier stock replenishment"
2026-06-01,RM-037,"Quick-Melt Cheese",79.56,kg,"San Miguel Mills Logistics","Warehouse Inbound Team","Authorized supplier stock replenishment"
2026-06-06,RM-037,"Quick-Melt Cheese",77.19,kg,"San Miguel Mills Logistics","Warehouse Inbound Team","Authorized supplier stock replenishment"
2026-06-11,RM-037,"Quick-Melt Cheese",87.51,kg,"San Miguel Mills Logistics","Warehouse Inbound Team","Authorized supplier stock replenishment"
2026-06-16,RM-037,"Quick-Melt Cheese",85.2,kg,"San Miguel Mills Logistics","Warehouse Inbound Team","Authorized supplier stock replenishment"
2026-06-21,RM-037,"Quick-Melt Cheese",75.93,kg,"San Miguel Mills Logistics","Warehouse Inbound Team","Authorized supplier stock replenishment"
2026-06-26,RM-037,"Quick-Melt Cheese",82.45,kg,"San Miguel Mills Logistics","Warehouse Inbound Team","Authorized supplier stock replenishment"
2026-07-01,RM-037,"Quick-Melt Cheese",88.76,kg,"San Miguel Mills Logistics","Warehouse Inbound Team","Authorized supplier stock replenishment"
2026-07-06,RM-037,"Quick-Melt Cheese",79.38,kg,"San Miguel Mills Logistics","Warehouse Inbound Team","Authorized supplier stock replenishment"
2026-07-11,RM-037,"Quick-Melt Cheese",77.32,kg,"San Miguel Mills Logistics","Warehouse Inbound Team","Authorized supplier stock replenishment"
2026-07-16,RM-037,"Quick-Melt Cheese",87.64,kg,"San Miguel Mills Logistics","Warehouse Inbound Team","Authorized supplier stock replenishment"
2026-07-21,RM-037,"Quick-Melt Cheese",85.02,kg,"San Miguel Mills Logistics","Warehouse Inbound Team","Authorized supplier stock replenishment"
2026-07-26,RM-037,"Quick-Melt Cheese",75.89,kg,"San Miguel Mills Logistics","Warehouse Inbound Team","Authorized supplier stock replenishment"
2026-07-31,RM-037,"Quick-Melt Cheese",82.65,kg,"San Miguel Mills Logistics","Warehouse Inbound Team","Authorized supplier stock replenishment"
2026-08-05,RM-037,"Quick-Melt Cheese",88.71,kg,"San Miguel Mills Logistics","Warehouse Inbound Team","Authorized supplier stock replenishment"
2026-08-10,RM-037,"Quick-Melt Cheese",79.2,kg,"San Miguel Mills Logistics","Warehouse Inbound Team","Authorized supplier stock replenishment"
2026-08-15,RM-037,"Quick-Melt Cheese",77.45,kg,"San Miguel Mills Logistics","Warehouse Inbound Team","Authorized supplier stock replenishment"
2026-08-20,RM-037,"Quick-Melt Cheese",87.75,kg,"San Miguel Mills Logistics","Warehouse Inbound Team","Authorized supplier stock replenishment"
2026-08-25,RM-037,"Quick-Melt Cheese",84.83,kg,"San Miguel Mills Logistics","Warehouse Inbound Team","Authorized supplier stock replenishment"
2026-08-30,RM-037,"Quick-Melt Cheese",75.85,kg,"San Miguel Mills Logistics","Warehouse Inbound Team","Authorized supplier stock replenishment"
2026-01-02,RM-038,"Roasted Almond Slices",54.94,kg,"Universal Robina Supply Corp","Warehouse Inbound Team","Authorized supplier stock replenishment"
2026-01-08,RM-038,"Roasted Almond Slices",57.44,kg,"Universal Robina Supply Corp","Warehouse Inbound Team","Authorized supplier stock replenishment"
2026-01-14,RM-038,"Roasted Almond Slices",63.7,kg,"Universal Robina Supply Corp","Warehouse Inbound Team","Authorized supplier stock replenishment"
2026-01-20,RM-038,"Roasted Almond Slices",60.71,kg,"Universal Robina Supply Corp","Warehouse Inbound Team","Authorized supplier stock replenishment"
2026-01-26,RM-038,"Roasted Almond Slices",54.69,kg,"Universal Robina Supply Corp","Warehouse Inbound Team","Authorized supplier stock replenishment"
2026-02-01,RM-038,"Roasted Almond Slices",58.16,kg,"Universal Robina Supply Corp","Warehouse Inbound Team","Authorized supplier stock replenishment"
2026-02-07,RM-038,"Roasted Almond Slices",63.9,kg,"Universal Robina Supply Corp","Warehouse Inbound Team","Authorized supplier stock replenishment"
2026-02-13,RM-038,"Roasted Almond Slices",59.97,kg,"Universal Robina Supply Corp","Warehouse Inbound Team","Authorized supplier stock replenishment"
2026-02-19,RM-038,"Roasted Almond Slices",54.54,kg,"Universal Robina Supply Corp","Warehouse Inbound Team","Authorized supplier stock replenishment"
2026-02-25,RM-038,"Roasted Almond Slices",58.9,kg,"Universal Robina Supply Corp","Warehouse Inbound Team","Authorized supplier stock replenishment"
2026-03-03,RM-038,"Roasted Almond Slices",63.99,kg,"Universal Robina Supply Corp","Warehouse Inbound Team","Authorized supplier stock replenishment"
2026-03-09,RM-038,"Roasted Almond Slices",59.23,kg,"Universal Robina Supply Corp","Warehouse Inbound Team","Authorized supplier stock replenishment"
2026-03-15,RM-038,"Roasted Almond Slices",54.52,kg,"Universal Robina Supply Corp","Warehouse Inbound Team","Authorized supplier stock replenishment"
2026-03-21,RM-038,"Roasted Almond Slices",59.65,kg,"Universal Robina Supply Corp","Warehouse Inbound Team","Authorized supplier stock replenishment"
2026-03-27,RM-038,"Roasted Almond Slices",63.95,kg,"Universal Robina Supply Corp","Warehouse Inbound Team","Authorized supplier stock replenishment"
2026-04-02,RM-038,"Roasted Almond Slices",58.48,kg,"Universal Robina Supply Corp","Warehouse Inbound Team","Authorized supplier stock replenishment"
2026-04-08,RM-038,"Roasted Almond Slices",54.61,kg,"Universal Robina Supply Corp","Warehouse Inbound Team","Authorized supplier stock replenishment"
2026-04-14,RM-038,"Roasted Almond Slices",60.39,kg,"Universal Robina Supply Corp","Warehouse Inbound Team","Authorized supplier stock replenishment"
2026-04-20,RM-038,"Roasted Almond Slices",63.8,kg,"Universal Robina Supply Corp","Warehouse Inbound Team","Authorized supplier stock replenishment"
2026-04-26,RM-038,"Roasted Almond Slices",57.75,kg,"Universal Robina Supply Corp","Warehouse Inbound Team","Authorized supplier stock replenishment"
2026-05-02,RM-038,"Roasted Almond Slices",54.82,kg,"Universal Robina Supply Corp","Warehouse Inbound Team","Authorized supplier stock replenishment"
2026-05-08,RM-038,"Roasted Almond Slices",61.11,kg,"Universal Robina Supply Corp","Warehouse Inbound Team","Authorized supplier stock replenishment"
2026-05-14,RM-038,"Roasted Almond Slices",63.54,kg,"Universal Robina Supply Corp","Warehouse Inbound Team","Authorized supplier stock replenishment"
2026-05-20,RM-038,"Roasted Almond Slices",57.06,kg,"Universal Robina Supply Corp","Warehouse Inbound Team","Authorized supplier stock replenishment"
2026-05-26,RM-038,"Roasted Almond Slices",55.14,kg,"Universal Robina Supply Corp","Warehouse Inbound Team","Authorized supplier stock replenishment"
2026-06-01,RM-038,"Roasted Almond Slices",61.77,kg,"Universal Robina Supply Corp","Warehouse Inbound Team","Authorized supplier stock replenishment"
2026-06-07,RM-038,"Roasted Almond Slices",63.16,kg,"Universal Robina Supply Corp","Warehouse Inbound Team","Authorized supplier stock replenishment"
2026-06-13,RM-038,"Roasted Almond Slices",56.42,kg,"Universal Robina Supply Corp","Warehouse Inbound Team","Authorized supplier stock replenishment"
2026-06-19,RM-038,"Roasted Almond Slices",55.56,kg,"Universal Robina Supply Corp","Warehouse Inbound Team","Authorized supplier stock replenishment"
2026-06-25,RM-038,"Roasted Almond Slices",62.37,kg,"Universal Robina Supply Corp","Warehouse Inbound Team","Authorized supplier stock replenishment"
2026-07-01,RM-038,"Roasted Almond Slices",62.69,kg,"Universal Robina Supply Corp","Warehouse Inbound Team","Authorized supplier stock replenishment"
2026-07-07,RM-038,"Roasted Almond Slices",55.86,kg,"Universal Robina Supply Corp","Warehouse Inbound Team","Authorized supplier stock replenishment"
2026-07-13,RM-038,"Roasted Almond Slices",56.08,kg,"Universal Robina Supply Corp","Warehouse Inbound Team","Authorized supplier stock replenishment"
2026-07-19,RM-038,"Roasted Almond Slices",62.9,kg,"Universal Robina Supply Corp","Warehouse Inbound Team","Authorized supplier stock replenishment"
2026-07-25,RM-038,"Roasted Almond Slices",62.13,kg,"Universal Robina Supply Corp","Warehouse Inbound Team","Authorized supplier stock replenishment"
2026-07-31,RM-038,"Roasted Almond Slices",55.38,kg,"Universal Robina Supply Corp","Warehouse Inbound Team","Authorized supplier stock replenishment"
2026-08-06,RM-038,"Roasted Almond Slices",56.68,kg,"Universal Robina Supply Corp","Warehouse Inbound Team","Authorized supplier stock replenishment"
2026-08-12,RM-038,"Roasted Almond Slices",63.33,kg,"Universal Robina Supply Corp","Warehouse Inbound Team","Authorized supplier stock replenishment"
2026-08-18,RM-038,"Roasted Almond Slices",61.5,kg,"Universal Robina Supply Corp","Warehouse Inbound Team","Authorized supplier stock replenishment"
2026-08-24,RM-038,"Roasted Almond Slices",54.99,kg,"Universal Robina Supply Corp","Warehouse Inbound Team","Authorized supplier stock replenishment"
2026-08-30,RM-038,"Roasted Almond Slices",53.62,kg,"Universal Robina Supply Corp","Warehouse Inbound Team","Authorized supplier stock replenishment"
2026-01-03,RM-039,"Walnut Halves",49.73,kg,"San Miguel Mills Logistics","Warehouse Inbound Team","Authorized supplier stock replenishment"
2026-01-09,RM-039,"Walnut Halves",44.3,kg,"San Miguel Mills Logistics","Warehouse Inbound Team","Authorized supplier stock replenishment"
2026-01-15,RM-039,"Walnut Halves",44.91,kg,"San Miguel Mills Logistics","Warehouse Inbound Team","Authorized supplier stock replenishment"
2026-01-21,RM-039,"Walnut Halves",50.29,kg,"San Miguel Mills Logistics","Warehouse Inbound Team","Authorized supplier stock replenishment"
2026-01-27,RM-039,"Walnut Halves",49.25,kg,"San Miguel Mills Logistics","Warehouse Inbound Team","Authorized supplier stock replenishment"
2026-02-02,RM-039,"Walnut Halves",43.95,kg,"San Miguel Mills Logistics","Warehouse Inbound Team","Authorized supplier stock replenishment"
2026-02-08,RM-039,"Walnut Halves",45.41,kg,"San Miguel Mills Logistics","Warehouse Inbound Team","Authorized supplier stock replenishment"
2026-02-14,RM-039,"Walnut Halves",50.59,kg,"San Miguel Mills Logistics","Warehouse Inbound Team","Authorized supplier stock replenishment"
2026-02-20,RM-039,"Walnut Halves",48.73,kg,"San Miguel Mills Logistics","Warehouse Inbound Team","Authorized supplier stock replenishment"
2026-02-26,RM-039,"Walnut Halves",43.69,kg,"San Miguel Mills Logistics","Warehouse Inbound Team","Authorized supplier stock replenishment"
2026-03-04,RM-039,"Walnut Halves",45.95,kg,"San Miguel Mills Logistics","Warehouse Inbound Team","Authorized supplier stock replenishment"
2026-03-10,RM-039,"Walnut Halves",50.81,kg,"San Miguel Mills Logistics","Warehouse Inbound Team","Authorized supplier stock replenishment"
2026-03-16,RM-039,"Walnut Halves",48.16,kg,"San Miguel Mills Logistics","Warehouse Inbound Team","Authorized supplier stock replenishment"
2026-03-22,RM-039,"Walnut Halves",43.52,kg,"San Miguel Mills Logistics","Warehouse Inbound Team","Authorized supplier stock replenishment"
2026-03-28,RM-039,"Walnut Halves",46.53,kg,"San Miguel Mills Logistics","Warehouse Inbound Team","Authorized supplier stock replenishment"
2026-04-03,RM-039,"Walnut Halves",50.94,kg,"San Miguel Mills Logistics","Warehouse Inbound Team","Authorized supplier stock replenishment"
2026-04-09,RM-039,"Walnut Halves",47.57,kg,"San Miguel Mills Logistics","Warehouse Inbound Team","Authorized supplier stock replenishment"
2026-04-15,RM-039,"Walnut Halves",43.43,kg,"San Miguel Mills Logistics","Warehouse Inbound Team","Authorized supplier stock replenishment"
2026-04-21,RM-039,"Walnut Halves",47.13,kg,"San Miguel Mills Logistics","Warehouse Inbound Team","Authorized supplier stock replenishment"
2026-04-27,RM-039,"Walnut Halves",50.98,kg,"San Miguel Mills Logistics","Warehouse Inbound Team","Authorized supplier stock replenishment"
2026-05-03,RM-039,"Walnut Halves",46.98,kg,"San Miguel Mills Logistics","Warehouse Inbound Team","Authorized supplier stock replenishment"
2026-05-09,RM-039,"Walnut Halves",43.44,kg,"San Miguel Mills Logistics","Warehouse Inbound Team","Authorized supplier stock replenishment"
2026-05-15,RM-039,"Walnut Halves",47.73,kg,"San Miguel Mills Logistics","Warehouse Inbound Team","Authorized supplier stock replenishment"
2026-05-21,RM-039,"Walnut Halves",50.92,kg,"San Miguel Mills Logistics","Warehouse Inbound Team","Authorized supplier stock replenishment"
2026-05-27,RM-039,"Walnut Halves",46.38,kg,"San Miguel Mills Logistics","Warehouse Inbound Team","Authorized supplier stock replenishment"
2026-06-02,RM-039,"Walnut Halves",43.55,kg,"San Miguel Mills Logistics","Warehouse Inbound Team","Authorized supplier stock replenishment"
2026-06-08,RM-039,"Walnut Halves",48.31,kg,"San Miguel Mills Logistics","Warehouse Inbound Team","Authorized supplier stock replenishment"
2026-06-14,RM-039,"Walnut Halves",50.77,kg,"San Miguel Mills Logistics","Warehouse Inbound Team","Authorized supplier stock replenishment"
2026-06-20,RM-039,"Walnut Halves",45.81,kg,"San Miguel Mills Logistics","Warehouse Inbound Team","Authorized supplier stock replenishment"
2026-06-26,RM-039,"Walnut Halves",43.75,kg,"San Miguel Mills Logistics","Warehouse Inbound Team","Authorized supplier stock replenishment"
2026-07-02,RM-039,"Walnut Halves",48.87,kg,"San Miguel Mills Logistics","Warehouse Inbound Team","Authorized supplier stock replenishment"
2026-07-08,RM-039,"Walnut Halves",50.52,kg,"San Miguel Mills Logistics","Warehouse Inbound Team","Authorized supplier stock replenishment"
2026-07-14,RM-039,"Walnut Halves",45.27,kg,"San Miguel Mills Logistics","Warehouse Inbound Team","Authorized supplier stock replenishment"
2026-07-20,RM-039,"Walnut Halves",44.03,kg,"San Miguel Mills Logistics","Warehouse Inbound Team","Authorized supplier stock replenishment"
2026-07-26,RM-039,"Walnut Halves",49.38,kg,"San Miguel Mills Logistics","Warehouse Inbound Team","Authorized supplier stock replenishment"
2026-08-01,RM-039,"Walnut Halves",50.2,kg,"San Miguel Mills Logistics","Warehouse Inbound Team","Authorized supplier stock replenishment"
2026-08-07,RM-039,"Walnut Halves",44.79,kg,"San Miguel Mills Logistics","Warehouse Inbound Team","Authorized supplier stock replenishment"
2026-08-13,RM-039,"Walnut Halves",44.4,kg,"San Miguel Mills Logistics","Warehouse Inbound Team","Authorized supplier stock replenishment"
2026-08-19,RM-039,"Walnut Halves",49.84,kg,"San Miguel Mills Logistics","Warehouse Inbound Team","Authorized supplier stock replenishment"
2026-08-25,RM-039,"Walnut Halves",49.8,kg,"San Miguel Mills Logistics","Warehouse Inbound Team","Authorized supplier stock replenishment"
2026-08-31,RM-039,"Walnut Halves",36.81,kg,"San Miguel Mills Logistics","Warehouse Inbound Team","Authorized supplier stock replenishment"
2026-01-05,RM-040,"Desiccated Coconut (Medium)",59.45,kg,"Universal Robina Supply Corp","Warehouse Inbound Team","Authorized supplier stock replenishment"
2026-01-10,RM-040,"Desiccated Coconut (Medium)",67.32,kg,"Universal Robina Supply Corp","Warehouse Inbound Team","Authorized supplier stock replenishment"
2026-01-15,RM-040,"Desiccated Coconut (Medium)",64.8,kg,"Universal Robina Supply Corp","Warehouse Inbound Team","Authorized supplier stock replenishment"
2026-01-20,RM-040,"Desiccated Coconut (Medium)",58.08,kg,"Universal Robina Supply Corp","Warehouse Inbound Team","Authorized supplier stock replenishment"
2026-01-25,RM-040,"Desiccated Coconut (Medium)",63.65,kg,"Universal Robina Supply Corp","Warehouse Inbound Team","Authorized supplier stock replenishment"
2026-01-30,RM-040,"Desiccated Coconut (Medium)",67.85,kg,"Universal Robina Supply Corp","Warehouse Inbound Team","Authorized supplier stock replenishment"
2026-02-04,RM-040,"Desiccated Coconut (Medium)",60.37,kg,"Universal Robina Supply Corp","Warehouse Inbound Team","Authorized supplier stock replenishment"
2026-02-09,RM-040,"Desiccated Coconut (Medium)",59.56,kg,"Universal Robina Supply Corp","Warehouse Inbound Team","Authorized supplier stock replenishment"
2026-02-14,RM-040,"Desiccated Coconut (Medium)",67.4,kg,"Universal Robina Supply Corp","Warehouse Inbound Team","Authorized supplier stock replenishment"
2026-02-19,RM-040,"Desiccated Coconut (Medium)",64.65,kg,"Universal Robina Supply Corp","Warehouse Inbound Team","Authorized supplier stock replenishment"
2026-02-24,RM-040,"Desiccated Coconut (Medium)",58.06,kg,"Universal Robina Supply Corp","Warehouse Inbound Team","Authorized supplier stock replenishment"
2026-03-01,RM-040,"Desiccated Coconut (Medium)",63.8,kg,"Universal Robina Supply Corp","Warehouse Inbound Team","Authorized supplier stock replenishment"
2026-03-06,RM-040,"Desiccated Coconut (Medium)",67.79,kg,"Universal Robina Supply Corp","Warehouse Inbound Team","Authorized supplier stock replenishment"
2026-03-11,RM-040,"Desiccated Coconut (Medium)",60.24,kg,"Universal Robina Supply Corp","Warehouse Inbound Team","Authorized supplier stock replenishment"
2026-03-16,RM-040,"Desiccated Coconut (Medium)",59.67,kg,"Universal Robina Supply Corp","Warehouse Inbound Team","Authorized supplier stock replenishment"
2026-03-21,RM-040,"Desiccated Coconut (Medium)",67.48,kg,"Universal Robina Supply Corp","Warehouse Inbound Team","Authorized supplier stock replenishment"
2026-03-26,RM-040,"Desiccated Coconut (Medium)",64.51,kg,"Universal Robina Supply Corp","Warehouse Inbound Team","Authorized supplier stock replenishment"
2026-03-31,RM-040,"Desiccated Coconut (Medium)",58.05,kg,"Universal Robina Supply Corp","Warehouse Inbound Team","Authorized supplier stock replenishment"
2026-04-05,RM-040,"Desiccated Coconut (Medium)",63.95,kg,"Universal Robina Supply Corp","Warehouse Inbound Team","Authorized supplier stock replenishment"
2026-04-10,RM-040,"Desiccated Coconut (Medium)",67.73,kg,"Universal Robina Supply Corp","Warehouse Inbound Team","Authorized supplier stock replenishment"
2026-04-15,RM-040,"Desiccated Coconut (Medium)",60.11,kg,"Universal Robina Supply Corp","Warehouse Inbound Team","Authorized supplier stock replenishment"
2026-04-20,RM-040,"Desiccated Coconut (Medium)",59.79,kg,"Universal Robina Supply Corp","Warehouse Inbound Team","Authorized supplier stock replenishment"
2026-04-25,RM-040,"Desiccated Coconut (Medium)",67.56,kg,"Universal Robina Supply Corp","Warehouse Inbound Team","Authorized supplier stock replenishment"
2026-04-30,RM-040,"Desiccated Coconut (Medium)",64.36,kg,"Universal Robina Supply Corp","Warehouse Inbound Team","Authorized supplier stock replenishment"
2026-05-05,RM-040,"Desiccated Coconut (Medium)",58.04,kg,"Universal Robina Supply Corp","Warehouse Inbound Team","Authorized supplier stock replenishment"
2026-05-10,RM-040,"Desiccated Coconut (Medium)",64.1,kg,"Universal Robina Supply Corp","Warehouse Inbound Team","Authorized supplier stock replenishment"
2026-05-15,RM-040,"Desiccated Coconut (Medium)",67.67,kg,"Universal Robina Supply Corp","Warehouse Inbound Team","Authorized supplier stock replenishment"
2026-05-20,RM-040,"Desiccated Coconut (Medium)",59.99,kg,"Universal Robina Supply Corp","Warehouse Inbound Team","Authorized supplier stock replenishment"
2026-05-25,RM-040,"Desiccated Coconut (Medium)",59.91,kg,"Universal Robina Supply Corp","Warehouse Inbound Team","Authorized supplier stock replenishment"
2026-05-30,RM-040,"Desiccated Coconut (Medium)",67.63,kg,"Universal Robina Supply Corp","Warehouse Inbound Team","Authorized supplier stock replenishment"
2026-06-04,RM-040,"Desiccated Coconut (Medium)",64.21,kg,"Universal Robina Supply Corp","Warehouse Inbound Team","Authorized supplier stock replenishment"
2026-06-09,RM-040,"Desiccated Coconut (Medium)",58.04,kg,"Universal Robina Supply Corp","Warehouse Inbound Team","Authorized supplier stock replenishment"
2026-06-14,RM-040,"Desiccated Coconut (Medium)",64.25,kg,"Universal Robina Supply Corp","Warehouse Inbound Team","Authorized supplier stock replenishment"
2026-06-19,RM-040,"Desiccated Coconut (Medium)",67.61,kg,"Universal Robina Supply Corp","Warehouse Inbound Team","Authorized supplier stock replenishment"
2026-06-24,RM-040,"Desiccated Coconut (Medium)",59.87,kg,"Universal Robina Supply Corp","Warehouse Inbound Team","Authorized supplier stock replenishment"
2026-06-29,RM-040,"Desiccated Coconut (Medium)",60.03,kg,"Universal Robina Supply Corp","Warehouse Inbound Team","Authorized supplier stock replenishment"
2026-07-04,RM-040,"Desiccated Coconut (Medium)",67.69,kg,"Universal Robina Supply Corp","Warehouse Inbound Team","Authorized supplier stock replenishment"
2026-07-09,RM-040,"Desiccated Coconut (Medium)",64.06,kg,"Universal Robina Supply Corp","Warehouse Inbound Team","Authorized supplier stock replenishment"
2026-07-14,RM-040,"Desiccated Coconut (Medium)",58.04,kg,"Universal Robina Supply Corp","Warehouse Inbound Team","Authorized supplier stock replenishment"
2026-07-19,RM-040,"Desiccated Coconut (Medium)",64.4,kg,"Universal Robina Supply Corp","Warehouse Inbound Team","Authorized supplier stock replenishment"
2026-07-24,RM-040,"Desiccated Coconut (Medium)",67.53,kg,"Universal Robina Supply Corp","Warehouse Inbound Team","Authorized supplier stock replenishment"
2026-07-29,RM-040,"Desiccated Coconut (Medium)",59.75,kg,"Universal Robina Supply Corp","Warehouse Inbound Team","Authorized supplier stock replenishment"
2026-08-03,RM-040,"Desiccated Coconut (Medium)",60.15,kg,"Universal Robina Supply Corp","Warehouse Inbound Team","Authorized supplier stock replenishment"
2026-08-08,RM-040,"Desiccated Coconut (Medium)",67.75,kg,"Universal Robina Supply Corp","Warehouse Inbound Team","Authorized supplier stock replenishment"
2026-08-13,RM-040,"Desiccated Coconut (Medium)",63.91,kg,"Universal Robina Supply Corp","Warehouse Inbound Team","Authorized supplier stock replenishment"
2026-08-18,RM-040,"Desiccated Coconut (Medium)",58.05,kg,"Universal Robina Supply Corp","Warehouse Inbound Team","Authorized supplier stock replenishment"
2026-08-23,RM-040,"Desiccated Coconut (Medium)",64.55,kg,"Universal Robina Supply Corp","Warehouse Inbound Team","Authorized supplier stock replenishment"
2026-08-28,RM-040,"Desiccated Coconut (Medium)",67.46,kg,"Universal Robina Supply Corp","Warehouse Inbound Team","Authorized supplier stock replenishment"
2026-09-02,RM-040,"Desiccated Coconut (Medium)",59.64,kg,"Universal Robina Supply Corp","Warehouse Inbound Team","Authorized supplier stock replenishment"
2026-01-01,RM-041,"Black Sesame Seeds",23.39,kg,"San Miguel Mills Logistics","Warehouse Inbound Team","Authorized supplier stock replenishment"
2026-01-06,RM-041,"Black Sesame Seeds",26.44,kg,"San Miguel Mills Logistics","Warehouse Inbound Team","Authorized supplier stock replenishment"
2026-01-11,RM-041,"Black Sesame Seeds",25.24,kg,"San Miguel Mills Logistics","Warehouse Inbound Team","Authorized supplier stock replenishment"
2026-01-16,RM-041,"Black Sesame Seeds",22.73,kg,"San Miguel Mills Logistics","Warehouse Inbound Team","Authorized supplier stock replenishment"
2026-01-21,RM-041,"Black Sesame Seeds",25.07,kg,"San Miguel Mills Logistics","Warehouse Inbound Team","Authorized supplier stock replenishment"
2026-01-26,RM-041,"Black Sesame Seeds",26.52,kg,"San Miguel Mills Logistics","Warehouse Inbound Team","Authorized supplier stock replenishment"
2026-01-31,RM-041,"Black Sesame Seeds",23.53,kg,"San Miguel Mills Logistics","Warehouse Inbound Team","Authorized supplier stock replenishment"
2026-02-05,RM-041,"Black Sesame Seeds",23.44,kg,"San Miguel Mills Logistics","Warehouse Inbound Team","Authorized supplier stock replenishment"
2026-02-10,RM-041,"Black Sesame Seeds",26.47,kg,"San Miguel Mills Logistics","Warehouse Inbound Team","Authorized supplier stock replenishment"
2026-02-15,RM-041,"Black Sesame Seeds",25.18,kg,"San Miguel Mills Logistics","Warehouse Inbound Team","Authorized supplier stock replenishment"
2026-02-20,RM-041,"Black Sesame Seeds",22.73,kg,"San Miguel Mills Logistics","Warehouse Inbound Team","Authorized supplier stock replenishment"
2026-02-25,RM-041,"Black Sesame Seeds",25.13,kg,"San Miguel Mills Logistics","Warehouse Inbound Team","Authorized supplier stock replenishment"
2026-03-02,RM-041,"Black Sesame Seeds",26.49,kg,"San Miguel Mills Logistics","Warehouse Inbound Team","Authorized supplier stock replenishment"
2026-03-07,RM-041,"Black Sesame Seeds",23.48,kg,"San Miguel Mills Logistics","Warehouse Inbound Team","Authorized supplier stock replenishment"
2026-03-12,RM-041,"Black Sesame Seeds",23.48,kg,"San Miguel Mills Logistics","Warehouse Inbound Team","Authorized supplier stock replenishment"
2026-03-17,RM-041,"Black Sesame Seeds",26.5,kg,"San Miguel Mills Logistics","Warehouse Inbound Team","Authorized supplier stock replenishment"
2026-03-22,RM-041,"Black Sesame Seeds",25.12,kg,"San Miguel Mills Logistics","Warehouse Inbound Team","Authorized supplier stock replenishment"
2026-03-27,RM-041,"Black Sesame Seeds",22.73,kg,"San Miguel Mills Logistics","Warehouse Inbound Team","Authorized supplier stock replenishment"
2026-04-01,RM-041,"Black Sesame Seeds",25.19,kg,"San Miguel Mills Logistics","Warehouse Inbound Team","Authorized supplier stock replenishment"
2026-04-06,RM-041,"Black Sesame Seeds",26.47,kg,"San Miguel Mills Logistics","Warehouse Inbound Team","Authorized supplier stock replenishment"
2026-04-11,RM-041,"Black Sesame Seeds",23.43,kg,"San Miguel Mills Logistics","Warehouse Inbound Team","Authorized supplier stock replenishment"
2026-04-16,RM-041,"Black Sesame Seeds",23.53,kg,"San Miguel Mills Logistics","Warehouse Inbound Team","Authorized supplier stock replenishment"
2026-04-21,RM-041,"Black Sesame Seeds",26.52,kg,"San Miguel Mills Logistics","Warehouse Inbound Team","Authorized supplier stock replenishment"
2026-04-26,RM-041,"Black Sesame Seeds",25.07,kg,"San Miguel Mills Logistics","Warehouse Inbound Team","Authorized supplier stock replenishment"
2026-05-01,RM-041,"Black Sesame Seeds",22.74,kg,"San Miguel Mills Logistics","Warehouse Inbound Team","Authorized supplier stock replenishment"
2026-05-06,RM-041,"Black Sesame Seeds",25.25,kg,"San Miguel Mills Logistics","Warehouse Inbound Team","Authorized supplier stock replenishment"
2026-05-11,RM-041,"Black Sesame Seeds",26.44,kg,"San Miguel Mills Logistics","Warehouse Inbound Team","Authorized supplier stock replenishment"
2026-05-16,RM-041,"Black Sesame Seeds",23.39,kg,"San Miguel Mills Logistics","Warehouse Inbound Team","Authorized supplier stock replenishment"
2026-05-21,RM-041,"Black Sesame Seeds",23.58,kg,"San Miguel Mills Logistics","Warehouse Inbound Team","Authorized supplier stock replenishment"
2026-05-26,RM-041,"Black Sesame Seeds",26.55,kg,"San Miguel Mills Logistics","Warehouse Inbound Team","Authorized supplier stock replenishment"
2026-05-31,RM-041,"Black Sesame Seeds",25.01,kg,"San Miguel Mills Logistics","Warehouse Inbound Team","Authorized supplier stock replenishment"
2026-06-05,RM-041,"Black Sesame Seeds",22.74,kg,"San Miguel Mills Logistics","Warehouse Inbound Team","Authorized supplier stock replenishment"
2026-06-10,RM-041,"Black Sesame Seeds",25.31,kg,"San Miguel Mills Logistics","Warehouse Inbound Team","Authorized supplier stock replenishment"
2026-06-15,RM-041,"Black Sesame Seeds",26.41,kg,"San Miguel Mills Logistics","Warehouse Inbound Team","Authorized supplier stock replenishment"
2026-06-20,RM-041,"Black Sesame Seeds",23.34,kg,"San Miguel Mills Logistics","Warehouse Inbound Team","Authorized supplier stock replenishment"
2026-06-25,RM-041,"Black Sesame Seeds",23.63,kg,"San Miguel Mills Logistics","Warehouse Inbound Team","Authorized supplier stock replenishment"
2026-06-30,RM-041,"Black Sesame Seeds",26.57,kg,"San Miguel Mills Logistics","Warehouse Inbound Team","Authorized supplier stock replenishment"
2026-07-05,RM-041,"Black Sesame Seeds",24.95,kg,"San Miguel Mills Logistics","Warehouse Inbound Team","Authorized supplier stock replenishment"
2026-07-10,RM-041,"Black Sesame Seeds",22.74,kg,"San Miguel Mills Logistics","Warehouse Inbound Team","Authorized supplier stock replenishment"
2026-07-15,RM-041,"Black Sesame Seeds",25.36,kg,"San Miguel Mills Logistics","Warehouse Inbound Team","Authorized supplier stock replenishment"
2026-07-20,RM-041,"Black Sesame Seeds",26.38,kg,"San Miguel Mills Logistics","Warehouse Inbound Team","Authorized supplier stock replenishment"
2026-07-25,RM-041,"Black Sesame Seeds",23.3,kg,"San Miguel Mills Logistics","Warehouse Inbound Team","Authorized supplier stock replenishment"
2026-07-30,RM-041,"Black Sesame Seeds",23.68,kg,"San Miguel Mills Logistics","Warehouse Inbound Team","Authorized supplier stock replenishment"
2026-08-04,RM-041,"Black Sesame Seeds",26.59,kg,"San Miguel Mills Logistics","Warehouse Inbound Team","Authorized supplier stock replenishment"
2026-08-09,RM-041,"Black Sesame Seeds",24.89,kg,"San Miguel Mills Logistics","Warehouse Inbound Team","Authorized supplier stock replenishment"
2026-08-14,RM-041,"Black Sesame Seeds",22.75,kg,"San Miguel Mills Logistics","Warehouse Inbound Team","Authorized supplier stock replenishment"
2026-08-19,RM-041,"Black Sesame Seeds",25.42,kg,"San Miguel Mills Logistics","Warehouse Inbound Team","Authorized supplier stock replenishment"
2026-08-24,RM-041,"Black Sesame Seeds",26.34,kg,"San Miguel Mills Logistics","Warehouse Inbound Team","Authorized supplier stock replenishment"
2026-08-29,RM-041,"Black Sesame Seeds",23.26,kg,"San Miguel Mills Logistics","Warehouse Inbound Team","Authorized supplier stock replenishment"
2026-01-06,RM-042,"White Sesame Seeds",38.24,kg,"Universal Robina Supply Corp","Warehouse Inbound Team","Authorized supplier stock replenishment"
2026-01-12,RM-042,"White Sesame Seeds",34.99,kg,"Universal Robina Supply Corp","Warehouse Inbound Team","Authorized supplier stock replenishment"
2026-01-18,RM-042,"White Sesame Seeds",38.06,kg,"Universal Robina Supply Corp","Warehouse Inbound Team","Authorized supplier stock replenishment"
2026-01-24,RM-042,"White Sesame Seeds",41.07,kg,"Universal Robina Supply Corp","Warehouse Inbound Team","Authorized supplier stock replenishment"
2026-01-30,RM-042,"White Sesame Seeds",37.76,kg,"Universal Robina Supply Corp","Warehouse Inbound Team","Authorized supplier stock replenishment"
2026-02-05,RM-042,"White Sesame Seeds",35.01,kg,"Universal Robina Supply Corp","Warehouse Inbound Team","Authorized supplier stock replenishment"
2026-02-11,RM-042,"White Sesame Seeds",38.54,kg,"Universal Robina Supply Corp","Warehouse Inbound Team","Authorized supplier stock replenishment"
2026-02-17,RM-042,"White Sesame Seeds",41.01,kg,"Universal Robina Supply Corp","Warehouse Inbound Team","Authorized supplier stock replenishment"
2026-02-23,RM-042,"White Sesame Seeds",37.29,kg,"Universal Robina Supply Corp","Warehouse Inbound Team","Authorized supplier stock replenishment"
2026-03-01,RM-042,"White Sesame Seeds",35.11,kg,"Universal Robina Supply Corp","Warehouse Inbound Team","Authorized supplier stock replenishment"
2026-03-07,RM-042,"White Sesame Seeds",39.01,kg,"Universal Robina Supply Corp","Warehouse Inbound Team","Authorized supplier stock replenishment"
2026-03-13,RM-042,"White Sesame Seeds",40.87,kg,"Universal Robina Supply Corp","Warehouse Inbound Team","Authorized supplier stock replenishment"
2026-03-19,RM-042,"White Sesame Seeds",36.83,kg,"Universal Robina Supply Corp","Warehouse Inbound Team","Authorized supplier stock replenishment"
2026-03-25,RM-042,"White Sesame Seeds",35.29,kg,"Universal Robina Supply Corp","Warehouse Inbound Team","Authorized supplier stock replenishment"
2026-03-31,RM-042,"White Sesame Seeds",39.45,kg,"Universal Robina Supply Corp","Warehouse Inbound Team","Authorized supplier stock replenishment"
2026-04-06,RM-042,"White Sesame Seeds",40.66,kg,"Universal Robina Supply Corp","Warehouse Inbound Team","Authorized supplier stock replenishment"
2026-04-12,RM-042,"White Sesame Seeds",36.4,kg,"Universal Robina Supply Corp","Warehouse Inbound Team","Authorized supplier stock replenishment"
2026-04-18,RM-042,"White Sesame Seeds",35.53,kg,"Universal Robina Supply Corp","Warehouse Inbound Team","Authorized supplier stock replenishment"
2026-04-24,RM-042,"White Sesame Seeds",39.86,kg,"Universal Robina Supply Corp","Warehouse Inbound Team","Authorized supplier stock replenishment"
2026-04-30,RM-042,"White Sesame Seeds",40.39,kg,"Universal Robina Supply Corp","Warehouse Inbound Team","Authorized supplier stock replenishment"
2026-05-06,RM-042,"White Sesame Seeds",36.02,kg,"Universal Robina Supply Corp","Warehouse Inbound Team","Authorized supplier stock replenishment"
2026-05-12,RM-042,"White Sesame Seeds",35.83,kg,"Universal Robina Supply Corp","Warehouse Inbound Team","Authorized supplier stock replenishment"
2026-05-18,RM-042,"White Sesame Seeds",40.22,kg,"Universal Robina Supply Corp","Warehouse Inbound Team","Authorized supplier stock replenishment"
2026-05-24,RM-042,"White Sesame Seeds",40.06,kg,"Universal Robina Supply Corp","Warehouse Inbound Team","Authorized supplier stock replenishment"
2026-05-30,RM-042,"White Sesame Seeds",35.68,kg,"Universal Robina Supply Corp","Warehouse Inbound Team","Authorized supplier stock replenishment"
2026-06-05,RM-042,"White Sesame Seeds",36.19,kg,"Universal Robina Supply Corp","Warehouse Inbound Team","Authorized supplier stock replenishment"
2026-06-11,RM-042,"White Sesame Seeds",40.53,kg,"Universal Robina Supply Corp","Warehouse Inbound Team","Authorized supplier stock replenishment"
2026-06-17,RM-042,"White Sesame Seeds",39.67,kg,"Universal Robina Supply Corp","Warehouse Inbound Team","Authorized supplier stock replenishment"
2026-06-23,RM-042,"White Sesame Seeds",35.41,kg,"Universal Robina Supply Corp","Warehouse Inbound Team","Authorized supplier stock replenishment"
2026-06-29,RM-042,"White Sesame Seeds",36.6,kg,"Universal Robina Supply Corp","Warehouse Inbound Team","Authorized supplier stock replenishment"
2026-07-05,RM-042,"White Sesame Seeds",40.77,kg,"Universal Robina Supply Corp","Warehouse Inbound Team","Authorized supplier stock replenishment"
2026-07-11,RM-042,"White Sesame Seeds",39.25,kg,"Universal Robina Supply Corp","Warehouse Inbound Team","Authorized supplier stock replenishment"
2026-07-17,RM-042,"White Sesame Seeds",35.2,kg,"Universal Robina Supply Corp","Warehouse Inbound Team","Authorized supplier stock replenishment"
2026-07-23,RM-042,"White Sesame Seeds",37.04,kg,"Universal Robina Supply Corp","Warehouse Inbound Team","Authorized supplier stock replenishment"
2026-07-29,RM-042,"White Sesame Seeds",40.94,kg,"Universal Robina Supply Corp","Warehouse Inbound Team","Authorized supplier stock replenishment"
2026-08-04,RM-042,"White Sesame Seeds",38.79,kg,"Universal Robina Supply Corp","Warehouse Inbound Team","Authorized supplier stock replenishment"
2026-08-10,RM-042,"White Sesame Seeds",35.06,kg,"Universal Robina Supply Corp","Warehouse Inbound Team","Authorized supplier stock replenishment"
2026-08-16,RM-042,"White Sesame Seeds",37.51,kg,"Universal Robina Supply Corp","Warehouse Inbound Team","Authorized supplier stock replenishment"
2026-08-22,RM-042,"White Sesame Seeds",41.05,kg,"Universal Robina Supply Corp","Warehouse Inbound Team","Authorized supplier stock replenishment"
2026-08-28,RM-042,"White Sesame Seeds",38.32,kg,"Universal Robina Supply Corp","Warehouse Inbound Team","Authorized supplier stock replenishment"
2026-01-01,RM-043,"Strawberry Jam Filling",82.75,kg,"San Miguel Mills Logistics","Warehouse Inbound Team","Authorized supplier stock replenishment"
2026-01-07,RM-043,"Strawberry Jam Filling",91.86,kg,"San Miguel Mills Logistics","Warehouse Inbound Team","Authorized supplier stock replenishment"
2026-01-13,RM-043,"Strawberry Jam Filling",87.72,kg,"San Miguel Mills Logistics","Warehouse Inbound Team","Authorized supplier stock replenishment"
2026-01-19,RM-043,"Strawberry Jam Filling",78.94,kg,"San Miguel Mills Logistics","Warehouse Inbound Team","Authorized supplier stock replenishment"
2026-01-25,RM-043,"Strawberry Jam Filling",83.78,kg,"San Miguel Mills Logistics","Warehouse Inbound Team","Authorized supplier stock replenishment"
2026-01-31,RM-043,"Strawberry Jam Filling",92.17,kg,"San Miguel Mills Logistics","Warehouse Inbound Team","Authorized supplier stock replenishment"
2026-02-06,RM-043,"Strawberry Jam Filling",86.67,kg,"San Miguel Mills Logistics","Warehouse Inbound Team","Authorized supplier stock replenishment"
2026-02-12,RM-043,"Strawberry Jam Filling",78.71,kg,"San Miguel Mills Logistics","Warehouse Inbound Team","Authorized supplier stock replenishment"
2026-02-18,RM-043,"Strawberry Jam Filling",84.85,kg,"San Miguel Mills Logistics","Warehouse Inbound Team","Authorized supplier stock replenishment"
2026-02-24,RM-043,"Strawberry Jam Filling",92.32,kg,"San Miguel Mills Logistics","Warehouse Inbound Team","Authorized supplier stock replenishment"
2026-03-02,RM-043,"Strawberry Jam Filling",85.59,kg,"San Miguel Mills Logistics","Warehouse Inbound Team","Authorized supplier stock replenishment"
2026-03-08,RM-043,"Strawberry Jam Filling",78.65,kg,"San Miguel Mills Logistics","Warehouse Inbound Team","Authorized supplier stock replenishment"
2026-03-14,RM-043,"Strawberry Jam Filling",85.93,kg,"San Miguel Mills Logistics","Warehouse Inbound Team","Authorized supplier stock replenishment"
2026-03-20,RM-043,"Strawberry Jam Filling",92.29,kg,"San Miguel Mills Logistics","Warehouse Inbound Team","Authorized supplier stock replenishment"
2026-03-26,RM-043,"Strawberry Jam Filling",84.51,kg,"San Miguel Mills Logistics","Warehouse Inbound Team","Authorized supplier stock replenishment"
2026-04-01,RM-043,"Strawberry Jam Filling",78.77,kg,"San Miguel Mills Logistics","Warehouse Inbound Team","Authorized supplier stock replenishment"
2026-04-07,RM-043,"Strawberry Jam Filling",87,kg,"San Miguel Mills Logistics","Warehouse Inbound Team","Authorized supplier stock replenishment"
2026-04-13,RM-043,"Strawberry Jam Filling",92.1,kg,"San Miguel Mills Logistics","Warehouse Inbound Team","Authorized supplier stock replenishment"
2026-04-19,RM-043,"Strawberry Jam Filling",83.46,kg,"San Miguel Mills Logistics","Warehouse Inbound Team","Authorized supplier stock replenishment"
2026-04-25,RM-043,"Strawberry Jam Filling",79.05,kg,"San Miguel Mills Logistics","Warehouse Inbound Team","Authorized supplier stock replenishment"
2026-05-01,RM-043,"Strawberry Jam Filling",88.04,kg,"San Miguel Mills Logistics","Warehouse Inbound Team","Authorized supplier stock replenishment"
2026-05-07,RM-043,"Strawberry Jam Filling",91.73,kg,"San Miguel Mills Logistics","Warehouse Inbound Team","Authorized supplier stock replenishment"
2026-05-13,RM-043,"Strawberry Jam Filling",82.45,kg,"San Miguel Mills Logistics","Warehouse Inbound Team","Authorized supplier stock replenishment"
2026-05-19,RM-043,"Strawberry Jam Filling",79.49,kg,"San Miguel Mills Logistics","Warehouse Inbound Team","Authorized supplier stock replenishment"
2026-05-25,RM-043,"Strawberry Jam Filling",89.01,kg,"San Miguel Mills Logistics","Warehouse Inbound Team","Authorized supplier stock replenishment"
2026-05-31,RM-043,"Strawberry Jam Filling",91.21,kg,"San Miguel Mills Logistics","Warehouse Inbound Team","Authorized supplier stock replenishment"
2026-06-06,RM-043,"Strawberry Jam Filling",81.52,kg,"San Miguel Mills Logistics","Warehouse Inbound Team","Authorized supplier stock replenishment"
2026-06-12,RM-043,"Strawberry Jam Filling",80.08,kg,"San Miguel Mills Logistics","Warehouse Inbound Team","Authorized supplier stock replenishment"
2026-06-18,RM-043,"Strawberry Jam Filling",89.89,kg,"San Miguel Mills Logistics","Warehouse Inbound Team","Authorized supplier stock replenishment"
2026-06-24,RM-043,"Strawberry Jam Filling",90.55,kg,"San Miguel Mills Logistics","Warehouse Inbound Team","Authorized supplier stock replenishment"
2026-06-30,RM-043,"Strawberry Jam Filling",80.69,kg,"San Miguel Mills Logistics","Warehouse Inbound Team","Authorized supplier stock replenishment"
2026-07-06,RM-043,"Strawberry Jam Filling",80.81,kg,"San Miguel Mills Logistics","Warehouse Inbound Team","Authorized supplier stock replenishment"
2026-07-12,RM-043,"Strawberry Jam Filling",90.66,kg,"San Miguel Mills Logistics","Warehouse Inbound Team","Authorized supplier stock replenishment"
2026-07-18,RM-043,"Strawberry Jam Filling",89.76,kg,"San Miguel Mills Logistics","Warehouse Inbound Team","Authorized supplier stock replenishment"
2026-07-24,RM-043,"Strawberry Jam Filling",79.98,kg,"San Miguel Mills Logistics","Warehouse Inbound Team","Authorized supplier stock replenishment"
2026-07-30,RM-043,"Strawberry Jam Filling",81.66,kg,"San Miguel Mills Logistics","Warehouse Inbound Team","Authorized supplier stock replenishment"
2026-08-05,RM-043,"Strawberry Jam Filling",91.3,kg,"San Miguel Mills Logistics","Warehouse Inbound Team","Authorized supplier stock replenishment"
2026-08-11,RM-043,"Strawberry Jam Filling",88.86,kg,"San Miguel Mills Logistics","Warehouse Inbound Team","Authorized supplier stock replenishment"
2026-08-17,RM-043,"Strawberry Jam Filling",79.41,kg,"San Miguel Mills Logistics","Warehouse Inbound Team","Authorized supplier stock replenishment"
2026-08-23,RM-043,"Strawberry Jam Filling",82.6,kg,"San Miguel Mills Logistics","Warehouse Inbound Team","Authorized supplier stock replenishment"
2026-08-29,RM-043,"Strawberry Jam Filling",74.03,kg,"San Miguel Mills Logistics","Warehouse Inbound Team","Authorized supplier stock replenishment"
2026-01-04,RM-044,"Blueberry Fruit Filling",55.68,kg,"Universal Robina Supply Corp","Warehouse Inbound Team","Authorized supplier stock replenishment"
2026-01-09,RM-044,"Blueberry Fruit Filling",62.35,kg,"Universal Robina Supply Corp","Warehouse Inbound Team","Authorized supplier stock replenishment"
2026-01-14,RM-044,"Blueberry Fruit Filling",64.33,kg,"Universal Robina Supply Corp","Warehouse Inbound Team","Authorized supplier stock replenishment"
2026-01-19,RM-044,"Blueberry Fruit Filling",56.77,kg,"Universal Robina Supply Corp","Warehouse Inbound Team","Authorized supplier stock replenishment"
2026-01-24,RM-044,"Blueberry Fruit Filling",58.21,kg,"Universal Robina Supply Corp","Warehouse Inbound Team","Authorized supplier stock replenishment"
2026-01-29,RM-044,"Blueberry Fruit Filling",65.13,kg,"Universal Robina Supply Corp","Warehouse Inbound Team","Authorized supplier stock replenishment"
2026-02-03,RM-044,"Blueberry Fruit Filling",60.54,kg,"Universal Robina Supply Corp","Warehouse Inbound Team","Authorized supplier stock replenishment"
2026-02-08,RM-044,"Blueberry Fruit Filling",55.71,kg,"Universal Robina Supply Corp","Warehouse Inbound Team","Authorized supplier stock replenishment"
2026-02-13,RM-044,"Blueberry Fruit Filling",62.48,kg,"Universal Robina Supply Corp","Warehouse Inbound Team","Authorized supplier stock replenishment"
2026-02-18,RM-044,"Blueberry Fruit Filling",64.25,kg,"Universal Robina Supply Corp","Warehouse Inbound Team","Authorized supplier stock replenishment"
2026-02-23,RM-044,"Blueberry Fruit Filling",56.67,kg,"Universal Robina Supply Corp","Warehouse Inbound Team","Authorized supplier stock replenishment"
2026-02-28,RM-044,"Blueberry Fruit Filling",58.35,kg,"Universal Robina Supply Corp","Warehouse Inbound Team","Authorized supplier stock replenishment"
2026-03-05,RM-044,"Blueberry Fruit Filling",65.16,kg,"Universal Robina Supply Corp","Warehouse Inbound Team","Authorized supplier stock replenishment"
2026-03-10,RM-044,"Blueberry Fruit Filling",60.4,kg,"Universal Robina Supply Corp","Warehouse Inbound Team","Authorized supplier stock replenishment"
2026-03-15,RM-044,"Blueberry Fruit Filling",55.74,kg,"Universal Robina Supply Corp","Warehouse Inbound Team","Authorized supplier stock replenishment"
2026-03-20,RM-044,"Blueberry Fruit Filling",62.62,kg,"Universal Robina Supply Corp","Warehouse Inbound Team","Authorized supplier stock replenishment"
2026-03-25,RM-044,"Blueberry Fruit Filling",64.15,kg,"Universal Robina Supply Corp","Warehouse Inbound Team","Authorized supplier stock replenishment"
2026-03-30,RM-044,"Blueberry Fruit Filling",56.58,kg,"Universal Robina Supply Corp","Warehouse Inbound Team","Authorized supplier stock replenishment"
2026-04-04,RM-044,"Blueberry Fruit Filling",58.48,kg,"Universal Robina Supply Corp","Warehouse Inbound Team","Authorized supplier stock replenishment"
2026-04-09,RM-044,"Blueberry Fruit Filling",65.19,kg,"Universal Robina Supply Corp","Warehouse Inbound Team","Authorized supplier stock replenishment"
2026-04-14,RM-044,"Blueberry Fruit Filling",60.25,kg,"Universal Robina Supply Corp","Warehouse Inbound Team","Authorized supplier stock replenishment"
2026-04-19,RM-044,"Blueberry Fruit Filling",55.78,kg,"Universal Robina Supply Corp","Warehouse Inbound Team","Authorized supplier stock replenishment"
2026-04-24,RM-044,"Blueberry Fruit Filling",62.75,kg,"Universal Robina Supply Corp","Warehouse Inbound Team","Authorized supplier stock replenishment"
2026-04-29,RM-044,"Blueberry Fruit Filling",64.06,kg,"Universal Robina Supply Corp","Warehouse Inbound Team","Authorized supplier stock replenishment"
2026-05-04,RM-044,"Blueberry Fruit Filling",56.49,kg,"Universal Robina Supply Corp","Warehouse Inbound Team","Authorized supplier stock replenishment"
2026-05-09,RM-044,"Blueberry Fruit Filling",58.62,kg,"Universal Robina Supply Corp","Warehouse Inbound Team","Authorized supplier stock replenishment"
2026-05-14,RM-044,"Blueberry Fruit Filling",65.22,kg,"Universal Robina Supply Corp","Warehouse Inbound Team","Authorized supplier stock replenishment"
2026-05-19,RM-044,"Blueberry Fruit Filling",60.1,kg,"Universal Robina Supply Corp","Warehouse Inbound Team","Authorized supplier stock replenishment"
2026-05-24,RM-044,"Blueberry Fruit Filling",55.82,kg,"Universal Robina Supply Corp","Warehouse Inbound Team","Authorized supplier stock replenishment"
2026-05-29,RM-044,"Blueberry Fruit Filling",62.88,kg,"Universal Robina Supply Corp","Warehouse Inbound Team","Authorized supplier stock replenishment"
2026-06-03,RM-044,"Blueberry Fruit Filling",63.96,kg,"Universal Robina Supply Corp","Warehouse Inbound Team","Authorized supplier stock replenishment"
2026-06-08,RM-044,"Blueberry Fruit Filling",56.41,kg,"Universal Robina Supply Corp","Warehouse Inbound Team","Authorized supplier stock replenishment"
2026-06-13,RM-044,"Blueberry Fruit Filling",58.75,kg,"Universal Robina Supply Corp","Warehouse Inbound Team","Authorized supplier stock replenishment"
2026-06-18,RM-044,"Blueberry Fruit Filling",65.24,kg,"Universal Robina Supply Corp","Warehouse Inbound Team","Authorized supplier stock replenishment"
2026-06-23,RM-044,"Blueberry Fruit Filling",59.95,kg,"Universal Robina Supply Corp","Warehouse Inbound Team","Authorized supplier stock replenishment"
2026-06-28,RM-044,"Blueberry Fruit Filling",55.87,kg,"Universal Robina Supply Corp","Warehouse Inbound Team","Authorized supplier stock replenishment"
2026-07-03,RM-044,"Blueberry Fruit Filling",63,kg,"Universal Robina Supply Corp","Warehouse Inbound Team","Authorized supplier stock replenishment"
2026-07-08,RM-044,"Blueberry Fruit Filling",63.85,kg,"Universal Robina Supply Corp","Warehouse Inbound Team","Authorized supplier stock replenishment"
2026-07-13,RM-044,"Blueberry Fruit Filling",56.33,kg,"Universal Robina Supply Corp","Warehouse Inbound Team","Authorized supplier stock replenishment"
2026-07-18,RM-044,"Blueberry Fruit Filling",58.89,kg,"Universal Robina Supply Corp","Warehouse Inbound Team","Authorized supplier stock replenishment"
2026-07-23,RM-044,"Blueberry Fruit Filling",65.25,kg,"Universal Robina Supply Corp","Warehouse Inbound Team","Authorized supplier stock replenishment"
2026-07-28,RM-044,"Blueberry Fruit Filling",59.81,kg,"Universal Robina Supply Corp","Warehouse Inbound Team","Authorized supplier stock replenishment"
2026-08-02,RM-044,"Blueberry Fruit Filling",55.92,kg,"Universal Robina Supply Corp","Warehouse Inbound Team","Authorized supplier stock replenishment"
2026-08-07,RM-044,"Blueberry Fruit Filling",63.13,kg,"Universal Robina Supply Corp","Warehouse Inbound Team","Authorized supplier stock replenishment"
2026-08-12,RM-044,"Blueberry Fruit Filling",63.75,kg,"Universal Robina Supply Corp","Warehouse Inbound Team","Authorized supplier stock replenishment"
2026-08-17,RM-044,"Blueberry Fruit Filling",56.25,kg,"Universal Robina Supply Corp","Warehouse Inbound Team","Authorized supplier stock replenishment"
2026-08-22,RM-044,"Blueberry Fruit Filling",59.03,kg,"Universal Robina Supply Corp","Warehouse Inbound Team","Authorized supplier stock replenishment"
2026-08-27,RM-044,"Blueberry Fruit Filling",65.27,kg,"Universal Robina Supply Corp","Warehouse Inbound Team","Authorized supplier stock replenishment"
2026-09-01,RM-044,"Blueberry Fruit Filling",59.66,kg,"Universal Robina Supply Corp","Warehouse Inbound Team","Authorized supplier stock replenishment"
2026-01-03,RM-045,"Bavarian Cream Filling",112.12,kg,"San Miguel Mills Logistics","Warehouse Inbound Team","Authorized supplier stock replenishment"
2026-01-09,RM-045,"Bavarian Cream Filling",100.28,kg,"San Miguel Mills Logistics","Warehouse Inbound Team","Authorized supplier stock replenishment"
2026-01-15,RM-045,"Bavarian Cream Filling",98.21,kg,"San Miguel Mills Logistics","Warehouse Inbound Team","Authorized supplier stock replenishment"
2026-01-21,RM-045,"Bavarian Cream Filling",110.21,kg,"San Miguel Mills Logistics","Warehouse Inbound Team","Authorized supplier stock replenishment"
2026-01-27,RM-045,"Bavarian Cream Filling",111.33,kg,"San Miguel Mills Logistics","Warehouse Inbound Team","Authorized supplier stock replenishment"
2026-02-02,RM-045,"Bavarian Cream Filling",99.24,kg,"San Miguel Mills Logistics","Warehouse Inbound Team","Authorized supplier stock replenishment"
2026-02-08,RM-045,"Bavarian Cream Filling",99.08,kg,"San Miguel Mills Logistics","Warehouse Inbound Team","Authorized supplier stock replenishment"
2026-02-14,RM-045,"Bavarian Cream Filling",111.19,kg,"San Miguel Mills Logistics","Warehouse Inbound Team","Authorized supplier stock replenishment"
2026-02-20,RM-045,"Bavarian Cream Filling",110.38,kg,"San Miguel Mills Logistics","Warehouse Inbound Team","Authorized supplier stock replenishment"
2026-02-26,RM-045,"Bavarian Cream Filling",98.34,kg,"San Miguel Mills Logistics","Warehouse Inbound Team","Authorized supplier stock replenishment"
2026-03-04,RM-045,"Bavarian Cream Filling",100.1,kg,"San Miguel Mills Logistics","Warehouse Inbound Team","Authorized supplier stock replenishment"
2026-03-10,RM-045,"Bavarian Cream Filling",112,kg,"San Miguel Mills Logistics","Warehouse Inbound Team","Authorized supplier stock replenishment"
2026-03-16,RM-045,"Bavarian Cream Filling",109.3,kg,"San Miguel Mills Logistics","Warehouse Inbound Team","Authorized supplier stock replenishment"
2026-03-22,RM-045,"Bavarian Cream Filling",97.61,kg,"San Miguel Mills Logistics","Warehouse Inbound Team","Authorized supplier stock replenishment"
2026-03-28,RM-045,"Bavarian Cream Filling",101.24,kg,"San Miguel Mills Logistics","Warehouse Inbound Team","Authorized supplier stock replenishment"
2026-04-03,RM-045,"Bavarian Cream Filling",112.64,kg,"San Miguel Mills Logistics","Warehouse Inbound Team","Authorized supplier stock replenishment"
2026-04-09,RM-045,"Bavarian Cream Filling",108.11,kg,"San Miguel Mills Logistics","Warehouse Inbound Team","Authorized supplier stock replenishment"
2026-04-15,RM-045,"Bavarian Cream Filling",97.07,kg,"San Miguel Mills Logistics","Warehouse Inbound Team","Authorized supplier stock replenishment"
2026-04-21,RM-045,"Bavarian Cream Filling",102.47,kg,"San Miguel Mills Logistics","Warehouse Inbound Team","Authorized supplier stock replenishment"
2026-04-27,RM-045,"Bavarian Cream Filling",113.09,kg,"San Miguel Mills Logistics","Warehouse Inbound Team","Authorized supplier stock replenishment"
2026-05-03,RM-045,"Bavarian Cream Filling",106.84,kg,"San Miguel Mills Logistics","Warehouse Inbound Team","Authorized supplier stock replenishment"
2026-05-09,RM-045,"Bavarian Cream Filling",96.72,kg,"San Miguel Mills Logistics","Warehouse Inbound Team","Authorized supplier stock replenishment"
2026-05-15,RM-045,"Bavarian Cream Filling",103.77,kg,"San Miguel Mills Logistics","Warehouse Inbound Team","Authorized supplier stock replenishment"
2026-05-21,RM-045,"Bavarian Cream Filling",113.33,kg,"San Miguel Mills Logistics","Warehouse Inbound Team","Authorized supplier stock replenishment"
2026-05-27,RM-045,"Bavarian Cream Filling",105.52,kg,"San Miguel Mills Logistics","Warehouse Inbound Team","Authorized supplier stock replenishment"
2026-06-02,RM-045,"Bavarian Cream Filling",96.58,kg,"San Miguel Mills Logistics","Warehouse Inbound Team","Authorized supplier stock replenishment"
2026-06-08,RM-045,"Bavarian Cream Filling",105.1,kg,"San Miguel Mills Logistics","Warehouse Inbound Team","Authorized supplier stock replenishment"
2026-06-14,RM-045,"Bavarian Cream Filling",113.36,kg,"San Miguel Mills Logistics","Warehouse Inbound Team","Authorized supplier stock replenishment"
2026-06-20,RM-045,"Bavarian Cream Filling",104.19,kg,"San Miguel Mills Logistics","Warehouse Inbound Team","Authorized supplier stock replenishment"
2026-06-26,RM-045,"Bavarian Cream Filling",96.65,kg,"San Miguel Mills Logistics","Warehouse Inbound Team","Authorized supplier stock replenishment"
2026-07-02,RM-045,"Bavarian Cream Filling",106.42,kg,"San Miguel Mills Logistics","Warehouse Inbound Team","Authorized supplier stock replenishment"
2026-07-08,RM-045,"Bavarian Cream Filling",113.19,kg,"San Miguel Mills Logistics","Warehouse Inbound Team","Authorized supplier stock replenishment"
2026-07-14,RM-045,"Bavarian Cream Filling",102.88,kg,"San Miguel Mills Logistics","Warehouse Inbound Team","Authorized supplier stock replenishment"
2026-07-20,RM-045,"Bavarian Cream Filling",96.93,kg,"San Miguel Mills Logistics","Warehouse Inbound Team","Authorized supplier stock replenishment"
2026-07-26,RM-045,"Bavarian Cream Filling",107.71,kg,"San Miguel Mills Logistics","Warehouse Inbound Team","Authorized supplier stock replenishment"
2026-08-01,RM-045,"Bavarian Cream Filling",112.8,kg,"San Miguel Mills Logistics","Warehouse Inbound Team","Authorized supplier stock replenishment"
2026-08-07,RM-045,"Bavarian Cream Filling",101.62,kg,"San Miguel Mills Logistics","Warehouse Inbound Team","Authorized supplier stock replenishment"
2026-08-13,RM-045,"Bavarian Cream Filling",97.42,kg,"San Miguel Mills Logistics","Warehouse Inbound Team","Authorized supplier stock replenishment"
2026-08-19,RM-045,"Bavarian Cream Filling",108.93,kg,"San Miguel Mills Logistics","Warehouse Inbound Team","Authorized supplier stock replenishment"
2026-08-25,RM-045,"Bavarian Cream Filling",112.22,kg,"San Miguel Mills Logistics","Warehouse Inbound Team","Authorized supplier stock replenishment"
2026-08-31,RM-045,"Bavarian Cream Filling",80.36,kg,"San Miguel Mills Logistics","Warehouse Inbound Team","Authorized supplier stock replenishment"
2026-01-01,RM-046,"Pineapple Crushed (Canned)",54.19,kg,"Universal Robina Supply Corp","Warehouse Inbound Team","Authorized supplier stock replenishment"
2026-01-06,RM-046,"Pineapple Crushed (Canned)",54.96,kg,"Universal Robina Supply Corp","Warehouse Inbound Team","Authorized supplier stock replenishment"
2026-01-11,RM-046,"Pineapple Crushed (Canned)",48.48,kg,"Universal Robina Supply Corp","Warehouse Inbound Team","Authorized supplier stock replenishment"
2026-01-16,RM-046,"Pineapple Crushed (Canned)",50.65,kg,"Universal Robina Supply Corp","Warehouse Inbound Team","Authorized supplier stock replenishment"
2026-01-21,RM-046,"Pineapple Crushed (Canned)",56.15,kg,"Universal Robina Supply Corp","Warehouse Inbound Team","Authorized supplier stock replenishment"
2026-01-26,RM-046,"Pineapple Crushed (Canned)",51.48,kg,"Universal Robina Supply Corp","Warehouse Inbound Team","Authorized supplier stock replenishment"
2026-01-31,RM-046,"Pineapple Crushed (Canned)",48.11,kg,"Universal Robina Supply Corp","Warehouse Inbound Team","Authorized supplier stock replenishment"
2026-02-05,RM-046,"Pineapple Crushed (Canned)",54.3,kg,"Universal Robina Supply Corp","Warehouse Inbound Team","Authorized supplier stock replenishment"
2026-02-10,RM-046,"Pineapple Crushed (Canned)",54.87,kg,"Universal Robina Supply Corp","Warehouse Inbound Team","Authorized supplier stock replenishment"
2026-02-15,RM-046,"Pineapple Crushed (Canned)",48.42,kg,"Universal Robina Supply Corp","Warehouse Inbound Team","Authorized supplier stock replenishment"
2026-02-20,RM-046,"Pineapple Crushed (Canned)",50.77,kg,"Universal Robina Supply Corp","Warehouse Inbound Team","Authorized supplier stock replenishment"
2026-02-25,RM-046,"Pineapple Crushed (Canned)",56.16,kg,"Universal Robina Supply Corp","Warehouse Inbound Team","Authorized supplier stock replenishment"
2026-03-02,RM-046,"Pineapple Crushed (Canned)",51.36,kg,"Universal Robina Supply Corp","Warehouse Inbound Team","Authorized supplier stock replenishment"
2026-03-07,RM-046,"Pineapple Crushed (Canned)",48.15,kg,"Universal Robina Supply Corp","Warehouse Inbound Team","Authorized supplier stock replenishment"
2026-03-12,RM-046,"Pineapple Crushed (Canned)",54.4,kg,"Universal Robina Supply Corp","Warehouse Inbound Team","Authorized supplier stock replenishment"
2026-03-17,RM-046,"Pineapple Crushed (Canned)",54.77,kg,"Universal Robina Supply Corp","Warehouse Inbound Team","Authorized supplier stock replenishment"
2026-03-22,RM-046,"Pineapple Crushed (Canned)",48.35,kg,"Universal Robina Supply Corp","Warehouse Inbound Team","Authorized supplier stock replenishment"
2026-03-27,RM-046,"Pineapple Crushed (Canned)",50.9,kg,"Universal Robina Supply Corp","Warehouse Inbound Team","Authorized supplier stock replenishment"
2026-04-01,RM-046,"Pineapple Crushed (Canned)",56.16,kg,"Universal Robina Supply Corp","Warehouse Inbound Team","Authorized supplier stock replenishment"
2026-04-06,RM-046,"Pineapple Crushed (Canned)",51.23,kg,"Universal Robina Supply Corp","Warehouse Inbound Team","Authorized supplier stock replenishment"
2026-04-11,RM-046,"Pineapple Crushed (Canned)",48.2,kg,"Universal Robina Supply Corp","Warehouse Inbound Team","Authorized supplier stock replenishment"
2026-04-16,RM-046,"Pineapple Crushed (Canned)",54.51,kg,"Universal Robina Supply Corp","Warehouse Inbound Team","Authorized supplier stock replenishment"
2026-04-21,RM-046,"Pineapple Crushed (Canned)",54.68,kg,"Universal Robina Supply Corp","Warehouse Inbound Team","Authorized supplier stock replenishment"
2026-04-26,RM-046,"Pineapple Crushed (Canned)",48.29,kg,"Universal Robina Supply Corp","Warehouse Inbound Team","Authorized supplier stock replenishment"
2026-05-01,RM-046,"Pineapple Crushed (Canned)",51.02,kg,"Universal Robina Supply Corp","Warehouse Inbound Team","Authorized supplier stock replenishment"
2026-05-06,RM-046,"Pineapple Crushed (Canned)",56.17,kg,"Universal Robina Supply Corp","Warehouse Inbound Team","Authorized supplier stock replenishment"
2026-05-11,RM-046,"Pineapple Crushed (Canned)",51.11,kg,"Universal Robina Supply Corp","Warehouse Inbound Team","Authorized supplier stock replenishment"
2026-05-16,RM-046,"Pineapple Crushed (Canned)",48.25,kg,"Universal Robina Supply Corp","Warehouse Inbound Team","Authorized supplier stock replenishment"
2026-05-21,RM-046,"Pineapple Crushed (Canned)",54.61,kg,"Universal Robina Supply Corp","Warehouse Inbound Team","Authorized supplier stock replenishment"
2026-05-26,RM-046,"Pineapple Crushed (Canned)",54.58,kg,"Universal Robina Supply Corp","Warehouse Inbound Team","Authorized supplier stock replenishment"
2026-05-31,RM-046,"Pineapple Crushed (Canned)",48.24,kg,"Universal Robina Supply Corp","Warehouse Inbound Team","Authorized supplier stock replenishment"
2026-06-05,RM-046,"Pineapple Crushed (Canned)",51.14,kg,"Universal Robina Supply Corp","Warehouse Inbound Team","Authorized supplier stock replenishment"
2026-06-10,RM-046,"Pineapple Crushed (Canned)",56.17,kg,"Universal Robina Supply Corp","Warehouse Inbound Team","Authorized supplier stock replenishment"
2026-06-15,RM-046,"Pineapple Crushed (Canned)",50.98,kg,"Universal Robina Supply Corp","Warehouse Inbound Team","Authorized supplier stock replenishment"
2026-06-20,RM-046,"Pineapple Crushed (Canned)",48.31,kg,"Universal Robina Supply Corp","Warehouse Inbound Team","Authorized supplier stock replenishment"
2026-06-25,RM-046,"Pineapple Crushed (Canned)",54.71,kg,"Universal Robina Supply Corp","Warehouse Inbound Team","Authorized supplier stock replenishment"
2026-06-30,RM-046,"Pineapple Crushed (Canned)",54.48,kg,"Universal Robina Supply Corp","Warehouse Inbound Team","Authorized supplier stock replenishment"
2026-07-05,RM-046,"Pineapple Crushed (Canned)",48.19,kg,"Universal Robina Supply Corp","Warehouse Inbound Team","Authorized supplier stock replenishment"
2026-07-10,RM-046,"Pineapple Crushed (Canned)",51.27,kg,"Universal Robina Supply Corp","Warehouse Inbound Team","Authorized supplier stock replenishment"
2026-07-15,RM-046,"Pineapple Crushed (Canned)",56.16,kg,"Universal Robina Supply Corp","Warehouse Inbound Team","Authorized supplier stock replenishment"
2026-07-20,RM-046,"Pineapple Crushed (Canned)",50.86,kg,"Universal Robina Supply Corp","Warehouse Inbound Team","Authorized supplier stock replenishment"
2026-07-25,RM-046,"Pineapple Crushed (Canned)",48.37,kg,"Universal Robina Supply Corp","Warehouse Inbound Team","Authorized supplier stock replenishment"
2026-07-30,RM-046,"Pineapple Crushed (Canned)",54.8,kg,"Universal Robina Supply Corp","Warehouse Inbound Team","Authorized supplier stock replenishment"
2026-08-04,RM-046,"Pineapple Crushed (Canned)",54.38,kg,"Universal Robina Supply Corp","Warehouse Inbound Team","Authorized supplier stock replenishment"
2026-08-09,RM-046,"Pineapple Crushed (Canned)",48.14,kg,"Universal Robina Supply Corp","Warehouse Inbound Team","Authorized supplier stock replenishment"
2026-08-14,RM-046,"Pineapple Crushed (Canned)",51.39,kg,"Universal Robina Supply Corp","Warehouse Inbound Team","Authorized supplier stock replenishment"
2026-08-19,RM-046,"Pineapple Crushed (Canned)",56.15,kg,"Universal Robina Supply Corp","Warehouse Inbound Team","Authorized supplier stock replenishment"
2026-08-24,RM-046,"Pineapple Crushed (Canned)",50.74,kg,"Universal Robina Supply Corp","Warehouse Inbound Team","Authorized supplier stock replenishment"
2026-08-29,RM-046,"Pineapple Crushed (Canned)",48.43,kg,"Universal Robina Supply Corp","Warehouse Inbound Team","Authorized supplier stock replenishment"
2026-01-02,RM-047,"Cornstarch (Maizena)",80.98,kg,"San Miguel Mills Logistics","Warehouse Inbound Team","Authorized supplier stock replenishment"
2026-01-07,RM-047,"Cornstarch (Maizena)",71.5,kg,"San Miguel Mills Logistics","Warehouse Inbound Team","Authorized supplier stock replenishment"
2026-01-12,RM-047,"Cornstarch (Maizena)",75.38,kg,"San Miguel Mills Logistics","Warehouse Inbound Team","Authorized supplier stock replenishment"
2026-01-17,RM-047,"Cornstarch (Maizena)",83.1,kg,"San Miguel Mills Logistics","Warehouse Inbound Team","Authorized supplier stock replenishment"
2026-01-22,RM-047,"Cornstarch (Maizena)",75.72,kg,"San Miguel Mills Logistics","Warehouse Inbound Team","Authorized supplier stock replenishment"
2026-01-27,RM-047,"Cornstarch (Maizena)",71.35,kg,"San Miguel Mills Logistics","Warehouse Inbound Team","Authorized supplier stock replenishment"
2026-02-01,RM-047,"Cornstarch (Maizena)",80.71,kg,"San Miguel Mills Logistics","Warehouse Inbound Team","Authorized supplier stock replenishment"
2026-02-06,RM-047,"Cornstarch (Maizena)",80.84,kg,"San Miguel Mills Logistics","Warehouse Inbound Team","Authorized supplier stock replenishment"
2026-02-11,RM-047,"Cornstarch (Maizena)",71.42,kg,"San Miguel Mills Logistics","Warehouse Inbound Team","Authorized supplier stock replenishment"
2026-02-16,RM-047,"Cornstarch (Maizena)",75.56,kg,"San Miguel Mills Logistics","Warehouse Inbound Team","Authorized supplier stock replenishment"
2026-02-21,RM-047,"Cornstarch (Maizena)",83.1,kg,"San Miguel Mills Logistics","Warehouse Inbound Team","Authorized supplier stock replenishment"
2026-02-26,RM-047,"Cornstarch (Maizena)",75.54,kg,"San Miguel Mills Logistics","Warehouse Inbound Team","Authorized supplier stock replenishment"
2026-03-03,RM-047,"Cornstarch (Maizena)",71.43,kg,"San Miguel Mills Logistics","Warehouse Inbound Team","Authorized supplier stock replenishment"
2026-03-08,RM-047,"Cornstarch (Maizena)",80.85,kg,"San Miguel Mills Logistics","Warehouse Inbound Team","Authorized supplier stock replenishment"
2026-03-13,RM-047,"Cornstarch (Maizena)",80.69,kg,"San Miguel Mills Logistics","Warehouse Inbound Team","Authorized supplier stock replenishment"
2026-03-18,RM-047,"Cornstarch (Maizena)",71.34,kg,"San Miguel Mills Logistics","Warehouse Inbound Team","Authorized supplier stock replenishment"
2026-03-23,RM-047,"Cornstarch (Maizena)",75.74,kg,"San Miguel Mills Logistics","Warehouse Inbound Team","Authorized supplier stock replenishment"
2026-03-28,RM-047,"Cornstarch (Maizena)",83.1,kg,"San Miguel Mills Logistics","Warehouse Inbound Team","Authorized supplier stock replenishment"
2026-04-02,RM-047,"Cornstarch (Maizena)",75.36,kg,"San Miguel Mills Logistics","Warehouse Inbound Team","Authorized supplier stock replenishment"
2026-04-07,RM-047,"Cornstarch (Maizena)",71.51,kg,"San Miguel Mills Logistics","Warehouse Inbound Team","Authorized supplier stock replenishment"
2026-04-12,RM-047,"Cornstarch (Maizena)",81,kg,"San Miguel Mills Logistics","Warehouse Inbound Team","Authorized supplier stock replenishment"
2026-04-17,RM-047,"Cornstarch (Maizena)",80.54,kg,"San Miguel Mills Logistics","Warehouse Inbound Team","Authorized supplier stock replenishment"
2026-04-22,RM-047,"Cornstarch (Maizena)",71.26,kg,"San Miguel Mills Logistics","Warehouse Inbound Team","Authorized supplier stock replenishment"
2026-04-27,RM-047,"Cornstarch (Maizena)",75.93,kg,"San Miguel Mills Logistics","Warehouse Inbound Team","Authorized supplier stock replenishment"
2026-05-02,RM-047,"Cornstarch (Maizena)",83.09,kg,"San Miguel Mills Logistics","Warehouse Inbound Team","Authorized supplier stock replenishment"
2026-05-07,RM-047,"Cornstarch (Maizena)",75.18,kg,"San Miguel Mills Logistics","Warehouse Inbound Team","Authorized supplier stock replenishment"
2026-05-12,RM-047,"Cornstarch (Maizena)",71.6,kg,"San Miguel Mills Logistics","Warehouse Inbound Team","Authorized supplier stock replenishment"
2026-05-17,RM-047,"Cornstarch (Maizena)",81.13,kg,"San Miguel Mills Logistics","Warehouse Inbound Team","Authorized supplier stock replenishment"
2026-05-22,RM-047,"Cornstarch (Maizena)",80.39,kg,"San Miguel Mills Logistics","Warehouse Inbound Team","Authorized supplier stock replenishment"
2026-05-27,RM-047,"Cornstarch (Maizena)",71.19,kg,"San Miguel Mills Logistics","Warehouse Inbound Team","Authorized supplier stock replenishment"
2026-06-01,RM-047,"Cornstarch (Maizena)",76.11,kg,"San Miguel Mills Logistics","Warehouse Inbound Team","Authorized supplier stock replenishment"
2026-06-06,RM-047,"Cornstarch (Maizena)",83.07,kg,"San Miguel Mills Logistics","Warehouse Inbound Team","Authorized supplier stock replenishment"
2026-06-11,RM-047,"Cornstarch (Maizena)",75,kg,"San Miguel Mills Logistics","Warehouse Inbound Team","Authorized supplier stock replenishment"
2026-06-16,RM-047,"Cornstarch (Maizena)",71.7,kg,"San Miguel Mills Logistics","Warehouse Inbound Team","Authorized supplier stock replenishment"
2026-06-21,RM-047,"Cornstarch (Maizena)",81.27,kg,"San Miguel Mills Logistics","Warehouse Inbound Team","Authorized supplier stock replenishment"
2026-06-26,RM-047,"Cornstarch (Maizena)",80.23,kg,"San Miguel Mills Logistics","Warehouse Inbound Team","Authorized supplier stock replenishment"
2026-07-01,RM-047,"Cornstarch (Maizena)",71.13,kg,"San Miguel Mills Logistics","Warehouse Inbound Team","Authorized supplier stock replenishment"
2026-07-06,RM-047,"Cornstarch (Maizena)",76.3,kg,"San Miguel Mills Logistics","Warehouse Inbound Team","Authorized supplier stock replenishment"
2026-07-11,RM-047,"Cornstarch (Maizena)",83.05,kg,"San Miguel Mills Logistics","Warehouse Inbound Team","Authorized supplier stock replenishment"
2026-07-16,RM-047,"Cornstarch (Maizena)",74.82,kg,"San Miguel Mills Logistics","Warehouse Inbound Team","Authorized supplier stock replenishment"
2026-07-21,RM-047,"Cornstarch (Maizena)",71.8,kg,"San Miguel Mills Logistics","Warehouse Inbound Team","Authorized supplier stock replenishment"
2026-07-26,RM-047,"Cornstarch (Maizena)",81.4,kg,"San Miguel Mills Logistics","Warehouse Inbound Team","Authorized supplier stock replenishment"
2026-07-31,RM-047,"Cornstarch (Maizena)",80.07,kg,"San Miguel Mills Logistics","Warehouse Inbound Team","Authorized supplier stock replenishment"
2026-08-05,RM-047,"Cornstarch (Maizena)",71.07,kg,"San Miguel Mills Logistics","Warehouse Inbound Team","Authorized supplier stock replenishment"
2026-08-10,RM-047,"Cornstarch (Maizena)",76.49,kg,"San Miguel Mills Logistics","Warehouse Inbound Team","Authorized supplier stock replenishment"
2026-08-15,RM-047,"Cornstarch (Maizena)",83.03,kg,"San Miguel Mills Logistics","Warehouse Inbound Team","Authorized supplier stock replenishment"
2026-08-20,RM-047,"Cornstarch (Maizena)",74.64,kg,"San Miguel Mills Logistics","Warehouse Inbound Team","Authorized supplier stock replenishment"
2026-08-25,RM-047,"Cornstarch (Maizena)",71.9,kg,"San Miguel Mills Logistics","Warehouse Inbound Team","Authorized supplier stock replenishment"
2026-08-30,RM-047,"Cornstarch (Maizena)",80.67,kg,"San Miguel Mills Logistics","Warehouse Inbound Team","Authorized supplier stock replenishment"
2026-01-06,RM-048,"Bread Improver (Enzyme)",17.54,kg,"Universal Robina Supply Corp","Warehouse Inbound Team","Authorized supplier stock replenishment"
2026-01-12,RM-048,"Bread Improver (Enzyme)",15.77,kg,"Universal Robina Supply Corp","Warehouse Inbound Team","Authorized supplier stock replenishment"
2026-01-18,RM-048,"Bread Improver (Enzyme)",16.7,kg,"Universal Robina Supply Corp","Warehouse Inbound Team","Authorized supplier stock replenishment"
2026-01-24,RM-048,"Bread Improver (Enzyme)",18.4,kg,"Universal Robina Supply Corp","Warehouse Inbound Team","Authorized supplier stock replenishment"
2026-01-30,RM-048,"Bread Improver (Enzyme)",17.34,kg,"Universal Robina Supply Corp","Warehouse Inbound Team","Authorized supplier stock replenishment"
2026-02-05,RM-048,"Bread Improver (Enzyme)",15.72,kg,"Universal Robina Supply Corp","Warehouse Inbound Team","Authorized supplier stock replenishment"
2026-02-11,RM-048,"Bread Improver (Enzyme)",16.92,kg,"Universal Robina Supply Corp","Warehouse Inbound Team","Authorized supplier stock replenishment"
2026-02-17,RM-048,"Bread Improver (Enzyme)",18.43,kg,"Universal Robina Supply Corp","Warehouse Inbound Team","Authorized supplier stock replenishment"
2026-02-23,RM-048,"Bread Improver (Enzyme)",17.12,kg,"Universal Robina Supply Corp","Warehouse Inbound Team","Authorized supplier stock replenishment"
2026-03-01,RM-048,"Bread Improver (Enzyme)",15.71,kg,"Universal Robina Supply Corp","Warehouse Inbound Team","Authorized supplier stock replenishment"
2026-03-07,RM-048,"Bread Improver (Enzyme)",17.13,kg,"Universal Robina Supply Corp","Warehouse Inbound Team","Authorized supplier stock replenishment"
2026-03-13,RM-048,"Bread Improver (Enzyme)",18.43,kg,"Universal Robina Supply Corp","Warehouse Inbound Team","Authorized supplier stock replenishment"
2026-03-19,RM-048,"Bread Improver (Enzyme)",16.9,kg,"Universal Robina Supply Corp","Warehouse Inbound Team","Authorized supplier stock replenishment"
2026-03-25,RM-048,"Bread Improver (Enzyme)",15.72,kg,"Universal Robina Supply Corp","Warehouse Inbound Team","Authorized supplier stock replenishment"
2026-03-31,RM-048,"Bread Improver (Enzyme)",17.35,kg,"Universal Robina Supply Corp","Warehouse Inbound Team","Authorized supplier stock replenishment"
2026-04-06,RM-048,"Bread Improver (Enzyme)",18.4,kg,"Universal Robina Supply Corp","Warehouse Inbound Team","Authorized supplier stock replenishment"
2026-04-12,RM-048,"Bread Improver (Enzyme)",16.69,kg,"Universal Robina Supply Corp","Warehouse Inbound Team","Authorized supplier stock replenishment"
2026-04-18,RM-048,"Bread Improver (Enzyme)",15.78,kg,"Universal Robina Supply Corp","Warehouse Inbound Team","Authorized supplier stock replenishment"
2026-04-24,RM-048,"Bread Improver (Enzyme)",17.56,kg,"Universal Robina Supply Corp","Warehouse Inbound Team","Authorized supplier stock replenishment"
2026-04-30,RM-048,"Bread Improver (Enzyme)",18.33,kg,"Universal Robina Supply Corp","Warehouse Inbound Team","Authorized supplier stock replenishment"
2026-05-06,RM-048,"Bread Improver (Enzyme)",16.49,kg,"Universal Robina Supply Corp","Warehouse Inbound Team","Authorized supplier stock replenishment"
2026-05-12,RM-048,"Bread Improver (Enzyme)",15.86,kg,"Universal Robina Supply Corp","Warehouse Inbound Team","Authorized supplier stock replenishment"
2026-05-18,RM-048,"Bread Improver (Enzyme)",17.75,kg,"Universal Robina Supply Corp","Warehouse Inbound Team","Authorized supplier stock replenishment"
2026-05-24,RM-048,"Bread Improver (Enzyme)",18.23,kg,"Universal Robina Supply Corp","Warehouse Inbound Team","Authorized supplier stock replenishment"
2026-05-30,RM-048,"Bread Improver (Enzyme)",16.3,kg,"Universal Robina Supply Corp","Warehouse Inbound Team","Authorized supplier stock replenishment"
2026-06-05,RM-048,"Bread Improver (Enzyme)",15.98,kg,"Universal Robina Supply Corp","Warehouse Inbound Team","Authorized supplier stock replenishment"
2026-06-11,RM-048,"Bread Improver (Enzyme)",17.93,kg,"Universal Robina Supply Corp","Warehouse Inbound Team","Authorized supplier stock replenishment"
2026-06-17,RM-048,"Bread Improver (Enzyme)",18.1,kg,"Universal Robina Supply Corp","Warehouse Inbound Team","Authorized supplier stock replenishment"
2026-06-23,RM-048,"Bread Improver (Enzyme)",16.13,kg,"Universal Robina Supply Corp","Warehouse Inbound Team","Authorized supplier stock replenishment"
2026-06-29,RM-048,"Bread Improver (Enzyme)",16.12,kg,"Universal Robina Supply Corp","Warehouse Inbound Team","Authorized supplier stock replenishment"
2026-07-05,RM-048,"Bread Improver (Enzyme)",18.09,kg,"Universal Robina Supply Corp","Warehouse Inbound Team","Authorized supplier stock replenishment"
2026-07-11,RM-048,"Bread Improver (Enzyme)",17.95,kg,"Universal Robina Supply Corp","Warehouse Inbound Team","Authorized supplier stock replenishment"
2026-07-17,RM-048,"Bread Improver (Enzyme)",15.99,kg,"Universal Robina Supply Corp","Warehouse Inbound Team","Authorized supplier stock replenishment"
2026-07-23,RM-048,"Bread Improver (Enzyme)",16.28,kg,"Universal Robina Supply Corp","Warehouse Inbound Team","Authorized supplier stock replenishment"
2026-07-29,RM-048,"Bread Improver (Enzyme)",18.22,kg,"Universal Robina Supply Corp","Warehouse Inbound Team","Authorized supplier stock replenishment"
2026-08-04,RM-048,"Bread Improver (Enzyme)",17.77,kg,"Universal Robina Supply Corp","Warehouse Inbound Team","Authorized supplier stock replenishment"
2026-08-10,RM-048,"Bread Improver (Enzyme)",15.87,kg,"Universal Robina Supply Corp","Warehouse Inbound Team","Authorized supplier stock replenishment"
2026-08-16,RM-048,"Bread Improver (Enzyme)",16.47,kg,"Universal Robina Supply Corp","Warehouse Inbound Team","Authorized supplier stock replenishment"
2026-08-22,RM-048,"Bread Improver (Enzyme)",18.32,kg,"Universal Robina Supply Corp","Warehouse Inbound Team","Authorized supplier stock replenishment"
2026-08-28,RM-048,"Bread Improver (Enzyme)",17.58,kg,"Universal Robina Supply Corp","Warehouse Inbound Team","Authorized supplier stock replenishment"
2026-01-01,RM-049,"Emulsifier Paste (Ovalette)",24.91,kg,"San Miguel Mills Logistics","Warehouse Inbound Team","Authorized supplier stock replenishment"
2026-01-07,RM-049,"Emulsifier Paste (Ovalette)",27.92,kg,"San Miguel Mills Logistics","Warehouse Inbound Team","Authorized supplier stock replenishment"
2026-01-13,RM-049,"Emulsifier Paste (Ovalette)",27.46,kg,"San Miguel Mills Logistics","Warehouse Inbound Team","Authorized supplier stock replenishment"
2026-01-19,RM-049,"Emulsifier Paste (Ovalette)",24.49,kg,"San Miguel Mills Logistics","Warehouse Inbound Team","Authorized supplier stock replenishment"
2026-01-25,RM-049,"Emulsifier Paste (Ovalette)",25.18,kg,"San Miguel Mills Logistics","Warehouse Inbound Team","Authorized supplier stock replenishment"
2026-01-31,RM-049,"Emulsifier Paste (Ovalette)",28.1,kg,"San Miguel Mills Logistics","Warehouse Inbound Team","Authorized supplier stock replenishment"
2026-02-06,RM-049,"Emulsifier Paste (Ovalette)",27.18,kg,"San Miguel Mills Logistics","Warehouse Inbound Team","Authorized supplier stock replenishment"
2026-02-12,RM-049,"Emulsifier Paste (Ovalette)",24.33,kg,"San Miguel Mills Logistics","Warehouse Inbound Team","Authorized supplier stock replenishment"
2026-02-18,RM-049,"Emulsifier Paste (Ovalette)",25.48,kg,"San Miguel Mills Logistics","Warehouse Inbound Team","Authorized supplier stock replenishment"
2026-02-24,RM-049,"Emulsifier Paste (Ovalette)",28.23,kg,"San Miguel Mills Logistics","Warehouse Inbound Team","Authorized supplier stock replenishment"
2026-03-02,RM-049,"Emulsifier Paste (Ovalette)",26.87,kg,"San Miguel Mills Logistics","Warehouse Inbound Team","Authorized supplier stock replenishment"
2026-03-08,RM-049,"Emulsifier Paste (Ovalette)",24.22,kg,"San Miguel Mills Logistics","Warehouse Inbound Team","Authorized supplier stock replenishment"
2026-03-14,RM-049,"Emulsifier Paste (Ovalette)",25.8,kg,"San Miguel Mills Logistics","Warehouse Inbound Team","Authorized supplier stock replenishment"
2026-03-20,RM-049,"Emulsifier Paste (Ovalette)",28.32,kg,"San Miguel Mills Logistics","Warehouse Inbound Team","Authorized supplier stock replenishment"
2026-03-26,RM-049,"Emulsifier Paste (Ovalette)",26.54,kg,"San Miguel Mills Logistics","Warehouse Inbound Team","Authorized supplier stock replenishment"
2026-04-01,RM-049,"Emulsifier Paste (Ovalette)",24.16,kg,"San Miguel Mills Logistics","Warehouse Inbound Team","Authorized supplier stock replenishment"
2026-04-07,RM-049,"Emulsifier Paste (Ovalette)",26.13,kg,"San Miguel Mills Logistics","Warehouse Inbound Team","Authorized supplier stock replenishment"
2026-04-13,RM-049,"Emulsifier Paste (Ovalette)",28.35,kg,"San Miguel Mills Logistics","Warehouse Inbound Team","Authorized supplier stock replenishment"
2026-04-19,RM-049,"Emulsifier Paste (Ovalette)",26.21,kg,"San Miguel Mills Logistics","Warehouse Inbound Team","Authorized supplier stock replenishment"
2026-04-25,RM-049,"Emulsifier Paste (Ovalette)",24.16,kg,"San Miguel Mills Logistics","Warehouse Inbound Team","Authorized supplier stock replenishment"
2026-05-01,RM-049,"Emulsifier Paste (Ovalette)",26.46,kg,"San Miguel Mills Logistics","Warehouse Inbound Team","Authorized supplier stock replenishment"
2026-05-07,RM-049,"Emulsifier Paste (Ovalette)",28.33,kg,"San Miguel Mills Logistics","Warehouse Inbound Team","Authorized supplier stock replenishment"
2026-05-13,RM-049,"Emulsifier Paste (Ovalette)",25.88,kg,"San Miguel Mills Logistics","Warehouse Inbound Team","Authorized supplier stock replenishment"
2026-05-19,RM-049,"Emulsifier Paste (Ovalette)",24.2,kg,"San Miguel Mills Logistics","Warehouse Inbound Team","Authorized supplier stock replenishment"
2026-05-25,RM-049,"Emulsifier Paste (Ovalette)",26.79,kg,"San Miguel Mills Logistics","Warehouse Inbound Team","Authorized supplier stock replenishment"
2026-05-31,RM-049,"Emulsifier Paste (Ovalette)",28.26,kg,"San Miguel Mills Logistics","Warehouse Inbound Team","Authorized supplier stock replenishment"
2026-06-06,RM-049,"Emulsifier Paste (Ovalette)",25.56,kg,"San Miguel Mills Logistics","Warehouse Inbound Team","Authorized supplier stock replenishment"
2026-06-12,RM-049,"Emulsifier Paste (Ovalette)",24.3,kg,"San Miguel Mills Logistics","Warehouse Inbound Team","Authorized supplier stock replenishment"
2026-06-18,RM-049,"Emulsifier Paste (Ovalette)",27.1,kg,"San Miguel Mills Logistics","Warehouse Inbound Team","Authorized supplier stock replenishment"
2026-06-24,RM-049,"Emulsifier Paste (Ovalette)",28.14,kg,"San Miguel Mills Logistics","Warehouse Inbound Team","Authorized supplier stock replenishment"
2026-06-30,RM-049,"Emulsifier Paste (Ovalette)",25.25,kg,"San Miguel Mills Logistics","Warehouse Inbound Team","Authorized supplier stock replenishment"
2026-07-06,RM-049,"Emulsifier Paste (Ovalette)",24.44,kg,"San Miguel Mills Logistics","Warehouse Inbound Team","Authorized supplier stock replenishment"
2026-07-12,RM-049,"Emulsifier Paste (Ovalette)",27.39,kg,"San Miguel Mills Logistics","Warehouse Inbound Team","Authorized supplier stock replenishment"
2026-07-18,RM-049,"Emulsifier Paste (Ovalette)",27.97,kg,"San Miguel Mills Logistics","Warehouse Inbound Team","Authorized supplier stock replenishment"
2026-07-24,RM-049,"Emulsifier Paste (Ovalette)",24.98,kg,"San Miguel Mills Logistics","Warehouse Inbound Team","Authorized supplier stock replenishment"
2026-07-30,RM-049,"Emulsifier Paste (Ovalette)",24.64,kg,"San Miguel Mills Logistics","Warehouse Inbound Team","Authorized supplier stock replenishment"
2026-08-05,RM-049,"Emulsifier Paste (Ovalette)",27.66,kg,"San Miguel Mills Logistics","Warehouse Inbound Team","Authorized supplier stock replenishment"
2026-08-11,RM-049,"Emulsifier Paste (Ovalette)",27.76,kg,"San Miguel Mills Logistics","Warehouse Inbound Team","Authorized supplier stock replenishment"
2026-08-17,RM-049,"Emulsifier Paste (Ovalette)",24.73,kg,"San Miguel Mills Logistics","Warehouse Inbound Team","Authorized supplier stock replenishment"
2026-08-23,RM-049,"Emulsifier Paste (Ovalette)",24.87,kg,"San Miguel Mills Logistics","Warehouse Inbound Team","Authorized supplier stock replenishment"
2026-08-29,RM-049,"Emulsifier Paste (Ovalette)",23.19,kg,"San Miguel Mills Logistics","Warehouse Inbound Team","Authorized supplier stock replenishment"
2026-01-05,RM-050,"Calcium Propionate (Preservative)",11.85,kg,"Universal Robina Supply Corp","Warehouse Inbound Team","Authorized supplier stock replenishment"
2026-01-10,RM-050,"Calcium Propionate (Preservative)",10.63,kg,"Universal Robina Supply Corp","Warehouse Inbound Team","Authorized supplier stock replenishment"
2026-01-15,RM-050,"Calcium Propionate (Preservative)",10.29,kg,"Universal Robina Supply Corp","Warehouse Inbound Team","Authorized supplier stock replenishment"
2026-01-20,RM-050,"Calcium Propionate (Preservative)",11.67,kg,"Universal Robina Supply Corp","Warehouse Inbound Team","Authorized supplier stock replenishment"
2026-01-25,RM-050,"Calcium Propionate (Preservative)",11.38,kg,"Universal Robina Supply Corp","Warehouse Inbound Team","Authorized supplier stock replenishment"
2026-01-30,RM-050,"Calcium Propionate (Preservative)",10.14,kg,"Universal Robina Supply Corp","Warehouse Inbound Team","Authorized supplier stock replenishment"
2026-02-04,RM-050,"Calcium Propionate (Preservative)",10.99,kg,"Universal Robina Supply Corp","Warehouse Inbound Team","Authorized supplier stock replenishment"
2026-02-09,RM-050,"Calcium Propionate (Preservative)",11.85,kg,"Universal Robina Supply Corp","Warehouse Inbound Team","Authorized supplier stock replenishment"
2026-02-14,RM-050,"Calcium Propionate (Preservative)",10.61,kg,"Universal Robina Supply Corp","Warehouse Inbound Team","Authorized supplier stock replenishment"
2026-02-19,RM-050,"Calcium Propionate (Preservative)",10.31,kg,"Universal Robina Supply Corp","Warehouse Inbound Team","Authorized supplier stock replenishment"
2026-02-24,RM-050,"Calcium Propionate (Preservative)",11.69,kg,"Universal Robina Supply Corp","Warehouse Inbound Team","Authorized supplier stock replenishment"
2026-03-01,RM-050,"Calcium Propionate (Preservative)",11.36,kg,"Universal Robina Supply Corp","Warehouse Inbound Team","Authorized supplier stock replenishment"
2026-03-06,RM-050,"Calcium Propionate (Preservative)",10.13,kg,"Universal Robina Supply Corp","Warehouse Inbound Team","Authorized supplier stock replenishment"
2026-03-11,RM-050,"Calcium Propionate (Preservative)",11.01,kg,"Universal Robina Supply Corp","Warehouse Inbound Team","Authorized supplier stock replenishment"
2026-03-16,RM-050,"Calcium Propionate (Preservative)",11.84,kg,"Universal Robina Supply Corp","Warehouse Inbound Team","Authorized supplier stock replenishment"
2026-03-21,RM-050,"Calcium Propionate (Preservative)",10.58,kg,"Universal Robina Supply Corp","Warehouse Inbound Team","Authorized supplier stock replenishment"
2026-03-26,RM-050,"Calcium Propionate (Preservative)",10.32,kg,"Universal Robina Supply Corp","Warehouse Inbound Team","Authorized supplier stock replenishment"
2026-03-31,RM-050,"Calcium Propionate (Preservative)",11.7,kg,"Universal Robina Supply Corp","Warehouse Inbound Team","Authorized supplier stock replenishment"
2026-04-05,RM-050,"Calcium Propionate (Preservative)",11.34,kg,"Universal Robina Supply Corp","Warehouse Inbound Team","Authorized supplier stock replenishment"
2026-04-10,RM-050,"Calcium Propionate (Preservative)",10.13,kg,"Universal Robina Supply Corp","Warehouse Inbound Team","Authorized supplier stock replenishment"
2026-04-15,RM-050,"Calcium Propionate (Preservative)",11.04,kg,"Universal Robina Supply Corp","Warehouse Inbound Team","Authorized supplier stock replenishment"
2026-04-20,RM-050,"Calcium Propionate (Preservative)",11.84,kg,"Universal Robina Supply Corp","Warehouse Inbound Team","Authorized supplier stock replenishment"
2026-04-25,RM-050,"Calcium Propionate (Preservative)",10.56,kg,"Universal Robina Supply Corp","Warehouse Inbound Team","Authorized supplier stock replenishment"
2026-04-30,RM-050,"Calcium Propionate (Preservative)",10.34,kg,"Universal Robina Supply Corp","Warehouse Inbound Team","Authorized supplier stock replenishment"
2026-05-05,RM-050,"Calcium Propionate (Preservative)",11.72,kg,"Universal Robina Supply Corp","Warehouse Inbound Team","Authorized supplier stock replenishment"
2026-05-10,RM-050,"Calcium Propionate (Preservative)",11.31,kg,"Universal Robina Supply Corp","Warehouse Inbound Team","Authorized supplier stock replenishment"
2026-05-15,RM-050,"Calcium Propionate (Preservative)",10.12,kg,"Universal Robina Supply Corp","Warehouse Inbound Team","Authorized supplier stock replenishment"
2026-05-20,RM-050,"Calcium Propionate (Preservative)",11.07,kg,"Universal Robina Supply Corp","Warehouse Inbound Team","Authorized supplier stock replenishment"
2026-05-25,RM-050,"Calcium Propionate (Preservative)",11.83,kg,"Universal Robina Supply Corp","Warehouse Inbound Team","Authorized supplier stock replenishment"
2026-05-30,RM-050,"Calcium Propionate (Preservative)",10.54,kg,"Universal Robina Supply Corp","Warehouse Inbound Team","Authorized supplier stock replenishment"
2026-06-04,RM-050,"Calcium Propionate (Preservative)",10.36,kg,"Universal Robina Supply Corp","Warehouse Inbound Team","Authorized supplier stock replenishment"
2026-06-09,RM-050,"Calcium Propionate (Preservative)",11.73,kg,"Universal Robina Supply Corp","Warehouse Inbound Team","Authorized supplier stock replenishment"
2026-06-14,RM-050,"Calcium Propionate (Preservative)",11.29,kg,"Universal Robina Supply Corp","Warehouse Inbound Team","Authorized supplier stock replenishment"
2026-06-19,RM-050,"Calcium Propionate (Preservative)",10.12,kg,"Universal Robina Supply Corp","Warehouse Inbound Team","Authorized supplier stock replenishment"
2026-06-24,RM-050,"Calcium Propionate (Preservative)",11.09,kg,"Universal Robina Supply Corp","Warehouse Inbound Team","Authorized supplier stock replenishment"
2026-06-29,RM-050,"Calcium Propionate (Preservative)",11.82,kg,"Universal Robina Supply Corp","Warehouse Inbound Team","Authorized supplier stock replenishment"
2026-07-04,RM-050,"Calcium Propionate (Preservative)",10.51,kg,"Universal Robina Supply Corp","Warehouse Inbound Team","Authorized supplier stock replenishment"
2026-07-09,RM-050,"Calcium Propionate (Preservative)",10.38,kg,"Universal Robina Supply Corp","Warehouse Inbound Team","Authorized supplier stock replenishment"
2026-07-14,RM-050,"Calcium Propionate (Preservative)",11.75,kg,"Universal Robina Supply Corp","Warehouse Inbound Team","Authorized supplier stock replenishment"
2026-07-19,RM-050,"Calcium Propionate (Preservative)",11.26,kg,"Universal Robina Supply Corp","Warehouse Inbound Team","Authorized supplier stock replenishment"
2026-07-24,RM-050,"Calcium Propionate (Preservative)",10.12,kg,"Universal Robina Supply Corp","Warehouse Inbound Team","Authorized supplier stock replenishment"
2026-07-29,RM-050,"Calcium Propionate (Preservative)",11.12,kg,"Universal Robina Supply Corp","Warehouse Inbound Team","Authorized supplier stock replenishment"
2026-08-03,RM-050,"Calcium Propionate (Preservative)",11.81,kg,"Universal Robina Supply Corp","Warehouse Inbound Team","Authorized supplier stock replenishment"
2026-08-08,RM-050,"Calcium Propionate (Preservative)",10.49,kg,"Universal Robina Supply Corp","Warehouse Inbound Team","Authorized supplier stock replenishment"
2026-08-13,RM-050,"Calcium Propionate (Preservative)",10.4,kg,"Universal Robina Supply Corp","Warehouse Inbound Team","Authorized supplier stock replenishment"
2026-08-18,RM-050,"Calcium Propionate (Preservative)",11.76,kg,"Universal Robina Supply Corp","Warehouse Inbound Team","Authorized supplier stock replenishment"
2026-08-23,RM-050,"Calcium Propionate (Preservative)",11.24,kg,"Universal Robina Supply Corp","Warehouse Inbound Team","Authorized supplier stock replenishment"
2026-08-28,RM-050,"Calcium Propionate (Preservative)",10.11,kg,"Universal Robina Supply Corp","Warehouse Inbound Team","Authorized supplier stock replenishment"
2026-09-02,RM-050,"Calcium Propionate (Preservative)",11.03,kg,"Universal Robina Supply Corp","Warehouse Inbound Team","Authorized supplier stock replenishment"
2026-01-01,RM-051,"Liquid Glucose Syrup",70.81,kg,"San Miguel Mills Logistics","Warehouse Inbound Team","Authorized supplier stock replenishment"
2026-01-06,RM-051,"Liquid Glucose Syrup",63.24,kg,"San Miguel Mills Logistics","Warehouse Inbound Team","Authorized supplier stock replenishment"
2026-01-11,RM-051,"Liquid Glucose Syrup",61.79,kg,"San Miguel Mills Logistics","Warehouse Inbound Team","Authorized supplier stock replenishment"
2026-01-16,RM-051,"Liquid Glucose Syrup",70.02,kg,"San Miguel Mills Logistics","Warehouse Inbound Team","Authorized supplier stock replenishment"
2026-01-21,RM-051,"Liquid Glucose Syrup",67.74,kg,"San Miguel Mills Logistics","Warehouse Inbound Team","Authorized supplier stock replenishment"
2026-01-26,RM-051,"Liquid Glucose Syrup",60.55,kg,"San Miguel Mills Logistics","Warehouse Inbound Team","Authorized supplier stock replenishment"
2026-01-31,RM-051,"Liquid Glucose Syrup",66.09,kg,"San Miguel Mills Logistics","Warehouse Inbound Team","Authorized supplier stock replenishment"
2026-02-05,RM-051,"Liquid Glucose Syrup",70.77,kg,"San Miguel Mills Logistics","Warehouse Inbound Team","Authorized supplier stock replenishment"
2026-02-10,RM-051,"Liquid Glucose Syrup",63.1,kg,"San Miguel Mills Logistics","Warehouse Inbound Team","Authorized supplier stock replenishment"
2026-02-15,RM-051,"Liquid Glucose Syrup",61.9,kg,"San Miguel Mills Logistics","Warehouse Inbound Team","Authorized supplier stock replenishment"
2026-02-20,RM-051,"Liquid Glucose Syrup",70.11,kg,"San Miguel Mills Logistics","Warehouse Inbound Team","Authorized supplier stock replenishment"
2026-02-25,RM-051,"Liquid Glucose Syrup",67.59,kg,"San Miguel Mills Logistics","Warehouse Inbound Team","Authorized supplier stock replenishment"
2026-03-02,RM-051,"Liquid Glucose Syrup",60.52,kg,"San Miguel Mills Logistics","Warehouse Inbound Team","Authorized supplier stock replenishment"
2026-03-07,RM-051,"Liquid Glucose Syrup",66.25,kg,"San Miguel Mills Logistics","Warehouse Inbound Team","Authorized supplier stock replenishment"
2026-03-12,RM-051,"Liquid Glucose Syrup",70.72,kg,"San Miguel Mills Logistics","Warehouse Inbound Team","Authorized supplier stock replenishment"
2026-03-17,RM-051,"Liquid Glucose Syrup",62.96,kg,"San Miguel Mills Logistics","Warehouse Inbound Team","Authorized supplier stock replenishment"
2026-03-22,RM-051,"Liquid Glucose Syrup",62.01,kg,"San Miguel Mills Logistics","Warehouse Inbound Team","Authorized supplier stock replenishment"
2026-03-27,RM-051,"Liquid Glucose Syrup",70.2,kg,"San Miguel Mills Logistics","Warehouse Inbound Team","Authorized supplier stock replenishment"
2026-04-01,RM-051,"Liquid Glucose Syrup",67.44,kg,"San Miguel Mills Logistics","Warehouse Inbound Team","Authorized supplier stock replenishment"
2026-04-06,RM-051,"Liquid Glucose Syrup",60.5,kg,"San Miguel Mills Logistics","Warehouse Inbound Team","Authorized supplier stock replenishment"
2026-04-11,RM-051,"Liquid Glucose Syrup",66.41,kg,"San Miguel Mills Logistics","Warehouse Inbound Team","Authorized supplier stock replenishment"
2026-04-16,RM-051,"Liquid Glucose Syrup",70.66,kg,"San Miguel Mills Logistics","Warehouse Inbound Team","Authorized supplier stock replenishment"
2026-04-21,RM-051,"Liquid Glucose Syrup",62.83,kg,"San Miguel Mills Logistics","Warehouse Inbound Team","Authorized supplier stock replenishment"
2026-04-26,RM-051,"Liquid Glucose Syrup",62.13,kg,"San Miguel Mills Logistics","Warehouse Inbound Team","Authorized supplier stock replenishment"
2026-05-01,RM-051,"Liquid Glucose Syrup",70.28,kg,"San Miguel Mills Logistics","Warehouse Inbound Team","Authorized supplier stock replenishment"
2026-05-06,RM-051,"Liquid Glucose Syrup",67.28,kg,"San Miguel Mills Logistics","Warehouse Inbound Team","Authorized supplier stock replenishment"
2026-05-11,RM-051,"Liquid Glucose Syrup",60.49,kg,"San Miguel Mills Logistics","Warehouse Inbound Team","Authorized supplier stock replenishment"
2026-05-16,RM-051,"Liquid Glucose Syrup",66.57,kg,"San Miguel Mills Logistics","Warehouse Inbound Team","Authorized supplier stock replenishment"
2026-05-21,RM-051,"Liquid Glucose Syrup",70.61,kg,"San Miguel Mills Logistics","Warehouse Inbound Team","Authorized supplier stock replenishment"
2026-05-26,RM-051,"Liquid Glucose Syrup",62.7,kg,"San Miguel Mills Logistics","Warehouse Inbound Team","Authorized supplier stock replenishment"
2026-05-31,RM-051,"Liquid Glucose Syrup",62.25,kg,"San Miguel Mills Logistics","Warehouse Inbound Team","Authorized supplier stock replenishment"
2026-06-05,RM-051,"Liquid Glucose Syrup",70.36,kg,"San Miguel Mills Logistics","Warehouse Inbound Team","Authorized supplier stock replenishment"
2026-06-10,RM-051,"Liquid Glucose Syrup",67.13,kg,"San Miguel Mills Logistics","Warehouse Inbound Team","Authorized supplier stock replenishment"
2026-06-15,RM-051,"Liquid Glucose Syrup",60.48,kg,"San Miguel Mills Logistics","Warehouse Inbound Team","Authorized supplier stock replenishment"
2026-06-20,RM-051,"Liquid Glucose Syrup",66.73,kg,"San Miguel Mills Logistics","Warehouse Inbound Team","Authorized supplier stock replenishment"
2026-06-25,RM-051,"Liquid Glucose Syrup",70.54,kg,"San Miguel Mills Logistics","Warehouse Inbound Team","Authorized supplier stock replenishment"
2026-06-30,RM-051,"Liquid Glucose Syrup",62.57,kg,"San Miguel Mills Logistics","Warehouse Inbound Team","Authorized supplier stock replenishment"
2026-07-05,RM-051,"Liquid Glucose Syrup",62.37,kg,"San Miguel Mills Logistics","Warehouse Inbound Team","Authorized supplier stock replenishment"
2026-07-10,RM-051,"Liquid Glucose Syrup",70.43,kg,"San Miguel Mills Logistics","Warehouse Inbound Team","Authorized supplier stock replenishment"
2026-07-15,RM-051,"Liquid Glucose Syrup",66.98,kg,"San Miguel Mills Logistics","Warehouse Inbound Team","Authorized supplier stock replenishment"
2026-07-20,RM-051,"Liquid Glucose Syrup",60.48,kg,"San Miguel Mills Logistics","Warehouse Inbound Team","Authorized supplier stock replenishment"
2026-07-25,RM-051,"Liquid Glucose Syrup",66.88,kg,"San Miguel Mills Logistics","Warehouse Inbound Team","Authorized supplier stock replenishment"
2026-07-30,RM-051,"Liquid Glucose Syrup",70.48,kg,"San Miguel Mills Logistics","Warehouse Inbound Team","Authorized supplier stock replenishment"
2026-08-04,RM-051,"Liquid Glucose Syrup",62.44,kg,"San Miguel Mills Logistics","Warehouse Inbound Team","Authorized supplier stock replenishment"
2026-08-09,RM-051,"Liquid Glucose Syrup",62.49,kg,"San Miguel Mills Logistics","Warehouse Inbound Team","Authorized supplier stock replenishment"
2026-08-14,RM-051,"Liquid Glucose Syrup",70.5,kg,"San Miguel Mills Logistics","Warehouse Inbound Team","Authorized supplier stock replenishment"
2026-08-19,RM-051,"Liquid Glucose Syrup",66.82,kg,"San Miguel Mills Logistics","Warehouse Inbound Team","Authorized supplier stock replenishment"
2026-08-24,RM-051,"Liquid Glucose Syrup",60.48,kg,"San Miguel Mills Logistics","Warehouse Inbound Team","Authorized supplier stock replenishment"
2026-08-29,RM-051,"Liquid Glucose Syrup",66.44,kg,"San Miguel Mills Logistics","Warehouse Inbound Team","Authorized supplier stock replenishment"
2026-01-04,RM-052,"Honey Pure Bee",42.52,kg,"Universal Robina Supply Corp","Warehouse Inbound Team","Authorized supplier stock replenishment"
2026-01-10,RM-052,"Honey Pure Bee",46.04,kg,"Universal Robina Supply Corp","Warehouse Inbound Team","Authorized supplier stock replenishment"
2026-01-16,RM-052,"Honey Pure Bee",42.46,kg,"Universal Robina Supply Corp","Warehouse Inbound Team","Authorized supplier stock replenishment"
2026-01-22,RM-052,"Honey Pure Bee",39.23,kg,"Universal Robina Supply Corp","Warehouse Inbound Team","Authorized supplier stock replenishment"
2026-01-28,RM-052,"Honey Pure Bee",43.06,kg,"Universal Robina Supply Corp","Warehouse Inbound Team","Authorized supplier stock replenishment"
2026-02-03,RM-052,"Honey Pure Bee",45.99,kg,"Universal Robina Supply Corp","Warehouse Inbound Team","Authorized supplier stock replenishment"
2026-02-09,RM-052,"Honey Pure Bee",41.93,kg,"Universal Robina Supply Corp","Warehouse Inbound Team","Authorized supplier stock replenishment"
2026-02-15,RM-052,"Honey Pure Bee",39.32,kg,"Universal Robina Supply Corp","Warehouse Inbound Team","Authorized supplier stock replenishment"
2026-02-21,RM-052,"Honey Pure Bee",43.59,kg,"Universal Robina Supply Corp","Warehouse Inbound Team","Authorized supplier stock replenishment"
2026-02-27,RM-052,"Honey Pure Bee",45.86,kg,"Universal Robina Supply Corp","Warehouse Inbound Team","Authorized supplier stock replenishment"
2026-03-05,RM-052,"Honey Pure Bee",41.41,kg,"Universal Robina Supply Corp","Warehouse Inbound Team","Authorized supplier stock replenishment"
2026-03-11,RM-052,"Honey Pure Bee",39.49,kg,"Universal Robina Supply Corp","Warehouse Inbound Team","Authorized supplier stock replenishment"
2026-03-17,RM-052,"Honey Pure Bee",44.1,kg,"Universal Robina Supply Corp","Warehouse Inbound Team","Authorized supplier stock replenishment"
2026-03-23,RM-052,"Honey Pure Bee",45.65,kg,"Universal Robina Supply Corp","Warehouse Inbound Team","Authorized supplier stock replenishment"
2026-03-29,RM-052,"Honey Pure Bee",40.92,kg,"Universal Robina Supply Corp","Warehouse Inbound Team","Authorized supplier stock replenishment"
2026-04-04,RM-052,"Honey Pure Bee",39.75,kg,"Universal Robina Supply Corp","Warehouse Inbound Team","Authorized supplier stock replenishment"
2026-04-10,RM-052,"Honey Pure Bee",44.56,kg,"Universal Robina Supply Corp","Warehouse Inbound Team","Authorized supplier stock replenishment"
2026-04-16,RM-052,"Honey Pure Bee",45.36,kg,"Universal Robina Supply Corp","Warehouse Inbound Team","Authorized supplier stock replenishment"
2026-04-22,RM-052,"Honey Pure Bee",40.48,kg,"Universal Robina Supply Corp","Warehouse Inbound Team","Authorized supplier stock replenishment"
2026-04-28,RM-052,"Honey Pure Bee",40.07,kg,"Universal Robina Supply Corp","Warehouse Inbound Team","Authorized supplier stock replenishment"
2026-05-04,RM-052,"Honey Pure Bee",44.98,kg,"Universal Robina Supply Corp","Warehouse Inbound Team","Authorized supplier stock replenishment"
2026-05-10,RM-052,"Honey Pure Bee",45,kg,"Universal Robina Supply Corp","Warehouse Inbound Team","Authorized supplier stock replenishment"
2026-05-16,RM-052,"Honey Pure Bee",40.09,kg,"Universal Robina Supply Corp","Warehouse Inbound Team","Authorized supplier stock replenishment"
2026-05-22,RM-052,"Honey Pure Bee",40.46,kg,"Universal Robina Supply Corp","Warehouse Inbound Team","Authorized supplier stock replenishment"
2026-05-28,RM-052,"Honey Pure Bee",45.34,kg,"Universal Robina Supply Corp","Warehouse Inbound Team","Authorized supplier stock replenishment"
2026-06-03,RM-052,"Honey Pure Bee",44.58,kg,"Universal Robina Supply Corp","Warehouse Inbound Team","Authorized supplier stock replenishment"
2026-06-09,RM-052,"Honey Pure Bee",39.76,kg,"Universal Robina Supply Corp","Warehouse Inbound Team","Authorized supplier stock replenishment"
2026-06-15,RM-052,"Honey Pure Bee",40.9,kg,"Universal Robina Supply Corp","Warehouse Inbound Team","Authorized supplier stock replenishment"
2026-06-21,RM-052,"Honey Pure Bee",45.64,kg,"Universal Robina Supply Corp","Warehouse Inbound Team","Authorized supplier stock replenishment"
2026-06-27,RM-052,"Honey Pure Bee",44.12,kg,"Universal Robina Supply Corp","Warehouse Inbound Team","Authorized supplier stock replenishment"
2026-07-03,RM-052,"Honey Pure Bee",39.5,kg,"Universal Robina Supply Corp","Warehouse Inbound Team","Authorized supplier stock replenishment"
2026-07-09,RM-052,"Honey Pure Bee",41.39,kg,"Universal Robina Supply Corp","Warehouse Inbound Team","Authorized supplier stock replenishment"
2026-07-15,RM-052,"Honey Pure Bee",45.85,kg,"Universal Robina Supply Corp","Warehouse Inbound Team","Authorized supplier stock replenishment"
2026-07-21,RM-052,"Honey Pure Bee",43.62,kg,"Universal Robina Supply Corp","Warehouse Inbound Team","Authorized supplier stock replenishment"
2026-07-27,RM-052,"Honey Pure Bee",39.33,kg,"Universal Robina Supply Corp","Warehouse Inbound Team","Authorized supplier stock replenishment"
2026-08-02,RM-052,"Honey Pure Bee",41.9,kg,"Universal Robina Supply Corp","Warehouse Inbound Team","Authorized supplier stock replenishment"
2026-08-08,RM-052,"Honey Pure Bee",45.99,kg,"Universal Robina Supply Corp","Warehouse Inbound Team","Authorized supplier stock replenishment"
2026-08-14,RM-052,"Honey Pure Bee",43.09,kg,"Universal Robina Supply Corp","Warehouse Inbound Team","Authorized supplier stock replenishment"
2026-08-20,RM-052,"Honey Pure Bee",39.23,kg,"Universal Robina Supply Corp","Warehouse Inbound Team","Authorized supplier stock replenishment"
2026-08-26,RM-052,"Honey Pure Bee",42.44,kg,"Universal Robina Supply Corp","Warehouse Inbound Team","Authorized supplier stock replenishment"
2026-09-01,RM-052,"Honey Pure Bee",35.7,kg,"Universal Robina Supply Corp","Warehouse Inbound Team","Authorized supplier stock replenishment"
2026-01-05,RM-053,"Matcha Green Tea Powder",25.59,kg,"San Miguel Mills Logistics","Warehouse Inbound Team","Authorized supplier stock replenishment"
2026-01-11,RM-053,"Matcha Green Tea Powder",27.04,kg,"San Miguel Mills Logistics","Warehouse Inbound Team","Authorized supplier stock replenishment"
2026-01-17,RM-053,"Matcha Green Tea Powder",29.83,kg,"San Miguel Mills Logistics","Warehouse Inbound Team","Authorized supplier stock replenishment"
2026-01-23,RM-053,"Matcha Green Tea Powder",28.15,kg,"San Miguel Mills Logistics","Warehouse Inbound Team","Authorized supplier stock replenishment"
2026-01-29,RM-053,"Matcha Green Tea Powder",25.5,kg,"San Miguel Mills Logistics","Warehouse Inbound Team","Authorized supplier stock replenishment"
2026-02-04,RM-053,"Matcha Green Tea Powder",27.38,kg,"San Miguel Mills Logistics","Warehouse Inbound Team","Authorized supplier stock replenishment"
2026-02-10,RM-053,"Matcha Green Tea Powder",29.89,kg,"San Miguel Mills Logistics","Warehouse Inbound Team","Authorized supplier stock replenishment"
2026-02-16,RM-053,"Matcha Green Tea Powder",27.81,kg,"San Miguel Mills Logistics","Warehouse Inbound Team","Authorized supplier stock replenishment"
2026-02-22,RM-053,"Matcha Green Tea Powder",25.47,kg,"San Miguel Mills Logistics","Warehouse Inbound Team","Authorized supplier stock replenishment"
2026-02-28,RM-053,"Matcha Green Tea Powder",27.73,kg,"San Miguel Mills Logistics","Warehouse Inbound Team","Authorized supplier stock replenishment"
2026-03-06,RM-053,"Matcha Green Tea Powder",29.89,kg,"San Miguel Mills Logistics","Warehouse Inbound Team","Authorized supplier stock replenishment"
2026-03-12,RM-053,"Matcha Green Tea Powder",27.46,kg,"San Miguel Mills Logistics","Warehouse Inbound Team","Authorized supplier stock replenishment"
2026-03-18,RM-053,"Matcha Green Tea Powder",25.49,kg,"San Miguel Mills Logistics","Warehouse Inbound Team","Authorized supplier stock replenishment"
2026-03-24,RM-053,"Matcha Green Tea Powder",28.08,kg,"San Miguel Mills Logistics","Warehouse Inbound Team","Authorized supplier stock replenishment"
2026-03-30,RM-053,"Matcha Green Tea Powder",29.84,kg,"San Miguel Mills Logistics","Warehouse Inbound Team","Authorized supplier stock replenishment"
2026-04-05,RM-053,"Matcha Green Tea Powder",27.11,kg,"San Miguel Mills Logistics","Warehouse Inbound Team","Authorized supplier stock replenishment"
2026-04-11,RM-053,"Matcha Green Tea Powder",25.57,kg,"San Miguel Mills Logistics","Warehouse Inbound Team","Authorized supplier stock replenishment"
2026-04-17,RM-053,"Matcha Green Tea Powder",28.42,kg,"San Miguel Mills Logistics","Warehouse Inbound Team","Authorized supplier stock replenishment"
2026-04-23,RM-053,"Matcha Green Tea Powder",29.74,kg,"San Miguel Mills Logistics","Warehouse Inbound Team","Authorized supplier stock replenishment"
2026-04-29,RM-053,"Matcha Green Tea Powder",26.78,kg,"San Miguel Mills Logistics","Warehouse Inbound Team","Authorized supplier stock replenishment"
2026-05-05,RM-053,"Matcha Green Tea Powder",25.7,kg,"San Miguel Mills Logistics","Warehouse Inbound Team","Authorized supplier stock replenishment"
2026-05-11,RM-053,"Matcha Green Tea Powder",28.74,kg,"San Miguel Mills Logistics","Warehouse Inbound Team","Authorized supplier stock replenishment"
2026-05-17,RM-053,"Matcha Green Tea Powder",29.58,kg,"San Miguel Mills Logistics","Warehouse Inbound Team","Authorized supplier stock replenishment"
2026-05-23,RM-053,"Matcha Green Tea Powder",26.47,kg,"San Miguel Mills Logistics","Warehouse Inbound Team","Authorized supplier stock replenishment"
2026-05-29,RM-053,"Matcha Green Tea Powder",25.88,kg,"San Miguel Mills Logistics","Warehouse Inbound Team","Authorized supplier stock replenishment"
2026-06-04,RM-053,"Matcha Green Tea Powder",29.04,kg,"San Miguel Mills Logistics","Warehouse Inbound Team","Authorized supplier stock replenishment"
2026-06-10,RM-053,"Matcha Green Tea Powder",29.38,kg,"San Miguel Mills Logistics","Warehouse Inbound Team","Authorized supplier stock replenishment"
2026-06-16,RM-053,"Matcha Green Tea Powder",26.19,kg,"San Miguel Mills Logistics","Warehouse Inbound Team","Authorized supplier stock replenishment"
2026-06-22,RM-053,"Matcha Green Tea Powder",26.1,kg,"San Miguel Mills Logistics","Warehouse Inbound Team","Authorized supplier stock replenishment"
2026-06-28,RM-053,"Matcha Green Tea Powder",29.3,kg,"San Miguel Mills Logistics","Warehouse Inbound Team","Authorized supplier stock replenishment"
2026-07-04,RM-053,"Matcha Green Tea Powder",29.13,kg,"San Miguel Mills Logistics","Warehouse Inbound Team","Authorized supplier stock replenishment"
2026-07-10,RM-053,"Matcha Green Tea Powder",25.95,kg,"San Miguel Mills Logistics","Warehouse Inbound Team","Authorized supplier stock replenishment"
2026-07-16,RM-053,"Matcha Green Tea Powder",26.37,kg,"San Miguel Mills Logistics","Warehouse Inbound Team","Authorized supplier stock replenishment"
2026-07-22,RM-053,"Matcha Green Tea Powder",29.51,kg,"San Miguel Mills Logistics","Warehouse Inbound Team","Authorized supplier stock replenishment"
2026-07-28,RM-053,"Matcha Green Tea Powder",28.85,kg,"San Miguel Mills Logistics","Warehouse Inbound Team","Authorized supplier stock replenishment"
2026-08-03,RM-053,"Matcha Green Tea Powder",25.76,kg,"San Miguel Mills Logistics","Warehouse Inbound Team","Authorized supplier stock replenishment"
2026-08-09,RM-053,"Matcha Green Tea Powder",26.67,kg,"San Miguel Mills Logistics","Warehouse Inbound Team","Authorized supplier stock replenishment"
2026-08-15,RM-053,"Matcha Green Tea Powder",29.69,kg,"San Miguel Mills Logistics","Warehouse Inbound Team","Authorized supplier stock replenishment"
2026-08-21,RM-053,"Matcha Green Tea Powder",28.54,kg,"San Miguel Mills Logistics","Warehouse Inbound Team","Authorized supplier stock replenishment"
2026-08-27,RM-053,"Matcha Green Tea Powder",25.61,kg,"San Miguel Mills Logistics","Warehouse Inbound Team","Authorized supplier stock replenishment"
2026-09-02,RM-053,"Matcha Green Tea Powder",25.12,kg,"San Miguel Mills Logistics","Warehouse Inbound Team","Authorized supplier stock replenishment"
2026-01-04,RM-054,"Red Food Coloring (Gel)",7.65,L,"Universal Robina Supply Corp","Warehouse Inbound Team","Authorized supplier stock replenishment"
2026-01-09,RM-054,"Red Food Coloring (Gel)",7.23,L,"Universal Robina Supply Corp","Warehouse Inbound Team","Authorized supplier stock replenishment"
2026-01-14,RM-054,"Red Food Coloring (Gel)",6.56,L,"Universal Robina Supply Corp","Warehouse Inbound Team","Authorized supplier stock replenishment"
2026-01-19,RM-054,"Red Food Coloring (Gel)",7.29,L,"Universal Robina Supply Corp","Warehouse Inbound Team","Authorized supplier stock replenishment"
2026-01-24,RM-054,"Red Food Coloring (Gel)",7.63,L,"Universal Robina Supply Corp","Warehouse Inbound Team","Authorized supplier stock replenishment"
2026-01-29,RM-054,"Red Food Coloring (Gel)",6.74,L,"Universal Robina Supply Corp","Warehouse Inbound Team","Authorized supplier stock replenishment"
2026-02-03,RM-054,"Red Food Coloring (Gel)",6.81,L,"Universal Robina Supply Corp","Warehouse Inbound Team","Authorized supplier stock replenishment"
2026-02-08,RM-054,"Red Food Coloring (Gel)",7.66,L,"Universal Robina Supply Corp","Warehouse Inbound Team","Authorized supplier stock replenishment"
2026-02-13,RM-054,"Red Food Coloring (Gel)",7.21,L,"Universal Robina Supply Corp","Warehouse Inbound Team","Authorized supplier stock replenishment"
2026-02-18,RM-054,"Red Food Coloring (Gel)",6.56,L,"Universal Robina Supply Corp","Warehouse Inbound Team","Authorized supplier stock replenishment"
2026-02-23,RM-054,"Red Food Coloring (Gel)",7.31,L,"Universal Robina Supply Corp","Warehouse Inbound Team","Authorized supplier stock replenishment"
2026-02-28,RM-054,"Red Food Coloring (Gel)",7.62,L,"Universal Robina Supply Corp","Warehouse Inbound Team","Authorized supplier stock replenishment"
2026-03-05,RM-054,"Red Food Coloring (Gel)",6.73,L,"Universal Robina Supply Corp","Warehouse Inbound Team","Authorized supplier stock replenishment"
2026-03-10,RM-054,"Red Food Coloring (Gel)",6.82,L,"Universal Robina Supply Corp","Warehouse Inbound Team","Authorized supplier stock replenishment"
2026-03-15,RM-054,"Red Food Coloring (Gel)",7.67,L,"Universal Robina Supply Corp","Warehouse Inbound Team","Authorized supplier stock replenishment"
2026-03-20,RM-054,"Red Food Coloring (Gel)",7.19,L,"Universal Robina Supply Corp","Warehouse Inbound Team","Authorized supplier stock replenishment"
2026-03-25,RM-054,"Red Food Coloring (Gel)",6.56,L,"Universal Robina Supply Corp","Warehouse Inbound Team","Authorized supplier stock replenishment"
2026-03-30,RM-054,"Red Food Coloring (Gel)",7.32,L,"Universal Robina Supply Corp","Warehouse Inbound Team","Authorized supplier stock replenishment"
2026-04-04,RM-054,"Red Food Coloring (Gel)",7.61,L,"Universal Robina Supply Corp","Warehouse Inbound Team","Authorized supplier stock replenishment"
2026-04-09,RM-054,"Red Food Coloring (Gel)",6.72,L,"Universal Robina Supply Corp","Warehouse Inbound Team","Authorized supplier stock replenishment"
2026-04-14,RM-054,"Red Food Coloring (Gel)",6.84,L,"Universal Robina Supply Corp","Warehouse Inbound Team","Authorized supplier stock replenishment"
2026-04-19,RM-054,"Red Food Coloring (Gel)",7.67,L,"Universal Robina Supply Corp","Warehouse Inbound Team","Authorized supplier stock replenishment"
2026-04-24,RM-054,"Red Food Coloring (Gel)",7.17,L,"Universal Robina Supply Corp","Warehouse Inbound Team","Authorized supplier stock replenishment"
2026-04-29,RM-054,"Red Food Coloring (Gel)",6.57,L,"Universal Robina Supply Corp","Warehouse Inbound Team","Authorized supplier stock replenishment"
2026-05-04,RM-054,"Red Food Coloring (Gel)",7.34,L,"Universal Robina Supply Corp","Warehouse Inbound Team","Authorized supplier stock replenishment"
2026-05-09,RM-054,"Red Food Coloring (Gel)",7.6,L,"Universal Robina Supply Corp","Warehouse Inbound Team","Authorized supplier stock replenishment"
2026-05-14,RM-054,"Red Food Coloring (Gel)",6.71,L,"Universal Robina Supply Corp","Warehouse Inbound Team","Authorized supplier stock replenishment"
2026-05-19,RM-054,"Red Food Coloring (Gel)",6.85,L,"Universal Robina Supply Corp","Warehouse Inbound Team","Authorized supplier stock replenishment"
2026-05-24,RM-054,"Red Food Coloring (Gel)",7.68,L,"Universal Robina Supply Corp","Warehouse Inbound Team","Authorized supplier stock replenishment"
2026-05-29,RM-054,"Red Food Coloring (Gel)",7.16,L,"Universal Robina Supply Corp","Warehouse Inbound Team","Authorized supplier stock replenishment"
2026-06-03,RM-054,"Red Food Coloring (Gel)",6.57,L,"Universal Robina Supply Corp","Warehouse Inbound Team","Authorized supplier stock replenishment"
2026-06-08,RM-054,"Red Food Coloring (Gel)",7.36,L,"Universal Robina Supply Corp","Warehouse Inbound Team","Authorized supplier stock replenishment"
2026-06-13,RM-054,"Red Food Coloring (Gel)",7.59,L,"Universal Robina Supply Corp","Warehouse Inbound Team","Authorized supplier stock replenishment"
2026-06-18,RM-054,"Red Food Coloring (Gel)",6.69,L,"Universal Robina Supply Corp","Warehouse Inbound Team","Authorized supplier stock replenishment"
2026-06-23,RM-054,"Red Food Coloring (Gel)",6.87,L,"Universal Robina Supply Corp","Warehouse Inbound Team","Authorized supplier stock replenishment"
2026-06-28,RM-054,"Red Food Coloring (Gel)",7.68,L,"Universal Robina Supply Corp","Warehouse Inbound Team","Authorized supplier stock replenishment"
2026-07-03,RM-054,"Red Food Coloring (Gel)",7.14,L,"Universal Robina Supply Corp","Warehouse Inbound Team","Authorized supplier stock replenishment"
2026-07-08,RM-054,"Red Food Coloring (Gel)",6.57,L,"Universal Robina Supply Corp","Warehouse Inbound Team","Authorized supplier stock replenishment"
2026-07-13,RM-054,"Red Food Coloring (Gel)",7.37,L,"Universal Robina Supply Corp","Warehouse Inbound Team","Authorized supplier stock replenishment"
2026-07-18,RM-054,"Red Food Coloring (Gel)",7.58,L,"Universal Robina Supply Corp","Warehouse Inbound Team","Authorized supplier stock replenishment"
2026-07-23,RM-054,"Red Food Coloring (Gel)",6.68,L,"Universal Robina Supply Corp","Warehouse Inbound Team","Authorized supplier stock replenishment"
2026-07-28,RM-054,"Red Food Coloring (Gel)",6.88,L,"Universal Robina Supply Corp","Warehouse Inbound Team","Authorized supplier stock replenishment"
2026-08-02,RM-054,"Red Food Coloring (Gel)",7.69,L,"Universal Robina Supply Corp","Warehouse Inbound Team","Authorized supplier stock replenishment"
2026-08-07,RM-054,"Red Food Coloring (Gel)",7.12,L,"Universal Robina Supply Corp","Warehouse Inbound Team","Authorized supplier stock replenishment"
2026-08-12,RM-054,"Red Food Coloring (Gel)",6.58,L,"Universal Robina Supply Corp","Warehouse Inbound Team","Authorized supplier stock replenishment"
2026-08-17,RM-054,"Red Food Coloring (Gel)",7.39,L,"Universal Robina Supply Corp","Warehouse Inbound Team","Authorized supplier stock replenishment"
2026-08-22,RM-054,"Red Food Coloring (Gel)",7.57,L,"Universal Robina Supply Corp","Warehouse Inbound Team","Authorized supplier stock replenishment"
2026-08-27,RM-054,"Red Food Coloring (Gel)",6.67,L,"Universal Robina Supply Corp","Warehouse Inbound Team","Authorized supplier stock replenishment"
2026-09-01,RM-054,"Red Food Coloring (Gel)",6.85,L,"Universal Robina Supply Corp","Warehouse Inbound Team","Authorized supplier stock replenishment"
2026-01-05,RM-055,"Yellow Food Coloring (Gel)",6.61,L,"San Miguel Mills Logistics","Warehouse Inbound Team","Authorized supplier stock replenishment"
2026-01-10,RM-055,"Yellow Food Coloring (Gel)",6.04,L,"San Miguel Mills Logistics","Warehouse Inbound Team","Authorized supplier stock replenishment"
2026-01-15,RM-055,"Yellow Food Coloring (Gel)",6.74,L,"San Miguel Mills Logistics","Warehouse Inbound Team","Authorized supplier stock replenishment"
2026-01-20,RM-055,"Yellow Food Coloring (Gel)",6.99,L,"San Miguel Mills Logistics","Warehouse Inbound Team","Authorized supplier stock replenishment"
2026-01-25,RM-055,"Yellow Food Coloring (Gel)",6.17,L,"San Miguel Mills Logistics","Warehouse Inbound Team","Authorized supplier stock replenishment"
2026-01-30,RM-055,"Yellow Food Coloring (Gel)",6.3,L,"San Miguel Mills Logistics","Warehouse Inbound Team","Authorized supplier stock replenishment"
2026-02-04,RM-055,"Yellow Food Coloring (Gel)",7.06,L,"San Miguel Mills Logistics","Warehouse Inbound Team","Authorized supplier stock replenishment"
2026-02-09,RM-055,"Yellow Food Coloring (Gel)",6.59,L,"San Miguel Mills Logistics","Warehouse Inbound Team","Authorized supplier stock replenishment"
2026-02-14,RM-055,"Yellow Food Coloring (Gel)",6.04,L,"San Miguel Mills Logistics","Warehouse Inbound Team","Authorized supplier stock replenishment"
2026-02-19,RM-055,"Yellow Food Coloring (Gel)",6.76,L,"San Miguel Mills Logistics","Warehouse Inbound Team","Authorized supplier stock replenishment"
2026-02-24,RM-055,"Yellow Food Coloring (Gel)",6.98,L,"San Miguel Mills Logistics","Warehouse Inbound Team","Authorized supplier stock replenishment"
2026-03-01,RM-055,"Yellow Food Coloring (Gel)",6.16,L,"San Miguel Mills Logistics","Warehouse Inbound Team","Authorized supplier stock replenishment"
2026-03-06,RM-055,"Yellow Food Coloring (Gel)",6.31,L,"San Miguel Mills Logistics","Warehouse Inbound Team","Authorized supplier stock replenishment"
2026-03-11,RM-055,"Yellow Food Coloring (Gel)",7.06,L,"San Miguel Mills Logistics","Warehouse Inbound Team","Authorized supplier stock replenishment"
2026-03-16,RM-055,"Yellow Food Coloring (Gel)",6.58,L,"San Miguel Mills Logistics","Warehouse Inbound Team","Authorized supplier stock replenishment"
2026-03-21,RM-055,"Yellow Food Coloring (Gel)",6.04,L,"San Miguel Mills Logistics","Warehouse Inbound Team","Authorized supplier stock replenishment"
2026-03-26,RM-055,"Yellow Food Coloring (Gel)",6.77,L,"San Miguel Mills Logistics","Warehouse Inbound Team","Authorized supplier stock replenishment"
2026-03-31,RM-055,"Yellow Food Coloring (Gel)",6.97,L,"San Miguel Mills Logistics","Warehouse Inbound Team","Authorized supplier stock replenishment"
2026-04-05,RM-055,"Yellow Food Coloring (Gel)",6.15,L,"San Miguel Mills Logistics","Warehouse Inbound Team","Authorized supplier stock replenishment"
2026-04-10,RM-055,"Yellow Food Coloring (Gel)",6.32,L,"San Miguel Mills Logistics","Warehouse Inbound Team","Authorized supplier stock replenishment"
2026-04-15,RM-055,"Yellow Food Coloring (Gel)",7.07,L,"San Miguel Mills Logistics","Warehouse Inbound Team","Authorized supplier stock replenishment"
2026-04-20,RM-055,"Yellow Food Coloring (Gel)",6.56,L,"San Miguel Mills Logistics","Warehouse Inbound Team","Authorized supplier stock replenishment"
2026-04-25,RM-055,"Yellow Food Coloring (Gel)",6.05,L,"San Miguel Mills Logistics","Warehouse Inbound Team","Authorized supplier stock replenishment"
2026-04-30,RM-055,"Yellow Food Coloring (Gel)",6.79,L,"San Miguel Mills Logistics","Warehouse Inbound Team","Authorized supplier stock replenishment"
2026-05-05,RM-055,"Yellow Food Coloring (Gel)",6.96,L,"San Miguel Mills Logistics","Warehouse Inbound Team","Authorized supplier stock replenishment"
2026-05-10,RM-055,"Yellow Food Coloring (Gel)",6.14,L,"San Miguel Mills Logistics","Warehouse Inbound Team","Authorized supplier stock replenishment"
2026-05-15,RM-055,"Yellow Food Coloring (Gel)",6.34,L,"San Miguel Mills Logistics","Warehouse Inbound Team","Authorized supplier stock replenishment"
2026-05-20,RM-055,"Yellow Food Coloring (Gel)",7.07,L,"San Miguel Mills Logistics","Warehouse Inbound Team","Authorized supplier stock replenishment"
2026-05-25,RM-055,"Yellow Food Coloring (Gel)",6.54,L,"San Miguel Mills Logistics","Warehouse Inbound Team","Authorized supplier stock replenishment"
2026-05-30,RM-055,"Yellow Food Coloring (Gel)",6.05,L,"San Miguel Mills Logistics","Warehouse Inbound Team","Authorized supplier stock replenishment"
2026-06-04,RM-055,"Yellow Food Coloring (Gel)",6.8,L,"San Miguel Mills Logistics","Warehouse Inbound Team","Authorized supplier stock replenishment"
2026-06-09,RM-055,"Yellow Food Coloring (Gel)",6.95,L,"San Miguel Mills Logistics","Warehouse Inbound Team","Authorized supplier stock replenishment"
2026-06-14,RM-055,"Yellow Food Coloring (Gel)",6.13,L,"San Miguel Mills Logistics","Warehouse Inbound Team","Authorized supplier stock replenishment"
2026-06-19,RM-055,"Yellow Food Coloring (Gel)",6.35,L,"San Miguel Mills Logistics","Warehouse Inbound Team","Authorized supplier stock replenishment"
2026-06-24,RM-055,"Yellow Food Coloring (Gel)",7.07,L,"San Miguel Mills Logistics","Warehouse Inbound Team","Authorized supplier stock replenishment"
2026-06-29,RM-055,"Yellow Food Coloring (Gel)",6.53,L,"San Miguel Mills Logistics","Warehouse Inbound Team","Authorized supplier stock replenishment"
2026-07-04,RM-055,"Yellow Food Coloring (Gel)",6.05,L,"San Miguel Mills Logistics","Warehouse Inbound Team","Authorized supplier stock replenishment"
2026-07-09,RM-055,"Yellow Food Coloring (Gel)",6.82,L,"San Miguel Mills Logistics","Warehouse Inbound Team","Authorized supplier stock replenishment"
2026-07-14,RM-055,"Yellow Food Coloring (Gel)",6.94,L,"San Miguel Mills Logistics","Warehouse Inbound Team","Authorized supplier stock replenishment"
2026-07-19,RM-055,"Yellow Food Coloring (Gel)",6.12,L,"San Miguel Mills Logistics","Warehouse Inbound Team","Authorized supplier stock replenishment"
2026-07-24,RM-055,"Yellow Food Coloring (Gel)",6.37,L,"San Miguel Mills Logistics","Warehouse Inbound Team","Authorized supplier stock replenishment"
2026-07-29,RM-055,"Yellow Food Coloring (Gel)",7.08,L,"San Miguel Mills Logistics","Warehouse Inbound Team","Authorized supplier stock replenishment"
2026-08-03,RM-055,"Yellow Food Coloring (Gel)",6.51,L,"San Miguel Mills Logistics","Warehouse Inbound Team","Authorized supplier stock replenishment"
2026-08-08,RM-055,"Yellow Food Coloring (Gel)",6.06,L,"San Miguel Mills Logistics","Warehouse Inbound Team","Authorized supplier stock replenishment"
2026-08-13,RM-055,"Yellow Food Coloring (Gel)",6.83,L,"San Miguel Mills Logistics","Warehouse Inbound Team","Authorized supplier stock replenishment"
2026-08-18,RM-055,"Yellow Food Coloring (Gel)",6.93,L,"San Miguel Mills Logistics","Warehouse Inbound Team","Authorized supplier stock replenishment"
2026-08-23,RM-055,"Yellow Food Coloring (Gel)",6.11,L,"San Miguel Mills Logistics","Warehouse Inbound Team","Authorized supplier stock replenishment"
2026-08-28,RM-055,"Yellow Food Coloring (Gel)",6.38,L,"San Miguel Mills Logistics","Warehouse Inbound Team","Authorized supplier stock replenishment"
2026-09-02,RM-055,"Yellow Food Coloring (Gel)",7.05,L,"San Miguel Mills Logistics","Warehouse Inbound Team","Authorized supplier stock replenishment"
2026-01-02,RM-056,"Green Food Coloring (Gel)",6.44,L,"Universal Robina Supply Corp","Warehouse Inbound Team","Authorized supplier stock replenishment"
2026-01-08,RM-056,"Green Food Coloring (Gel)",6.09,L,"Universal Robina Supply Corp","Warehouse Inbound Team","Authorized supplier stock replenishment"
2026-01-14,RM-056,"Green Food Coloring (Gel)",6.78,L,"Universal Robina Supply Corp","Warehouse Inbound Team","Authorized supplier stock replenishment"
2026-01-20,RM-056,"Green Food Coloring (Gel)",7.07,L,"Universal Robina Supply Corp","Warehouse Inbound Team","Authorized supplier stock replenishment"
2026-01-26,RM-056,"Green Food Coloring (Gel)",6.36,L,"Universal Robina Supply Corp","Warehouse Inbound Team","Authorized supplier stock replenishment"
2026-02-01,RM-056,"Green Food Coloring (Gel)",6.12,L,"Universal Robina Supply Corp","Warehouse Inbound Team","Authorized supplier stock replenishment"
2026-02-07,RM-056,"Green Food Coloring (Gel)",6.85,L,"Universal Robina Supply Corp","Warehouse Inbound Team","Authorized supplier stock replenishment"
2026-02-13,RM-056,"Green Food Coloring (Gel)",7.03,L,"Universal Robina Supply Corp","Warehouse Inbound Team","Authorized supplier stock replenishment"
2026-02-19,RM-056,"Green Food Coloring (Gel)",6.29,L,"Universal Robina Supply Corp","Warehouse Inbound Team","Authorized supplier stock replenishment"
2026-02-25,RM-056,"Green Food Coloring (Gel)",6.17,L,"Universal Robina Supply Corp","Warehouse Inbound Team","Authorized supplier stock replenishment"
2026-03-03,RM-056,"Green Food Coloring (Gel)",6.92,L,"Universal Robina Supply Corp","Warehouse Inbound Team","Authorized supplier stock replenishment"
2026-03-09,RM-056,"Green Food Coloring (Gel)",6.98,L,"Universal Robina Supply Corp","Warehouse Inbound Team","Authorized supplier stock replenishment"
2026-03-15,RM-056,"Green Food Coloring (Gel)",6.22,L,"Universal Robina Supply Corp","Warehouse Inbound Team","Authorized supplier stock replenishment"
2026-03-21,RM-056,"Green Food Coloring (Gel)",6.22,L,"Universal Robina Supply Corp","Warehouse Inbound Team","Authorized supplier stock replenishment"
2026-03-27,RM-056,"Green Food Coloring (Gel)",6.98,L,"Universal Robina Supply Corp","Warehouse Inbound Team","Authorized supplier stock replenishment"
2026-04-02,RM-056,"Green Food Coloring (Gel)",6.92,L,"Universal Robina Supply Corp","Warehouse Inbound Team","Authorized supplier stock replenishment"
2026-04-08,RM-056,"Green Food Coloring (Gel)",6.17,L,"Universal Robina Supply Corp","Warehouse Inbound Team","Authorized supplier stock replenishment"
2026-04-14,RM-056,"Green Food Coloring (Gel)",6.29,L,"Universal Robina Supply Corp","Warehouse Inbound Team","Authorized supplier stock replenishment"
2026-04-20,RM-056,"Green Food Coloring (Gel)",7.03,L,"Universal Robina Supply Corp","Warehouse Inbound Team","Authorized supplier stock replenishment"
2026-04-26,RM-056,"Green Food Coloring (Gel)",6.85,L,"Universal Robina Supply Corp","Warehouse Inbound Team","Authorized supplier stock replenishment"
2026-05-02,RM-056,"Green Food Coloring (Gel)",6.12,L,"Universal Robina Supply Corp","Warehouse Inbound Team","Authorized supplier stock replenishment"
2026-05-08,RM-056,"Green Food Coloring (Gel)",6.36,L,"Universal Robina Supply Corp","Warehouse Inbound Team","Authorized supplier stock replenishment"
2026-05-14,RM-056,"Green Food Coloring (Gel)",7.07,L,"Universal Robina Supply Corp","Warehouse Inbound Team","Authorized supplier stock replenishment"
2026-05-20,RM-056,"Green Food Coloring (Gel)",6.78,L,"Universal Robina Supply Corp","Warehouse Inbound Team","Authorized supplier stock replenishment"
2026-05-26,RM-056,"Green Food Coloring (Gel)",6.09,L,"Universal Robina Supply Corp","Warehouse Inbound Team","Authorized supplier stock replenishment"
2026-06-01,RM-056,"Green Food Coloring (Gel)",6.44,L,"Universal Robina Supply Corp","Warehouse Inbound Team","Authorized supplier stock replenishment"
2026-06-07,RM-056,"Green Food Coloring (Gel)",7.1,L,"Universal Robina Supply Corp","Warehouse Inbound Team","Authorized supplier stock replenishment"
2026-06-13,RM-056,"Green Food Coloring (Gel)",6.7,L,"Universal Robina Supply Corp","Warehouse Inbound Team","Authorized supplier stock replenishment"
2026-06-19,RM-056,"Green Food Coloring (Gel)",6.07,L,"Universal Robina Supply Corp","Warehouse Inbound Team","Authorized supplier stock replenishment"
2026-06-25,RM-056,"Green Food Coloring (Gel)",6.52,L,"Universal Robina Supply Corp","Warehouse Inbound Team","Authorized supplier stock replenishment"
2026-07-01,RM-056,"Green Food Coloring (Gel)",7.11,L,"Universal Robina Supply Corp","Warehouse Inbound Team","Authorized supplier stock replenishment"
2026-07-07,RM-056,"Green Food Coloring (Gel)",6.61,L,"Universal Robina Supply Corp","Warehouse Inbound Team","Authorized supplier stock replenishment"
2026-07-13,RM-056,"Green Food Coloring (Gel)",6.06,L,"Universal Robina Supply Corp","Warehouse Inbound Team","Authorized supplier stock replenishment"
2026-07-19,RM-056,"Green Food Coloring (Gel)",6.6,L,"Universal Robina Supply Corp","Warehouse Inbound Team","Authorized supplier stock replenishment"
2026-07-25,RM-056,"Green Food Coloring (Gel)",7.11,L,"Universal Robina Supply Corp","Warehouse Inbound Team","Authorized supplier stock replenishment"
2026-07-31,RM-056,"Green Food Coloring (Gel)",6.53,L,"Universal Robina Supply Corp","Warehouse Inbound Team","Authorized supplier stock replenishment"
2026-08-06,RM-056,"Green Food Coloring (Gel)",6.07,L,"Universal Robina Supply Corp","Warehouse Inbound Team","Authorized supplier stock replenishment"
2026-08-12,RM-056,"Green Food Coloring (Gel)",6.68,L,"Universal Robina Supply Corp","Warehouse Inbound Team","Authorized supplier stock replenishment"
2026-08-18,RM-056,"Green Food Coloring (Gel)",7.1,L,"Universal Robina Supply Corp","Warehouse Inbound Team","Authorized supplier stock replenishment"
2026-08-24,RM-056,"Green Food Coloring (Gel)",6.45,L,"Universal Robina Supply Corp","Warehouse Inbound Team","Authorized supplier stock replenishment"
2026-08-30,RM-056,"Green Food Coloring (Gel)",5.59,L,"Universal Robina Supply Corp","Warehouse Inbound Team","Authorized supplier stock replenishment"
2026-01-03,RM-057,"Instant Coffee Powder",39.13,kg,"San Miguel Mills Logistics","Warehouse Inbound Team","Authorized supplier stock replenishment"
2026-01-09,RM-057,"Instant Coffee Powder",36.15,kg,"San Miguel Mills Logistics","Warehouse Inbound Team","Authorized supplier stock replenishment"
2026-01-15,RM-057,"Instant Coffee Powder",33.34,kg,"San Miguel Mills Logistics","Warehouse Inbound Team","Authorized supplier stock replenishment"
2026-01-21,RM-057,"Instant Coffee Powder",36.54,kg,"San Miguel Mills Logistics","Warehouse Inbound Team","Authorized supplier stock replenishment"
2026-01-27,RM-057,"Instant Coffee Powder",39.1,kg,"San Miguel Mills Logistics","Warehouse Inbound Team","Authorized supplier stock replenishment"
2026-02-02,RM-057,"Instant Coffee Powder",35.69,kg,"San Miguel Mills Logistics","Warehouse Inbound Team","Authorized supplier stock replenishment"
2026-02-08,RM-057,"Instant Coffee Powder",33.4,kg,"San Miguel Mills Logistics","Warehouse Inbound Team","Authorized supplier stock replenishment"
2026-02-14,RM-057,"Instant Coffee Powder",36.99,kg,"San Miguel Mills Logistics","Warehouse Inbound Team","Authorized supplier stock replenishment"
2026-02-20,RM-057,"Instant Coffee Powder",38.99,kg,"San Miguel Mills Logistics","Warehouse Inbound Team","Authorized supplier stock replenishment"
2026-02-26,RM-057,"Instant Coffee Powder",35.25,kg,"San Miguel Mills Logistics","Warehouse Inbound Team","Authorized supplier stock replenishment"
2026-03-04,RM-057,"Instant Coffee Powder",33.54,kg,"San Miguel Mills Logistics","Warehouse Inbound Team","Authorized supplier stock replenishment"
2026-03-10,RM-057,"Instant Coffee Powder",37.42,kg,"San Miguel Mills Logistics","Warehouse Inbound Team","Authorized supplier stock replenishment"
2026-03-16,RM-057,"Instant Coffee Powder",38.82,kg,"San Miguel Mills Logistics","Warehouse Inbound Team","Authorized supplier stock replenishment"
2026-03-22,RM-057,"Instant Coffee Powder",34.83,kg,"San Miguel Mills Logistics","Warehouse Inbound Team","Authorized supplier stock replenishment"
2026-03-28,RM-057,"Instant Coffee Powder",33.75,kg,"San Miguel Mills Logistics","Warehouse Inbound Team","Authorized supplier stock replenishment"
2026-04-03,RM-057,"Instant Coffee Powder",37.82,kg,"San Miguel Mills Logistics","Warehouse Inbound Team","Authorized supplier stock replenishment"
2026-04-09,RM-057,"Instant Coffee Powder",38.58,kg,"San Miguel Mills Logistics","Warehouse Inbound Team","Authorized supplier stock replenishment"
2026-04-15,RM-057,"Instant Coffee Powder",34.45,kg,"San Miguel Mills Logistics","Warehouse Inbound Team","Authorized supplier stock replenishment"
2026-04-21,RM-057,"Instant Coffee Powder",34.02,kg,"San Miguel Mills Logistics","Warehouse Inbound Team","Authorized supplier stock replenishment"
2026-04-27,RM-057,"Instant Coffee Powder",38.19,kg,"San Miguel Mills Logistics","Warehouse Inbound Team","Authorized supplier stock replenishment"
2026-05-03,RM-057,"Instant Coffee Powder",38.29,kg,"San Miguel Mills Logistics","Warehouse Inbound Team","Authorized supplier stock replenishment"
2026-05-09,RM-057,"Instant Coffee Powder",34.11,kg,"San Miguel Mills Logistics","Warehouse Inbound Team","Authorized supplier stock replenishment"
2026-05-15,RM-057,"Instant Coffee Powder",34.34,kg,"San Miguel Mills Logistics","Warehouse Inbound Team","Authorized supplier stock replenishment"
2026-05-21,RM-057,"Instant Coffee Powder",38.5,kg,"San Miguel Mills Logistics","Warehouse Inbound Team","Authorized supplier stock replenishment"
2026-05-27,RM-057,"Instant Coffee Powder",37.94,kg,"San Miguel Mills Logistics","Warehouse Inbound Team","Authorized supplier stock replenishment"
2026-06-02,RM-057,"Instant Coffee Powder",33.82,kg,"San Miguel Mills Logistics","Warehouse Inbound Team","Authorized supplier stock replenishment"
2026-06-08,RM-057,"Instant Coffee Powder",34.71,kg,"San Miguel Mills Logistics","Warehouse Inbound Team","Authorized supplier stock replenishment"
2026-06-14,RM-057,"Instant Coffee Powder",38.76,kg,"San Miguel Mills Logistics","Warehouse Inbound Team","Authorized supplier stock replenishment"
2026-06-20,RM-057,"Instant Coffee Powder",37.55,kg,"San Miguel Mills Logistics","Warehouse Inbound Team","Authorized supplier stock replenishment"
2026-06-26,RM-057,"Instant Coffee Powder",33.6,kg,"San Miguel Mills Logistics","Warehouse Inbound Team","Authorized supplier stock replenishment"
2026-07-02,RM-057,"Instant Coffee Powder",35.12,kg,"San Miguel Mills Logistics","Warehouse Inbound Team","Authorized supplier stock replenishment"
2026-07-08,RM-057,"Instant Coffee Powder",38.95,kg,"San Miguel Mills Logistics","Warehouse Inbound Team","Authorized supplier stock replenishment"
2026-07-14,RM-057,"Instant Coffee Powder",37.12,kg,"San Miguel Mills Logistics","Warehouse Inbound Team","Authorized supplier stock replenishment"
2026-07-20,RM-057,"Instant Coffee Powder",33.44,kg,"San Miguel Mills Logistics","Warehouse Inbound Team","Authorized supplier stock replenishment"
2026-07-26,RM-057,"Instant Coffee Powder",35.56,kg,"San Miguel Mills Logistics","Warehouse Inbound Team","Authorized supplier stock replenishment"
2026-08-01,RM-057,"Instant Coffee Powder",39.07,kg,"San Miguel Mills Logistics","Warehouse Inbound Team","Authorized supplier stock replenishment"
2026-08-07,RM-057,"Instant Coffee Powder",36.68,kg,"San Miguel Mills Logistics","Warehouse Inbound Team","Authorized supplier stock replenishment"
2026-08-13,RM-057,"Instant Coffee Powder",33.35,kg,"San Miguel Mills Logistics","Warehouse Inbound Team","Authorized supplier stock replenishment"
2026-08-19,RM-057,"Instant Coffee Powder",36.01,kg,"San Miguel Mills Logistics","Warehouse Inbound Team","Authorized supplier stock replenishment"
2026-08-25,RM-057,"Instant Coffee Powder",39.13,kg,"San Miguel Mills Logistics","Warehouse Inbound Team","Authorized supplier stock replenishment"
2026-08-31,RM-057,"Instant Coffee Powder",27.32,kg,"San Miguel Mills Logistics","Warehouse Inbound Team","Authorized supplier stock replenishment"
2026-01-03,RM-058,"Rolled Oats (Old Fashioned)",48.49,kg,"Universal Robina Supply Corp","Warehouse Inbound Team","Authorized supplier stock replenishment"
2026-01-08,RM-058,"Rolled Oats (Old Fashioned)",49,kg,"Universal Robina Supply Corp","Warehouse Inbound Team","Authorized supplier stock replenishment"
2026-01-13,RM-058,"Rolled Oats (Old Fashioned)",43.24,kg,"Universal Robina Supply Corp","Warehouse Inbound Team","Authorized supplier stock replenishment"
2026-01-18,RM-058,"Rolled Oats (Old Fashioned)",45.34,kg,"Universal Robina Supply Corp","Warehouse Inbound Team","Authorized supplier stock replenishment"
2026-01-23,RM-058,"Rolled Oats (Old Fashioned)",50.15,kg,"Universal Robina Supply Corp","Warehouse Inbound Team","Authorized supplier stock replenishment"
2026-01-28,RM-058,"Rolled Oats (Old Fashioned)",45.87,kg,"Universal Robina Supply Corp","Warehouse Inbound Team","Authorized supplier stock replenishment"
2026-02-02,RM-058,"Rolled Oats (Old Fashioned)",43,kg,"Universal Robina Supply Corp","Warehouse Inbound Team","Authorized supplier stock replenishment"
2026-02-07,RM-058,"Rolled Oats (Old Fashioned)",48.58,kg,"Universal Robina Supply Corp","Warehouse Inbound Team","Authorized supplier stock replenishment"
2026-02-12,RM-058,"Rolled Oats (Old Fashioned)",48.92,kg,"Universal Robina Supply Corp","Warehouse Inbound Team","Authorized supplier stock replenishment"
2026-02-17,RM-058,"Rolled Oats (Old Fashioned)",43.18,kg,"Universal Robina Supply Corp","Warehouse Inbound Team","Authorized supplier stock replenishment"
2026-02-22,RM-058,"Rolled Oats (Old Fashioned)",45.45,kg,"Universal Robina Supply Corp","Warehouse Inbound Team","Authorized supplier stock replenishment"
2026-02-27,RM-058,"Rolled Oats (Old Fashioned)",50.15,kg,"Universal Robina Supply Corp","Warehouse Inbound Team","Authorized supplier stock replenishment"
2026-03-04,RM-058,"Rolled Oats (Old Fashioned)",45.75,kg,"Universal Robina Supply Corp","Warehouse Inbound Team","Authorized supplier stock replenishment"
2026-03-09,RM-058,"Rolled Oats (Old Fashioned)",43.04,kg,"Universal Robina Supply Corp","Warehouse Inbound Team","Authorized supplier stock replenishment"
2026-03-14,RM-058,"Rolled Oats (Old Fashioned)",48.67,kg,"Universal Robina Supply Corp","Warehouse Inbound Team","Authorized supplier stock replenishment"
2026-03-19,RM-058,"Rolled Oats (Old Fashioned)",48.83,kg,"Universal Robina Supply Corp","Warehouse Inbound Team","Authorized supplier stock replenishment"
2026-03-24,RM-058,"Rolled Oats (Old Fashioned)",43.13,kg,"Universal Robina Supply Corp","Warehouse Inbound Team","Authorized supplier stock replenishment"
2026-03-29,RM-058,"Rolled Oats (Old Fashioned)",45.56,kg,"Universal Robina Supply Corp","Warehouse Inbound Team","Authorized supplier stock replenishment"
2026-04-03,RM-058,"Rolled Oats (Old Fashioned)",50.16,kg,"Universal Robina Supply Corp","Warehouse Inbound Team","Authorized supplier stock replenishment"
2026-04-08,RM-058,"Rolled Oats (Old Fashioned)",45.64,kg,"Universal Robina Supply Corp","Warehouse Inbound Team","Authorized supplier stock replenishment"
2026-04-13,RM-058,"Rolled Oats (Old Fashioned)",43.09,kg,"Universal Robina Supply Corp","Warehouse Inbound Team","Authorized supplier stock replenishment"
2026-04-18,RM-058,"Rolled Oats (Old Fashioned)",48.76,kg,"Universal Robina Supply Corp","Warehouse Inbound Team","Authorized supplier stock replenishment"
2026-04-23,RM-058,"Rolled Oats (Old Fashioned)",48.74,kg,"Universal Robina Supply Corp","Warehouse Inbound Team","Authorized supplier stock replenishment"
2026-04-28,RM-058,"Rolled Oats (Old Fashioned)",43.08,kg,"Universal Robina Supply Corp","Warehouse Inbound Team","Authorized supplier stock replenishment"
2026-05-03,RM-058,"Rolled Oats (Old Fashioned)",45.67,kg,"Universal Robina Supply Corp","Warehouse Inbound Team","Authorized supplier stock replenishment"
2026-05-08,RM-058,"Rolled Oats (Old Fashioned)",50.16,kg,"Universal Robina Supply Corp","Warehouse Inbound Team","Authorized supplier stock replenishment"
2026-05-13,RM-058,"Rolled Oats (Old Fashioned)",45.53,kg,"Universal Robina Supply Corp","Warehouse Inbound Team","Authorized supplier stock replenishment"
2026-05-18,RM-058,"Rolled Oats (Old Fashioned)",43.14,kg,"Universal Robina Supply Corp","Warehouse Inbound Team","Authorized supplier stock replenishment"
2026-05-23,RM-058,"Rolled Oats (Old Fashioned)",48.85,kg,"Universal Robina Supply Corp","Warehouse Inbound Team","Authorized supplier stock replenishment"
2026-05-28,RM-058,"Rolled Oats (Old Fashioned)",48.65,kg,"Universal Robina Supply Corp","Warehouse Inbound Team","Authorized supplier stock replenishment"
2026-06-02,RM-058,"Rolled Oats (Old Fashioned)",43.03,kg,"Universal Robina Supply Corp","Warehouse Inbound Team","Authorized supplier stock replenishment"
2026-06-07,RM-058,"Rolled Oats (Old Fashioned)",45.78,kg,"Universal Robina Supply Corp","Warehouse Inbound Team","Authorized supplier stock replenishment"
2026-06-12,RM-058,"Rolled Oats (Old Fashioned)",50.15,kg,"Universal Robina Supply Corp","Warehouse Inbound Team","Authorized supplier stock replenishment"
2026-06-17,RM-058,"Rolled Oats (Old Fashioned)",45.42,kg,"Universal Robina Supply Corp","Warehouse Inbound Team","Authorized supplier stock replenishment"
2026-06-22,RM-058,"Rolled Oats (Old Fashioned)",43.19,kg,"Universal Robina Supply Corp","Warehouse Inbound Team","Authorized supplier stock replenishment"
2026-06-27,RM-058,"Rolled Oats (Old Fashioned)",48.93,kg,"Universal Robina Supply Corp","Warehouse Inbound Team","Authorized supplier stock replenishment"
2026-07-02,RM-058,"Rolled Oats (Old Fashioned)",48.56,kg,"Universal Robina Supply Corp","Warehouse Inbound Team","Authorized supplier stock replenishment"
2026-07-07,RM-058,"Rolled Oats (Old Fashioned)",42.99,kg,"Universal Robina Supply Corp","Warehouse Inbound Team","Authorized supplier stock replenishment"
2026-07-12,RM-058,"Rolled Oats (Old Fashioned)",45.89,kg,"Universal Robina Supply Corp","Warehouse Inbound Team","Authorized supplier stock replenishment"
2026-07-17,RM-058,"Rolled Oats (Old Fashioned)",50.15,kg,"Universal Robina Supply Corp","Warehouse Inbound Team","Authorized supplier stock replenishment"
2026-07-22,RM-058,"Rolled Oats (Old Fashioned)",45.32,kg,"Universal Robina Supply Corp","Warehouse Inbound Team","Authorized supplier stock replenishment"
2026-07-27,RM-058,"Rolled Oats (Old Fashioned)",43.25,kg,"Universal Robina Supply Corp","Warehouse Inbound Team","Authorized supplier stock replenishment"
2026-08-01,RM-058,"Rolled Oats (Old Fashioned)",49.02,kg,"Universal Robina Supply Corp","Warehouse Inbound Team","Authorized supplier stock replenishment"
2026-08-06,RM-058,"Rolled Oats (Old Fashioned)",48.47,kg,"Universal Robina Supply Corp","Warehouse Inbound Team","Authorized supplier stock replenishment"
2026-08-11,RM-058,"Rolled Oats (Old Fashioned)",42.95,kg,"Universal Robina Supply Corp","Warehouse Inbound Team","Authorized supplier stock replenishment"
2026-08-16,RM-058,"Rolled Oats (Old Fashioned)",46,kg,"Universal Robina Supply Corp","Warehouse Inbound Team","Authorized supplier stock replenishment"
2026-08-21,RM-058,"Rolled Oats (Old Fashioned)",50.14,kg,"Universal Robina Supply Corp","Warehouse Inbound Team","Authorized supplier stock replenishment"
2026-08-26,RM-058,"Rolled Oats (Old Fashioned)",45.21,kg,"Universal Robina Supply Corp","Warehouse Inbound Team","Authorized supplier stock replenishment"
2026-08-31,RM-058,"Rolled Oats (Old Fashioned)",43.31,kg,"Universal Robina Supply Corp","Warehouse Inbound Team","Authorized supplier stock replenishment"
2026-01-04,RM-059,"Golden Raisins Seedless",43.2,kg,"San Miguel Mills Logistics","Warehouse Inbound Team","Authorized supplier stock replenishment"
2026-01-09,RM-059,"Golden Raisins Seedless",38.17,kg,"San Miguel Mills Logistics","Warehouse Inbound Team","Authorized supplier stock replenishment"
2026-01-14,RM-059,"Golden Raisins Seedless",40.38,kg,"San Miguel Mills Logistics","Warehouse Inbound Team","Authorized supplier stock replenishment"
2026-01-19,RM-059,"Golden Raisins Seedless",44.41,kg,"San Miguel Mills Logistics","Warehouse Inbound Team","Authorized supplier stock replenishment"
2026-01-24,RM-059,"Golden Raisins Seedless",40.37,kg,"San Miguel Mills Logistics","Warehouse Inbound Team","Authorized supplier stock replenishment"
2026-01-29,RM-059,"Golden Raisins Seedless",38.17,kg,"San Miguel Mills Logistics","Warehouse Inbound Team","Authorized supplier stock replenishment"
2026-02-03,RM-059,"Golden Raisins Seedless",43.21,kg,"San Miguel Mills Logistics","Warehouse Inbound Team","Authorized supplier stock replenishment"
2026-02-08,RM-059,"Golden Raisins Seedless",43.12,kg,"San Miguel Mills Logistics","Warehouse Inbound Team","Authorized supplier stock replenishment"
2026-02-13,RM-059,"Golden Raisins Seedless",38.12,kg,"San Miguel Mills Logistics","Warehouse Inbound Team","Authorized supplier stock replenishment"
2026-02-18,RM-059,"Golden Raisins Seedless",40.47,kg,"San Miguel Mills Logistics","Warehouse Inbound Team","Authorized supplier stock replenishment"
2026-02-23,RM-059,"Golden Raisins Seedless",44.41,kg,"San Miguel Mills Logistics","Warehouse Inbound Team","Authorized supplier stock replenishment"
2026-02-28,RM-059,"Golden Raisins Seedless",40.27,kg,"San Miguel Mills Logistics","Warehouse Inbound Team","Authorized supplier stock replenishment"
2026-03-05,RM-059,"Golden Raisins Seedless",38.21,kg,"San Miguel Mills Logistics","Warehouse Inbound Team","Authorized supplier stock replenishment"
2026-03-10,RM-059,"Golden Raisins Seedless",43.28,kg,"San Miguel Mills Logistics","Warehouse Inbound Team","Authorized supplier stock replenishment"
2026-03-15,RM-059,"Golden Raisins Seedless",43.04,kg,"San Miguel Mills Logistics","Warehouse Inbound Team","Authorized supplier stock replenishment"
2026-03-20,RM-059,"Golden Raisins Seedless",38.08,kg,"San Miguel Mills Logistics","Warehouse Inbound Team","Authorized supplier stock replenishment"
2026-03-25,RM-059,"Golden Raisins Seedless",40.57,kg,"San Miguel Mills Logistics","Warehouse Inbound Team","Authorized supplier stock replenishment"
2026-03-30,RM-059,"Golden Raisins Seedless",44.4,kg,"San Miguel Mills Logistics","Warehouse Inbound Team","Authorized supplier stock replenishment"
2026-04-04,RM-059,"Golden Raisins Seedless",40.18,kg,"San Miguel Mills Logistics","Warehouse Inbound Team","Authorized supplier stock replenishment"
2026-04-09,RM-059,"Golden Raisins Seedless",38.26,kg,"San Miguel Mills Logistics","Warehouse Inbound Team","Authorized supplier stock replenishment"
2026-04-14,RM-059,"Golden Raisins Seedless",43.36,kg,"San Miguel Mills Logistics","Warehouse Inbound Team","Authorized supplier stock replenishment"
2026-04-19,RM-059,"Golden Raisins Seedless",42.96,kg,"San Miguel Mills Logistics","Warehouse Inbound Team","Authorized supplier stock replenishment"
2026-04-24,RM-059,"Golden Raisins Seedless",38.05,kg,"San Miguel Mills Logistics","Warehouse Inbound Team","Authorized supplier stock replenishment"
2026-04-29,RM-059,"Golden Raisins Seedless",40.67,kg,"San Miguel Mills Logistics","Warehouse Inbound Team","Authorized supplier stock replenishment"
2026-05-04,RM-059,"Golden Raisins Seedless",44.4,kg,"San Miguel Mills Logistics","Warehouse Inbound Team","Authorized supplier stock replenishment"
2026-05-09,RM-059,"Golden Raisins Seedless",40.08,kg,"San Miguel Mills Logistics","Warehouse Inbound Team","Authorized supplier stock replenishment"
2026-05-14,RM-059,"Golden Raisins Seedless",38.31,kg,"San Miguel Mills Logistics","Warehouse Inbound Team","Authorized supplier stock replenishment"
2026-05-19,RM-059,"Golden Raisins Seedless",43.43,kg,"San Miguel Mills Logistics","Warehouse Inbound Team","Authorized supplier stock replenishment"
2026-05-24,RM-059,"Golden Raisins Seedless",42.88,kg,"San Miguel Mills Logistics","Warehouse Inbound Team","Authorized supplier stock replenishment"
2026-05-29,RM-059,"Golden Raisins Seedless",38.01,kg,"San Miguel Mills Logistics","Warehouse Inbound Team","Authorized supplier stock replenishment"
2026-06-03,RM-059,"Golden Raisins Seedless",40.77,kg,"San Miguel Mills Logistics","Warehouse Inbound Team","Authorized supplier stock replenishment"
2026-06-08,RM-059,"Golden Raisins Seedless",44.38,kg,"San Miguel Mills Logistics","Warehouse Inbound Team","Authorized supplier stock replenishment"
2026-06-13,RM-059,"Golden Raisins Seedless",39.99,kg,"San Miguel Mills Logistics","Warehouse Inbound Team","Authorized supplier stock replenishment"
2026-06-18,RM-059,"Golden Raisins Seedless",38.37,kg,"San Miguel Mills Logistics","Warehouse Inbound Team","Authorized supplier stock replenishment"
2026-06-23,RM-059,"Golden Raisins Seedless",43.5,kg,"San Miguel Mills Logistics","Warehouse Inbound Team","Authorized supplier stock replenishment"
2026-06-28,RM-059,"Golden Raisins Seedless",42.79,kg,"San Miguel Mills Logistics","Warehouse Inbound Team","Authorized supplier stock replenishment"
2026-07-03,RM-059,"Golden Raisins Seedless",37.98,kg,"San Miguel Mills Logistics","Warehouse Inbound Team","Authorized supplier stock replenishment"
2026-07-08,RM-059,"Golden Raisins Seedless",40.87,kg,"San Miguel Mills Logistics","Warehouse Inbound Team","Authorized supplier stock replenishment"
2026-07-13,RM-059,"Golden Raisins Seedless",44.37,kg,"San Miguel Mills Logistics","Warehouse Inbound Team","Authorized supplier stock replenishment"
2026-07-18,RM-059,"Golden Raisins Seedless",39.89,kg,"San Miguel Mills Logistics","Warehouse Inbound Team","Authorized supplier stock replenishment"
2026-07-23,RM-059,"Golden Raisins Seedless",38.42,kg,"San Miguel Mills Logistics","Warehouse Inbound Team","Authorized supplier stock replenishment"
2026-07-28,RM-059,"Golden Raisins Seedless",43.57,kg,"San Miguel Mills Logistics","Warehouse Inbound Team","Authorized supplier stock replenishment"
2026-08-02,RM-059,"Golden Raisins Seedless",42.7,kg,"San Miguel Mills Logistics","Warehouse Inbound Team","Authorized supplier stock replenishment"
2026-08-07,RM-059,"Golden Raisins Seedless",37.95,kg,"San Miguel Mills Logistics","Warehouse Inbound Team","Authorized supplier stock replenishment"
2026-08-12,RM-059,"Golden Raisins Seedless",40.97,kg,"San Miguel Mills Logistics","Warehouse Inbound Team","Authorized supplier stock replenishment"
2026-08-17,RM-059,"Golden Raisins Seedless",44.35,kg,"San Miguel Mills Logistics","Warehouse Inbound Team","Authorized supplier stock replenishment"
2026-08-22,RM-059,"Golden Raisins Seedless",39.8,kg,"San Miguel Mills Logistics","Warehouse Inbound Team","Authorized supplier stock replenishment"
2026-08-27,RM-059,"Golden Raisins Seedless",38.48,kg,"San Miguel Mills Logistics","Warehouse Inbound Team","Authorized supplier stock replenishment"
2026-09-01,RM-059,"Golden Raisins Seedless",43.24,kg,"San Miguel Mills Logistics","Warehouse Inbound Team","Authorized supplier stock replenishment"