usage_date,raw_material_name,consumed_quantity,unit,activity_type,finished_product_name
2026-03-01,"Bread Flour",41.96,kg,"Baking Production Batch","Chocolate Chip Cookies"
2026-03-01,"All-Purpose Flour",33.93,kg,"Baking Production Batch","Ensaymada Especial"
2026-03-01,"Refined White Sugar",25.21,kg,"Baking Production Batch","Brioche Buns"
2026-03-01,"Salted Butter",14.99,kg,"Baking Production Batch","Chocolate Chip Cookies"
2026-03-01,"Fresh Eggs",70.11,pcs,"Baking Production Batch","Classic Pandesal"
2026-03-01,"Whole Milk",12.24,L,"Baking Production Batch","Ensaymada Especial"
2026-03-01,"Instant Dry Yeast",2.63,kg,"Baking Production Batch","Chocolate Chiffon Cake"
2026-03-01,"Iodized Salt",3.31,kg,"Baking Production Batch","Brioche Buns"
2026-03-01,"Pure Vanilla Extract",0.76,L,"Baking Production Batch","Chocolate Chip Cookies"
2026-03-01,"Cocoa Powder",5.22,kg,"Baking Production Batch","Brioche Buns"
2026-03-02,"Bread Flour",25.55,kg,"Baking Production Batch","Ensaymada Especial"
2026-03-02,"All-Purpose Flour",19.71,kg,"Baking Production Batch","Butter Croissants"
2026-03-02,"Refined White Sugar",15.68,kg,"Baking Production Batch","Chocolate Chip Cookies"
2026-03-02,"Salted Butter",10.35,kg,"Baking Production Batch","Chocolate Chiffon Cake"
2026-03-02,"Fresh Eggs",49.81,pcs,"Baking Production Batch","Chocolate Chiffon Cake"
2026-03-02,"Whole Milk",8.25,L,"Baking Production Batch","Brioche Buns"
2026-03-02,"Instant Dry Yeast",1.61,kg,"Baking Production Batch","Ensaymada Especial"
2026-03-02,"Iodized Salt",2.32,kg,"Baking Production Batch","Artisan Sourdough Loaf"
2026-03-02,"Pure Vanilla Extract",0.57,L,"Baking Production Batch","Butter Croissants"
2026-03-02,"Cocoa Powder",3.49,kg,"Baking Production Batch","Chocolate Chiffon Cake"
2026-03-03,"Bread Flour",31.82,kg,"Baking Production Batch","Artisan Sourdough Loaf"
2026-03-03,"All-Purpose Flour",24.3,kg,"Baking Production Batch","Classic Pandesal"
2026-03-03,"Refined White Sugar",15.77,kg,"Baking Production Batch","Butter Croissants"
2026-03-03,"Salted Butter",11.45,kg,"Baking Production Batch","Artisan Sourdough Loaf"
2026-03-03,"Fresh Eggs",49.07,pcs,"Baking Production Batch","French Baguette"
2026-03-03,"Whole Milk",8.51,L,"Baking Production Batch","French Baguette"
2026-03-03,"Instant Dry Yeast",1.98,kg,"Baking Production Batch","Brioche Buns"
2026-03-03,"Iodized Salt",2.34,kg,"Baking Production Batch","Chocolate Chiffon Cake"
2026-03-03,"Pure Vanilla Extract",0.64,L,"Baking Production Batch","French Baguette"
2026-03-03,"Cocoa Powder",3.3,kg,"Baking Production Batch","Ensaymada Especial"
2026-03-04,"Bread Flour",28.28,kg,"Baking Production Batch","Artisan Sourdough Loaf"
2026-03-04,"All-Purpose Flour",23.13,kg,"Baking Production Batch","Chocolate Chiffon Cake"
2026-03-04,"Refined White Sugar",16.15,kg,"Baking Production Batch","Butter Croissants"
2026-03-04,"Salted Butter",10.55,kg,"Baking Production Batch","French Baguette"
2026-03-04,"Fresh Eggs",42.11,pcs,"Baking Production Batch","Chocolate Chip Cookies"
2026-03-04,"Whole Milk",8.69,L,"Baking Production Batch","French Baguette"
2026-03-04,"Instant Dry Yeast",2.01,kg,"Baking Production Batch","Butter Croissants"
2026-03-04,"Iodized Salt",2.11,kg,"Baking Production Batch","Butter Croissants"
2026-03-04,"Pure Vanilla Extract",0.62,L,"Baking Production Batch","French Baguette"
2026-03-04,"Cocoa Powder",3.35,kg,"Baking Production Batch","Ensaymada Especial"
2026-03-05,"Bread Flour",30.67,kg,"Baking Production Batch","Artisan Sourdough Loaf"
2026-03-05,"All-Purpose Flour",24.79,kg,"Baking Production Batch","Artisan Sourdough Loaf"
2026-03-05,"Refined White Sugar",17.39,kg,"Baking Production Batch","Brioche Buns"
2026-03-05,"Salted Butter",11.46,kg,"Baking Production Batch","Classic Pandesal"
2026-03-05,"Fresh Eggs",42.22,pcs,"Baking Production Batch","Brioche Buns"
2026-03-05,"Whole Milk",8.92,L,"Baking Production Batch","Butter Croissants"
2026-03-05,"Instant Dry Yeast",1.99,kg,"Baking Production Batch","Butter Croissants"
2026-03-05,"Iodized Salt",2.35,kg,"Baking Production Batch","French Baguette"
2026-03-05,"Pure Vanilla Extract",0.64,L,"Baking Production Batch","Chocolate Chip Cookies"
2026-03-05,"Cocoa Powder",3.28,kg,"Baking Production Batch","Chocolate Chiffon Cake"
2026-03-06,"Bread Flour",25.17,kg,"Baking Production Batch","Butter Croissants"
2026-03-06,"All-Purpose Flour",24.13,kg,"Baking Production Batch","Chocolate Chiffon Cake"
2026-03-06,"Refined White Sugar",14.81,kg,"Baking Production Batch","French Baguette"
2026-03-06,"Salted Butter",8.98,kg,"Baking Production Batch","Classic Pandesal"
2026-03-06,"Fresh Eggs",41.47,pcs,"Baking Production Batch","Artisan Sourdough Loaf"
2026-03-06,"Whole Milk",7.5,L,"Baking Production Batch","Butter Croissants"
2026-03-06,"Instant Dry Yeast",1.59,kg,"Baking Production Batch","Artisan Sourdough Loaf"
2026-03-06,"Iodized Salt",2.46,kg,"Baking Production Batch","Chocolate Chiffon Cake"
2026-03-06,"Pure Vanilla Extract",0.59,L,"Baking Production Batch","French Baguette"
2026-03-06,"Cocoa Powder",3.18,kg,"Baking Production Batch","Ensaymada Especial"
2026-03-07,"Bread Flour",41.01,kg,"Baking Production Batch","Artisan Sourdough Loaf"
2026-03-07,"All-Purpose Flour",28.94,kg,"Baking Production Batch","Chocolate Chip Cookies"
2026-03-07,"Refined White Sugar",25.66,kg,"Baking Production Batch","Ensaymada Especial"
2026-03-07,"Salted Butter",14.25,kg,"Baking Production Batch","Chocolate Chip Cookies"
2026-03-07,"Fresh Eggs",66.51,pcs,"Baking Production Batch","French Baguette"
2026-03-07,"Whole Milk",12.18,L,"Baking Production Batch","Chocolate Chiffon Cake"
2026-03-07,"Instant Dry Yeast",2.24,kg,"Baking Production Batch","French Baguette"
2026-03-07,"Iodized Salt",3.42,kg,"Baking Production Batch","Butter Croissants"
2026-03-07,"Pure Vanilla Extract",0.77,L,"Baking Production Batch","French Baguette"
2026-03-07,"Cocoa Powder",4.59,kg,"Baking Production Batch","Chocolate Chiffon Cake"
2026-03-08,"Bread Flour",43.99,kg,"Baking Production Batch","Chocolate Chip Cookies"
2026-03-08,"All-Purpose Flour",34.34,kg,"Baking Production Batch","Chocolate Chiffon Cake"
2026-03-08,"Refined White Sugar",24.65,kg,"Baking Production Batch","Chocolate Chiffon Cake"
2026-03-08,"Salted Butter",13.4,kg,"Baking Production Batch","Butter Croissants"
2026-03-08,"Fresh Eggs",57.2,pcs,"Baking Production Batch","French Baguette"
2026-03-08,"Whole Milk",12.44,L,"Baking Production Batch","Butter Croissants"
2026-03-08,"Instant Dry Yeast",2.42,kg,"Baking Production Batch","Chocolate Chip Cookies"
2026-03-08,"Iodized Salt",2.92,kg,"Baking Production Batch","Chocolate Chiffon Cake"
2026-03-08,"Pure Vanilla Extract",0.78,L,"Baking Production Batch","Chocolate Chip Cookies"
2026-03-08,"Cocoa Powder",4.79,kg,"Baking Production Batch","Ensaymada Especial"
2026-03-09,"Bread Flour",28.8,kg,"Baking Production Batch","Chocolate Chip Cookies"
2026-03-09,"All-Purpose Flour",24.27,kg,"Baking Production Batch","Classic Pandesal"
2026-03-09,"Refined White Sugar",17.25,kg,"Baking Production Batch","Brioche Buns"
2026-03-09,"Salted Butter",11.16,kg,"Baking Production Batch","French Baguette"
2026-03-09,"Fresh Eggs",47.26,pcs,"Baking Production Batch","French Baguette"
2026-03-09,"Whole Milk",7.53,L,"Baking Production Batch","Chocolate Chiffon Cake"
2026-03-09,"Instant Dry Yeast",1.79,kg,"Baking Production Batch","Chocolate Chiffon Cake"
2026-03-09,"Iodized Salt",2.02,kg,"Baking Production Batch","Butter Croissants"
2026-03-09,"Pure Vanilla Extract",0.53,L,"Baking Production Batch","Brioche Buns"
2026-03-09,"Cocoa Powder",3.49,kg,"Baking Production Batch","Chocolate Chip Cookies"
2026-03-10,"Bread Flour",32.11,kg,"Baking Production Batch","Classic Pandesal"
2026-03-10,"All-Purpose Flour",22.29,kg,"Baking Production Batch","Classic Pandesal"
2026-03-10,"Refined White Sugar",18.33,kg,"Baking Production Batch","Butter Croissants"
2026-03-10,"Salted Butter",10.03,kg,"Baking Production Batch","Chocolate Chip Cookies"
2026-03-10,"Fresh Eggs",42.83,pcs,"Baking Production Batch","Chocolate Chiffon Cake"
2026-03-10,"Whole Milk",7.58,L,"Baking Production Batch","Butter Croissants"
2026-03-10,"Instant Dry Yeast",1.79,kg,"Baking Production Batch","French Baguette"
2026-03-10,"Iodized Salt",2.45,kg,"Baking Production Batch","Classic Pandesal"
2026-03-10,"Pure Vanilla Extract",0.62,L,"Baking Production Batch","Butter Croissants"
2026-03-10,"Cocoa Powder",3.85,kg,"Baking Production Batch","Chocolate Chiffon Cake"
2026-03-11,"Bread Flour",26.48,kg,"Baking Production Batch","Classic Pandesal"
2026-03-11,"All-Purpose Flour",20.56,kg,"Baking Production Batch","Brioche Buns"
2026-03-11,"Refined White Sugar",15.79,kg,"Baking Production Batch","Classic Pandesal"
2026-03-11,"Salted Butter",10.02,kg,"Baking Production Batch","Brioche Buns"
2026-03-11,"Fresh Eggs",42.96,pcs,"Baking Production Batch","Ensaymada Especial"
2026-03-11,"Whole Milk",7.79,L,"Baking Production Batch","French Baguette"
2026-03-11,"Instant Dry Yeast",1.99,kg,"Baking Production Batch","Ensaymada Especial"
2026-03-11,"Iodized Salt",1.98,kg,"Baking Production Batch","Brioche Buns"
2026-03-11,"Pure Vanilla Extract",0.65,L,"Baking Production Batch","Classic Pandesal"
2026-03-11,"Cocoa Powder",3.36,kg,"Baking Production Batch","French Baguette"
2026-03-12,"Bread Flour",30.28,kg,"Baking Production Batch","Ensaymada Especial"
2026-03-12,"All-Purpose Flour",23.52,kg,"Baking Production Batch","Brioche Buns"
2026-03-12,"Refined White Sugar",16.79,kg,"Baking Production Batch","Artisan Sourdough Loaf"
2026-03-12,"Salted Butter",11.42,kg,"Baking Production Batch","French Baguette"
2026-03-12,"Fresh Eggs",49.41,pcs,"Baking Production Batch","Chocolate Chip Cookies"
2026-03-12,"Whole Milk",7.96,L,"Baking Production Batch","Chocolate Chip Cookies"
2026-03-12,"Instant Dry Yeast",1.99,kg,"Baking Production Batch","Chocolate Chiffon Cake"
2026-03-12,"Iodized Salt",1.95,kg,"Baking Production Batch","Classic Pandesal"
2026-03-12,"Pure Vanilla Extract",0.67,L,"Baking Production Batch","Chocolate Chiffon Cake"
2026-03-12,"Cocoa Powder",3.48,kg,"Baking Production Batch","Brioche Buns"
2026-03-13,"Bread Flour",29.77,kg,"Baking Production Batch","Artisan Sourdough Loaf"
2026-03-13,"All-Purpose Flour",22.16,kg,"Baking Production Batch","Classic Pandesal"
2026-03-13,"Refined White Sugar",17.52,kg,"Baking Production Batch","Chocolate Chip Cookies"
2026-03-13,"Salted Butter",9.04,kg,"Baking Production Batch","Chocolate Chip Cookies"
2026-03-13,"Fresh Eggs",49.06,pcs,"Baking Production Batch","Artisan Sourdough Loaf"
2026-03-13,"Whole Milk",8.55,L,"Baking Production Batch","Chocolate Chip Cookies"
2026-03-13,"Instant Dry Yeast",2.02,kg,"Baking Production Batch","Butter Croissants"
2026-03-13,"Iodized Salt",2.12,kg,"Baking Production Batch","Chocolate Chiffon Cake"
2026-03-13,"Pure Vanilla Extract",0.56,L,"Baking Production Batch","Butter Croissants"
2026-03-13,"Cocoa Powder",3.81,kg,"Baking Production Batch","Brioche Buns"
2026-03-14,"Bread Flour",42.05,kg,"Baking Production Batch","Brioche Buns"
2026-03-14,"All-Purpose Flour",29.01,kg,"Baking Production Batch","Chocolate Chiffon Cake"
2026-03-14,"Refined White Sugar",23.72,kg,"Baking Production Batch","Ensaymada Especial"
2026-03-14,"Salted Butter",15.17,kg,"Baking Production Batch","French Baguette"
2026-03-14,"Fresh Eggs",59.63,pcs,"Baking Production Batch","Artisan Sourdough Loaf"
2026-03-14,"Whole Milk",12.01,L,"Baking Production Batch","Chocolate Chip Cookies"
2026-03-14,"Instant Dry Yeast",2.84,kg,"Baking Production Batch","Butter Croissants"
2026-03-14,"Iodized Salt",3.09,kg,"Baking Production Batch","Artisan Sourdough Loaf"
2026-03-14,"Pure Vanilla Extract",0.8,L,"Baking Production Batch","Chocolate Chiffon Cake"
2026-03-14,"Cocoa Powder",4.99,kg,"Baking Production Batch","Classic Pandesal"
2026-03-15,"Bread Flour",40,kg,"Baking Production Batch","Butter Croissants"
2026-03-15,"All-Purpose Flour",32.36,kg,"Baking Production Batch","Chocolate Chiffon Cake"
2026-03-15,"Refined White Sugar",20.94,kg,"Baking Production Batch","Classic Pandesal"
2026-03-15,"Salted Butter",15.63,kg,"Baking Production Batch","Chocolate Chip Cookies"
2026-03-15,"Fresh Eggs",58.87,pcs,"Baking Production Batch","Butter Croissants"
2026-03-15,"Whole Milk",11.38,L,"Baking Production Batch","Classic Pandesal"
2026-03-15,"Instant Dry Yeast",2.24,kg,"Baking Production Batch","French Baguette"
2026-03-15,"Iodized Salt",2.94,kg,"Baking Production Batch","French Baguette"
2026-03-15,"Pure Vanilla Extract",0.87,L,"Baking Production Batch","French Baguette"
2026-03-15,"Cocoa Powder",4.89,kg,"Baking Production Batch","Brioche Buns"
2026-03-16,"Bread Flour",26.26,kg,"Baking Production Batch","Artisan Sourdough Loaf"
2026-03-16,"All-Purpose Flour",24.21,kg,"Baking Production Batch","Chocolate Chip Cookies"
2026-03-16,"Refined White Sugar",16.71,kg,"Baking Production Batch","French Baguette"
2026-03-16,"Salted Butter",11.34,kg,"Baking Production Batch","French Baguette"
2026-03-16,"Fresh Eggs",49.99,pcs,"Baking Production Batch","Butter Croissants"
2026-03-16,"Whole Milk",8.05,L,"Baking Production Batch","Classic Pandesal"
2026-03-16,"Instant Dry Yeast",2.02,kg,"Baking Production Batch","Butter Croissants"
2026-03-16,"Iodized Salt",2.07,kg,"Baking Production Batch","Artisan Sourdough Loaf"
2026-03-16,"Pure Vanilla Extract",0.61,L,"Baking Production Batch","Brioche Buns"
2026-03-16,"Cocoa Powder",3.1,kg,"Baking Production Batch","Chocolate Chip Cookies"
2026-03-17,"Bread Flour",25.27,kg,"Baking Production Batch","Brioche Buns"
2026-03-17,"All-Purpose Flour",23.17,kg,"Baking Production Batch","Ensaymada Especial"
2026-03-17,"Refined White Sugar",17.41,kg,"Baking Production Batch","Brioche Buns"
2026-03-17,"Salted Butter",10.84,kg,"Baking Production Batch","Ensaymada Especial"
2026-03-17,"Fresh Eggs",43.95,pcs,"Baking Production Batch","Butter Croissants"
2026-03-17,"Whole Milk",9.15,L,"Baking Production Batch","Artisan Sourdough Loaf"
2026-03-17,"Instant Dry Yeast",1.87,kg,"Baking Production Batch","Brioche Buns"
2026-03-17,"Iodized Salt",2.21,kg,"Baking Production Batch","Butter Croissants"
2026-03-17,"Pure Vanilla Extract",0.61,L,"Baking Production Batch","Classic Pandesal"
2026-03-17,"Cocoa Powder",3.7,kg,"Baking Production Batch","Ensaymada Especial"
2026-03-18,"Bread Flour",28.4,kg,"Baking Production Batch","French Baguette"
2026-03-18,"All-Purpose Flour",22.59,kg,"Baking Production Batch","Chocolate Chiffon Cake"
2026-03-18,"Refined White Sugar",17.43,kg,"Baking Production Batch","Ensaymada Especial"
2026-03-18,"Salted Butter",9.5,kg,"Baking Production Batch","Butter Croissants"
2026-03-18,"Fresh Eggs",50.3,pcs,"Baking Production Batch","Chocolate Chip Cookies"
2026-03-18,"Whole Milk",8.87,L,"Baking Production Batch","Brioche Buns"
2026-03-18,"Instant Dry Yeast",1.92,kg,"Baking Production Batch","Butter Croissants"
2026-03-18,"Iodized Salt",1.94,kg,"Baking Production Batch","Brioche Buns"
2026-03-18,"Pure Vanilla Extract",0.68,L,"Baking Production Batch","Ensaymada Especial"
2026-03-18,"Cocoa Powder",3.87,kg,"Baking Production Batch","Brioche Buns"
2026-03-19,"Bread Flour",30.17,kg,"Baking Production Batch","Classic Pandesal"
2026-03-19,"All-Purpose Flour",20.88,kg,"Baking Production Batch","Classic Pandesal"
2026-03-19,"Refined White Sugar",15.61,kg,"Baking Production Batch","Chocolate Chiffon Cake"
2026-03-19,"Salted Butter",9.58,kg,"Baking Production Batch","Chocolate Chiffon Cake"
2026-03-19,"Fresh Eggs",50.82,pcs,"Baking Production Batch","Classic Pandesal"
2026-03-19,"Whole Milk",9.02,L,"Baking Production Batch","Artisan Sourdough Loaf"
2026-03-19,"Instant Dry Yeast",1.69,kg,"Baking Production Batch","Chocolate Chiffon Cake"
2026-03-19,"Iodized Salt",2.27,kg,"Baking Production Batch","Ensaymada Especial"
2026-03-19,"Pure Vanilla Extract",0.64,L,"Baking Production Batch","Brioche Buns"
2026-03-19,"Cocoa Powder",3.53,kg,"Baking Production Batch","Butter Croissants"
2026-03-20,"Bread Flour",30.97,kg,"Baking Production Batch","French Baguette"
2026-03-20,"All-Purpose Flour",22.4,kg,"Baking Production Batch","Butter Croissants"
2026-03-20,"Refined White Sugar",15.35,kg,"Baking Production Batch","Chocolate Chip Cookies"
2026-03-20,"Salted Butter",10.07,kg,"Baking Production Batch","Chocolate Chiffon Cake"
2026-03-20,"Fresh Eggs",40.47,pcs,"Baking Production Batch","Chocolate Chip Cookies"
2026-03-20,"Whole Milk",9.29,L,"Baking Production Batch","Chocolate Chiffon Cake"
2026-03-20,"Instant Dry Yeast",1.59,kg,"Baking Production Batch","Butter Croissants"
2026-03-20,"Iodized Salt",2.16,kg,"Baking Production Batch","Chocolate Chip Cookies"
2026-03-20,"Pure Vanilla Extract",0.65,L,"Baking Production Batch","Classic Pandesal"
2026-03-20,"Cocoa Powder",3.36,kg,"Baking Production Batch","Artisan Sourdough Loaf"
2026-03-21,"Bread Flour",45.02,kg,"Baking Production Batch","Chocolate Chiffon Cake"
2026-03-21,"All-Purpose Flour",32.69,kg,"Baking Production Batch","Butter Croissants"
2026-03-21,"Refined White Sugar",20.44,kg,"Baking Production Batch","Chocolate Chip Cookies"
2026-03-21,"Salted Butter",15.41,kg,"Baking Production Batch","Classic Pandesal"
2026-03-21,"Fresh Eggs",67.15,pcs,"Baking Production Batch","Brioche Buns"
2026-03-21,"Whole Milk",13.04,L,"Baking Production Batch","Butter Croissants"
2026-03-21,"Instant Dry Yeast",2.59,kg,"Baking Production Batch","Brioche Buns"
2026-03-21,"Iodized Salt",3.38,kg,"Baking Production Batch","Classic Pandesal"
2026-03-21,"Pure Vanilla Extract",0.84,L,"Baking Production Batch","Classic Pandesal"
2026-03-21,"Cocoa Powder",4.81,kg,"Baking Production Batch","Butter Croissants"
2026-03-22,"Bread Flour",37.66,kg,"Baking Production Batch","Brioche Buns"
2026-03-22,"All-Purpose Flour",33.9,kg,"Baking Production Batch","French Baguette"
2026-03-22,"Refined White Sugar",23.59,kg,"Baking Production Batch","Artisan Sourdough Loaf"
2026-03-22,"Salted Butter",13.37,kg,"Baking Production Batch","Ensaymada Especial"
2026-03-22,"Fresh Eggs",63.54,pcs,"Baking Production Batch","Brioche Buns"
2026-03-22,"Whole Milk",11.43,L,"Baking Production Batch","Chocolate Chip Cookies"
2026-03-22,"Instant Dry Yeast",2.53,kg,"Baking Production Batch","Classic Pandesal"
2026-03-22,"Iodized Salt",3.22,kg,"Baking Production Batch","Classic Pandesal"
2026-03-22,"Pure Vanilla Extract",0.89,L,"Baking Production Batch","Brioche Buns"
2026-03-22,"Cocoa Powder",4.36,kg,"Baking Production Batch","Classic Pandesal"
2026-03-23,"Bread Flour",26.06,kg,"Baking Production Batch","Butter Croissants"
2026-03-23,"All-Purpose Flour",24.03,kg,"Baking Production Batch","Artisan Sourdough Loaf"
2026-03-23,"Refined White Sugar",16.08,kg,"Baking Production Batch","Butter Croissants"
2026-03-23,"Salted Butter",10.98,kg,"Baking Production Batch","Chocolate Chip Cookies"
2026-03-23,"Fresh Eggs",43.13,pcs,"Baking Production Batch","Classic Pandesal"
2026-03-23,"Whole Milk",9.43,L,"Baking Production Batch","Brioche Buns"
2026-03-23,"Instant Dry Yeast",1.8,kg,"Baking Production Batch","Artisan Sourdough Loaf"
2026-03-23,"Iodized Salt",1.98,kg,"Baking Production Batch","Artisan Sourdough Loaf"
2026-03-23,"Pure Vanilla Extract",0.65,L,"Baking Production Batch","Butter Croissants"
2026-03-23,"Cocoa Powder",3.43,kg,"Baking Production Batch","Chocolate Chip Cookies"
2026-03-24,"Bread Flour",27.88,kg,"Baking Production Batch","French Baguette"
2026-03-24,"All-Purpose Flour",22.79,kg,"Baking Production Batch","Ensaymada Especial"
2026-03-24,"Refined White Sugar",17.91,kg,"Baking Production Batch","Chocolate Chip Cookies"
2026-03-24,"Salted Butter",10.26,kg,"Baking Production Batch","Chocolate Chiffon Cake"
2026-03-24,"Fresh Eggs",46.25,pcs,"Baking Production Batch","French Baguette"
2026-03-24,"Whole Milk",8.87,L,"Baking Production Batch","Chocolate Chip Cookies"
2026-03-24,"Instant Dry Yeast",1.98,kg,"Baking Production Batch","Brioche Buns"
2026-03-24,"Iodized Salt",2.48,kg,"Baking Production Batch","Brioche Buns"
2026-03-24,"Pure Vanilla Extract",0.58,L,"Baking Production Batch","Artisan Sourdough Loaf"
2026-03-24,"Cocoa Powder",3.9,kg,"Baking Production Batch","Artisan Sourdough Loaf"
2026-03-25,"Bread Flour",25.65,kg,"Baking Production Batch","Artisan Sourdough Loaf"
2026-03-25,"All-Purpose Flour",19.68,kg,"Baking Production Batch","Artisan Sourdough Loaf"
2026-03-25,"Refined White Sugar",15.23,kg,"Baking Production Batch","Ensaymada Especial"
2026-03-25,"Salted Butter",10.91,kg,"Baking Production Batch","French Baguette"
2026-03-25,"Fresh Eggs",44.76,pcs,"Baking Production Batch","Ensaymada Especial"
2026-03-25,"Whole Milk",9.18,L,"Baking Production Batch","Classic Pandesal"
2026-03-25,"Instant Dry Yeast",1.62,kg,"Baking Production Batch","Chocolate Chiffon Cake"
2026-03-25,"Iodized Salt",2.24,kg,"Baking Production Batch","Ensaymada Especial"
2026-03-25,"Pure Vanilla Extract",0.64,L,"Baking Production Batch","Butter Croissants"
2026-03-25,"Cocoa Powder",3.74,kg,"Baking Production Batch","Chocolate Chiffon Cake"
2026-03-26,"Bread Flour",25.27,kg,"Baking Production Batch","Chocolate Chiffon Cake"
2026-03-26,"All-Purpose Flour",24.74,kg,"Baking Production Batch","Classic Pandesal"
2026-03-26,"Refined White Sugar",18.18,kg,"Baking Production Batch","Butter Croissants"
2026-03-26,"Salted Butter",9.47,kg,"Baking Production Batch","Brioche Buns"
2026-03-26,"Fresh Eggs",39.71,pcs,"Baking Production Batch","Ensaymada Especial"
2026-03-26,"Whole Milk",9.49,L,"Baking Production Batch","French Baguette"
2026-03-26,"Instant Dry Yeast",2.01,kg,"Baking Production Batch","Ensaymada Especial"
2026-03-26,"Iodized Salt",2.22,kg,"Baking Production Batch","Butter Croissants"
2026-03-26,"Pure Vanilla Extract",0.65,L,"Baking Production Batch","Chocolate Chip Cookies"
2026-03-26,"Cocoa Powder",3.69,kg,"Baking Production Batch","Chocolate Chiffon Cake"
2026-03-27,"Bread Flour",31.95,kg,"Baking Production Batch","Classic Pandesal"
2026-03-27,"All-Purpose Flour",21.68,kg,"Baking Production Batch","Classic Pandesal"
2026-03-27,"Refined White Sugar",18.01,kg,"Baking Production Batch","Chocolate Chip Cookies"
2026-03-27,"Salted Butter",10.95,kg,"Baking Production Batch","Classic Pandesal"
2026-03-27,"Fresh Eggs",46.27,pcs,"Baking Production Batch","Artisan Sourdough Loaf"
2026-03-27,"Whole Milk",8.61,L,"Baking Production Batch","Chocolate Chiffon Cake"
2026-03-27,"Instant Dry Yeast",1.89,kg,"Baking Production Batch","Brioche Buns"
2026-03-27,"Iodized Salt",2.42,kg,"Baking Production Batch","Brioche Buns"
2026-03-27,"Pure Vanilla Extract",0.64,L,"Baking Production Batch","French Baguette"
2026-03-27,"Cocoa Powder",3.75,kg,"Baking Production Batch","Classic Pandesal"
2026-03-28,"Bread Flour",39.59,kg,"Baking Production Batch","French Baguette"
2026-03-28,"All-Purpose Flour",29.41,kg,"Baking Production Batch","French Baguette"
2026-03-28,"Refined White Sugar",25.19,kg,"Baking Production Batch","Butter Croissants"
2026-03-28,"Salted Butter",14.04,kg,"Baking Production Batch","Chocolate Chiffon Cake"
2026-03-28,"Fresh Eggs",63.01,pcs,"Baking Production Batch","Artisan Sourdough Loaf"
2026-03-28,"Whole Milk",11.22,L,"Baking Production Batch","Classic Pandesal"
2026-03-28,"Instant Dry Yeast",2.73,kg,"Baking Production Batch","Chocolate Chiffon Cake"
2026-03-28,"Iodized Salt",3.28,kg,"Baking Production Batch","Artisan Sourdough Loaf"
2026-03-28,"Pure Vanilla Extract",0.8,L,"Baking Production Batch","Ensaymada Especial"
2026-03-28,"Cocoa Powder",4.7,kg,"Baking Production Batch","Chocolate Chip Cookies"
2026-03-29,"Bread Flour",41.12,kg,"Baking Production Batch","Chocolate Chip Cookies"
2026-03-29,"All-Purpose Flour",29.96,kg,"Baking Production Batch","Chocolate Chiffon Cake"
2026-03-29,"Refined White Sugar",25.74,kg,"Baking Production Batch","Artisan Sourdough Loaf"
2026-03-29,"Salted Butter",13.81,kg,"Baking Production Batch","Artisan Sourdough Loaf"
2026-03-29,"Fresh Eggs",70.26,pcs,"Baking Production Batch","French Baguette"
2026-03-29,"Whole Milk",11.12,L,"Baking Production Batch","Brioche Buns"
2026-03-29,"Instant Dry Yeast",2.4,kg,"Baking Production Batch","Chocolate Chiffon Cake"
2026-03-29,"Iodized Salt",2.95,kg,"Baking Production Batch","Butter Croissants"
2026-03-29,"Pure Vanilla Extract",0.81,L,"Baking Production Batch","French Baguette"
2026-03-29,"Cocoa Powder",4.75,kg,"Baking Production Batch","Brioche Buns"
2026-03-30,"Bread Flour",26.9,kg,"Baking Production Batch","Brioche Buns"
2026-03-30,"All-Purpose Flour",20.67,kg,"Baking Production Batch","French Baguette"
2026-03-30,"Refined White Sugar",18.26,kg,"Baking Production Batch","Artisan Sourdough Loaf"
2026-03-30,"Salted Butter",9.24,kg,"Baking Production Batch","Butter Croissants"
2026-03-30,"Fresh Eggs",47.14,pcs,"Baking Production Batch","Brioche Buns"
2026-03-30,"Whole Milk",8.53,L,"Baking Production Batch","French Baguette"
2026-03-30,"Instant Dry Yeast",1.6,kg,"Baking Production Batch","Ensaymada Especial"
2026-03-30,"Iodized Salt",2.23,kg,"Baking Production Batch","Artisan Sourdough Loaf"
2026-03-30,"Pure Vanilla Extract",0.53,L,"Baking Production Batch","Chocolate Chip Cookies"
2026-03-30,"Cocoa Powder",3.59,kg,"Baking Production Batch","Artisan Sourdough Loaf"
2026-03-31,"Bread Flour",26.35,kg,"Baking Production Batch","Brioche Buns"
2026-03-31,"All-Purpose Flour",21.52,kg,"Baking Production Batch","Brioche Buns"
2026-03-31,"Refined White Sugar",18.41,kg,"Baking Production Batch","Chocolate Chip Cookies"
2026-03-31,"Salted Butter",11.41,kg,"Baking Production Batch","Butter Croissants"
2026-03-31,"Fresh Eggs",43.23,pcs,"Baking Production Batch","Chocolate Chip Cookies"
2026-03-31,"Whole Milk",9.09,L,"Baking Production Batch","Butter Croissants"
2026-03-31,"Instant Dry Yeast",1.68,kg,"Baking Production Batch","Brioche Buns"
2026-03-31,"Iodized Salt",2.22,kg,"Baking Production Batch","Ensaymada Especial"
2026-03-31,"Pure Vanilla Extract",0.62,L,"Baking Production Batch","Chocolate Chiffon Cake"
2026-03-31,"Cocoa Powder",3.43,kg,"Baking Production Batch","Chocolate Chiffon Cake"
2026-04-01,"Bread Flour",25.38,kg,"Baking Production Batch","French Baguette"
2026-04-01,"All-Purpose Flour",19.56,kg,"Baking Production Batch","Artisan Sourdough Loaf"
2026-04-01,"Refined White Sugar",15.02,kg,"Baking Production Batch","Classic Pandesal"
2026-04-01,"Salted Butter",9.58,kg,"Baking Production Batch","Butter Croissants"
2026-04-01,"Fresh Eggs",44.81,pcs,"Baking Production Batch","Chocolate Chip Cookies"
2026-04-01,"Whole Milk",8.23,L,"Baking Production Batch","Ensaymada Especial"
2026-04-01,"Instant Dry Yeast",1.62,kg,"Baking Production Batch","Ensaymada Especial"
2026-04-01,"Iodized Salt",1.99,kg,"Baking Production Batch","Ensaymada Especial"
2026-04-01,"Pure Vanilla Extract",0.66,L,"Baking Production Batch","Brioche Buns"
2026-04-01,"Cocoa Powder",3.4,kg,"Baking Production Batch","Brioche Buns"
2026-04-02,"Bread Flour",31.83,kg,"Baking Production Batch","Chocolate Chiffon Cake"
2026-04-02,"All-Purpose Flour",23.02,kg,"Baking Production Batch","French Baguette"
2026-04-02,"Refined White Sugar",15.72,kg,"Baking Production Batch","Brioche Buns"
2026-04-02,"Salted Butter",11.08,kg,"Baking Production Batch","Brioche Buns"
2026-04-02,"Fresh Eggs",45.46,pcs,"Baking Production Batch","French Baguette"
2026-04-02,"Whole Milk",7.85,L,"Baking Production Batch","Chocolate Chiffon Cake"
2026-04-02,"Instant Dry Yeast",1.94,kg,"Baking Production Batch","Chocolate Chip Cookies"
2026-04-02,"Iodized Salt",2.35,kg,"Baking Production Batch","Artisan Sourdough Loaf"
2026-04-02,"Pure Vanilla Extract",0.65,L,"Baking Production Batch","Classic Pandesal"
2026-04-02,"Cocoa Powder",3.29,kg,"Baking Production Batch","Ensaymada Especial"
2026-04-03,"Bread Flour",25.96,kg,"Baking Production Batch","Artisan Sourdough Loaf"
2026-04-03,"All-Purpose Flour",23.3,kg,"Baking Production Batch","Chocolate Chip Cookies"
2026-04-03,"Refined White Sugar",18.59,kg,"Baking Production Batch","Artisan Sourdough Loaf"
2026-04-03,"Salted Butter",10.89,kg,"Baking Production Batch","Classic Pandesal"
2026-04-03,"Fresh Eggs",49.47,pcs,"Baking Production Batch","French Baguette"
2026-04-03,"Whole Milk",8.24,L,"Baking Production Batch","Brioche Buns"
2026-04-03,"Instant Dry Yeast",1.77,kg,"Baking Production Batch","Chocolate Chip Cookies"
2026-04-03,"Iodized Salt",2.29,kg,"Baking Production Batch","Classic Pandesal"
2026-04-03,"Pure Vanilla Extract",0.56,L,"Baking Production Batch","Chocolate Chip Cookies"
2026-04-03,"Cocoa Powder",3.58,kg,"Baking Production Batch","Artisan Sourdough Loaf"
2026-04-04,"Bread Flour",42.5,kg,"Baking Production Batch","Chocolate Chip Cookies"
2026-04-04,"All-Purpose Flour",30.54,kg,"Baking Production Batch","Ensaymada Especial"
2026-04-04,"Refined White Sugar",22.84,kg,"Baking Production Batch","Chocolate Chip Cookies"
2026-04-04,"Salted Butter",13.97,kg,"Baking Production Batch","French Baguette"
2026-04-04,"Fresh Eggs",62.13,pcs,"Baking Production Batch","Chocolate Chip Cookies"
2026-04-04,"Whole Milk",13.37,L,"Baking Production Batch","Ensaymada Especial"
2026-04-04,"Instant Dry Yeast",2.72,kg,"Baking Production Batch","Brioche Buns"
2026-04-04,"Iodized Salt",2.92,kg,"Baking Production Batch","Chocolate Chip Cookies"
2026-04-04,"Pure Vanilla Extract",0.78,L,"Baking Production Batch","Butter Croissants"
2026-04-04,"Cocoa Powder",5.19,kg,"Baking Production Batch","Chocolate Chip Cookies"
2026-04-05,"Bread Flour",39.62,kg,"Baking Production Batch","Brioche Buns"
2026-04-05,"All-Purpose Flour",28.97,kg,"Baking Production Batch","Brioche Buns"
2026-04-05,"Refined White Sugar",22.3,kg,"Baking Production Batch","French Baguette"
2026-04-05,"Salted Butter",12.84,kg,"Baking Production Batch","French Baguette"
2026-04-05,"Fresh Eggs",70.63,pcs,"Baking Production Batch","Chocolate Chip Cookies"
2026-04-05,"Whole Milk",11.95,L,"Baking Production Batch","Brioche Buns"
2026-04-05,"Instant Dry Yeast",2.29,kg,"Baking Production Batch","Butter Croissants"
2026-04-05,"Iodized Salt",3.19,kg,"Baking Production Batch","Brioche Buns"
2026-04-05,"Pure Vanilla Extract",0.84,L,"Baking Production Batch","Chocolate Chiffon Cake"
2026-04-05,"Cocoa Powder",5.18,kg,"Baking Production Batch","Artisan Sourdough Loaf"
2026-04-06,"Bread Flour",31.82,kg,"Baking Production Batch","Artisan Sourdough Loaf"
2026-04-06,"All-Purpose Flour",21.29,kg,"Baking Production Batch","Butter Croissants"
2026-04-06,"Refined White Sugar",14.77,kg,"Baking Production Batch","Ensaymada Especial"
2026-04-06,"Salted Butter",9.27,kg,"Baking Production Batch","Butter Croissants"
2026-04-06,"Fresh Eggs",49.17,pcs,"Baking Production Batch","Brioche Buns"
2026-04-06,"Whole Milk",8.75,L,"Baking Production Batch","Brioche Buns"
2026-04-06,"Instant Dry Yeast",1.95,kg,"Baking Production Batch","Butter Croissants"
2026-04-06,"Iodized Salt",2.38,kg,"Baking Production Batch","Brioche Buns"
2026-04-06,"Pure Vanilla Extract",0.63,L,"Baking Production Batch","Chocolate Chiffon Cake"
2026-04-06,"Cocoa Powder",3.32,kg,"Baking Production Batch","Ensaymada Especial"
2026-04-07,"Bread Flour",28.03,kg,"Baking Production Batch","Chocolate Chiffon Cake"
2026-04-07,"All-Purpose Flour",23.78,kg,"Baking Production Batch","Brioche Buns"
2026-04-07,"Refined White Sugar",17.77,kg,"Baking Production Batch","Ensaymada Especial"
2026-04-07,"Salted Butter",9.1,kg,"Baking Production Batch","Ensaymada Especial"
2026-04-07,"Fresh Eggs",45.57,pcs,"Baking Production Batch","Classic Pandesal"
2026-04-07,"Whole Milk",9.09,L,"Baking Production Batch","Ensaymada Especial"
2026-04-07,"Instant Dry Yeast",1.87,kg,"Baking Production Batch","Chocolate Chip Cookies"
2026-04-07,"Iodized Salt",1.96,kg,"Baking Production Batch","Artisan Sourdough Loaf"
2026-04-07,"Pure Vanilla Extract",0.62,L,"Baking Production Batch","Chocolate Chip Cookies"
2026-04-07,"Cocoa Powder",3.82,kg,"Baking Production Batch","Chocolate Chip Cookies"
2026-04-08,"Bread Flour",30.2,kg,"Baking Production Batch","Artisan Sourdough Loaf"
2026-04-08,"All-Purpose Flour",23.39,kg,"Baking Production Batch","Classic Pandesal"
2026-04-08,"Refined White Sugar",17.54,kg,"Baking Production Batch","Butter Croissants"
2026-04-08,"Salted Butter",9.51,kg,"Baking Production Batch","Butter Croissants"
2026-04-08,"Fresh Eggs",45.13,pcs,"Baking Production Batch","Brioche Buns"
2026-04-08,"Whole Milk",9.26,L,"Baking Production Batch","Chocolate Chip Cookies"
2026-04-08,"Instant Dry Yeast",1.72,kg,"Baking Production Batch","Brioche Buns"
2026-04-08,"Iodized Salt",2.31,kg,"Baking Production Batch","Brioche Buns"
2026-04-08,"Pure Vanilla Extract",0.61,L,"Baking Production Batch","Butter Croissants"
2026-04-08,"Cocoa Powder",3.29,kg,"Baking Production Batch","Chocolate Chiffon Cake"
2026-04-09,"Bread Flour",25.57,kg,"Baking Production Batch","Chocolate Chiffon Cake"
2026-04-09,"All-Purpose Flour",20.04,kg,"Baking Production Batch","Chocolate Chiffon Cake"
2026-04-09,"Refined White Sugar",18.23,kg,"Baking Production Batch","Ensaymada Especial"
2026-04-09,"Salted Butter",11.13,kg,"Baking Production Batch","Butter Croissants"
2026-04-09,"Fresh Eggs",41.44,pcs,"Baking Production Batch","Butter Croissants"
2026-04-09,"Whole Milk",8.62,L,"Baking Production Batch","Brioche Buns"
2026-04-09,"Instant Dry Yeast",1.96,kg,"Baking Production Batch","Brioche Buns"
2026-04-09,"Iodized Salt",2.09,kg,"Baking Production Batch","Brioche Buns"
2026-04-09,"Pure Vanilla Extract",0.66,L,"Baking Production Batch","Ensaymada Especial"
2026-04-09,"Cocoa Powder",3.33,kg,"Baking Production Batch","Chocolate Chip Cookies"
2026-04-10,"Bread Flour",29.02,kg,"Baking Production Batch","Brioche Buns"
2026-04-10,"All-Purpose Flour",21.46,kg,"Baking Production Batch","Artisan Sourdough Loaf"
2026-04-10,"Refined White Sugar",16.06,kg,"Baking Production Batch","French Baguette"
2026-04-10,"Salted Butter",10.64,kg,"Baking Production Batch","French Baguette"
2026-04-10,"Fresh Eggs",50.25,pcs,"Baking Production Batch","Brioche Buns"
2026-04-10,"Whole Milk",8.12,L,"Baking Production Batch","Classic Pandesal"
2026-04-10,"Instant Dry Yeast",1.82,kg,"Baking Production Batch","Classic Pandesal"
2026-04-10,"Iodized Salt",2.3,kg,"Baking Production Batch","Ensaymada Especial"
2026-04-10,"Pure Vanilla Extract",0.56,L,"Baking Production Batch","Ensaymada Especial"
2026-04-10,"Cocoa Powder",3.93,kg,"Baking Production Batch","Butter Croissants"
2026-04-11,"Bread Flour",37.33,kg,"Baking Production Batch","Ensaymada Especial"
2026-04-11,"All-Purpose Flour",32.09,kg,"Baking Production Batch","Brioche Buns"
2026-04-11,"Refined White Sugar",24.62,kg,"Baking Production Batch","Ensaymada Especial"
2026-04-11,"Salted Butter",12.81,kg,"Baking Production Batch","Chocolate Chiffon Cake"
2026-04-11,"Fresh Eggs",64.3,pcs,"Baking Production Batch","Brioche Buns"
2026-04-11,"Whole Milk",11.05,L,"Baking Production Batch","Chocolate Chip Cookies"
2026-04-11,"Instant Dry Yeast",2.81,kg,"Baking Production Batch","Ensaymada Especial"
2026-04-11,"Iodized Salt",2.89,kg,"Baking Production Batch","Brioche Buns"
2026-04-11,"Pure Vanilla Extract",0.88,L,"Baking Production Batch","Chocolate Chip Cookies"
2026-04-11,"Cocoa Powder",5.49,kg,"Baking Production Batch","Artisan Sourdough Loaf"
2026-04-12,"Bread Flour",41.93,kg,"Baking Production Batch","Brioche Buns"
2026-04-12,"All-Purpose Flour",34.59,kg,"Baking Production Batch","Ensaymada Especial"
2026-04-12,"Refined White Sugar",24.47,kg,"Baking Production Batch","Butter Croissants"
2026-04-12,"Salted Butter",14.34,kg,"Baking Production Batch","Classic Pandesal"
2026-04-12,"Fresh Eggs",56.7,pcs,"Baking Production Batch","French Baguette"
2026-04-12,"Whole Milk",12.8,L,"Baking Production Batch","Chocolate Chip Cookies"
2026-04-12,"Instant Dry Yeast",2.74,kg,"Baking Production Batch","French Baguette"
2026-04-12,"Iodized Salt",2.87,kg,"Baking Production Batch","Brioche Buns"
2026-04-12,"Pure Vanilla Extract",0.84,L,"Baking Production Batch","Chocolate Chiffon Cake"
2026-04-12,"Cocoa Powder",4.65,kg,"Baking Production Batch","Chocolate Chiffon Cake"
2026-04-13,"Bread Flour",31.23,kg,"Baking Production Batch","Butter Croissants"
2026-04-13,"All-Purpose Flour",20.87,kg,"Baking Production Batch","Classic Pandesal"
2026-04-13,"Refined White Sugar",16.21,kg,"Baking Production Batch","French Baguette"
2026-04-13,"Salted Butter",9.56,kg,"Baking Production Batch","Brioche Buns"
2026-04-13,"Fresh Eggs",39.63,pcs,"Baking Production Batch","Classic Pandesal"
2026-04-13,"Whole Milk",8.22,L,"Baking Production Batch","Classic Pandesal"
2026-04-13,"Instant Dry Yeast",1.89,kg,"Baking Production Batch","Ensaymada Especial"
2026-04-13,"Iodized Salt",2.27,kg,"Baking Production Batch","Chocolate Chip Cookies"
2026-04-13,"Pure Vanilla Extract",0.63,L,"Baking Production Batch","French Baguette"
2026-04-13,"Cocoa Powder",3.21,kg,"Baking Production Batch","Ensaymada Especial"
2026-04-14,"Bread Flour",30.82,kg,"Baking Production Batch","Ensaymada Especial"
2026-04-14,"All-Purpose Flour",24.09,kg,"Baking Production Batch","Ensaymada Especial"
2026-04-14,"Refined White Sugar",14.8,kg,"Baking Production Batch","French Baguette"
2026-04-14,"Salted Butter",10.09,kg,"Baking Production Batch","French Baguette"
2026-04-14,"Fresh Eggs",47.62,pcs,"Baking Production Batch","French Baguette"
2026-04-14,"Whole Milk",8.01,L,"Baking Production Batch","French Baguette"
2026-04-14,"Instant Dry Yeast",1.9,kg,"Baking Production Batch","Brioche Buns"
2026-04-14,"Iodized Salt",2.38,kg,"Baking Production Batch","Artisan Sourdough Loaf"
2026-04-14,"Pure Vanilla Extract",0.6,L,"Baking Production Batch","Chocolate Chip Cookies"
2026-04-14,"Cocoa Powder",3.7,kg,"Baking Production Batch","Brioche Buns"
2026-04-15,"Bread Flour",28.31,kg,"Baking Production Batch","Brioche Buns"
2026-04-15,"All-Purpose Flour",24.85,kg,"Baking Production Batch","Brioche Buns"
2026-04-15,"Refined White Sugar",15.72,kg,"Baking Production Batch","Ensaymada Especial"
2026-04-15,"Salted Butter",10.21,kg,"Baking Production Batch","Classic Pandesal"
2026-04-15,"Fresh Eggs",40.23,pcs,"Baking Production Batch","Classic Pandesal"
2026-04-15,"Whole Milk",8.48,L,"Baking Production Batch","Brioche Buns"
2026-04-15,"Instant Dry Yeast",1.76,kg,"Baking Production Batch","Butter Croissants"
2026-04-15,"Iodized Salt",2.47,kg,"Baking Production Batch","Brioche Buns"
2026-04-15,"Pure Vanilla Extract",0.59,L,"Baking Production Batch","Chocolate Chiffon Cake"
2026-04-15,"Cocoa Powder",3.7,kg,"Baking Production Batch","Classic Pandesal"
2026-04-16,"Bread Flour",26.1,kg,"Baking Production Batch","Classic Pandesal"
2026-04-16,"All-Purpose Flour",24.38,kg,"Baking Production Batch","Brioche Buns"
2026-04-16,"Refined White Sugar",17.34,kg,"Baking Production Batch","French Baguette"
2026-04-16,"Salted Butter",9.39,kg,"Baking Production Batch","Classic Pandesal"
2026-04-16,"Fresh Eggs",46.25,pcs,"Baking Production Batch","French Baguette"
2026-04-16,"Whole Milk",7.62,L,"Baking Production Batch","Butter Croissants"
2026-04-16,"Instant Dry Yeast",1.78,kg,"Baking Production Batch","Brioche Buns"
2026-04-16,"Iodized Salt",2.25,kg,"Baking Production Batch","Chocolate Chip Cookies"
2026-04-16,"Pure Vanilla Extract",0.53,L,"Baking Production Batch","Artisan Sourdough Loaf"
2026-04-16,"Cocoa Powder",3.19,kg,"Baking Production Batch","Chocolate Chip Cookies"
2026-04-17,"Bread Flour",31.29,kg,"Baking Production Batch","Chocolate Chip Cookies"
2026-04-17,"All-Purpose Flour",22.69,kg,"Baking Production Batch","Chocolate Chip Cookies"
2026-04-17,"Refined White Sugar",15.13,kg,"Baking Production Batch","Brioche Buns"
2026-04-17,"Salted Butter",11.41,kg,"Baking Production Batch","Brioche Buns"
2026-04-17,"Fresh Eggs",41.05,pcs,"Baking Production Batch","Chocolate Chip Cookies"
2026-04-17,"Whole Milk",8.91,L,"Baking Production Batch","Chocolate Chiffon Cake"
2026-04-17,"Instant Dry Yeast",2.01,kg,"Baking Production Batch","Artisan Sourdough Loaf"
2026-04-17,"Iodized Salt",2.42,kg,"Baking Production Batch","Brioche Buns"
2026-04-17,"Pure Vanilla Extract",0.55,L,"Baking Production Batch","French Baguette"
2026-04-17,"Cocoa Powder",3.67,kg,"Baking Production Batch","Classic Pandesal"
2026-04-18,"Bread Flour",36.56,kg,"Baking Production Batch","Butter Croissants"
2026-04-18,"All-Purpose Flour",32.1,kg,"Baking Production Batch","Chocolate Chiffon Cake"
2026-04-18,"Refined White Sugar",22.14,kg,"Baking Production Batch","Butter Croissants"
2026-04-18,"Salted Butter",12.99,kg,"Baking Production Batch","Chocolate Chip Cookies"
2026-04-18,"Fresh Eggs",57.88,pcs,"Baking Production Batch","Ensaymada Especial"
2026-04-18,"Whole Milk",10.85,L,"Baking Production Batch","French Baguette"
2026-04-18,"Instant Dry Yeast",2.84,kg,"Baking Production Batch","Artisan Sourdough Loaf"
2026-04-18,"Iodized Salt",3.4,kg,"Baking Production Batch","Classic Pandesal"
2026-04-18,"Pure Vanilla Extract",0.74,L,"Baking Production Batch","Butter Croissants"
2026-04-18,"Cocoa Powder",4.86,kg,"Baking Production Batch","Chocolate Chip Cookies"
2026-04-19,"Bread Flour",39.42,kg,"Baking Production Batch","Artisan Sourdough Loaf"
2026-04-19,"All-Purpose Flour",28.59,kg,"Baking Production Batch","Chocolate Chip Cookies"
2026-04-19,"Refined White Sugar",23.94,kg,"Baking Production Batch","Brioche Buns"
2026-04-19,"Salted Butter",12.59,kg,"Baking Production Batch","Chocolate Chiffon Cake"
2026-04-19,"Fresh Eggs",64.63,pcs,"Baking Production Batch","Artisan Sourdough Loaf"
2026-04-19,"Whole Milk",13.17,L,"Baking Production Batch","Classic Pandesal"
2026-04-19,"Instant Dry Yeast",2.22,kg,"Baking Production Batch","Brioche Buns"
2026-04-19,"Iodized Salt",3.22,kg,"Baking Production Batch","Brioche Buns"
2026-04-19,"Pure Vanilla Extract",0.86,L,"Baking Production Batch","Classic Pandesal"
2026-04-19,"Cocoa Powder",5.52,kg,"Baking Production Batch","Ensaymada Especial"
2026-04-20,"Bread Flour",27.74,kg,"Baking Production Batch","French Baguette"
2026-04-20,"All-Purpose Flour",23.82,kg,"Baking Production Batch","Chocolate Chiffon Cake"
2026-04-20,"Refined White Sugar",18.06,kg,"Baking Production Batch","Ensaymada Especial"
2026-04-20,"Salted Butter",11.03,kg,"Baking Production Batch","Brioche Buns"
2026-04-20,"Fresh Eggs",42.79,pcs,"Baking Production Batch","Chocolate Chip Cookies"
2026-04-20,"Whole Milk",9.23,L,"Baking Production Batch","Butter Croissants"
2026-04-20,"Instant Dry Yeast",1.91,kg,"Baking Production Batch","Butter Croissants"
2026-04-20,"Iodized Salt",2.27,kg,"Baking Production Batch","Brioche Buns"
2026-04-20,"Pure Vanilla Extract",0.67,L,"Baking Production Batch","Butter Croissants"
2026-04-20,"Cocoa Powder",3.43,kg,"Baking Production Batch","Chocolate Chiffon Cake"
2026-04-21,"Bread Flour",25.29,kg,"Baking Production Batch","Chocolate Chip Cookies"
2026-04-21,"All-Purpose Flour",24.67,kg,"Baking Production Batch","Ensaymada Especial"
2026-04-21,"Refined White Sugar",17.99,kg,"Baking Production Batch","Butter Croissants"
2026-04-21,"Salted Butter",11.38,kg,"Baking Production Batch","French Baguette"
2026-04-21,"Fresh Eggs",50.37,pcs,"Baking Production Batch","Ensaymada Especial"
2026-04-21,"Whole Milk",7.5,L,"Baking Production Batch","French Baguette"
2026-04-21,"Instant Dry Yeast",2.03,kg,"Baking Production Batch","Butter Croissants"
2026-04-21,"Iodized Salt",2.08,kg,"Baking Production Batch","Artisan Sourdough Loaf"
2026-04-21,"Pure Vanilla Extract",0.65,L,"Baking Production Batch","Classic Pandesal"
2026-04-21,"Cocoa Powder",3.62,kg,"Baking Production Batch","Classic Pandesal"
2026-04-22,"Bread Flour",28.95,kg,"Baking Production Batch","Ensaymada Especial"
2026-04-22,"All-Purpose Flour",23.75,kg,"Baking Production Batch","Chocolate Chiffon Cake"
2026-04-22,"Refined White Sugar",14.86,kg,"Baking Production Batch","Chocolate Chip Cookies"
2026-04-22,"Salted Butter",10.04,kg,"Baking Production Batch","French Baguette"
2026-04-22,"Fresh Eggs",44.2,pcs,"Baking Production Batch","Chocolate Chiffon Cake"
2026-04-22,"Whole Milk",9.42,L,"Baking Production Batch","Chocolate Chip Cookies"
2026-04-22,"Instant Dry Yeast",1.62,kg,"Baking Production Batch","French Baguette"
2026-04-22,"Iodized Salt",2.05,kg,"Baking Production Batch","Chocolate Chip Cookies"
2026-04-22,"Pure Vanilla Extract",0.55,L,"Baking Production Batch","French Baguette"
2026-04-22,"Cocoa Powder",3.46,kg,"Baking Production Batch","Artisan Sourdough Loaf"
2026-04-23,"Bread Flour",31.46,kg,"Baking Production Batch","Ensaymada Especial"
2026-04-23,"All-Purpose Flour",23.74,kg,"Baking Production Batch","Artisan Sourdough Loaf"
2026-04-23,"Refined White Sugar",16.05,kg,"Baking Production Batch","Brioche Buns"
2026-04-23,"Salted Butter",9.71,kg,"Baking Production Batch","French Baguette"
2026-04-23,"Fresh Eggs",49.31,pcs,"Baking Production Batch","Chocolate Chip Cookies"
2026-04-23,"Whole Milk",8.12,L,"Baking Production Batch","Ensaymada Especial"
2026-04-23,"Instant Dry Yeast",2,kg,"Baking Production Batch","Brioche Buns"
2026-04-23,"Iodized Salt",2,kg,"Baking Production Batch","French Baguette"
2026-04-23,"Pure Vanilla Extract",0.53,L,"Baking Production Batch","Ensaymada Especial"
2026-04-23,"Cocoa Powder",3.64,kg,"Baking Production Batch","Chocolate Chiffon Cake"
2026-04-24,"Bread Flour",25.5,kg,"Baking Production Batch","Chocolate Chip Cookies"
2026-04-24,"All-Purpose Flour",20.23,kg,"Baking Production Batch","Brioche Buns"
2026-04-24,"Refined White Sugar",17.96,kg,"Baking Production Batch","Chocolate Chiffon Cake"
2026-04-24,"Salted Butter",10.65,kg,"Baking Production Batch","French Baguette"
2026-04-24,"Fresh Eggs",40.95,pcs,"Baking Production Batch","Chocolate Chip Cookies"
2026-04-24,"Whole Milk",8.11,L,"Baking Production Batch","Chocolate Chip Cookies"
2026-04-24,"Instant Dry Yeast",1.63,kg,"Baking Production Batch","Ensaymada Especial"
2026-04-24,"Iodized Salt",2.15,kg,"Baking Production Batch","Artisan Sourdough Loaf"
2026-04-24,"Pure Vanilla Extract",0.62,L,"Baking Production Batch","Classic Pandesal"
2026-04-24,"Cocoa Powder",3.17,kg,"Baking Production Batch","Artisan Sourdough Loaf"
2026-04-25,"Bread Flour",39.33,kg,"Baking Production Batch","Ensaymada Especial"
2026-04-25,"All-Purpose Flour",29.88,kg,"Baking Production Batch","Chocolate Chiffon Cake"
2026-04-25,"Refined White Sugar",24.5,kg,"Baking Production Batch","French Baguette"
2026-04-25,"Salted Butter",15.18,kg,"Baking Production Batch","Brioche Buns"
2026-04-25,"Fresh Eggs",66.38,pcs,"Baking Production Batch","Brioche Buns"
2026-04-25,"Whole Milk",13.02,L,"Baking Production Batch","Ensaymada Especial"
2026-04-25,"Instant Dry Yeast",2.35,kg,"Baking Production Batch","Ensaymada Especial"
2026-04-25,"Iodized Salt",2.78,kg,"Baking Production Batch","Brioche Buns"
2026-04-25,"Pure Vanilla Extract",0.95,L,"Baking Production Batch","Chocolate Chiffon Cake"
2026-04-25,"Cocoa Powder",4.97,kg,"Baking Production Batch","Chocolate Chiffon Cake"
2026-04-26,"Bread Flour",40.96,kg,"Baking Production Batch","Chocolate Chip Cookies"
2026-04-26,"All-Purpose Flour",31.11,kg,"Baking Production Batch","Chocolate Chip Cookies"
2026-04-26,"Refined White Sugar",25.13,kg,"Baking Production Batch","Classic Pandesal"
2026-04-26,"Salted Butter",14.36,kg,"Baking Production Batch","Chocolate Chiffon Cake"
2026-04-26,"Fresh Eggs",57.89,pcs,"Baking Production Batch","Brioche Buns"
2026-04-26,"Whole Milk",10.47,L,"Baking Production Batch","Brioche Buns"
2026-04-26,"Instant Dry Yeast",2.74,kg,"Baking Production Batch","Chocolate Chiffon Cake"
2026-04-26,"Iodized Salt",2.8,kg,"Baking Production Batch","Chocolate Chiffon Cake"
2026-04-26,"Pure Vanilla Extract",0.86,L,"Baking Production Batch","Chocolate Chip Cookies"
2026-04-26,"Cocoa Powder",4.96,kg,"Baking Production Batch","Butter Croissants"
2026-04-27,"Bread Flour",29.55,kg,"Baking Production Batch","Butter Croissants"
2026-04-27,"All-Purpose Flour",19.4,kg,"Baking Production Batch","Artisan Sourdough Loaf"
2026-04-27,"Refined White Sugar",15.86,kg,"Baking Production Batch","Artisan Sourdough Loaf"
2026-04-27,"Salted Butter",11.11,kg,"Baking Production Batch","French Baguette"
2026-04-27,"Fresh Eggs",40.08,pcs,"Baking Production Batch","Classic Pandesal"
2026-04-27,"Whole Milk",8.46,L,"Baking Production Batch","French Baguette"
2026-04-27,"Instant Dry Yeast",1.8,kg,"Baking Production Batch","Chocolate Chiffon Cake"
2026-04-27,"Iodized Salt",2.37,kg,"Baking Production Batch","Butter Croissants"
2026-04-27,"Pure Vanilla Extract",0.62,L,"Baking Production Batch","Butter Croissants"
2026-04-27,"Cocoa Powder",3.49,kg,"Baking Production Batch","Brioche Buns"
2026-04-28,"Bread Flour",30.69,kg,"Baking Production Batch","French Baguette"
2026-04-28,"All-Purpose Flour",21.63,kg,"Baking Production Batch","French Baguette"
2026-04-28,"Refined White Sugar",16.68,kg,"Baking Production Batch","French Baguette"
2026-04-28,"Salted Butter",10.2,kg,"Baking Production Batch","Chocolate Chiffon Cake"
2026-04-28,"Fresh Eggs",50.26,pcs,"Baking Production Batch","Chocolate Chiffon Cake"
2026-04-28,"Whole Milk",8.52,L,"Baking Production Batch","Chocolate Chip Cookies"
2026-04-28,"Instant Dry Yeast",1.83,kg,"Baking Production Batch","Artisan Sourdough Loaf"
2026-04-28,"Iodized Salt",2.31,kg,"Baking Production Batch","Classic Pandesal"
2026-04-28,"Pure Vanilla Extract",0.66,L,"Baking Production Batch","Classic Pandesal"
2026-04-28,"Cocoa Powder",3.15,kg,"Baking Production Batch","Brioche Buns"
2026-04-29,"Bread Flour",25.17,kg,"Baking Production Batch","Ensaymada Especial"
2026-04-29,"All-Purpose Flour",23.86,kg,"Baking Production Batch","French Baguette"
2026-04-29,"Refined White Sugar",15.43,kg,"Baking Production Batch","Ensaymada Especial"
2026-04-29,"Salted Butter",9.77,kg,"Baking Production Batch","Brioche Buns"
2026-04-29,"Fresh Eggs",40.39,pcs,"Baking Production Batch","Ensaymada Especial"
2026-04-29,"Whole Milk",8.12,L,"Baking Production Batch","Chocolate Chip Cookies"
2026-04-29,"Instant Dry Yeast",1.6,kg,"Baking Production Batch","Butter Croissants"
2026-04-29,"Iodized Salt",2.23,kg,"Baking Production Batch","Chocolate Chiffon Cake"
2026-04-29,"Pure Vanilla Extract",0.6,L,"Baking Production Batch","Chocolate Chiffon Cake"
2026-04-29,"Cocoa Powder",3.2,kg,"Baking Production Batch","French Baguette"
2026-04-30,"Bread Flour",31.8,kg,"Baking Production Batch","Artisan Sourdough Loaf"
2026-04-30,"All-Purpose Flour",19.45,kg,"Baking Production Batch","Chocolate Chip Cookies"
2026-04-30,"Refined White Sugar",17.09,kg,"Baking Production Batch","Chocolate Chip Cookies"
2026-04-30,"Salted Butter",10.76,kg,"Baking Production Batch","Ensaymada Especial"
2026-04-30,"Fresh Eggs",43.47,pcs,"Baking Production Batch","Brioche Buns"
2026-04-30,"Whole Milk",8.3,L,"Baking Production Batch","French Baguette"
2026-04-30,"Instant Dry Yeast",1.91,kg,"Baking Production Batch","Ensaymada Especial"
2026-04-30,"Iodized Salt",2.34,kg,"Baking Production Batch","Chocolate Chip Cookies"
2026-04-30,"Pure Vanilla Extract",0.56,L,"Baking Production Batch","French Baguette"
2026-04-30,"Cocoa Powder",3.52,kg,"Baking Production Batch","Brioche Buns"
2026-05-01,"Bread Flour",27.26,kg,"Baking Production Batch","Chocolate Chiffon Cake"
2026-05-01,"All-Purpose Flour",23.49,kg,"Baking Production Batch","French Baguette"
2026-05-01,"Refined White Sugar",17.2,kg,"Baking Production Batch","Ensaymada Especial"
2026-05-01,"Salted Butter",11.45,kg,"Baking Production Batch","French Baguette"
2026-05-01,"Fresh Eggs",48.29,pcs,"Baking Production Batch","Artisan Sourdough Loaf"
2026-05-01,"Whole Milk",8.47,L,"Baking Production Batch","Chocolate Chip Cookies"
2026-05-01,"Instant Dry Yeast",1.69,kg,"Baking Production Batch","Chocolate Chip Cookies"
2026-05-01,"Iodized Salt",2.02,kg,"Baking Production Batch","Artisan Sourdough Loaf"
2026-05-01,"Pure Vanilla Extract",0.61,L,"Baking Production Batch","Ensaymada Especial"
2026-05-01,"Cocoa Powder",3.3,kg,"Baking Production Batch","Butter Croissants"
2026-05-02,"Bread Flour",43.22,kg,"Baking Production Batch","Butter Croissants"
2026-05-02,"All-Purpose Flour",33.29,kg,"Baking Production Batch","Classic Pandesal"
2026-05-02,"Refined White Sugar",20.72,kg,"Baking Production Batch","Ensaymada Especial"
2026-05-02,"Salted Butter",13.47,kg,"Baking Production Batch","Classic Pandesal"
2026-05-02,"Fresh Eggs",62.05,pcs,"Baking Production Batch","Chocolate Chip Cookies"
2026-05-02,"Whole Milk",10.63,L,"Baking Production Batch","Classic Pandesal"
2026-05-02,"Instant Dry Yeast",2.61,kg,"Baking Production Batch","Classic Pandesal"
2026-05-02,"Iodized Salt",3.45,kg,"Baking Production Batch","Artisan Sourdough Loaf"
2026-05-02,"Pure Vanilla Extract",0.83,L,"Baking Production Batch","Classic Pandesal"
2026-05-02,"Cocoa Powder",5.04,kg,"Baking Production Batch","Artisan Sourdough Loaf"
2026-05-03,"Bread Flour",43.66,kg,"Baking Production Batch","Classic Pandesal"
2026-05-03,"All-Purpose Flour",32.75,kg,"Baking Production Batch","Artisan Sourdough Loaf"
2026-05-03,"Refined White Sugar",23.51,kg,"Baking Production Batch","Ensaymada Especial"
2026-05-03,"Salted Butter",15.01,kg,"Baking Production Batch","Artisan Sourdough Loaf"
2026-05-03,"Fresh Eggs",66.35,pcs,"Baking Production Batch","Chocolate Chip Cookies"
2026-05-03,"Whole Milk",13.05,L,"Baking Production Batch","French Baguette"
2026-05-03,"Instant Dry Yeast",2.59,kg,"Baking Production Batch","Classic Pandesal"
2026-05-03,"Iodized Salt",2.78,kg,"Baking Production Batch","Chocolate Chip Cookies"
2026-05-03,"Pure Vanilla Extract",0.91,L,"Baking Production Batch","Chocolate Chiffon Cake"
2026-05-03,"Cocoa Powder",4.83,kg,"Baking Production Batch","Classic Pandesal"
2026-05-04,"Bread Flour",30.08,kg,"Baking Production Batch","Ensaymada Especial"
2026-05-04,"All-Purpose Flour",20.61,kg,"Baking Production Batch","Chocolate Chiffon Cake"
2026-05-04,"Refined White Sugar",15.75,kg,"Baking Production Batch","Brioche Buns"
2026-05-04,"Salted Butter",10.04,kg,"Baking Production Batch","Brioche Buns"
2026-05-04,"Fresh Eggs",39.76,pcs,"Baking Production Batch","Classic Pandesal"
2026-05-04,"Whole Milk",9.35,L,"Baking Production Batch","Artisan Sourdough Loaf"
2026-05-04,"Instant Dry Yeast",1.91,kg,"Baking Production Batch","Classic Pandesal"
2026-05-04,"Iodized Salt",2.35,kg,"Baking Production Batch","Classic Pandesal"
2026-05-04,"Pure Vanilla Extract",0.63,L,"Baking Production Batch","Artisan Sourdough Loaf"
2026-05-04,"Cocoa Powder",3.37,kg,"Baking Production Batch","French Baguette"
2026-05-05,"Bread Flour",26.91,kg,"Baking Production Batch","Classic Pandesal"
2026-05-05,"All-Purpose Flour",23.26,kg,"Baking Production Batch","Chocolate Chiffon Cake"
2026-05-05,"Refined White Sugar",15.64,kg,"Baking Production Batch","Chocolate Chiffon Cake"
2026-05-05,"Salted Butter",11.38,kg,"Baking Production Batch","Chocolate Chip Cookies"
2026-05-05,"Fresh Eggs",46.98,pcs,"Baking Production Batch","Brioche Buns"
2026-05-05,"Whole Milk",7.67,L,"Baking Production Batch","French Baguette"
2026-05-05,"Instant Dry Yeast",1.78,kg,"Baking Production Batch","Butter Croissants"
2026-05-05,"Iodized Salt",2.05,kg,"Baking Production Batch","Ensaymada Especial"
2026-05-05,"Pure Vanilla Extract",0.62,L,"Baking Production Batch","Classic Pandesal"
2026-05-05,"Cocoa Powder",3.23,kg,"Baking Production Batch","Ensaymada Especial"
2026-05-06,"Bread Flour",28.04,kg,"Baking Production Batch","Classic Pandesal"
2026-05-06,"All-Purpose Flour",20.09,kg,"Baking Production Batch","Classic Pandesal"
2026-05-06,"Refined White Sugar",15.7,kg,"Baking Production Batch","Ensaymada Especial"
2026-05-06,"Salted Butter",9.04,kg,"Baking Production Batch","Chocolate Chip Cookies"
2026-05-06,"Fresh Eggs",40.56,pcs,"Baking Production Batch","Artisan Sourdough Loaf"
2026-05-06,"Whole Milk",9.12,L,"Baking Production Batch","Chocolate Chip Cookies"
2026-05-06,"Instant Dry Yeast",1.83,kg,"Baking Production Batch","Chocolate Chip Cookies"
2026-05-06,"Iodized Salt",2.33,kg,"Baking Production Batch","Chocolate Chip Cookies"
2026-05-06,"Pure Vanilla Extract",0.53,L,"Baking Production Batch","Chocolate Chiffon Cake"
2026-05-06,"Cocoa Powder",3.26,kg,"Baking Production Batch","Classic Pandesal"
2026-05-07,"Bread Flour",28.24,kg,"Baking Production Batch","Artisan Sourdough Loaf"
2026-05-07,"All-Purpose Flour",22.11,kg,"Baking Production Batch","Chocolate Chip Cookies"
2026-05-07,"Refined White Sugar",15.67,kg,"Baking Production Batch","Brioche Buns"
2026-05-07,"Salted Butter",9.55,kg,"Baking Production Batch","French Baguette"
2026-05-07,"Fresh Eggs",50.58,pcs,"Baking Production Batch","Butter Croissants"
2026-05-07,"Whole Milk",7.97,L,"Baking Production Batch","Ensaymada Especial"
2026-05-07,"Instant Dry Yeast",1.77,kg,"Baking Production Batch","Brioche Buns"
2026-05-07,"Iodized Salt",2.1,kg,"Baking Production Batch","Classic Pandesal"
2026-05-07,"Pure Vanilla Extract",0.67,L,"Baking Production Batch","Chocolate Chip Cookies"
2026-05-07,"Cocoa Powder",3.36,kg,"Baking Production Batch","Ensaymada Especial"
2026-05-08,"Bread Flour",27.91,kg,"Baking Production Batch","Butter Croissants"
2026-05-08,"All-Purpose Flour",23.22,kg,"Baking Production Batch","Artisan Sourdough Loaf"
2026-05-08,"Refined White Sugar",16.65,kg,"Baking Production Batch","Classic Pandesal"
2026-05-08,"Salted Butter",9.56,kg,"Baking Production Batch","Brioche Buns"
2026-05-08,"Fresh Eggs",45.93,pcs,"Baking Production Batch","Brioche Buns"
2026-05-08,"Whole Milk",7.93,L,"Baking Production Batch","Chocolate Chip Cookies"
2026-05-08,"Instant Dry Yeast",1.63,kg,"Baking Production Batch","Butter Croissants"
2026-05-08,"Iodized Salt",2.22,kg,"Baking Production Batch","Brioche Buns"
2026-05-08,"Pure Vanilla Extract",0.62,L,"Baking Production Batch","Chocolate Chip Cookies"
2026-05-08,"Cocoa Powder",3.71,kg,"Baking Production Batch","Classic Pandesal"
2026-05-09,"Bread Flour",41.2,kg,"Baking Production Batch","Ensaymada Especial"
2026-05-09,"All-Purpose Flour",32.22,kg,"Baking Production Batch","French Baguette"
2026-05-09,"Refined White Sugar",22.86,kg,"Baking Production Batch","Ensaymada Especial"
2026-05-09,"Salted Butter",12.73,kg,"Baking Production Batch","Classic Pandesal"
2026-05-09,"Fresh Eggs",67.38,pcs,"Baking Production Batch","Ensaymada Especial"
2026-05-09,"Whole Milk",13.43,L,"Baking Production Batch","Chocolate Chip Cookies"
2026-05-09,"Instant Dry Yeast",2.7,kg,"Baking Production Batch","Artisan Sourdough Loaf"
2026-05-09,"Iodized Salt",2.86,kg,"Baking Production Batch","Butter Croissants"
2026-05-09,"Pure Vanilla Extract",0.94,L,"Baking Production Batch","Brioche Buns"
2026-05-09,"Cocoa Powder",4.63,kg,"Baking Production Batch","Butter Croissants"
2026-05-10,"Bread Flour",37.7,kg,"Baking Production Batch","Ensaymada Especial"
2026-05-10,"All-Purpose Flour",31.36,kg,"Baking Production Batch","Artisan Sourdough Loaf"
2026-05-10,"Refined White Sugar",22.68,kg,"Baking Production Batch","Chocolate Chip Cookies"
2026-05-10,"Salted Butter",12.87,kg,"Baking Production Batch","Ensaymada Especial"
2026-05-10,"Fresh Eggs",55.56,pcs,"Baking Production Batch","Chocolate Chiffon Cake"
2026-05-10,"Whole Milk",12.47,L,"Baking Production Batch","Chocolate Chiffon Cake"
2026-05-10,"Instant Dry Yeast",2.35,kg,"Baking Production Batch","Artisan Sourdough Loaf"
2026-05-10,"Iodized Salt",3.16,kg,"Baking Production Batch","Artisan Sourdough Loaf"
2026-05-10,"Pure Vanilla Extract",0.83,L,"Baking Production Batch","Chocolate Chip Cookies"
2026-05-10,"Cocoa Powder",4.97,kg,"Baking Production Batch","Brioche Buns"
2026-05-11,"Bread Flour",30.34,kg,"Baking Production Batch","Ensaymada Especial"
2026-05-11,"All-Purpose Flour",19.49,kg,"Baking Production Batch","Ensaymada Especial"
2026-05-11,"Refined White Sugar",17.14,kg,"Baking Production Batch","Classic Pandesal"
2026-05-11,"Salted Butter",10.13,kg,"Baking Production Batch","Artisan Sourdough Loaf"
2026-05-11,"Fresh Eggs",48.51,pcs,"Baking Production Batch","Classic Pandesal"
2026-05-11,"Whole Milk",7.97,L,"Baking Production Batch","Ensaymada Especial"
2026-05-11,"Instant Dry Yeast",1.95,kg,"Baking Production Batch","Classic Pandesal"
2026-05-11,"Iodized Salt",2.43,kg,"Baking Production Batch","French Baguette"
2026-05-11,"Pure Vanilla Extract",0.64,L,"Baking Production Batch","Classic Pandesal"
2026-05-11,"Cocoa Powder",3.19,kg,"Baking Production Batch","French Baguette"
2026-05-12,"Bread Flour",31.54,kg,"Baking Production Batch","Chocolate Chip Cookies"
2026-05-12,"All-Purpose Flour",21.34,kg,"Baking Production Batch","Classic Pandesal"
2026-05-12,"Refined White Sugar",17.03,kg,"Baking Production Batch","Artisan Sourdough Loaf"
2026-05-12,"Salted Butter",10.15,kg,"Baking Production Batch","Classic Pandesal"
2026-05-12,"Fresh Eggs",48.78,pcs,"Baking Production Batch","Artisan Sourdough Loaf"
2026-05-12,"Whole Milk",8.67,L,"Baking Production Batch","Artisan Sourdough Loaf"
2026-05-12,"Instant Dry Yeast",1.84,kg,"Baking Production Batch","Classic Pandesal"
2026-05-12,"Iodized Salt",1.95,kg,"Baking Production Batch","French Baguette"
2026-05-12,"Pure Vanilla Extract",0.59,L,"Baking Production Batch","Ensaymada Especial"
2026-05-12,"Cocoa Powder",3.4,kg,"Baking Production Batch","Chocolate Chip Cookies"
2026-05-13,"Bread Flour",29.34,kg,"Baking Production Batch","Artisan Sourdough Loaf"
2026-05-13,"All-Purpose Flour",22.04,kg,"Baking Production Batch","Chocolate Chip Cookies"
2026-05-13,"Refined White Sugar",17.88,kg,"Baking Production Batch","Chocolate Chiffon Cake"
2026-05-13,"Salted Butter",9.04,kg,"Baking Production Batch","Brioche Buns"
2026-05-13,"Fresh Eggs",48.13,pcs,"Baking Production Batch","Brioche Buns"
2026-05-13,"Whole Milk",8.3,L,"Baking Production Batch","Ensaymada Especial"
2026-05-13,"Instant Dry Yeast",1.9,kg,"Baking Production Batch","Classic Pandesal"
2026-05-13,"Iodized Salt",2.46,kg,"Baking Production Batch","Butter Croissants"
2026-05-13,"Pure Vanilla Extract",0.54,L,"Baking Production Batch","Chocolate Chiffon Cake"
2026-05-13,"Cocoa Powder",3.47,kg,"Baking Production Batch","Butter Croissants"
2026-05-14,"Bread Flour",28.99,kg,"Baking Production Batch","Chocolate Chiffon Cake"
2026-05-14,"All-Purpose Flour",23.74,kg,"Baking Production Batch","Chocolate Chip Cookies"
2026-05-14,"Refined White Sugar",16.55,kg,"Baking Production Batch","Artisan Sourdough Loaf"
2026-05-14,"Salted Butter",9.38,kg,"Baking Production Batch","Ensaymada Especial"
2026-05-14,"Fresh Eggs",42.71,pcs,"Baking Production Batch","Chocolate Chiffon Cake"
2026-05-14,"Whole Milk",7.85,L,"Baking Production Batch","Brioche Buns"
2026-05-14,"Instant Dry Yeast",1.97,kg,"Baking Production Batch","French Baguette"
2026-05-14,"Iodized Salt",2.44,kg,"Baking Production Batch","Chocolate Chiffon Cake"
2026-05-14,"Pure Vanilla Extract",0.62,L,"Baking Production Batch","Chocolate Chip Cookies"
2026-05-14,"Cocoa Powder",3.66,kg,"Baking Production Batch","Chocolate Chip Cookies"
2026-05-15,"Bread Flour",28.44,kg,"Baking Production Batch","Ensaymada Especial"
2026-05-15,"All-Purpose Flour",20.18,kg,"Baking Production Batch","Classic Pandesal"
2026-05-15,"Refined White Sugar",14.75,kg,"Baking Production Batch","Chocolate Chiffon Cake"
2026-05-15,"Salted Butter",11.3,kg,"Baking Production Batch","Brioche Buns"
2026-05-15,"Fresh Eggs",49.46,pcs,"Baking Production Batch","Artisan Sourdough Loaf"
2026-05-15,"Whole Milk",7.98,L,"Baking Production Batch","Brioche Buns"
2026-05-15,"Instant Dry Yeast",1.6,kg,"Baking Production Batch","Artisan Sourdough Loaf"
2026-05-15,"Iodized Salt",2.22,kg,"Baking Production Batch","French Baguette"
2026-05-15,"Pure Vanilla Extract",0.57,L,"Baking Production Batch","Butter Croissants"
2026-05-15,"Cocoa Powder",3.12,kg,"Baking Production Batch","Artisan Sourdough Loaf"
2026-05-16,"Bread Flour",36.19,kg,"Baking Production Batch","Chocolate Chiffon Cake"
2026-05-16,"All-Purpose Flour",27.11,kg,"Baking Production Batch","Butter Croissants"
2026-05-16,"Refined White Sugar",23.98,kg,"Baking Production Batch","Artisan Sourdough Loaf"
2026-05-16,"Salted Butter",13.81,kg,"Baking Production Batch","Artisan Sourdough Loaf"
2026-05-16,"Fresh Eggs",59.89,pcs,"Baking Production Batch","Chocolate Chip Cookies"
2026-05-16,"Whole Milk",12.5,L,"Baking Production Batch","Brioche Buns"
2026-05-16,"Instant Dry Yeast",2.81,kg,"Baking Production Batch","Chocolate Chiffon Cake"
2026-05-16,"Iodized Salt",3.44,kg,"Baking Production Batch","Artisan Sourdough Loaf"
2026-05-16,"Pure Vanilla Extract",0.85,L,"Baking Production Batch","Ensaymada Especial"
2026-05-16,"Cocoa Powder",4.38,kg,"Baking Production Batch","Classic Pandesal"
2026-05-17,"Bread Flour",42.19,kg,"Baking Production Batch","Classic Pandesal"
2026-05-17,"All-Purpose Flour",34.07,kg,"Baking Production Batch","Artisan Sourdough Loaf"
2026-05-17,"Refined White Sugar",22.22,kg,"Baking Production Batch","Brioche Buns"
2026-05-17,"Salted Butter",14.97,kg,"Baking Production Batch","Chocolate Chip Cookies"
2026-05-17,"Fresh Eggs",62.33,pcs,"Baking Production Batch","Classic Pandesal"
2026-05-17,"Whole Milk",11.19,L,"Baking Production Batch","Classic Pandesal"
2026-05-17,"Instant Dry Yeast",2.43,kg,"Baking Production Batch","Brioche Buns"
2026-05-17,"Iodized Salt",3.33,kg,"Baking Production Batch","Brioche Buns"
2026-05-17,"Pure Vanilla Extract",0.86,L,"Baking Production Batch","Butter Croissants"
2026-05-17,"Cocoa Powder",4.88,kg,"Baking Production Batch","French Baguette"
2026-05-18,"Bread Flour",27.17,kg,"Baking Production Batch","Ensaymada Especial"
2026-05-18,"All-Purpose Flour",21.11,kg,"Baking Production Batch","Classic Pandesal"
2026-05-18,"Refined White Sugar",15.45,kg,"Baking Production Batch","Butter Croissants"
2026-05-18,"Salted Butter",11.27,kg,"Baking Production Batch","Chocolate Chip Cookies"
2026-05-18,"Fresh Eggs",47.15,pcs,"Baking Production Batch","Chocolate Chip Cookies"
2026-05-18,"Whole Milk",8.11,L,"Baking Production Batch","Artisan Sourdough Loaf"
2026-05-18,"Instant Dry Yeast",1.65,kg,"Baking Production Batch","Chocolate Chip Cookies"
2026-05-18,"Iodized Salt",2.35,kg,"Baking Production Batch","Chocolate Chiffon Cake"
2026-05-18,"Pure Vanilla Extract",0.62,L,"Baking Production Batch","Chocolate Chiffon Cake"
2026-05-18,"Cocoa Powder",3.86,kg,"Baking Production Batch","Chocolate Chip Cookies"
2026-05-19,"Bread Flour",25.38,kg,"Baking Production Batch","Chocolate Chiffon Cake"
2026-05-19,"All-Purpose Flour",24.7,kg,"Baking Production Batch","Artisan Sourdough Loaf"
2026-05-19,"Refined White Sugar",15.65,kg,"Baking Production Batch","Ensaymada Especial"
2026-05-19,"Salted Butter",9.76,kg,"Baking Production Batch","Chocolate Chip Cookies"
2026-05-19,"Fresh Eggs",40.51,pcs,"Baking Production Batch","Chocolate Chip Cookies"
2026-05-19,"Whole Milk",7.87,L,"Baking Production Batch","Brioche Buns"
2026-05-19,"Instant Dry Yeast",1.98,kg,"Baking Production Batch","Ensaymada Especial"
2026-05-19,"Iodized Salt",2.32,kg,"Baking Production Batch","Ensaymada Especial"
2026-05-19,"Pure Vanilla Extract",0.66,L,"Baking Production Batch","Classic Pandesal"
2026-05-19,"Cocoa Powder",3.35,kg,"Baking Production Batch","Butter Croissants"
2026-05-20,"Bread Flour",26.06,kg,"Baking Production Batch","Classic Pandesal"
2026-05-20,"All-Purpose Flour",20.43,kg,"Baking Production Batch","Chocolate Chiffon Cake"
2026-05-20,"Refined White Sugar",15.82,kg,"Baking Production Batch","Ensaymada Especial"
2026-05-20,"Salted Butter",9.68,kg,"Baking Production Batch","Chocolate Chiffon Cake"
2026-05-20,"Fresh Eggs",48.44,pcs,"Baking Production Batch","Ensaymada Especial"
2026-05-20,"Whole Milk",7.54,L,"Baking Production Batch","Artisan Sourdough Loaf"
2026-05-20,"Instant Dry Yeast",1.9,kg,"Baking Production Batch","Brioche Buns"
2026-05-20,"Iodized Salt",2.47,kg,"Baking Production Batch","French Baguette"
2026-05-20,"Pure Vanilla Extract",0.66,L,"Baking Production Batch","Chocolate Chiffon Cake"
2026-05-20,"Cocoa Powder",3.19,kg,"Baking Production Batch","Chocolate Chiffon Cake"
2026-05-21,"Bread Flour",30.57,kg,"Baking Production Batch","Butter Croissants"
2026-05-21,"All-Purpose Flour",24,kg,"Baking Production Batch","Chocolate Chiffon Cake"
2026-05-21,"Refined White Sugar",15.81,kg,"Baking Production Batch","Chocolate Chiffon Cake"
2026-05-21,"Salted Butter",10.54,kg,"Baking Production Batch","Butter Croissants"
2026-05-21,"Fresh Eggs",44.23,pcs,"Baking Production Batch","Classic Pandesal"
2026-05-21,"Whole Milk",9.18,L,"Baking Production Batch","Chocolate Chiffon Cake"
2026-05-21,"Instant Dry Yeast",1.7,kg,"Baking Production Batch","Artisan Sourdough Loaf"
2026-05-21,"Iodized Salt",2.48,kg,"Baking Production Batch","Butter Croissants"
2026-05-21,"Pure Vanilla Extract",0.53,L,"Baking Production Batch","Chocolate Chip Cookies"
2026-05-21,"Cocoa Powder",3.22,kg,"Baking Production Batch","Ensaymada Especial"
2026-05-22,"Bread Flour",25.48,kg,"Baking Production Batch","Butter Croissants"
2026-05-22,"All-Purpose Flour",20.49,kg,"Baking Production Batch","Brioche Buns"
2026-05-22,"Refined White Sugar",14.84,kg,"Baking Production Batch","Chocolate Chiffon Cake"
2026-05-22,"Salted Butter",10.34,kg,"Baking Production Batch","Butter Croissants"
2026-05-22,"Fresh Eggs",41.88,pcs,"Baking Production Batch","Chocolate Chiffon Cake"
2026-05-22,"Whole Milk",9.41,L,"Baking Production Batch","Chocolate Chip Cookies"
2026-05-22,"Instant Dry Yeast",1.88,kg,"Baking Production Batch","Chocolate Chiffon Cake"
2026-05-22,"Iodized Salt",2.46,kg,"Baking Production Batch","Chocolate Chip Cookies"
2026-05-22,"Pure Vanilla Extract",0.57,L,"Baking Production Batch","Butter Croissants"
2026-05-22,"Cocoa Powder",3.78,kg,"Baking Production Batch","Chocolate Chiffon Cake"
2026-05-23,"Bread Flour",38.31,kg,"Baking Production Batch","Artisan Sourdough Loaf"
2026-05-23,"All-Purpose Flour",29.33,kg,"Baking Production Batch","Classic Pandesal"
2026-05-23,"Refined White Sugar",20.63,kg,"Baking Production Batch","Brioche Buns"
2026-05-23,"Salted Butter",14.23,kg,"Baking Production Batch","Ensaymada Especial"
2026-05-23,"Fresh Eggs",60.47,pcs,"Baking Production Batch","Ensaymada Especial"
2026-05-23,"Whole Milk",11.1,L,"Baking Production Batch","Ensaymada Especial"
2026-05-23,"Instant Dry Yeast",2.64,kg,"Baking Production Batch","Ensaymada Especial"
2026-05-23,"Iodized Salt",2.92,kg,"Baking Production Batch","Ensaymada Especial"
2026-05-23,"Pure Vanilla Extract",0.83,L,"Baking Production Batch","Classic Pandesal"
2026-05-23,"Cocoa Powder",4.9,kg,"Baking Production Batch","Ensaymada Especial"
2026-05-24,"Bread Flour",43.63,kg,"Baking Production Batch","Brioche Buns"
2026-05-24,"All-Purpose Flour",27.34,kg,"Baking Production Batch","Butter Croissants"
2026-05-24,"Refined White Sugar",23.19,kg,"Baking Production Batch","Ensaymada Especial"
2026-05-24,"Salted Butter",15.02,kg,"Baking Production Batch","Classic Pandesal"
2026-05-24,"Fresh Eggs",62.69,pcs,"Baking Production Batch","Ensaymada Especial"
2026-05-24,"Whole Milk",12.41,L,"Baking Production Batch","French Baguette"
2026-05-24,"Instant Dry Yeast",2.81,kg,"Baking Production Batch","Classic Pandesal"
2026-05-24,"Iodized Salt",3.45,kg,"Baking Production Batch","Butter Croissants"
2026-05-24,"Pure Vanilla Extract",0.85,L,"Baking Production Batch","Artisan Sourdough Loaf"
2026-05-24,"Cocoa Powder",5.26,kg,"Baking Production Batch","Chocolate Chip Cookies"
2026-05-25,"Bread Flour",30.81,kg,"Baking Production Batch","Ensaymada Especial"
2026-05-25,"All-Purpose Flour",19.61,kg,"Baking Production Batch","Chocolate Chiffon Cake"
2026-05-25,"Refined White Sugar",17.67,kg,"Baking Production Batch","Butter Croissants"
2026-05-25,"Salted Butter",9.23,kg,"Baking Production Batch","French Baguette"
2026-05-25,"Fresh Eggs",49.56,pcs,"Baking Production Batch","Chocolate Chip Cookies"
2026-05-25,"Whole Milk",7.76,L,"Baking Production Batch","Ensaymada Especial"
2026-05-25,"Instant Dry Yeast",1.92,kg,"Baking Production Batch","Chocolate Chiffon Cake"
2026-05-25,"Iodized Salt",2.09,kg,"Baking Production Batch","French Baguette"
2026-05-25,"Pure Vanilla Extract",0.66,L,"Baking Production Batch","Ensaymada Especial"
2026-05-25,"Cocoa Powder",3.14,kg,"Baking Production Batch","Brioche Buns"
2026-05-26,"Bread Flour",31.62,kg,"Baking Production Batch","Chocolate Chip Cookies"
2026-05-26,"All-Purpose Flour",24.26,kg,"Baking Production Batch","Chocolate Chip Cookies"
2026-05-26,"Refined White Sugar",14.68,kg,"Baking Production Batch","Artisan Sourdough Loaf"
2026-05-26,"Salted Butter",10.29,kg,"Baking Production Batch","Ensaymada Especial"
2026-05-26,"Fresh Eggs",50.45,pcs,"Baking Production Batch","Ensaymada Especial"
2026-05-26,"Whole Milk",8.57,L,"Baking Production Batch","Artisan Sourdough Loaf"
2026-05-26,"Instant Dry Yeast",1.88,kg,"Baking Production Batch","Artisan Sourdough Loaf"
2026-05-26,"Iodized Salt",2.04,kg,"Baking Production Batch","Brioche Buns"
2026-05-26,"Pure Vanilla Extract",0.54,L,"Baking Production Batch","Classic Pandesal"
2026-05-26,"Cocoa Powder",3.81,kg,"Baking Production Batch","Butter Croissants"
2026-05-27,"Bread Flour",28.77,kg,"Baking Production Batch","French Baguette"
2026-05-27,"All-Purpose Flour",24.38,kg,"Baking Production Batch","Butter Croissants"
2026-05-27,"Refined White Sugar",14.66,kg,"Baking Production Batch","Chocolate Chiffon Cake"
2026-05-27,"Salted Butter",9.79,kg,"Baking Production Batch","Chocolate Chiffon Cake"
2026-05-27,"Fresh Eggs",43.56,pcs,"Baking Production Batch","French Baguette"
2026-05-27,"Whole Milk",8.62,L,"Baking Production Batch","Butter Croissants"
2026-05-27,"Instant Dry Yeast",1.86,kg,"Baking Production Batch","French Baguette"
2026-05-27,"Iodized Salt",2.16,kg,"Baking Production Batch","Ensaymada Especial"
2026-05-27,"Pure Vanilla Extract",0.67,L,"Baking Production Batch","Brioche Buns"
2026-05-27,"Cocoa Powder",3.9,kg,"Baking Production Batch","French Baguette"
2026-05-28,"Bread Flour",31.18,kg,"Baking Production Batch","Butter Croissants"
2026-05-28,"All-Purpose Flour",23.89,kg,"Baking Production Batch","Chocolate Chiffon Cake"
2026-05-28,"Refined White Sugar",14.74,kg,"Baking Production Batch","French Baguette"
2026-05-28,"Salted Butter",10.32,kg,"Baking Production Batch","French Baguette"
2026-05-28,"Fresh Eggs",50.72,pcs,"Baking Production Batch","Chocolate Chip Cookies"
2026-05-28,"Whole Milk",9.36,L,"Baking Production Batch","Artisan Sourdough Loaf"
2026-05-28,"Instant Dry Yeast",2.01,kg,"Baking Production Batch","Brioche Buns"
2026-05-28,"Iodized Salt",2.47,kg,"Baking Production Batch","Chocolate Chiffon Cake"
2026-05-28,"Pure Vanilla Extract",0.58,L,"Baking Production Batch","French Baguette"
2026-05-28,"Cocoa Powder",3.9,kg,"Baking Production Batch","Brioche Buns"
2026-05-29,"Bread Flour",30.44,kg,"Baking Production Batch","French Baguette"
2026-05-29,"All-Purpose Flour",23.8,kg,"Baking Production Batch","Butter Croissants"
2026-05-29,"Refined White Sugar",15.66,kg,"Baking Production Batch","Ensaymada Especial"
2026-05-29,"Salted Butter",11,kg,"Baking Production Batch","Artisan Sourdough Loaf"
2026-05-29,"Fresh Eggs",50.65,pcs,"Baking Production Batch","Classic Pandesal"
2026-05-29,"Whole Milk",9.21,L,"Baking Production Batch","Ensaymada Especial"
2026-05-29,"Instant Dry Yeast",1.99,kg,"Baking Production Batch","Classic Pandesal"
2026-05-29,"Iodized Salt",2.34,kg,"Baking Production Batch","Chocolate Chip Cookies"
2026-05-29,"Pure Vanilla Extract",0.53,L,"Baking Production Batch","Brioche Buns"
2026-05-29,"Cocoa Powder",3.56,kg,"Baking Production Batch","Chocolate Chip Cookies"
2026-05-30,"Bread Flour",38.93,kg,"Baking Production Batch","Brioche Buns"
2026-05-30,"All-Purpose Flour",32.17,kg,"Baking Production Batch","Butter Croissants"
2026-05-30,"Refined White Sugar",25.52,kg,"Baking Production Batch","Artisan Sourdough Loaf"
2026-05-30,"Salted Butter",13.18,kg,"Baking Production Batch","Artisan Sourdough Loaf"
2026-05-30,"Fresh Eggs",67.19,pcs,"Baking Production Batch","Classic Pandesal"
2026-05-30,"Whole Milk",12.39,L,"Baking Production Batch","Brioche Buns"
2026-05-30,"Instant Dry Yeast",2.39,kg,"Baking Production Batch","Ensaymada Especial"
2026-05-30,"Iodized Salt",3.15,kg,"Baking Production Batch","Brioche Buns"
2026-05-30,"Pure Vanilla Extract",0.78,L,"Baking Production Batch","Butter Croissants"
2026-05-30,"Cocoa Powder",5.09,kg,"Baking Production Batch","Chocolate Chiffon Cake"
2026-05-31,"Bread Flour",37.99,kg,"Baking Production Batch","Artisan Sourdough Loaf"
2026-05-31,"All-Purpose Flour",31.14,kg,"Baking Production Batch","Chocolate Chip Cookies"
2026-05-31,"Refined White Sugar",22.88,kg,"Baking Production Batch","Chocolate Chip Cookies"
2026-05-31,"Salted Butter",15.14,kg,"Baking Production Batch","Artisan Sourdough Loaf"
2026-05-31,"Fresh Eggs",56.88,pcs,"Baking Production Batch","Ensaymada Especial"
2026-05-31,"Whole Milk",12.24,L,"Baking Production Batch","Brioche Buns"
2026-05-31,"Instant Dry Yeast",2.31,kg,"Baking Production Batch","French Baguette"
2026-05-31,"Iodized Salt",3.38,kg,"Baking Production Batch","Classic Pandesal"
2026-05-31,"Pure Vanilla Extract",0.86,L,"Baking Production Batch","Butter Croissants"
2026-05-31,"Cocoa Powder",5.17,kg,"Baking Production Batch","Chocolate Chip Cookies"
2026-06-01,"Bread Flour",25.22,kg,"Baking Production Batch","Chocolate Chip Cookies"
2026-06-01,"All-Purpose Flour",24.53,kg,"Baking Production Batch","Chocolate Chip Cookies"
2026-06-01,"Refined White Sugar",16.35,kg,"Baking Production Batch","Chocolate Chip Cookies"
2026-06-01,"Salted Butter",11.01,kg,"Baking Production Batch","Chocolate Chiffon Cake"
2026-06-01,"Fresh Eggs",40.91,pcs,"Baking Production Batch","Chocolate Chiffon Cake"
2026-06-01,"Whole Milk",9.02,L,"Baking Production Batch","Ensaymada Especial"
2026-06-01,"Instant Dry Yeast",1.72,kg,"Baking Production Batch","Ensaymada Especial"
2026-06-01,"Iodized Salt",2.05,kg,"Baking Production Batch","Brioche Buns"
2026-06-01,"Pure Vanilla Extract",0.61,L,"Baking Production Batch","Chocolate Chip Cookies"
2026-06-01,"Cocoa Powder",3.38,kg,"Baking Production Batch","Brioche Buns"
2026-06-02,"Bread Flour",31.83,kg,"Baking Production Batch","Chocolate Chiffon Cake"
2026-06-02,"All-Purpose Flour",19.63,kg,"Baking Production Batch","Chocolate Chiffon Cake"
2026-06-02,"Refined White Sugar",17.98,kg,"Baking Production Batch","Chocolate Chiffon Cake"
2026-06-02,"Salted Butter",9.19,kg,"Baking Production Batch","Chocolate Chiffon Cake"
2026-06-02,"Fresh Eggs",45.66,pcs,"Baking Production Batch","Artisan Sourdough Loaf"
2026-06-02,"Whole Milk",8.6,L,"Baking Production Batch","Artisan Sourdough Loaf"
2026-06-02,"Instant Dry Yeast",1.71,kg,"Baking Production Batch","Butter Croissants"
2026-06-02,"Iodized Salt",2.14,kg,"Baking Production Batch","Brioche Buns"
2026-06-02,"Pure Vanilla Extract",0.57,L,"Baking Production Batch","French Baguette"
2026-06-02,"Cocoa Powder",3.24,kg,"Baking Production Batch","Brioche Buns"
2026-06-03,"Bread Flour",29.08,kg,"Baking Production Batch","Butter Croissants"
2026-06-03,"All-Purpose Flour",23.64,kg,"Baking Production Batch","Brioche Buns"
2026-06-03,"Refined White Sugar",15.79,kg,"Baking Production Batch","Classic Pandesal"
2026-06-03,"Salted Butter",9.26,kg,"Baking Production Batch","Brioche Buns"
2026-06-03,"Fresh Eggs",47.69,pcs,"Baking Production Batch","Chocolate Chip Cookies"
2026-06-03,"Whole Milk",8.04,L,"Baking Production Batch","Classic Pandesal"
2026-06-03,"Instant Dry Yeast",1.89,kg,"Baking Production Batch","French Baguette"
2026-06-03,"Iodized Salt",2.13,kg,"Baking Production Batch","Chocolate Chiffon Cake"
2026-06-03,"Pure Vanilla Extract",0.63,L,"Baking Production Batch","Chocolate Chiffon Cake"
2026-06-03,"Cocoa Powder",3.37,kg,"Baking Production Batch","Butter Croissants"
2026-06-04,"Bread Flour",28.54,kg,"Baking Production Batch","Butter Croissants"
2026-06-04,"All-Purpose Flour",22.81,kg,"Baking Production Batch","Brioche Buns"
2026-06-04,"Refined White Sugar",18.59,kg,"Baking Production Batch","Chocolate Chiffon Cake"
2026-06-04,"Salted Butter",9.31,kg,"Baking Production Batch","Brioche Buns"
2026-06-04,"Fresh Eggs",43.89,pcs,"Baking Production Batch","Ensaymada Especial"
2026-06-04,"Whole Milk",8.96,L,"Baking Production Batch","Classic Pandesal"
2026-06-04,"Instant Dry Yeast",1.6,kg,"Baking Production Batch","Classic Pandesal"
2026-06-04,"Iodized Salt",2.3,kg,"Baking Production Batch","Ensaymada Especial"
2026-06-04,"Pure Vanilla Extract",0.57,L,"Baking Production Batch","Chocolate Chip Cookies"
2026-06-04,"Cocoa Powder",3.53,kg,"Baking Production Batch","Chocolate Chiffon Cake"
2026-06-05,"Bread Flour",30.83,kg,"Baking Production Batch","Chocolate Chiffon Cake"
2026-06-05,"All-Purpose Flour",24.66,kg,"Baking Production Batch","Artisan Sourdough Loaf"
2026-06-05,"Refined White Sugar",17.96,kg,"Baking Production Batch","Artisan Sourdough Loaf"
2026-06-05,"Salted Butter",11.17,kg,"Baking Production Batch","Brioche Buns"
2026-06-05,"Fresh Eggs",47.87,pcs,"Baking Production Batch","Chocolate Chiffon Cake"
2026-06-05,"Whole Milk",7.8,L,"Baking Production Batch","French Baguette"
2026-06-05,"Instant Dry Yeast",1.9,kg,"Baking Production Batch","Ensaymada Especial"
2026-06-05,"Iodized Salt",2.25,kg,"Baking Production Batch","Artisan Sourdough Loaf"
2026-06-05,"Pure Vanilla Extract",0.6,L,"Baking Production Batch","Brioche Buns"
2026-06-05,"Cocoa Powder",3.33,kg,"Baking Production Batch","French Baguette"
2026-06-06,"Bread Flour",43.56,kg,"Baking Production Batch","Butter Croissants"
2026-06-06,"All-Purpose Flour",34.14,kg,"Baking Production Batch","Ensaymada Especial"
2026-06-06,"Refined White Sugar",25.67,kg,"Baking Production Batch","Ensaymada Especial"
2026-06-06,"Salted Butter",12.89,kg,"Baking Production Batch","Ensaymada Especial"
2026-06-06,"Fresh Eggs",69.08,pcs,"Baking Production Batch","French Baguette"
2026-06-06,"Whole Milk",10.58,L,"Baking Production Batch","Chocolate Chiffon Cake"
2026-06-06,"Instant Dry Yeast",2.72,kg,"Baking Production Batch","Classic Pandesal"
2026-06-06,"Iodized Salt",3.04,kg,"Baking Production Batch","Classic Pandesal"
2026-06-06,"Pure Vanilla Extract",0.93,L,"Baking Production Batch","Butter Croissants"
2026-06-06,"Cocoa Powder",5.2,kg,"Baking Production Batch","Chocolate Chiffon Cake"
2026-06-07,"Bread Flour",35.9,kg,"Baking Production Batch","Chocolate Chiffon Cake"
2026-06-07,"All-Purpose Flour",28.34,kg,"Baking Production Batch","French Baguette"
2026-06-07,"Refined White Sugar",20.55,kg,"Baking Production Batch","Chocolate Chip Cookies"
2026-06-07,"Salted Butter",15.91,kg,"Baking Production Batch","Artisan Sourdough Loaf"
2026-06-07,"Fresh Eggs",58.73,pcs,"Baking Production Batch","Classic Pandesal"
2026-06-07,"Whole Milk",10.67,L,"Baking Production Batch","Butter Croissants"
2026-06-07,"Instant Dry Yeast",2.62,kg,"Baking Production Batch","Chocolate Chip Cookies"
2026-06-07,"Iodized Salt",3.33,kg,"Baking Production Batch","Artisan Sourdough Loaf"
2026-06-07,"Pure Vanilla Extract",0.76,L,"Baking Production Batch","Butter Croissants"
2026-06-07,"Cocoa Powder",4.9,kg,"Baking Production Batch","Chocolate Chiffon Cake"
2026-06-08,"Bread Flour",30.53,kg,"Baking Production Batch","Chocolate Chiffon Cake"
2026-06-08,"All-Purpose Flour",23.1,kg,"Baking Production Batch","Butter Croissants"
2026-06-08,"Refined White Sugar",17.47,kg,"Baking Production Batch","Classic Pandesal"
2026-06-08,"Salted Butter",10.96,kg,"Baking Production Batch","Classic Pandesal"
2026-06-08,"Fresh Eggs",43.06,pcs,"Baking Production Batch","Chocolate Chip Cookies"
2026-06-08,"Whole Milk",7.87,L,"Baking Production Batch","French Baguette"
2026-06-08,"Instant Dry Yeast",1.97,kg,"Baking Production Batch","Brioche Buns"
2026-06-08,"Iodized Salt",2.05,kg,"Baking Production Batch","Butter Croissants"
2026-06-08,"Pure Vanilla Extract",0.57,L,"Baking Production Batch","Artisan Sourdough Loaf"
2026-06-08,"Cocoa Powder",3.75,kg,"Baking Production Batch","Ensaymada Especial"
2026-06-09,"Bread Flour",29.43,kg,"Baking Production Batch","Butter Croissants"
2026-06-09,"All-Purpose Flour",19.68,kg,"Baking Production Batch","French Baguette"
2026-06-09,"Refined White Sugar",16.86,kg,"Baking Production Batch","French Baguette"
2026-06-09,"Salted Butter",10.54,kg,"Baking Production Batch","Chocolate Chiffon Cake"
2026-06-09,"Fresh Eggs",40.63,pcs,"Baking Production Batch","Brioche Buns"
2026-06-09,"Whole Milk",8.84,L,"Baking Production Batch","Classic Pandesal"
2026-06-09,"Instant Dry Yeast",1.63,kg,"Baking Production Batch","Brioche Buns"
2026-06-09,"Iodized Salt",2.37,kg,"Baking Production Batch","Classic Pandesal"
2026-06-09,"Pure Vanilla Extract",0.62,L,"Baking Production Batch","Chocolate Chip Cookies"
2026-06-09,"Cocoa Powder",3.95,kg,"Baking Production Batch","Butter Croissants"
2026-06-10,"Bread Flour",28.84,kg,"Baking Production Batch","Chocolate Chiffon Cake"
2026-06-10,"All-Purpose Flour",21.33,kg,"Baking Production Batch","Chocolate Chiffon Cake"
2026-06-10,"Refined White Sugar",17.58,kg,"Baking Production Batch","Classic Pandesal"
2026-06-10,"Salted Butter",10.34,kg,"Baking Production Batch","Chocolate Chip Cookies"
2026-06-10,"Fresh Eggs",50.26,pcs,"Baking Production Batch","Chocolate Chip Cookies"
2026-06-10,"Whole Milk",9.08,L,"Baking Production Batch","Chocolate Chiffon Cake"
2026-06-10,"Instant Dry Yeast",1.71,kg,"Baking Production Batch","French Baguette"
2026-06-10,"Iodized Salt",2.06,kg,"Baking Production Batch","Brioche Buns"
2026-06-10,"Pure Vanilla Extract",0.64,L,"Baking Production Batch","Butter Croissants"
2026-06-10,"Cocoa Powder",3.36,kg,"Baking Production Batch","Artisan Sourdough Loaf"
2026-06-11,"Bread Flour",30.88,kg,"Baking Production Batch","Chocolate Chiffon Cake"
2026-06-11,"All-Purpose Flour",22.31,kg,"Baking Production Batch","Chocolate Chiffon Cake"
2026-06-11,"Refined White Sugar",15.79,kg,"Baking Production Batch","Classic Pandesal"
2026-06-11,"Salted Butter",11.49,kg,"Baking Production Batch","Classic Pandesal"
2026-06-11,"Fresh Eggs",48.57,pcs,"Baking Production Batch","Chocolate Chip Cookies"
2026-06-11,"Whole Milk",8.09,L,"Baking Production Batch","Classic Pandesal"
2026-06-11,"Instant Dry Yeast",1.85,kg,"Baking Production Batch","Chocolate Chip Cookies"
2026-06-11,"Iodized Salt",1.99,kg,"Baking Production Batch","Butter Croissants"
2026-06-11,"Pure Vanilla Extract",0.56,L,"Baking Production Batch","Chocolate Chip Cookies"
2026-06-11,"Cocoa Powder",3.84,kg,"Baking Production Batch","French Baguette"
2026-06-12,"Bread Flour",29.03,kg,"Baking Production Batch","Chocolate Chip Cookies"
2026-06-12,"All-Purpose Flour",20.55,kg,"Baking Production Batch","Chocolate Chip Cookies"
2026-06-12,"Refined White Sugar",17.09,kg,"Baking Production Batch","Brioche Buns"
2026-06-12,"Salted Butter",9.71,kg,"Baking Production Batch","French Baguette"
2026-06-12,"Fresh Eggs",48.63,pcs,"Baking Production Batch","French Baguette"
2026-06-12,"Whole Milk",9.34,L,"Baking Production Batch","Chocolate Chiffon Cake"
2026-06-12,"Instant Dry Yeast",2,kg,"Baking Production Batch","Ensaymada Especial"
2026-06-12,"Iodized Salt",2.13,kg,"Baking Production Batch","Ensaymada Especial"
2026-06-12,"Pure Vanilla Extract",0.59,L,"Baking Production Batch","French Baguette"
2026-06-12,"Cocoa Powder",3.36,kg,"Baking Production Batch","Chocolate Chip Cookies"
2026-06-13,"Bread Flour",44.7,kg,"Baking Production Batch","Artisan Sourdough Loaf"
2026-06-13,"All-Purpose Flour",33.24,kg,"Baking Production Batch","Ensaymada Especial"
2026-06-13,"Refined White Sugar",21.64,kg,"Baking Production Batch","Artisan Sourdough Loaf"
2026-06-13,"Salted Butter",12.74,kg,"Baking Production Batch","Brioche Buns"
2026-06-13,"Fresh Eggs",58.01,pcs,"Baking Production Batch","Chocolate Chiffon Cake"
2026-06-13,"Whole Milk",11.99,L,"Baking Production Batch","Artisan Sourdough Loaf"
2026-06-13,"Instant Dry Yeast",2.25,kg,"Baking Production Batch","Brioche Buns"
2026-06-13,"Iodized Salt",3.35,kg,"Baking Production Batch","Ensaymada Especial"
2026-06-13,"Pure Vanilla Extract",0.8,L,"Baking Production Batch","Chocolate Chip Cookies"
2026-06-13,"Cocoa Powder",5.12,kg,"Baking Production Batch","Chocolate Chiffon Cake"
2026-06-14,"Bread Flour",39.32,kg,"Baking Production Batch","Chocolate Chiffon Cake"
2026-06-14,"All-Purpose Flour",30.46,kg,"Baking Production Batch","Butter Croissants"
2026-06-14,"Refined White Sugar",22.08,kg,"Baking Production Batch","Chocolate Chip Cookies"
2026-06-14,"Salted Butter",15.63,kg,"Baking Production Batch","Ensaymada Especial"
2026-06-14,"Fresh Eggs",67.24,pcs,"Baking Production Batch","Classic Pandesal"
2026-06-14,"Whole Milk",10.75,L,"Baking Production Batch","Butter Croissants"
2026-06-14,"Instant Dry Yeast",2.4,kg,"Baking Production Batch","Butter Croissants"
2026-06-14,"Iodized Salt",3.28,kg,"Baking Production Batch","Ensaymada Especial"
2026-06-14,"Pure Vanilla Extract",0.89,L,"Baking Production Batch","French Baguette"
2026-06-14,"Cocoa Powder",4.92,kg,"Baking Production Batch","Artisan Sourdough Loaf"
2026-06-15,"Bread Flour",25.9,kg,"Baking Production Batch","French Baguette"
2026-06-15,"All-Purpose Flour",21.48,kg,"Baking Production Batch","Chocolate Chip Cookies"
2026-06-15,"Refined White Sugar",15.36,kg,"Baking Production Batch","Ensaymada Especial"
2026-06-15,"Salted Butter",10.99,kg,"Baking Production Batch","Brioche Buns"
2026-06-15,"Fresh Eggs",41.84,pcs,"Baking Production Batch","French Baguette"
2026-06-15,"Whole Milk",8.8,L,"Baking Production Batch","French Baguette"
2026-06-15,"Instant Dry Yeast",1.76,kg,"Baking Production Batch","Brioche Buns"
2026-06-15,"Iodized Salt",2.41,kg,"Baking Production Batch","Chocolate Chiffon Cake"
2026-06-15,"Pure Vanilla Extract",0.57,L,"Baking Production Batch","Chocolate Chiffon Cake"
2026-06-15,"Cocoa Powder",3.41,kg,"Baking Production Batch","Brioche Buns"
2026-06-16,"Bread Flour",30.68,kg,"Baking Production Batch","Butter Croissants"
2026-06-16,"All-Purpose Flour",23.98,kg,"Baking Production Batch","Artisan Sourdough Loaf"
2026-06-16,"Refined White Sugar",15.95,kg,"Baking Production Batch","Brioche Buns"
2026-06-16,"Salted Butter",10.34,kg,"Baking Production Batch","Artisan Sourdough Loaf"
2026-06-16,"Fresh Eggs",46.55,pcs,"Baking Production Batch","French Baguette"
2026-06-16,"Whole Milk",8.95,L,"Baking Production Batch","Ensaymada Especial"
2026-06-16,"Instant Dry Yeast",1.9,kg,"Baking Production Batch","Brioche Buns"
2026-06-16,"Iodized Salt",2.22,kg,"Baking Production Batch","Butter Croissants"
2026-06-16,"Pure Vanilla Extract",0.6,L,"Baking Production Batch","Brioche Buns"
2026-06-16,"Cocoa Powder",3.29,kg,"Baking Production Batch","Ensaymada Especial"
2026-06-17,"Bread Flour",30.65,kg,"Baking Production Batch","Brioche Buns"
2026-06-17,"All-Purpose Flour",24.71,kg,"Baking Production Batch","Artisan Sourdough Loaf"
2026-06-17,"Refined White Sugar",16.65,kg,"Baking Production Batch","Chocolate Chip Cookies"
2026-06-17,"Salted Butter",10.31,kg,"Baking Production Batch","Chocolate Chip Cookies"
2026-06-17,"Fresh Eggs",45.44,pcs,"Baking Production Batch","French Baguette"
2026-06-17,"Whole Milk",7.74,L,"Baking Production Batch","Ensaymada Especial"
2026-06-17,"Instant Dry Yeast",1.6,kg,"Baking Production Batch","Classic Pandesal"
2026-06-17,"Iodized Salt",2.42,kg,"Baking Production Batch","French Baguette"
2026-06-17,"Pure Vanilla Extract",0.64,L,"Baking Production Batch","Classic Pandesal"
2026-06-17,"Cocoa Powder",3.79,kg,"Baking Production Batch","Chocolate Chiffon Cake"
2026-06-18,"Bread Flour",27.42,kg,"Baking Production Batch","Artisan Sourdough Loaf"
2026-06-18,"All-Purpose Flour",23.1,kg,"Baking Production Batch","Chocolate Chiffon Cake"
2026-06-18,"Refined White Sugar",16.87,kg,"Baking Production Batch","Artisan Sourdough Loaf"
2026-06-18,"Salted Butter",9.18,kg,"Baking Production Batch","Artisan Sourdough Loaf"
2026-06-18,"Fresh Eggs",49.59,pcs,"Baking Production Batch","Artisan Sourdough Loaf"
2026-06-18,"Whole Milk",8.51,L,"Baking Production Batch","Chocolate Chip Cookies"
2026-06-18,"Instant Dry Yeast",1.99,kg,"Baking Production Batch","Chocolate Chiffon Cake"
2026-06-18,"Iodized Salt",2.27,kg,"Baking Production Batch","Artisan Sourdough Loaf"
2026-06-18,"Pure Vanilla Extract",0.6,L,"Baking Production Batch","Brioche Buns"
2026-06-18,"Cocoa Powder",3.24,kg,"Baking Production Batch","Ensaymada Especial"
2026-06-19,"Bread Flour",26.87,kg,"Baking Production Batch","Artisan Sourdough Loaf"
2026-06-19,"All-Purpose Flour",23.98,kg,"Baking Production Batch","Chocolate Chiffon Cake"
2026-06-19,"Refined White Sugar",18.19,kg,"Baking Production Batch","Butter Croissants"
2026-06-19,"Salted Butter",10.66,kg,"Baking Production Batch","Chocolate Chiffon Cake"
2026-06-19,"Fresh Eggs",40.75,pcs,"Baking Production Batch","Chocolate Chiffon Cake"
2026-06-19,"Whole Milk",8.3,L,"Baking Production Batch","Ensaymada Especial"
2026-06-19,"Instant Dry Yeast",2.03,kg,"Baking Production Batch","Butter Croissants"
2026-06-19,"Iodized Salt",2.09,kg,"Baking Production Batch","Chocolate Chip Cookies"
2026-06-19,"Pure Vanilla Extract",0.65,L,"Baking Production Batch","Chocolate Chip Cookies"
2026-06-19,"Cocoa Powder",3.45,kg,"Baking Production Batch","Butter Croissants"
2026-06-20,"Bread Flour",43.25,kg,"Baking Production Batch","French Baguette"
2026-06-20,"All-Purpose Flour",27.72,kg,"Baking Production Batch","Ensaymada Especial"
2026-06-20,"Refined White Sugar",23.73,kg,"Baking Production Batch","Chocolate Chiffon Cake"
2026-06-20,"Salted Butter",14.15,kg,"Baking Production Batch","Classic Pandesal"
2026-06-20,"Fresh Eggs",65.77,pcs,"Baking Production Batch","Butter Croissants"
2026-06-20,"Whole Milk",11.73,L,"Baking Production Batch","Artisan Sourdough Loaf"
2026-06-20,"Instant Dry Yeast",2.44,kg,"Baking Production Batch","Artisan Sourdough Loaf"
2026-06-20,"Iodized Salt",3.41,kg,"Baking Production Batch","Artisan Sourdough Loaf"
2026-06-20,"Pure Vanilla Extract",0.81,L,"Baking Production Batch","Ensaymada Especial"
2026-06-20,"Cocoa Powder",4.44,kg,"Baking Production Batch","Brioche Buns"
2026-06-21,"Bread Flour",36.61,kg,"Baking Production Batch","French Baguette"
2026-06-21,"All-Purpose Flour",28.36,kg,"Baking Production Batch","Brioche Buns"
2026-06-21,"Refined White Sugar",25.92,kg,"Baking Production Batch","Chocolate Chip Cookies"
2026-06-21,"Salted Butter",15.31,kg,"Baking Production Batch","Classic Pandesal"
2026-06-21,"Fresh Eggs",66.94,pcs,"Baking Production Batch","Brioche Buns"
2026-06-21,"Whole Milk",11.3,L,"Baking Production Batch","Butter Croissants"
2026-06-21,"Instant Dry Yeast",2.47,kg,"Baking Production Batch","Chocolate Chip Cookies"
2026-06-21,"Iodized Salt",3.25,kg,"Baking Production Batch","Ensaymada Especial"
2026-06-21,"Pure Vanilla Extract",0.86,L,"Baking Production Batch","French Baguette"
2026-06-21,"Cocoa Powder",5.09,kg,"Baking Production Batch","Classic Pandesal"
2026-06-22,"Bread Flour",31.62,kg,"Baking Production Batch","Artisan Sourdough Loaf"
2026-06-22,"All-Purpose Flour",23.58,kg,"Baking Production Batch","Brioche Buns"
2026-06-22,"Refined White Sugar",17.65,kg,"Baking Production Batch","Chocolate Chiffon Cake"
2026-06-22,"Salted Butter",10.02,kg,"Baking Production Batch","Brioche Buns"
2026-06-22,"Fresh Eggs",40.86,pcs,"Baking Production Batch","Chocolate Chip Cookies"
2026-06-22,"Whole Milk",8.99,L,"Baking Production Batch","Butter Croissants"
2026-06-22,"Instant Dry Yeast",1.66,kg,"Baking Production Batch","Brioche Buns"
2026-06-22,"Iodized Salt",2.29,kg,"Baking Production Batch","Ensaymada Especial"
2026-06-22,"Pure Vanilla Extract",0.64,L,"Baking Production Batch","Brioche Buns"
2026-06-22,"Cocoa Powder",3.29,kg,"Baking Production Batch","French Baguette"
2026-06-23,"Bread Flour",30.7,kg,"Baking Production Batch","Butter Croissants"
2026-06-23,"All-Purpose Flour",23.97,kg,"Baking Production Batch","Butter Croissants"
2026-06-23,"Refined White Sugar",17.37,kg,"Baking Production Batch","Artisan Sourdough Loaf"
2026-06-23,"Salted Butter",10.79,kg,"Baking Production Batch","Butter Croissants"
2026-06-23,"Fresh Eggs",44.37,pcs,"Baking Production Batch","Butter Croissants"
2026-06-23,"Whole Milk",8.96,L,"Baking Production Batch","Ensaymada Especial"
2026-06-23,"Instant Dry Yeast",1.71,kg,"Baking Production Batch","Chocolate Chiffon Cake"
2026-06-23,"Iodized Salt",2.33,kg,"Baking Production Batch","Brioche Buns"
2026-06-23,"Pure Vanilla Extract",0.64,L,"Baking Production Batch","Chocolate Chiffon Cake"
2026-06-23,"Cocoa Powder",3.69,kg,"Baking Production Batch","Chocolate Chiffon Cake"
2026-06-24,"Bread Flour",27.66,kg,"Baking Production Batch","Artisan Sourdough Loaf"
2026-06-24,"All-Purpose Flour",23.46,kg,"Baking Production Batch","Brioche Buns"
2026-06-24,"Refined White Sugar",14.84,kg,"Baking Production Batch","Classic Pandesal"
2026-06-24,"Salted Butter",10.2,kg,"Baking Production Batch","Butter Croissants"
2026-06-24,"Fresh Eggs",47.1,pcs,"Baking Production Batch","Chocolate Chiffon Cake"
2026-06-24,"Whole Milk",8.02,L,"Baking Production Batch","Ensaymada Especial"
2026-06-24,"Instant Dry Yeast",2.01,kg,"Baking Production Batch","Ensaymada Especial"
2026-06-24,"Iodized Salt",2.28,kg,"Baking Production Batch","Ensaymada Especial"
2026-06-24,"Pure Vanilla Extract",0.56,L,"Baking Production Batch","Butter Croissants"
2026-06-24,"Cocoa Powder",3.82,kg,"Baking Production Batch","Ensaymada Especial"
2026-06-25,"Bread Flour",28.7,kg,"Baking Production Batch","Chocolate Chip Cookies"
2026-06-25,"All-Purpose Flour",21.25,kg,"Baking Production Batch","Butter Croissants"
2026-06-25,"Refined White Sugar",16.16,kg,"Baking Production Batch","Classic Pandesal"
2026-06-25,"Salted Butter",10.75,kg,"Baking Production Batch","Brioche Buns"
2026-06-25,"Fresh Eggs",43.4,pcs,"Baking Production Batch","Chocolate Chiffon Cake"
2026-06-25,"Whole Milk",7.73,L,"Baking Production Batch","Chocolate Chiffon Cake"
2026-06-25,"Instant Dry Yeast",1.78,kg,"Baking Production Batch","Chocolate Chiffon Cake"
2026-06-25,"Iodized Salt",2.32,kg,"Baking Production Batch","Chocolate Chip Cookies"
2026-06-25,"Pure Vanilla Extract",0.61,L,"Baking Production Batch","Chocolate Chip Cookies"
2026-06-25,"Cocoa Powder",3.69,kg,"Baking Production Batch","Artisan Sourdough Loaf"
2026-06-26,"Bread Flour",31.1,kg,"Baking Production Batch","Classic Pandesal"
2026-06-26,"All-Purpose Flour",24.32,kg,"Baking Production Batch","Chocolate Chip Cookies"
2026-06-26,"Refined White Sugar",15.45,kg,"Baking Production Batch","Artisan Sourdough Loaf"
2026-06-26,"Salted Butter",10.99,kg,"Baking Production Batch","Ensaymada Especial"
2026-06-26,"Fresh Eggs",40.18,pcs,"Baking Production Batch","Butter Croissants"
2026-06-26,"Whole Milk",7.54,L,"Baking Production Batch","Butter Croissants"
2026-06-26,"Instant Dry Yeast",1.65,kg,"Baking Production Batch","French Baguette"
2026-06-26,"Iodized Salt",2.36,kg,"Baking Production Batch","Classic Pandesal"
2026-06-26,"Pure Vanilla Extract",0.66,L,"Baking Production Batch","Chocolate Chiffon Cake"
2026-06-26,"Cocoa Powder",3.6,kg,"Baking Production Batch","Classic Pandesal"
2026-06-27,"Bread Flour",40.99,kg,"Baking Production Batch","Chocolate Chip Cookies"
2026-06-27,"All-Purpose Flour",27.44,kg,"Baking Production Batch","Classic Pandesal"
2026-06-27,"Refined White Sugar",24.6,kg,"Baking Production Batch","Brioche Buns"
2026-06-27,"Salted Butter",14.57,kg,"Baking Production Batch","Ensaymada Especial"
2026-06-27,"Fresh Eggs",68.5,pcs,"Baking Production Batch","Ensaymada Especial"
2026-06-27,"Whole Milk",11.96,L,"Baking Production Batch","Butter Croissants"
2026-06-27,"Instant Dry Yeast",2.51,kg,"Baking Production Batch","Brioche Buns"
2026-06-27,"Iodized Salt",2.78,kg,"Baking Production Batch","French Baguette"
2026-06-27,"Pure Vanilla Extract",0.83,L,"Baking Production Batch","Butter Croissants"
2026-06-27,"Cocoa Powder",4.64,kg,"Baking Production Batch","Ensaymada Especial"
2026-06-28,"Bread Flour",41.92,kg,"Baking Production Batch","Chocolate Chip Cookies"
2026-06-28,"All-Purpose Flour",30.57,kg,"Baking Production Batch","French Baguette"
2026-06-28,"Refined White Sugar",22,kg,"Baking Production Batch","Artisan Sourdough Loaf"
2026-06-28,"Salted Butter",15.27,kg,"Baking Production Batch","Ensaymada Especial"
2026-06-28,"Fresh Eggs",70.75,pcs,"Baking Production Batch","Brioche Buns"
2026-06-28,"Whole Milk",13.08,L,"Baking Production Batch","Ensaymada Especial"
2026-06-28,"Instant Dry Yeast",2.72,kg,"Baking Production Batch","Chocolate Chip Cookies"
2026-06-28,"Iodized Salt",3.41,kg,"Baking Production Batch","Artisan Sourdough Loaf"
2026-06-28,"Pure Vanilla Extract",0.9,L,"Baking Production Batch","Brioche Buns"
2026-06-28,"Cocoa Powder",5.46,kg,"Baking Production Batch","Classic Pandesal"
2026-06-29,"Bread Flour",30.36,kg,"Baking Production Batch","Chocolate Chiffon Cake"
2026-06-29,"All-Purpose Flour",21.37,kg,"Baking Production Batch","Chocolate Chiffon Cake"
2026-06-29,"Refined White Sugar",14.68,kg,"Baking Production Batch","Classic Pandesal"
2026-06-29,"Salted Butter",10.7,kg,"Baking Production Batch","Ensaymada Especial"
2026-06-29,"Fresh Eggs",42.76,pcs,"Baking Production Batch","Chocolate Chiffon Cake"
2026-06-29,"Whole Milk",8.13,L,"Baking Production Batch","Chocolate Chiffon Cake"
2026-06-29,"Instant Dry Yeast",1.77,kg,"Baking Production Batch","Chocolate Chiffon Cake"
2026-06-29,"Iodized Salt",2.42,kg,"Baking Production Batch","Chocolate Chip Cookies"
2026-06-29,"Pure Vanilla Extract",0.59,L,"Baking Production Batch","Classic Pandesal"
2026-06-29,"Cocoa Powder",3.34,kg,"Baking Production Batch","Butter Croissants"
2026-06-30,"Bread Flour",31.2,kg,"Baking Production Batch","Classic Pandesal"
2026-06-30,"All-Purpose Flour",22.37,kg,"Baking Production Batch","Classic Pandesal"
2026-06-30,"Refined White Sugar",18.55,kg,"Baking Production Batch","Artisan Sourdough Loaf"
2026-06-30,"Salted Butter",11.42,kg,"Baking Production Batch","Butter Croissants"
2026-06-30,"Fresh Eggs",41.92,pcs,"Baking Production Batch","Brioche Buns"
2026-06-30,"Whole Milk",8.02,L,"Baking Production Batch","Ensaymada Especial"
2026-06-30,"Instant Dry Yeast",1.66,kg,"Baking Production Batch","French Baguette"
2026-06-30,"Iodized Salt",2.37,kg,"Baking Production Batch","Chocolate Chip Cookies"
2026-06-30,"Pure Vanilla Extract",0.62,L,"Baking Production Batch","Butter Croissants"
2026-06-30,"Cocoa Powder",3.62,kg,"Baking Production Batch","Ensaymada Especial"
2026-07-01,"Bread Flour",26.19,kg,"Baking Production Batch","Butter Croissants"
2026-07-01,"All-Purpose Flour",23.55,kg,"Baking Production Batch","Chocolate Chiffon Cake"
2026-07-01,"Refined White Sugar",17.45,kg,"Baking Production Batch","French Baguette"
2026-07-01,"Salted Butter",9.94,kg,"Baking Production Batch","Classic Pandesal"
2026-07-01,"Fresh Eggs",44.39,pcs,"Baking Production Batch","French Baguette"
2026-07-01,"Whole Milk",7.61,L,"Baking Production Batch","Brioche Buns"
2026-07-01,"Instant Dry Yeast",1.65,kg,"Baking Production Batch","Brioche Buns"
2026-07-01,"Iodized Salt",2.46,kg,"Baking Production Batch","Classic Pandesal"
2026-07-01,"Pure Vanilla Extract",0.63,L,"Baking Production Batch","Chocolate Chiffon Cake"
2026-07-01,"Cocoa Powder",3.8,kg,"Baking Production Batch","Chocolate Chip Cookies"
2026-07-02,"Bread Flour",29.38,kg,"Baking Production Batch","Butter Croissants"
2026-07-02,"All-Purpose Flour",23.15,kg,"Baking Production Batch","Ensaymada Especial"
2026-07-02,"Refined White Sugar",15.85,kg,"Baking Production Batch","Brioche Buns"
2026-07-02,"Salted Butter",10.37,kg,"Baking Production Batch","Chocolate Chip Cookies"
2026-07-02,"Fresh Eggs",40.02,pcs,"Baking Production Batch","Butter Croissants"
2026-07-02,"Whole Milk",8.74,L,"Baking Production Batch","French Baguette"
2026-07-02,"Instant Dry Yeast",1.88,kg,"Baking Production Batch","Ensaymada Especial"
2026-07-02,"Iodized Salt",2.38,kg,"Baking Production Batch","Ensaymada Especial"
2026-07-02,"Pure Vanilla Extract",0.61,L,"Baking Production Batch","Ensaymada Especial"
2026-07-02,"Cocoa Powder",3.11,kg,"Baking Production Batch","Butter Croissants"
2026-07-03,"Bread Flour",26.68,kg,"Baking Production Batch","French Baguette"
2026-07-03,"All-Purpose Flour",20.94,kg,"Baking Production Batch","Ensaymada Especial"
2026-07-03,"Refined White Sugar",14.91,kg,"Baking Production Batch","Chocolate Chip Cookies"
2026-07-03,"Salted Butter",10.21,kg,"Baking Production Batch","Ensaymada Especial"
2026-07-03,"Fresh Eggs",47.58,pcs,"Baking Production Batch","Artisan Sourdough Loaf"
2026-07-03,"Whole Milk",7.64,L,"Baking Production Batch","Classic Pandesal"
2026-07-03,"Instant Dry Yeast",1.78,kg,"Baking Production Batch","Brioche Buns"
2026-07-03,"Iodized Salt",1.96,kg,"Baking Production Batch","Chocolate Chip Cookies"
2026-07-03,"Pure Vanilla Extract",0.62,L,"Baking Production Batch","Brioche Buns"
2026-07-03,"Cocoa Powder",3.52,kg,"Baking Production Batch","Artisan Sourdough Loaf"
2026-07-04,"Bread Flour",43.55,kg,"Baking Production Batch","Chocolate Chip Cookies"
2026-07-04,"All-Purpose Flour",27.44,kg,"Baking Production Batch","Artisan Sourdough Loaf"
2026-07-04,"Refined White Sugar",25.46,kg,"Baking Production Batch","Butter Croissants"
2026-07-04,"Salted Butter",14.38,kg,"Baking Production Batch","Chocolate Chiffon Cake"
2026-07-04,"Fresh Eggs",66.78,pcs,"Baking Production Batch","Artisan Sourdough Loaf"
2026-07-04,"Whole Milk",11.97,L,"Baking Production Batch","French Baguette"
2026-07-04,"Instant Dry Yeast",2.37,kg,"Baking Production Batch","Ensaymada Especial"
2026-07-04,"Iodized Salt",3.17,kg,"Baking Production Batch","Chocolate Chip Cookies"
2026-07-04,"Pure Vanilla Extract",0.81,L,"Baking Production Batch","Chocolate Chiffon Cake"
2026-07-04,"Cocoa Powder",4.39,kg,"Baking Production Batch","Chocolate Chiffon Cake"
2026-07-05,"Bread Flour",36.78,kg,"Baking Production Batch","Chocolate Chiffon Cake"
2026-07-05,"All-Purpose Flour",34.26,kg,"Baking Production Batch","Ensaymada Especial"
2026-07-05,"Refined White Sugar",24.05,kg,"Baking Production Batch","Butter Croissants"
2026-07-05,"Salted Butter",13.89,kg,"Baking Production Batch","Classic Pandesal"
2026-07-05,"Fresh Eggs",57.64,pcs,"Baking Production Batch","Brioche Buns"
2026-07-05,"Whole Milk",11.01,L,"Baking Production Batch","French Baguette"
2026-07-05,"Instant Dry Yeast",2.41,kg,"Baking Production Batch","Classic Pandesal"
2026-07-05,"Iodized Salt",3.06,kg,"Baking Production Batch","Chocolate Chiffon Cake"
2026-07-05,"Pure Vanilla Extract",0.9,L,"Baking Production Batch","Ensaymada Especial"
2026-07-05,"Cocoa Powder",4.57,kg,"Baking Production Batch","French Baguette"
2026-07-06,"Bread Flour",25.79,kg,"Baking Production Batch","Ensaymada Especial"
2026-07-06,"All-Purpose Flour",23.19,kg,"Baking Production Batch","Brioche Buns"
2026-07-06,"Refined White Sugar",17.73,kg,"Baking Production Batch","Classic Pandesal"
2026-07-06,"Salted Butter",11.26,kg,"Baking Production Batch","Chocolate Chip Cookies"
2026-07-06,"Fresh Eggs",46.48,pcs,"Baking Production Batch","Artisan Sourdough Loaf"
2026-07-06,"Whole Milk",8.18,L,"Baking Production Batch","Ensaymada Especial"
2026-07-06,"Instant Dry Yeast",1.79,kg,"Baking Production Batch","Butter Croissants"
2026-07-06,"Iodized Salt",1.97,kg,"Baking Production Batch","Chocolate Chiffon Cake"
2026-07-06,"Pure Vanilla Extract",0.61,L,"Baking Production Batch","Butter Croissants"
2026-07-06,"Cocoa Powder",3.9,kg,"Baking Production Batch","Brioche Buns"
2026-07-07,"Bread Flour",30.23,kg,"Baking Production Batch","Brioche Buns"
2026-07-07,"All-Purpose Flour",21.25,kg,"Baking Production Batch","French Baguette"
2026-07-07,"Refined White Sugar",18.19,kg,"Baking Production Batch","French Baguette"
2026-07-07,"Salted Butter",11.15,kg,"Baking Production Batch","French Baguette"
2026-07-07,"Fresh Eggs",49.62,pcs,"Baking Production Batch","Artisan Sourdough Loaf"
2026-07-07,"Whole Milk",8.83,L,"Baking Production Batch","Artisan Sourdough Loaf"
2026-07-07,"Instant Dry Yeast",2,kg,"Baking Production Batch","Chocolate Chip Cookies"
2026-07-07,"Iodized Salt",2.32,kg,"Baking Production Batch","Butter Croissants"
2026-07-07,"Pure Vanilla Extract",0.58,L,"Baking Production Batch","French Baguette"
2026-07-07,"Cocoa Powder",3.85,kg,"Baking Production Batch","Chocolate Chip Cookies"
2026-07-08,"Bread Flour",29.19,kg,"Baking Production Batch","French Baguette"
2026-07-08,"All-Purpose Flour",23.95,kg,"Baking Production Batch","French Baguette"
2026-07-08,"Refined White Sugar",16.44,kg,"Baking Production Batch","Artisan Sourdough Loaf"
2026-07-08,"Salted Butter",9.75,kg,"Baking Production Batch","Butter Croissants"
2026-07-08,"Fresh Eggs",46.96,pcs,"Baking Production Batch","Artisan Sourdough Loaf"
2026-07-08,"Whole Milk",7.56,L,"Baking Production Batch","Ensaymada Especial"
2026-07-08,"Instant Dry Yeast",1.77,kg,"Baking Production Batch","Chocolate Chiffon Cake"
2026-07-08,"Iodized Salt",2.18,kg,"Baking Production Batch","Classic Pandesal"
2026-07-08,"Pure Vanilla Extract",0.62,L,"Baking Production Batch","Classic Pandesal"
2026-07-08,"Cocoa Powder",3.86,kg,"Baking Production Batch","Chocolate Chiffon Cake"
2026-07-09,"Bread Flour",28.41,kg,"Baking Production Batch","Butter Croissants"
2026-07-09,"All-Purpose Flour",24.84,kg,"Baking Production Batch","Ensaymada Especial"
2026-07-09,"Refined White Sugar",16.31,kg,"Baking Production Batch","Artisan Sourdough Loaf"
2026-07-09,"Salted Butter",10.02,kg,"Baking Production Batch","Brioche Buns"
2026-07-09,"Fresh Eggs",42.93,pcs,"Baking Production Batch","French Baguette"
2026-07-09,"Whole Milk",9.37,L,"Baking Production Batch","Ensaymada Especial"
2026-07-09,"Instant Dry Yeast",1.72,kg,"Baking Production Batch","French Baguette"
2026-07-09,"Iodized Salt",2.11,kg,"Baking Production Batch","Ensaymada Especial"
2026-07-09,"Pure Vanilla Extract",0.59,L,"Baking Production Batch","Artisan Sourdough Loaf"
2026-07-09,"Cocoa Powder",3.34,kg,"Baking Production Batch","Chocolate Chiffon Cake"
2026-07-10,"Bread Flour",32.02,kg,"Baking Production Batch","Classic Pandesal"
2026-07-10,"All-Purpose Flour",21.8,kg,"Baking Production Batch","French Baguette"
2026-07-10,"Refined White Sugar",17.36,kg,"Baking Production Batch","Artisan Sourdough Loaf"
2026-07-10,"Salted Butter",10.52,kg,"Baking Production Batch","Ensaymada Especial"
2026-07-10,"Fresh Eggs",40.97,pcs,"Baking Production Batch","Brioche Buns"
2026-07-10,"Whole Milk",8.8,L,"Baking Production Batch","Artisan Sourdough Loaf"
2026-07-10,"Instant Dry Yeast",1.73,kg,"Baking Production Batch","Classic Pandesal"
2026-07-10,"Iodized Salt",2.48,kg,"Baking Production Batch","Chocolate Chiffon Cake"
2026-07-10,"Pure Vanilla Extract",0.58,L,"Baking Production Batch","Chocolate Chiffon Cake"
2026-07-10,"Cocoa Powder",3.18,kg,"Baking Production Batch","Butter Croissants"
2026-07-11,"Bread Flour",42.03,kg,"Baking Production Batch","Classic Pandesal"
2026-07-11,"All-Purpose Flour",31.76,kg,"Baking Production Batch","Chocolate Chip Cookies"
2026-07-11,"Refined White Sugar",21.2,kg,"Baking Production Batch","Ensaymada Especial"
2026-07-11,"Salted Butter",14.24,kg,"Baking Production Batch","Chocolate Chiffon Cake"
2026-07-11,"Fresh Eggs",59.02,pcs,"Baking Production Batch","Butter Croissants"
2026-07-11,"Whole Milk",12.98,L,"Baking Production Batch","Classic Pandesal"
2026-07-11,"Instant Dry Yeast",2.39,kg,"Baking Production Batch","Classic Pandesal"
2026-07-11,"Iodized Salt",2.89,kg,"Baking Production Batch","French Baguette"
2026-07-11,"Pure Vanilla Extract",0.89,L,"Baking Production Batch","Chocolate Chip Cookies"
2026-07-11,"Cocoa Powder",5.52,kg,"Baking Production Batch","Classic Pandesal"
2026-07-12,"Bread Flour",39.94,kg,"Baking Production Batch","Classic Pandesal"
2026-07-12,"All-Purpose Flour",27.25,kg,"Baking Production Batch","Chocolate Chiffon Cake"
2026-07-12,"Refined White Sugar",22.69,kg,"Baking Production Batch","French Baguette"
2026-07-12,"Salted Butter",15.47,kg,"Baking Production Batch","Brioche Buns"
2026-07-12,"Fresh Eggs",66.98,pcs,"Baking Production Batch","Chocolate Chiffon Cake"
2026-07-12,"Whole Milk",13.12,L,"Baking Production Batch","Brioche Buns"
2026-07-12,"Instant Dry Yeast",2.51,kg,"Baking Production Batch","Chocolate Chip Cookies"
2026-07-12,"Iodized Salt",2.78,kg,"Baking Production Batch","Chocolate Chip Cookies"
2026-07-12,"Pure Vanilla Extract",0.78,L,"Baking Production Batch","Artisan Sourdough Loaf"
2026-07-12,"Cocoa Powder",4.94,kg,"Baking Production Batch","Chocolate Chip Cookies"
2026-07-13,"Bread Flour",27.71,kg,"Baking Production Batch","Brioche Buns"
2026-07-13,"All-Purpose Flour",22.4,kg,"Baking Production Batch","Artisan Sourdough Loaf"
2026-07-13,"Refined White Sugar",17.71,kg,"Baking Production Batch","French Baguette"
2026-07-13,"Salted Butter",11.22,kg,"Baking Production Batch","Chocolate Chip Cookies"
2026-07-13,"Fresh Eggs",47.84,pcs,"Baking Production Batch","Chocolate Chip Cookies"
2026-07-13,"Whole Milk",9.27,L,"Baking Production Batch","Brioche Buns"
2026-07-13,"Instant Dry Yeast",1.96,kg,"Baking Production Batch","Classic Pandesal"
2026-07-13,"Iodized Salt",2.39,kg,"Baking Production Batch","Chocolate Chiffon Cake"
2026-07-13,"Pure Vanilla Extract",0.56,L,"Baking Production Batch","Brioche Buns"
2026-07-13,"Cocoa Powder",3.85,kg,"Baking Production Batch","Artisan Sourdough Loaf"
2026-07-14,"Bread Flour",27.37,kg,"Baking Production Batch","Brioche Buns"
2026-07-14,"All-Purpose Flour",21.45,kg,"Baking Production Batch","Artisan Sourdough Loaf"
2026-07-14,"Refined White Sugar",16.28,kg,"Baking Production Batch","Artisan Sourdough Loaf"
2026-07-14,"Salted Butter",9.23,kg,"Baking Production Batch","Ensaymada Especial"
2026-07-14,"Fresh Eggs",39.93,pcs,"Baking Production Batch","Brioche Buns"
2026-07-14,"Whole Milk",8.69,L,"Baking Production Batch","Brioche Buns"
2026-07-14,"Instant Dry Yeast",1.71,kg,"Baking Production Batch","Chocolate Chiffon Cake"
2026-07-14,"Iodized Salt",2.46,kg,"Baking Production Batch","French Baguette"
2026-07-14,"Pure Vanilla Extract",0.57,L,"Baking Production Batch","Brioche Buns"
2026-07-14,"Cocoa Powder",3.51,kg,"Baking Production Batch","Ensaymada Especial"
2026-07-15,"Bread Flour",32.14,kg,"Baking Production Batch","Brioche Buns"
2026-07-15,"All-Purpose Flour",23.05,kg,"Baking Production Batch","Butter Croissants"
2026-07-15,"Refined White Sugar",15.61,kg,"Baking Production Batch","Ensaymada Especial"
2026-07-15,"Salted Butter",11.15,kg,"Baking Production Batch","Classic Pandesal"
2026-07-15,"Fresh Eggs",44.21,pcs,"Baking Production Batch","Chocolate Chip Cookies"
2026-07-15,"Whole Milk",8.58,L,"Baking Production Batch","French Baguette"
2026-07-15,"Instant Dry Yeast",1.68,kg,"Baking Production Batch","Ensaymada Especial"
2026-07-15,"Iodized Salt",2.23,kg,"Baking Production Batch","Brioche Buns"
2026-07-15,"Pure Vanilla Extract",0.56,L,"Baking Production Batch","Chocolate Chiffon Cake"
2026-07-15,"Cocoa Powder",3.85,kg,"Baking Production Batch","Butter Croissants"
2026-07-16,"Bread Flour",30.16,kg,"Baking Production Batch","Brioche Buns"
2026-07-16,"All-Purpose Flour",21.03,kg,"Baking Production Batch","Chocolate Chiffon Cake"
2026-07-16,"Refined White Sugar",17.74,kg,"Baking Production Batch","Chocolate Chiffon Cake"
2026-07-16,"Salted Butter",9.08,kg,"Baking Production Batch","Classic Pandesal"
2026-07-16,"Fresh Eggs",49.58,pcs,"Baking Production Batch","Artisan Sourdough Loaf"
2026-07-16,"Whole Milk",8.6,L,"Baking Production Batch","Classic Pandesal"
2026-07-16,"Instant Dry Yeast",1.66,kg,"Baking Production Batch","Chocolate Chiffon Cake"
2026-07-16,"Iodized Salt",2.33,kg,"Baking Production Batch","Artisan Sourdough Loaf"
2026-07-16,"Pure Vanilla Extract",0.6,L,"Baking Production Batch","Brioche Buns"
2026-07-16,"Cocoa Powder",3.49,kg,"Baking Production Batch","Butter Croissants"
2026-07-17,"Bread Flour",28.66,kg,"Baking Production Batch","Ensaymada Especial"
2026-07-17,"All-Purpose Flour",20.87,kg,"Baking Production Batch","Chocolate Chip Cookies"
2026-07-17,"Refined White Sugar",15.4,kg,"Baking Production Batch","Classic Pandesal"
2026-07-17,"Salted Butter",10.9,kg,"Baking Production Batch","Artisan Sourdough Loaf"
2026-07-17,"Fresh Eggs",50.29,pcs,"Baking Production Batch","Chocolate Chiffon Cake"
2026-07-17,"Whole Milk",9,L,"Baking Production Batch","Butter Croissants"
2026-07-17,"Instant Dry Yeast",1.94,kg,"Baking Production Batch","Chocolate Chiffon Cake"
2026-07-17,"Iodized Salt",2.45,kg,"Baking Production Batch","Butter Croissants"
2026-07-17,"Pure Vanilla Extract",0.53,L,"Baking Production Batch","Brioche Buns"
2026-07-17,"Cocoa Powder",3.86,kg,"Baking Production Batch","French Baguette"
2026-07-18,"Bread Flour",41.9,kg,"Baking Production Batch","French Baguette"
2026-07-18,"All-Purpose Flour",30.68,kg,"Baking Production Batch","Artisan Sourdough Loaf"
2026-07-18,"Refined White Sugar",24.07,kg,"Baking Production Batch","Chocolate Chiffon Cake"
2026-07-18,"Salted Butter",12.65,kg,"Baking Production Batch","Classic Pandesal"
2026-07-18,"Fresh Eggs",70.6,pcs,"Baking Production Batch","Classic Pandesal"
2026-07-18,"Whole Milk",12.63,L,"Baking Production Batch","Brioche Buns"
2026-07-18,"Instant Dry Yeast",2.47,kg,"Baking Production Batch","Chocolate Chip Cookies"
2026-07-18,"Iodized Salt",3.26,kg,"Baking Production Batch","French Baguette"
2026-07-18,"Pure Vanilla Extract",0.76,L,"Baking Production Batch","Butter Croissants"
2026-07-18,"Cocoa Powder",5.43,kg,"Baking Production Batch","Chocolate Chiffon Cake"
2026-07-19,"Bread Flour",43.74,kg,"Baking Production Batch","Chocolate Chiffon Cake"
2026-07-19,"All-Purpose Flour",34.36,kg,"Baking Production Batch","Chocolate Chip Cookies"
2026-07-19,"Refined White Sugar",21.21,kg,"Baking Production Batch","Brioche Buns"
2026-07-19,"Salted Butter",15.63,kg,"Baking Production Batch","Artisan Sourdough Loaf"
2026-07-19,"Fresh Eggs",55.63,pcs,"Baking Production Batch","Chocolate Chip Cookies"
2026-07-19,"Whole Milk",11.29,L,"Baking Production Batch","Butter Croissants"
2026-07-19,"Instant Dry Yeast",2.79,kg,"Baking Production Batch","Ensaymada Especial"
2026-07-19,"Iodized Salt",2.72,kg,"Baking Production Batch","Chocolate Chip Cookies"
2026-07-19,"Pure Vanilla Extract",0.92,L,"Baking Production Batch","Chocolate Chip Cookies"
2026-07-19,"Cocoa Powder",5.19,kg,"Baking Production Batch","Ensaymada Especial"
2026-07-20,"Bread Flour",28.08,kg,"Baking Production Batch","Artisan Sourdough Loaf"
2026-07-20,"All-Purpose Flour",21.68,kg,"Baking Production Batch","Chocolate Chip Cookies"
2026-07-20,"Refined White Sugar",17.39,kg,"Baking Production Batch","Chocolate Chip Cookies"
2026-07-20,"Salted Butter",9.99,kg,"Baking Production Batch","Ensaymada Especial"
2026-07-20,"Fresh Eggs",43.16,pcs,"Baking Production Batch","Brioche Buns"
2026-07-20,"Whole Milk",7.75,L,"Baking Production Batch","Chocolate Chiffon Cake"
2026-07-20,"Instant Dry Yeast",1.69,kg,"Baking Production Batch","Butter Croissants"
2026-07-20,"Iodized Salt",2.41,kg,"Baking Production Batch","Ensaymada Especial"
2026-07-20,"Pure Vanilla Extract",0.61,L,"Baking Production Batch","Classic Pandesal"
2026-07-20,"Cocoa Powder",3.59,kg,"Baking Production Batch","Ensaymada Especial"
2026-07-21,"Bread Flour",29.54,kg,"Baking Production Batch","Chocolate Chiffon Cake"
2026-07-21,"All-Purpose Flour",20.98,kg,"Baking Production Batch","Brioche Buns"
2026-07-21,"Refined White Sugar",14.63,kg,"Baking Production Batch","Butter Croissants"
2026-07-21,"Salted Butter",9.98,kg,"Baking Production Batch","Chocolate Chip Cookies"
2026-07-21,"Fresh Eggs",50.23,pcs,"Baking Production Batch","Butter Croissants"
2026-07-21,"Whole Milk",8.02,L,"Baking Production Batch","Chocolate Chip Cookies"
2026-07-21,"Instant Dry Yeast",1.64,kg,"Baking Production Batch","Chocolate Chiffon Cake"
2026-07-21,"Iodized Salt",2.17,kg,"Baking Production Batch","Artisan Sourdough Loaf"
2026-07-21,"Pure Vanilla Extract",0.64,L,"Baking Production Batch","Chocolate Chiffon Cake"
2026-07-21,"Cocoa Powder",3.31,kg,"Baking Production Batch","Chocolate Chiffon Cake"
2026-07-22,"Bread Flour",26.62,kg,"Baking Production Batch","Classic Pandesal"
2026-07-22,"All-Purpose Flour",20.89,kg,"Baking Production Batch","Classic Pandesal"
2026-07-22,"Refined White Sugar",16.88,kg,"Baking Production Batch","Chocolate Chiffon Cake"
2026-07-22,"Salted Butter",11.01,kg,"Baking Production Batch","Chocolate Chip Cookies"
2026-07-22,"Fresh Eggs",43.84,pcs,"Baking Production Batch","Chocolate Chip Cookies"
2026-07-22,"Whole Milk",8.49,L,"Baking Production Batch","Chocolate Chiffon Cake"
2026-07-22,"Instant Dry Yeast",1.99,kg,"Baking Production Batch","Brioche Buns"
2026-07-22,"Iodized Salt",2.22,kg,"Baking Production Batch","Ensaymada Especial"
2026-07-22,"Pure Vanilla Extract",0.62,L,"Baking Production Batch","Chocolate Chip Cookies"
2026-07-22,"Cocoa Powder",3.57,kg,"Baking Production Batch","Ensaymada Especial"
2026-07-23,"Bread Flour",26.53,kg,"Baking Production Batch","French Baguette"
2026-07-23,"All-Purpose Flour",22.85,kg,"Baking Production Batch","Ensaymada Especial"
2026-07-23,"Refined White Sugar",15.99,kg,"Baking Production Batch","Chocolate Chiffon Cake"
2026-07-23,"Salted Butter",9.44,kg,"Baking Production Batch","Chocolate Chiffon Cake"
2026-07-23,"Fresh Eggs",43.94,pcs,"Baking Production Batch","Brioche Buns"
2026-07-23,"Whole Milk",7.81,L,"Baking Production Batch","Brioche Buns"
2026-07-23,"Instant Dry Yeast",1.8,kg,"Baking Production Batch","Ensaymada Especial"
2026-07-23,"Iodized Salt",2,kg,"Baking Production Batch","Chocolate Chip Cookies"
2026-07-23,"Pure Vanilla Extract",0.59,L,"Baking Production Batch","Ensaymada Especial"
2026-07-23,"Cocoa Powder",3.11,kg,"Baking Production Batch","Chocolate Chip Cookies"
2026-07-24,"Bread Flour",28.06,kg,"Baking Production Batch","Chocolate Chip Cookies"
2026-07-24,"All-Purpose Flour",19.39,kg,"Baking Production Batch","Classic Pandesal"
2026-07-24,"Refined White Sugar",14.59,kg,"Baking Production Batch","Brioche Buns"
2026-07-24,"Salted Butter",10.04,kg,"Baking Production Batch","Classic Pandesal"
2026-07-24,"Fresh Eggs",44.41,pcs,"Baking Production Batch","Classic Pandesal"
2026-07-24,"Whole Milk",9.16,L,"Baking Production Batch","Butter Croissants"
2026-07-24,"Instant Dry Yeast",1.96,kg,"Baking Production Batch","Classic Pandesal"
2026-07-24,"Iodized Salt",2.48,kg,"Baking Production Batch","Chocolate Chip Cookies"
2026-07-24,"Pure Vanilla Extract",0.65,L,"Baking Production Batch","Chocolate Chiffon Cake"
2026-07-24,"Cocoa Powder",3.87,kg,"Baking Production Batch","Chocolate Chiffon Cake"
2026-07-25,"Bread Flour",36.48,kg,"Baking Production Batch","Ensaymada Especial"
2026-07-25,"All-Purpose Flour",31.53,kg,"Baking Production Batch","Artisan Sourdough Loaf"
2026-07-25,"Refined White Sugar",21.15,kg,"Baking Production Batch","Chocolate Chip Cookies"
2026-07-25,"Salted Butter",15.38,kg,"Baking Production Batch","French Baguette"
2026-07-25,"Fresh Eggs",70.12,pcs,"Baking Production Batch","Ensaymada Especial"
2026-07-25,"Whole Milk",12.18,L,"Baking Production Batch","Brioche Buns"
2026-07-25,"Instant Dry Yeast",2.76,kg,"Baking Production Batch","French Baguette"
2026-07-25,"Iodized Salt",3.47,kg,"Baking Production Batch","French Baguette"
2026-07-25,"Pure Vanilla Extract",0.95,L,"Baking Production Batch","Brioche Buns"
2026-07-25,"Cocoa Powder",5.35,kg,"Baking Production Batch","Chocolate Chip Cookies"
2026-07-26,"Bread Flour",44.29,kg,"Baking Production Batch","Chocolate Chip Cookies"
2026-07-26,"All-Purpose Flour",29.15,kg,"Baking Production Batch","Ensaymada Especial"
2026-07-26,"Refined White Sugar",23.58,kg,"Baking Production Batch","Artisan Sourdough Loaf"
2026-07-26,"Salted Butter",15.38,kg,"Baking Production Batch","Chocolate Chip Cookies"
2026-07-26,"Fresh Eggs",57.32,pcs,"Baking Production Batch","Artisan Sourdough Loaf"
2026-07-26,"Whole Milk",12.13,L,"Baking Production Batch","Butter Croissants"
2026-07-26,"Instant Dry Yeast",2.82,kg,"Baking Production Batch","French Baguette"
2026-07-26,"Iodized Salt",2.76,kg,"Baking Production Batch","French Baguette"
2026-07-26,"Pure Vanilla Extract",0.91,L,"Baking Production Batch","Butter Croissants"
2026-07-26,"Cocoa Powder",5.29,kg,"Baking Production Batch","Chocolate Chiffon Cake"
2026-07-27,"Bread Flour",29.77,kg,"Baking Production Batch","Ensaymada Especial"
2026-07-27,"All-Purpose Flour",20.64,kg,"Baking Production Batch","Chocolate Chiffon Cake"
2026-07-27,"Refined White Sugar",14.74,kg,"Baking Production Batch","Brioche Buns"
2026-07-27,"Salted Butter",10.64,kg,"Baking Production Batch","Ensaymada Especial"
2026-07-27,"Fresh Eggs",50.1,pcs,"Baking Production Batch","Ensaymada Especial"
2026-07-27,"Whole Milk",8.11,L,"Baking Production Batch","Chocolate Chip Cookies"
2026-07-27,"Instant Dry Yeast",1.85,kg,"Baking Production Batch","Ensaymada Especial"
2026-07-27,"Iodized Salt",2.27,kg,"Baking Production Batch","Ensaymada Especial"
2026-07-27,"Pure Vanilla Extract",0.59,L,"Baking Production Batch","French Baguette"
2026-07-27,"Cocoa Powder",3.75,kg,"Baking Production Batch","Classic Pandesal"
2026-07-28,"Bread Flour",30.65,kg,"Baking Production Batch","Chocolate Chip Cookies"
2026-07-28,"All-Purpose Flour",20.18,kg,"Baking Production Batch","Ensaymada Especial"
2026-07-28,"Refined White Sugar",17.72,kg,"Baking Production Batch","Chocolate Chiffon Cake"
2026-07-28,"Salted Butter",10.37,kg,"Baking Production Batch","Brioche Buns"
2026-07-28,"Fresh Eggs",45.31,pcs,"Baking Production Batch","French Baguette"
2026-07-28,"Whole Milk",7.88,L,"Baking Production Batch","Ensaymada Especial"
2026-07-28,"Instant Dry Yeast",1.99,kg,"Baking Production Batch","Ensaymada Especial"
2026-07-28,"Iodized Salt",2.3,kg,"Baking Production Batch","Brioche Buns"
2026-07-28,"Pure Vanilla Extract",0.64,L,"Baking Production Batch","Chocolate Chip Cookies"
2026-07-28,"Cocoa Powder",3.91,kg,"Baking Production Batch","Classic Pandesal"
2026-07-29,"Bread Flour",31.1,kg,"Baking Production Batch","Brioche Buns"
2026-07-29,"All-Purpose Flour",19.93,kg,"Baking Production Batch","Chocolate Chip Cookies"
2026-07-29,"Refined White Sugar",16.11,kg,"Baking Production Batch","Ensaymada Especial"
2026-07-29,"Salted Butter",10.25,kg,"Baking Production Batch","Chocolate Chip Cookies"
2026-07-29,"Fresh Eggs",43.11,pcs,"Baking Production Batch","Classic Pandesal"
2026-07-29,"Whole Milk",8.88,L,"Baking Production Batch","Classic Pandesal"
2026-07-29,"Instant Dry Yeast",1.81,kg,"Baking Production Batch","Chocolate Chip Cookies"
2026-07-29,"Iodized Salt",2.15,kg,"Baking Production Batch","Classic Pandesal"
2026-07-29,"Pure Vanilla Extract",0.67,L,"Baking Production Batch","Chocolate Chiffon Cake"
2026-07-29,"Cocoa Powder",3.23,kg,"Baking Production Batch","Classic Pandesal"
2026-07-30,"Bread Flour",27.91,kg,"Baking Production Batch","Classic Pandesal"
2026-07-30,"All-Purpose Flour",21.57,kg,"Baking Production Batch","Artisan Sourdough Loaf"
2026-07-30,"Refined White Sugar",17.48,kg,"Baking Production Batch","Ensaymada Especial"
2026-07-30,"Salted Butter",9.85,kg,"Baking Production Batch","Brioche Buns"
2026-07-30,"Fresh Eggs",41.42,pcs,"Baking Production Batch","Chocolate Chip Cookies"
2026-07-30,"Whole Milk",8.91,L,"Baking Production Batch","Brioche Buns"
2026-07-30,"Instant Dry Yeast",1.81,kg,"Baking Production Batch","Ensaymada Especial"
2026-07-30,"Iodized Salt",2.33,kg,"Baking Production Batch","Brioche Buns"
2026-07-30,"Pure Vanilla Extract",0.58,L,"Baking Production Batch","Classic Pandesal"
2026-07-30,"Cocoa Powder",3.31,kg,"Baking Production Batch","Chocolate Chiffon Cake"
2026-07-31,"Bread Flour",26.18,kg,"Baking Production Batch","French Baguette"
2026-07-31,"All-Purpose Flour",19.58,kg,"Baking Production Batch","Butter Croissants"
2026-07-31,"Refined White Sugar",16.23,kg,"Baking Production Batch","Chocolate Chiffon Cake"
2026-07-31,"Salted Butter",9.13,kg,"Baking Production Batch","Chocolate Chip Cookies"
2026-07-31,"Fresh Eggs",42.91,pcs,"Baking Production Batch","Artisan Sourdough Loaf"
2026-07-31,"Whole Milk",8.33,L,"Baking Production Batch","Chocolate Chiffon Cake"
2026-07-31,"Instant Dry Yeast",1.93,kg,"Baking Production Batch","Artisan Sourdough Loaf"
2026-07-31,"Iodized Salt",2.03,kg,"Baking Production Batch","Ensaymada Especial"
2026-07-31,"Pure Vanilla Extract",0.59,L,"Baking Production Batch","Artisan Sourdough Loaf"
2026-07-31,"Cocoa Powder",3.26,kg,"Baking Production Batch","French Baguette"
2026-08-01,"Bread Flour",44.36,kg,"Baking Production Batch","Chocolate Chiffon Cake"
2026-08-01,"All-Purpose Flour",30.07,kg,"Baking Production Batch","Brioche Buns"
2026-08-01,"Refined White Sugar",21.91,kg,"Baking Production Batch","Butter Croissants"
2026-08-01,"Salted Butter",13.95,kg,"Baking Production Batch","Ensaymada Especial"
2026-08-01,"Fresh Eggs",67.68,pcs,"Baking Production Batch","Chocolate Chip Cookies"
2026-08-01,"Whole Milk",12.95,L,"Baking Production Batch","Chocolate Chip Cookies"
2026-08-01,"Instant Dry Yeast",2.54,kg,"Baking Production Batch","French Baguette"
2026-08-01,"Iodized Salt",2.73,kg,"Baking Production Batch","Classic Pandesal"
2026-08-01,"Pure Vanilla Extract",0.94,L,"Baking Production Batch","Ensaymada Especial"
2026-08-01,"Cocoa Powder",5.53,kg,"Baking Production Batch","Butter Croissants"
2026-08-02,"Bread Flour",41.17,kg,"Baking Production Batch","French Baguette"
2026-08-02,"All-Purpose Flour",34.62,kg,"Baking Production Batch","French Baguette"
2026-08-02,"Refined White Sugar",23.54,kg,"Baking Production Batch","Chocolate Chiffon Cake"
2026-08-02,"Salted Butter",15,kg,"Baking Production Batch","Classic Pandesal"
2026-08-02,"Fresh Eggs",68.24,pcs,"Baking Production Batch","Artisan Sourdough Loaf"
2026-08-02,"Whole Milk",12.69,L,"Baking Production Batch","French Baguette"
2026-08-02,"Instant Dry Yeast",2.41,kg,"Baking Production Batch","Butter Croissants"
2026-08-02,"Iodized Salt",3.39,kg,"Baking Production Batch","Butter Croissants"
2026-08-02,"Pure Vanilla Extract",0.87,L,"Baking Production Batch","Chocolate Chip Cookies"
2026-08-02,"Cocoa Powder",4.41,kg,"Baking Production Batch","Classic Pandesal"
2026-08-03,"Bread Flour",32.1,kg,"Baking Production Batch","Ensaymada Especial"
2026-08-03,"All-Purpose Flour",20.18,kg,"Baking Production Batch","Chocolate Chip Cookies"
2026-08-03,"Refined White Sugar",15.95,kg,"Baking Production Batch","French Baguette"
2026-08-03,"Salted Butter",9.75,kg,"Baking Production Batch","Artisan Sourdough Loaf"
2026-08-03,"Fresh Eggs",42.26,pcs,"Baking Production Batch","Brioche Buns"
2026-08-03,"Whole Milk",7.51,L,"Baking Production Batch","Chocolate Chiffon Cake"
2026-08-03,"Instant Dry Yeast",2.02,kg,"Baking Production Batch","Butter Croissants"
2026-08-03,"Iodized Salt",2.36,kg,"Baking Production Batch","Artisan Sourdough Loaf"
2026-08-03,"Pure Vanilla Extract",0.55,L,"Baking Production Batch","Butter Croissants"
2026-08-03,"Cocoa Powder",3.28,kg,"Baking Production Batch","Butter Croissants"
2026-08-04,"Bread Flour",28.07,kg,"Baking Production Batch","Butter Croissants"
2026-08-04,"All-Purpose Flour",19.8,kg,"Baking Production Batch","Butter Croissants"
2026-08-04,"Refined White Sugar",16.47,kg,"Baking Production Batch","Brioche Buns"
2026-08-04,"Salted Butter",11.1,kg,"Baking Production Batch","Ensaymada Especial"
2026-08-04,"Fresh Eggs",45.37,pcs,"Baking Production Batch","Chocolate Chip Cookies"
2026-08-04,"Whole Milk",8.31,L,"Baking Production Batch","Butter Croissants"
2026-08-04,"Instant Dry Yeast",1.87,kg,"Baking Production Batch","Chocolate Chip Cookies"
2026-08-04,"Iodized Salt",2.33,kg,"Baking Production Batch","Artisan Sourdough Loaf"
2026-08-04,"Pure Vanilla Extract",0.66,L,"Baking Production Batch","Artisan Sourdough Loaf"
2026-08-04,"Cocoa Powder",3.42,kg,"Baking Production Batch","Brioche Buns"
2026-08-05,"Bread Flour",30.29,kg,"Baking Production Batch","French Baguette"
2026-08-05,"All-Purpose Flour",22.84,kg,"Baking Production Batch","Chocolate Chip Cookies"
2026-08-05,"Refined White Sugar",14.72,kg,"Baking Production Batch","Artisan Sourdough Loaf"
2026-08-05,"Salted Butter",9.42,kg,"Baking Production Batch","French Baguette"
2026-08-05,"Fresh Eggs",45.55,pcs,"Baking Production Batch","Ensaymada Especial"
2026-08-05,"Whole Milk",8.98,L,"Baking Production Batch","Butter Croissants"
2026-08-05,"Instant Dry Yeast",1.89,kg,"Baking Production Batch","Chocolate Chiffon Cake"
2026-08-05,"Iodized Salt",2.18,kg,"Baking Production Batch","Brioche Buns"
2026-08-05,"Pure Vanilla Extract",0.57,L,"Baking Production Batch","French Baguette"
2026-08-05,"Cocoa Powder",3.22,kg,"Baking Production Batch","Ensaymada Especial"
2026-08-06,"Bread Flour",29.05,kg,"Baking Production Batch","Butter Croissants"
2026-08-06,"All-Purpose Flour",20.79,kg,"Baking Production Batch","Chocolate Chiffon Cake"
2026-08-06,"Refined White Sugar",14.73,kg,"Baking Production Batch","Artisan Sourdough Loaf"
2026-08-06,"Salted Butter",9.55,kg,"Baking Production Batch","Brioche Buns"
2026-08-06,"Fresh Eggs",45.57,pcs,"Baking Production Batch","Chocolate Chip Cookies"
2026-08-06,"Whole Milk",7.53,L,"Baking Production Batch","Classic Pandesal"
2026-08-06,"Instant Dry Yeast",1.98,kg,"Baking Production Batch","Butter Croissants"
2026-08-06,"Iodized Salt",2.01,kg,"Baking Production Batch","Artisan Sourdough Loaf"
2026-08-06,"Pure Vanilla Extract",0.54,L,"Baking Production Batch","Brioche Buns"
2026-08-06,"Cocoa Powder",3.88,kg,"Baking Production Batch","Brioche Buns"
2026-08-07,"Bread Flour",28.81,kg,"Baking Production Batch","Chocolate Chip Cookies"
2026-08-07,"All-Purpose Flour",23.44,kg,"Baking Production Batch","Chocolate Chip Cookies"
2026-08-07,"Refined White Sugar",18.06,kg,"Baking Production Batch","Classic Pandesal"
2026-08-07,"Salted Butter",10.14,kg,"Baking Production Batch","French Baguette"
2026-08-07,"Fresh Eggs",40.36,pcs,"Baking Production Batch","Chocolate Chip Cookies"
2026-08-07,"Whole Milk",8.04,L,"Baking Production Batch","Chocolate Chip Cookies"
2026-08-07,"Instant Dry Yeast",1.59,kg,"Baking Production Batch","Classic Pandesal"
2026-08-07,"Iodized Salt",2.02,kg,"Baking Production Batch","Classic Pandesal"
2026-08-07,"Pure Vanilla Extract",0.67,L,"Baking Production Batch","Chocolate Chiffon Cake"
2026-08-07,"Cocoa Powder",3.12,kg,"Baking Production Batch","Chocolate Chiffon Cake"
2026-08-08,"Bread Flour",41.84,kg,"Baking Production Batch","Chocolate Chiffon Cake"
2026-08-08,"All-Purpose Flour",30.53,kg,"Baking Production Batch","Butter Croissants"
2026-08-08,"Refined White Sugar",21.29,kg,"Baking Production Batch","Butter Croissants"
2026-08-08,"Salted Butter",15.35,kg,"Baking Production Batch","Artisan Sourdough Loaf"
2026-08-08,"Fresh Eggs",64.66,pcs,"Baking Production Batch","Chocolate Chiffon Cake"
2026-08-08,"Whole Milk",10.82,L,"Baking Production Batch","Artisan Sourdough Loaf"
2026-08-08,"Instant Dry Yeast",2.23,kg,"Baking Production Batch","Butter Croissants"
2026-08-08,"Iodized Salt",3.36,kg,"Baking Production Batch","Chocolate Chiffon Cake"
2026-08-08,"Pure Vanilla Extract",0.8,L,"Baking Production Batch","Ensaymada Especial"
2026-08-08,"Cocoa Powder",4.68,kg,"Baking Production Batch","Chocolate Chiffon Cake"
2026-08-09,"Bread Flour",38.31,kg,"Baking Production Batch","French Baguette"
2026-08-09,"All-Purpose Flour",28.04,kg,"Baking Production Batch","Brioche Buns"
2026-08-09,"Refined White Sugar",21.54,kg,"Baking Production Batch","Classic Pandesal"
2026-08-09,"Salted Butter",13.95,kg,"Baking Production Batch","Artisan Sourdough Loaf"
2026-08-09,"Fresh Eggs",64.88,pcs,"Baking Production Batch","Ensaymada Especial"
2026-08-09,"Whole Milk",13.34,L,"Baking Production Batch","Chocolate Chip Cookies"
2026-08-09,"Instant Dry Yeast",2.53,kg,"Baking Production Batch","Chocolate Chiffon Cake"
2026-08-09,"Iodized Salt",3.4,kg,"Baking Production Batch","Brioche Buns"
2026-08-09,"Pure Vanilla Extract",0.82,L,"Baking Production Batch","Ensaymada Especial"
2026-08-09,"Cocoa Powder",4.79,kg,"Baking Production Batch","Ensaymada Especial"
2026-08-10,"Bread Flour",26.03,kg,"Baking Production Batch","Chocolate Chip Cookies"
2026-08-10,"All-Purpose Flour",20.2,kg,"Baking Production Batch","Classic Pandesal"
2026-08-10,"Refined White Sugar",15.58,kg,"Baking Production Batch","Brioche Buns"
2026-08-10,"Salted Butter",9.51,kg,"Baking Production Batch","Brioche Buns"
2026-08-10,"Fresh Eggs",41.64,pcs,"Baking Production Batch","Butter Croissants"
2026-08-10,"Whole Milk",9.49,L,"Baking Production Batch","Brioche Buns"
2026-08-10,"Instant Dry Yeast",2.01,kg,"Baking Production Batch","French Baguette"
2026-08-10,"Iodized Salt",2.14,kg,"Baking Production Batch","Chocolate Chip Cookies"
2026-08-10,"Pure Vanilla Extract",0.65,L,"Baking Production Batch","Classic Pandesal"
2026-08-10,"Cocoa Powder",3.78,kg,"Baking Production Batch","Ensaymada Especial"
2026-08-11,"Bread Flour",28.13,kg,"Baking Production Batch","Artisan Sourdough Loaf"
2026-08-11,"All-Purpose Flour",22.19,kg,"Baking Production Batch","Brioche Buns"
2026-08-11,"Refined White Sugar",17.73,kg,"Baking Production Batch","Ensaymada Especial"
2026-08-11,"Salted Butter",10.35,kg,"Baking Production Batch","Classic Pandesal"
2026-08-11,"Fresh Eggs",45.45,pcs,"Baking Production Batch","Brioche Buns"
2026-08-11,"Whole Milk",7.81,L,"Baking Production Batch","Butter Croissants"
2026-08-11,"Instant Dry Yeast",1.67,kg,"Baking Production Batch","Chocolate Chiffon Cake"
2026-08-11,"Iodized Salt",2.02,kg,"Baking Production Batch","Classic Pandesal"
2026-08-11,"Pure Vanilla Extract",0.63,L,"Baking Production Batch","Ensaymada Especial"
2026-08-11,"Cocoa Powder",3.88,kg,"Baking Production Batch","Classic Pandesal"
2026-08-12,"Bread Flour",30.85,kg,"Baking Production Batch","Butter Croissants"
2026-08-12,"All-Purpose Flour",20.51,kg,"Baking Production Batch","Chocolate Chiffon Cake"
2026-08-12,"Refined White Sugar",16.51,kg,"Baking Production Batch","French Baguette"
2026-08-12,"Salted Butter",10.46,kg,"Baking Production Batch","Chocolate Chip Cookies"
2026-08-12,"Fresh Eggs",50.77,pcs,"Baking Production Batch","Ensaymada Especial"
2026-08-12,"Whole Milk",9.51,L,"Baking Production Batch","Ensaymada Especial"
2026-08-12,"Instant Dry Yeast",1.99,kg,"Baking Production Batch","Artisan Sourdough Loaf"
2026-08-12,"Iodized Salt",2.3,kg,"Baking Production Batch","Artisan Sourdough Loaf"
2026-08-12,"Pure Vanilla Extract",0.56,L,"Baking Production Batch","French Baguette"
2026-08-12,"Cocoa Powder",3.25,kg,"Baking Production Batch","Brioche Buns"
2026-08-13,"Bread Flour",29.97,kg,"Baking Production Batch","Brioche Buns"
2026-08-13,"All-Purpose Flour",21.1,kg,"Baking Production Batch","Brioche Buns"
2026-08-13,"Refined White Sugar",15.12,kg,"Baking Production Batch","Chocolate Chip Cookies"
2026-08-13,"Salted Butter",9.43,kg,"Baking Production Batch","Chocolate Chip Cookies"
2026-08-13,"Fresh Eggs",48.35,pcs,"Baking Production Batch","French Baguette"
2026-08-13,"Whole Milk",7.76,L,"Baking Production Batch","Brioche Buns"
2026-08-13,"Instant Dry Yeast",1.83,kg,"Baking Production Batch","French Baguette"
2026-08-13,"Iodized Salt",2.22,kg,"Baking Production Batch","Chocolate Chip Cookies"
2026-08-13,"Pure Vanilla Extract",0.58,L,"Baking Production Batch","Classic Pandesal"
2026-08-13,"Cocoa Powder",3.83,kg,"Baking Production Batch","Classic Pandesal"
2026-08-14,"Bread Flour",30.99,kg,"Baking Production Batch","French Baguette"
2026-08-14,"All-Purpose Flour",19.92,kg,"Baking Production Batch","Artisan Sourdough Loaf"
2026-08-14,"Refined White Sugar",16.12,kg,"Baking Production Batch","French Baguette"
2026-08-14,"Salted Butter",10.62,kg,"Baking Production Batch","French Baguette"
2026-08-14,"Fresh Eggs",46.04,pcs,"Baking Production Batch","Brioche Buns"
2026-08-14,"Whole Milk",9.4,L,"Baking Production Batch","French Baguette"
2026-08-14,"Instant Dry Yeast",1.73,kg,"Baking Production Batch","Artisan Sourdough Loaf"
2026-08-14,"Iodized Salt",2.42,kg,"Baking Production Batch","Artisan Sourdough Loaf"
2026-08-14,"Pure Vanilla Extract",0.62,L,"Baking Production Batch","French Baguette"
2026-08-14,"Cocoa Powder",3.23,kg,"Baking Production Batch","Chocolate Chiffon Cake"
2026-08-15,"Bread Flour",44.31,kg,"Baking Production Batch","Classic Pandesal"
2026-08-15,"All-Purpose Flour",32.71,kg,"Baking Production Batch","Artisan Sourdough Loaf"
2026-08-15,"Refined White Sugar",25.37,kg,"Baking Production Batch","Brioche Buns"
2026-08-15,"Salted Butter",12.98,kg,"Baking Production Batch","Classic Pandesal"
2026-08-15,"Fresh Eggs",68.71,pcs,"Baking Production Batch","Butter Croissants"
2026-08-15,"Whole Milk",13.12,L,"Baking Production Batch","Ensaymada Especial"
2026-08-15,"Instant Dry Yeast",2.81,kg,"Baking Production Batch","Artisan Sourdough Loaf"
2026-08-15,"Iodized Salt",2.79,kg,"Baking Production Batch","Classic Pandesal"
2026-08-15,"Pure Vanilla Extract",0.85,L,"Baking Production Batch","Brioche Buns"
2026-08-15,"Cocoa Powder",5.53,kg,"Baking Production Batch","French Baguette"
2026-08-16,"Bread Flour",41.97,kg,"Baking Production Batch","Butter Croissants"
2026-08-16,"All-Purpose Flour",28.67,kg,"Baking Production Batch","Ensaymada Especial"
2026-08-16,"Refined White Sugar",22.99,kg,"Baking Production Batch","Artisan Sourdough Loaf"
2026-08-16,"Salted Butter",15.04,kg,"Baking Production Batch","Classic Pandesal"
2026-08-16,"Fresh Eggs",68.7,pcs,"Baking Production Batch","Artisan Sourdough Loaf"
2026-08-16,"Whole Milk",11.57,L,"Baking Production Batch","Classic Pandesal"
2026-08-16,"Instant Dry Yeast",2.7,kg,"Baking Production Batch","Butter Croissants"
2026-08-16,"Iodized Salt",3.19,kg,"Baking Production Batch","Brioche Buns"
2026-08-16,"Pure Vanilla Extract",0.89,L,"Baking Production Batch","Classic Pandesal"
2026-08-16,"Cocoa Powder",5.02,kg,"Baking Production Batch","Classic Pandesal"
2026-08-17,"Bread Flour",28.87,kg,"Baking Production Batch","Ensaymada Especial"
2026-08-17,"All-Purpose Flour",23.23,kg,"Baking Production Batch","Butter Croissants"
2026-08-17,"Refined White Sugar",15.7,kg,"Baking Production Batch","Butter Croissants"
2026-08-17,"Salted Butter",9.51,kg,"Baking Production Batch","Classic Pandesal"
2026-08-17,"Fresh Eggs",42.42,pcs,"Baking Production Batch","Ensaymada Especial"
2026-08-17,"Whole Milk",8.83,L,"Baking Production Batch","Classic Pandesal"
2026-08-17,"Instant Dry Yeast",1.84,kg,"Baking Production Batch","Brioche Buns"
2026-08-17,"Iodized Salt",2.41,kg,"Baking Production Batch","Artisan Sourdough Loaf"
2026-08-17,"Pure Vanilla Extract",0.64,L,"Baking Production Batch","Brioche Buns"
2026-08-17,"Cocoa Powder",3.89,kg,"Baking Production Batch","Artisan Sourdough Loaf"
2026-08-18,"Bread Flour",31.88,kg,"Baking Production Batch","Butter Croissants"
2026-08-18,"All-Purpose Flour",22.52,kg,"Baking Production Batch","Artisan Sourdough Loaf"
2026-08-18,"Refined White Sugar",17.5,kg,"Baking Production Batch","Classic Pandesal"
2026-08-18,"Salted Butter",9.58,kg,"Baking Production Batch","Classic Pandesal"
2026-08-18,"Fresh Eggs",46.85,pcs,"Baking Production Batch","Artisan Sourdough Loaf"
2026-08-18,"Whole Milk",8.34,L,"Baking Production Batch","Chocolate Chip Cookies"
2026-08-18,"Instant Dry Yeast",2.02,kg,"Baking Production Batch","Ensaymada Especial"
2026-08-18,"Iodized Salt",2.44,kg,"Baking Production Batch","Brioche Buns"
2026-08-18,"Pure Vanilla Extract",0.66,L,"Baking Production Batch","Butter Croissants"
2026-08-18,"Cocoa Powder",3.47,kg,"Baking Production Batch","Butter Croissants"
2026-08-19,"Bread Flour",25.83,kg,"Baking Production Batch","Chocolate Chip Cookies"
2026-08-19,"All-Purpose Flour",24.62,kg,"Baking Production Batch","Brioche Buns"
2026-08-19,"Refined White Sugar",15.35,kg,"Baking Production Batch","Chocolate Chiffon Cake"
2026-08-19,"Salted Butter",9.56,kg,"Baking Production Batch","Chocolate Chip Cookies"
2026-08-19,"Fresh Eggs",40.19,pcs,"Baking Production Batch","Brioche Buns"
2026-08-19,"Whole Milk",7.64,L,"Baking Production Batch","Artisan Sourdough Loaf"
2026-08-19,"Instant Dry Yeast",1.83,kg,"Baking Production Batch","Brioche Buns"
2026-08-19,"Iodized Salt",2.38,kg,"Baking Production Batch","Classic Pandesal"
2026-08-19,"Pure Vanilla Extract",0.55,L,"Baking Production Batch","Chocolate Chiffon Cake"
2026-08-19,"Cocoa Powder",3.26,kg,"Baking Production Batch","Ensaymada Especial"
2026-08-20,"Bread Flour",29.34,kg,"Baking Production Batch","Ensaymada Especial"
2026-08-20,"All-Purpose Flour",23.18,kg,"Baking Production Batch","Butter Croissants"
2026-08-20,"Refined White Sugar",15.41,kg,"Baking Production Batch","Chocolate Chip Cookies"
2026-08-20,"Salted Butter",10.17,kg,"Baking Production Batch","Chocolate Chiffon Cake"
2026-08-20,"Fresh Eggs",48.49,pcs,"Baking Production Batch","Ensaymada Especial"
2026-08-20,"Whole Milk",9.14,L,"Baking Production Batch","Brioche Buns"
2026-08-20,"Instant Dry Yeast",1.69,kg,"Baking Production Batch","Ensaymada Especial"
2026-08-20,"Iodized Salt",2,kg,"Baking Production Batch","Artisan Sourdough Loaf"
2026-08-20,"Pure Vanilla Extract",0.66,L,"Baking Production Batch","Ensaymada Especial"
2026-08-20,"Cocoa Powder",3.95,kg,"Baking Production Batch","Butter Croissants"
2026-08-21,"Bread Flour",29.03,kg,"Baking Production Batch","French Baguette"
2026-08-21,"All-Purpose Flour",20.32,kg,"Baking Production Batch","French Baguette"
2026-08-21,"Refined White Sugar",16.42,kg,"Baking Production Batch","Artisan Sourdough Loaf"
2026-08-21,"Salted Butter",9.09,kg,"Baking Production Batch","Artisan Sourdough Loaf"
2026-08-21,"Fresh Eggs",45.99,pcs,"Baking Production Batch","Butter Croissants"
2026-08-21,"Whole Milk",8.13,L,"Baking Production Batch","Chocolate Chiffon Cake"
2026-08-21,"Instant Dry Yeast",1.71,kg,"Baking Production Batch","Butter Croissants"
2026-08-21,"Iodized Salt",2.44,kg,"Baking Production Batch","Ensaymada Especial"
2026-08-21,"Pure Vanilla Extract",0.63,L,"Baking Production Batch","Ensaymada Especial"
2026-08-21,"Cocoa Powder",3.38,kg,"Baking Production Batch","Ensaymada Especial"
2026-08-22,"Bread Flour",43.76,kg,"Baking Production Batch","Chocolate Chip Cookies"
2026-08-22,"All-Purpose Flour",32.87,kg,"Baking Production Batch","Classic Pandesal"
2026-08-22,"Refined White Sugar",21.46,kg,"Baking Production Batch","Brioche Buns"
2026-08-22,"Salted Butter",14.64,kg,"Baking Production Batch","Chocolate Chiffon Cake"
2026-08-22,"Fresh Eggs",65.93,pcs,"Baking Production Batch","Chocolate Chiffon Cake"
2026-08-22,"Whole Milk",10.92,L,"Baking Production Batch","Brioche Buns"
2026-08-22,"Instant Dry Yeast",2.42,kg,"Baking Production Batch","Brioche Buns"
2026-08-22,"Iodized Salt",3.42,kg,"Baking Production Batch","Artisan Sourdough Loaf"
2026-08-22,"Pure Vanilla Extract",0.79,L,"Baking Production Batch","Classic Pandesal"
2026-08-22,"Cocoa Powder",4.33,kg,"Baking Production Batch","Brioche Buns"
2026-08-23,"Bread Flour",36,kg,"Baking Production Batch","Chocolate Chip Cookies"
2026-08-23,"All-Purpose Flour",28,kg,"Baking Production Batch","Ensaymada Especial"
2026-08-23,"Refined White Sugar",22.33,kg,"Baking Production Batch","Artisan Sourdough Loaf"
2026-08-23,"Salted Butter",14.25,kg,"Baking Production Batch","Artisan Sourdough Loaf"
2026-08-23,"Fresh Eggs",61.49,pcs,"Baking Production Batch","Chocolate Chiffon Cake"
2026-08-23,"Whole Milk",12.62,L,"Baking Production Batch","Chocolate Chiffon Cake"
2026-08-23,"Instant Dry Yeast",2.59,kg,"Baking Production Batch","Chocolate Chip Cookies"
2026-08-23,"Iodized Salt",2.77,kg,"Baking Production Batch","Artisan Sourdough Loaf"
2026-08-23,"Pure Vanilla Extract",0.94,L,"Baking Production Batch","Chocolate Chip Cookies"
2026-08-23,"Cocoa Powder",4.58,kg,"Baking Production Batch","Chocolate Chiffon Cake"
2026-08-24,"Bread Flour",28.26,kg,"Baking Production Batch","Ensaymada Especial"
2026-08-24,"All-Purpose Flour",19.76,kg,"Baking Production Batch","Artisan Sourdough Loaf"
2026-08-24,"Refined White Sugar",18.42,kg,"Baking Production Batch","French Baguette"
2026-08-24,"Salted Butter",11.17,kg,"Baking Production Batch","Brioche Buns"
2026-08-24,"Fresh Eggs",49.01,pcs,"Baking Production Batch","Chocolate Chip Cookies"
2026-08-24,"Whole Milk",9.02,L,"Baking Production Batch","Ensaymada Especial"
2026-08-24,"Instant Dry Yeast",1.78,kg,"Baking Production Batch","Brioche Buns"
2026-08-24,"Iodized Salt",2.43,kg,"Baking Production Batch","Brioche Buns"
2026-08-24,"Pure Vanilla Extract",0.63,L,"Baking Production Batch","Brioche Buns"
2026-08-24,"Cocoa Powder",3.89,kg,"Baking Production Batch","Brioche Buns"
2026-08-25,"Bread Flour",29.94,kg,"Baking Production Batch","Ensaymada Especial"
2026-08-25,"All-Purpose Flour",23.2,kg,"Baking Production Batch","Chocolate Chip Cookies"
2026-08-25,"Refined White Sugar",16.82,kg,"Baking Production Batch","Artisan Sourdough Loaf"
2026-08-25,"Salted Butter",10.83,kg,"Baking Production Batch","Chocolate Chip Cookies"
2026-08-25,"Fresh Eggs",50.55,pcs,"Baking Production Batch","Chocolate Chip Cookies"
2026-08-25,"Whole Milk",8.88,L,"Baking Production Batch","Chocolate Chiffon Cake"
2026-08-25,"Instant Dry Yeast",1.89,kg,"Baking Production Batch","Butter Croissants"
2026-08-25,"Iodized Salt",2.44,kg,"Baking Production Batch","Artisan Sourdough Loaf"
2026-08-25,"Pure Vanilla Extract",0.53,L,"Baking Production Batch","Chocolate Chip Cookies"
2026-08-25,"Cocoa Powder",3.75,kg,"Baking Production Batch","Ensaymada Especial"
2026-08-26,"Bread Flour",30.72,kg,"Baking Production Batch","Brioche Buns"
2026-08-26,"All-Purpose Flour",21.15,kg,"Baking Production Batch","Classic Pandesal"
2026-08-26,"Refined White Sugar",15.19,kg,"Baking Production Batch","Chocolate Chip Cookies"
2026-08-26,"Salted Butter",11.14,kg,"Baking Production Batch","Ensaymada Especial"
2026-08-26,"Fresh Eggs",42.75,pcs,"Baking Production Batch","Artisan Sourdough Loaf"
2026-08-26,"Whole Milk",8.33,L,"Baking Production Batch","Ensaymada Especial"
2026-08-26,"Instant Dry Yeast",1.85,kg,"Baking Production Batch","Classic Pandesal"
2026-08-26,"Iodized Salt",2.41,kg,"Baking Production Batch","Chocolate Chip Cookies"
2026-08-26,"Pure Vanilla Extract",0.59,L,"Baking Production Batch","Chocolate Chip Cookies"
2026-08-26,"Cocoa Powder",3.17,kg,"Baking Production Batch","Classic Pandesal"
2026-08-27,"Bread Flour",27.34,kg,"Baking Production Batch","Classic Pandesal"
2026-08-27,"All-Purpose Flour",24.01,kg,"Baking Production Batch","Chocolate Chiffon Cake"
2026-08-27,"Refined White Sugar",18.07,kg,"Baking Production Batch","French Baguette"
2026-08-27,"Salted Butter",11.27,kg,"Baking Production Batch","Chocolate Chip Cookies"
2026-08-27,"Fresh Eggs",48.8,pcs,"Baking Production Batch","Ensaymada Especial"
2026-08-27,"Whole Milk",7.52,L,"Baking Production Batch","Chocolate Chip Cookies"
2026-08-27,"Instant Dry Yeast",1.79,kg,"Baking Production Batch","French Baguette"
2026-08-27,"Iodized Salt",2.26,kg,"Baking Production Batch","French Baguette"
2026-08-27,"Pure Vanilla Extract",0.58,L,"Baking Production Batch","Classic Pandesal"
2026-08-27,"Cocoa Powder",3.81,kg,"Baking Production Batch","Artisan Sourdough Loaf"
2026-08-28,"Bread Flour",29.56,kg,"Baking Production Batch","French Baguette"
2026-08-28,"All-Purpose Flour",21.51,kg,"Baking Production Batch","Classic Pandesal"
2026-08-28,"Refined White Sugar",15.22,kg,"Baking Production Batch","Chocolate Chiffon Cake"
2026-08-28,"Salted Butter",9.42,kg,"Baking Production Batch","Chocolate Chiffon Cake"
2026-08-28,"Fresh Eggs",41.65,pcs,"Baking Production Batch","Butter Croissants"
2026-08-28,"Whole Milk",7.59,L,"Baking Production Batch","Ensaymada Especial"
2026-08-28,"Instant Dry Yeast",1.96,kg,"Baking Production Batch","Classic Pandesal"
2026-08-28,"Iodized Salt",1.95,kg,"Baking Production Batch","Brioche Buns"
2026-08-28,"Pure Vanilla Extract",0.57,L,"Baking Production Batch","Chocolate Chiffon Cake"
2026-08-28,"Cocoa Powder",3.5,kg,"Baking Production Batch","Ensaymada Especial"
2026-08-29,"Bread Flour",35.91,kg,"Baking Production Batch","Butter Croissants"
2026-08-29,"All-Purpose Flour",27.8,kg,"Baking Production Batch","Artisan Sourdough Loaf"
2026-08-29,"Refined White Sugar",20.39,kg,"Baking Production Batch","Brioche Buns"
2026-08-29,"Salted Butter",13.72,kg,"Baking Production Batch","Butter Croissants"
2026-08-29,"Fresh Eggs",68.81,pcs,"Baking Production Batch","Butter Croissants"
2026-08-29,"Whole Milk",12.85,L,"Baking Production Batch","Classic Pandesal"
2026-08-29,"Instant Dry Yeast",2.26,kg,"Baking Production Batch","Chocolate Chiffon Cake"
2026-08-29,"Iodized Salt",2.79,kg,"Baking Production Batch","French Baguette"
2026-08-29,"Pure Vanilla Extract",0.89,L,"Baking Production Batch","Ensaymada Especial"
2026-08-29,"Cocoa Powder",4.87,kg,"Baking Production Batch","Butter Croissants"
2026-08-30,"Bread Flour",43.98,kg,"Baking Production Batch","Classic Pandesal"
2026-08-30,"All-Purpose Flour",28.36,kg,"Baking Production Batch","Brioche Buns"
2026-08-30,"Refined White Sugar",24.79,kg,"Baking Production Batch","Brioche Buns"
2026-08-30,"Salted Butter",14.38,kg,"Baking Production Batch","Brioche Buns"
2026-08-30,"Fresh Eggs",67.99,pcs,"Baking Production Batch","Ensaymada Especial"
2026-08-30,"Whole Milk",12.61,L,"Baking Production Batch","Brioche Buns"
2026-08-30,"Instant Dry Yeast",2.75,kg,"Baking Production Batch","Chocolate Chip Cookies"
2026-08-30,"Iodized Salt",2.75,kg,"Baking Production Batch","Brioche Buns"
2026-08-30,"Pure Vanilla Extract",0.88,L,"Baking Production Batch","Brioche Buns"
2026-08-30,"Cocoa Powder",5.38,kg,"Baking Production Batch","Butter Croissants"
2026-08-31,"Bread Flour",26.99,kg,"Baking Production Batch","Butter Croissants"
2026-08-31,"All-Purpose Flour",24.55,kg,"Baking Production Batch","Chocolate Chiffon Cake"
2026-08-31,"Refined White Sugar",14.68,kg,"Baking Production Batch","Brioche Buns"
2026-08-31,"Salted Butter",10.34,kg,"Baking Production Batch","French Baguette"
2026-08-31,"Fresh Eggs",48.81,pcs,"Baking Production Batch","Chocolate Chip Cookies"
2026-08-31,"Whole Milk",8.91,L,"Baking Production Batch","Chocolate Chiffon Cake"
2026-08-31,"Instant Dry Yeast",1.61,kg,"Baking Production Batch","Brioche Buns"
2026-08-31,"Iodized Salt",2.47,kg,"Baking Production Batch","Chocolate Chip Cookies"
2026-08-31,"Pure Vanilla Extract",0.63,L,"Baking Production Batch","French Baguette"
2026-08-31,"Cocoa Powder",3.19,kg,"Baking Production Batch","Chocolate Chiffon Cake"
2026-09-01,"Bread Flour",26.85,kg,"Baking Production Batch","Brioche Buns"
2026-09-01,"All-Purpose Flour",23.11,kg,"Baking Production Batch","Chocolate Chip Cookies"
2026-09-01,"Refined White Sugar",16.01,kg,"Baking Production Batch","French Baguette"
2026-09-01,"Salted Butter",10.23,kg,"Baking Production Batch","Ensaymada Especial"
2026-09-01,"Fresh Eggs",41,pcs,"Baking Production Batch","Chocolate Chiffon Cake"
2026-09-01,"Whole Milk",9.53,L,"Baking Production Batch","Ensaymada Especial"
2026-09-01,"Instant Dry Yeast",1.89,kg,"Baking Production Batch","Chocolate Chiffon Cake"
2026-09-01,"Iodized Salt",2.42,kg,"Baking Production Batch","Ensaymada Especial"
2026-09-01,"Pure Vanilla Extract",0.66,L,"Baking Production Batch","Ensaymada Especial"
2026-09-01,"Cocoa Powder",3.95,kg,"Baking Production Batch","Classic Pandesal"
2026-09-02,"Bread Flour",31.89,kg,"Baking Production Batch","Ensaymada Especial"
2026-09-02,"All-Purpose Flour",23.74,kg,"Baking Production Batch","Butter Croissants"
2026-09-02,"Refined White Sugar",15.17,kg,"Baking Production Batch","Classic Pandesal"
2026-09-02,"Salted Butter",10.45,kg,"Baking Production Batch","French Baguette"
2026-09-02,"Fresh Eggs",50.35,pcs,"Baking Production Batch","French Baguette"
2026-09-02,"Whole Milk",9.12,L,"Baking Production Batch","Butter Croissants"
2026-09-02,"Instant Dry Yeast",1.61,kg,"Baking Production Batch","Butter Croissants"
2026-09-02,"Iodized Salt",2.14,kg,"Baking Production Batch","Butter Croissants"
2026-09-02,"Pure Vanilla Extract",0.63,L,"Baking Production Batch","Brioche Buns"
2026-09-02,"Cocoa Powder",3.36,kg,"Baking Production Batch","French Baguette"
