receipt_date,item_code,material_name,received_quantity,unit,supplier_name,received_by,remarks
2026-01-01,RM-001,"Food Grade Sunset Yellow / Orange Dye",4.36,kg,"Quezon Agricultural Producers Coop","Warehouse Inbound Team","Authorized supplier stock replenishment"
2026-01-06,RM-001,"Food Grade Sunset Yellow / Orange Dye",5.13,kg,"Quezon Agricultural Producers Coop","Warehouse Inbound Team","Authorized supplier stock replenishment"
2026-01-11,RM-001,"Food Grade Sunset Yellow / Orange Dye",4.11,kg,"Quezon Agricultural Producers Coop","Warehouse Inbound Team","Authorized supplier stock replenishment"
2026-01-16,RM-001,"Food Grade Sunset Yellow / Orange Dye",3.66,kg,"Quezon Agricultural Producers Coop","Warehouse Inbound Team","Authorized supplier stock replenishment"
2026-01-21,RM-001,"Food Grade Sunset Yellow / Orange Dye",4.83,kg,"Quezon Agricultural Producers Coop","Warehouse Inbound Team","Authorized supplier stock replenishment"
2026-01-26,RM-001,"Food Grade Sunset Yellow / Orange Dye",4.91,kg,"Quezon Agricultural Producers Coop","Warehouse Inbound Team","Authorized supplier stock replenishment"
2026-01-31,RM-001,"Food Grade Sunset Yellow / Orange Dye",3.72,kg,"Quezon Agricultural Producers Coop","Warehouse Inbound Team","Authorized supplier stock replenishment"
2026-02-05,RM-001,"Food Grade Sunset Yellow / Orange Dye",4.01,kg,"Quezon Agricultural Producers Coop","Warehouse Inbound Team","Authorized supplier stock replenishment"
2026-02-10,RM-001,"Food Grade Sunset Yellow / Orange Dye",5.11,kg,"Quezon Agricultural Producers Coop","Warehouse Inbound Team","Authorized supplier stock replenishment"
2026-02-15,RM-001,"Food Grade Sunset Yellow / Orange Dye",4.47,kg,"Quezon Agricultural Producers Coop","Warehouse Inbound Team","Authorized supplier stock replenishment"
2026-02-20,RM-001,"Food Grade Sunset Yellow / Orange Dye",3.57,kg,"Quezon Agricultural Producers Coop","Warehouse Inbound Team","Authorized supplier stock replenishment"
2026-02-25,RM-001,"Food Grade Sunset Yellow / Orange Dye",4.5,kg,"Quezon Agricultural Producers Coop","Warehouse Inbound Team","Authorized supplier stock replenishment"
2026-03-02,RM-001,"Food Grade Sunset Yellow / Orange Dye",5.1,kg,"Quezon Agricultural Producers Coop","Warehouse Inbound Team","Authorized supplier stock replenishment"
2026-03-07,RM-001,"Food Grade Sunset Yellow / Orange Dye",3.98,kg,"Quezon Agricultural Producers Coop","Warehouse Inbound Team","Authorized supplier stock replenishment"
2026-03-12,RM-001,"Food Grade Sunset Yellow / Orange Dye",3.74,kg,"Quezon Agricultural Producers Coop","Warehouse Inbound Team","Authorized supplier stock replenishment"
2026-03-17,RM-001,"Food Grade Sunset Yellow / Orange Dye",4.93,kg,"Quezon Agricultural Producers Coop","Warehouse Inbound Team","Authorized supplier stock replenishment"
2026-03-22,RM-001,"Food Grade Sunset Yellow / Orange Dye",4.8,kg,"Quezon Agricultural Producers Coop","Warehouse Inbound Team","Authorized supplier stock replenishment"
2026-03-27,RM-001,"Food Grade Sunset Yellow / Orange Dye",3.65,kg,"Quezon Agricultural Producers Coop","Warehouse Inbound Team","Authorized supplier stock replenishment"
2026-04-01,RM-001,"Food Grade Sunset Yellow / Orange Dye",4.15,kg,"Quezon Agricultural Producers Coop","Warehouse Inbound Team","Authorized supplier stock replenishment"
2026-04-06,RM-001,"Food Grade Sunset Yellow / Orange Dye",5.14,kg,"Quezon Agricultural Producers Coop","Warehouse Inbound Team","Authorized supplier stock replenishment"
2026-04-11,RM-001,"Food Grade Sunset Yellow / Orange Dye",4.33,kg,"Quezon Agricultural Producers Coop","Warehouse Inbound Team","Authorized supplier stock replenishment"
2026-04-16,RM-001,"Food Grade Sunset Yellow / Orange Dye",3.59,kg,"Quezon Agricultural Producers Coop","Warehouse Inbound Team","Authorized supplier stock replenishment"
2026-04-21,RM-001,"Food Grade Sunset Yellow / Orange Dye",4.64,kg,"Quezon Agricultural Producers Coop","Warehouse Inbound Team","Authorized supplier stock replenishment"
2026-04-26,RM-001,"Food Grade Sunset Yellow / Orange Dye",5.04,kg,"Quezon Agricultural Producers Coop","Warehouse Inbound Team","Authorized supplier stock replenishment"
2026-05-01,RM-001,"Food Grade Sunset Yellow / Orange Dye",3.87,kg,"Quezon Agricultural Producers Coop","Warehouse Inbound Team","Authorized supplier stock replenishment"
2026-05-06,RM-001,"Food Grade Sunset Yellow / Orange Dye",3.83,kg,"Quezon Agricultural Producers Coop","Warehouse Inbound Team","Authorized supplier stock replenishment"
2026-05-11,RM-001,"Food Grade Sunset Yellow / Orange Dye",5.02,kg,"Quezon Agricultural Producers Coop","Warehouse Inbound Team","Authorized supplier stock replenishment"
2026-05-16,RM-001,"Food Grade Sunset Yellow / Orange Dye",4.67,kg,"Quezon Agricultural Producers Coop","Warehouse Inbound Team","Authorized supplier stock replenishment"
2026-05-21,RM-001,"Food Grade Sunset Yellow / Orange Dye",3.6,kg,"Quezon Agricultural Producers Coop","Warehouse Inbound Team","Authorized supplier stock replenishment"
2026-05-26,RM-001,"Food Grade Sunset Yellow / Orange Dye",4.28,kg,"Quezon Agricultural Producers Coop","Warehouse Inbound Team","Authorized supplier stock replenishment"
2026-05-31,RM-001,"Food Grade Sunset Yellow / Orange Dye",5.14,kg,"Quezon Agricultural Producers Coop","Warehouse Inbound Team","Authorized supplier stock replenishment"
2026-06-05,RM-001,"Food Grade Sunset Yellow / Orange Dye",4.19,kg,"Quezon Agricultural Producers Coop","Warehouse Inbound Team","Authorized supplier stock replenishment"
2026-06-10,RM-001,"Food Grade Sunset Yellow / Orange Dye",3.63,kg,"Quezon Agricultural Producers Coop","Warehouse Inbound Team","Authorized supplier stock replenishment"
2026-06-15,RM-001,"Food Grade Sunset Yellow / Orange Dye",4.76,kg,"Quezon Agricultural Producers Coop","Warehouse Inbound Team","Authorized supplier stock replenishment"
2026-06-20,RM-001,"Food Grade Sunset Yellow / Orange Dye",4.96,kg,"Quezon Agricultural Producers Coop","Warehouse Inbound Team","Authorized supplier stock replenishment"
2026-06-25,RM-001,"Food Grade Sunset Yellow / Orange Dye",3.76,kg,"Quezon Agricultural Producers Coop","Warehouse Inbound Team","Authorized supplier stock replenishment"
2026-06-30,RM-001,"Food Grade Sunset Yellow / Orange Dye",3.95,kg,"Quezon Agricultural Producers Coop","Warehouse Inbound Team","Authorized supplier stock replenishment"
2026-07-05,RM-001,"Food Grade Sunset Yellow / Orange Dye",5.08,kg,"Quezon Agricultural Producers Coop","Warehouse Inbound Team","Authorized supplier stock replenishment"
2026-07-10,RM-001,"Food Grade Sunset Yellow / Orange Dye",4.54,kg,"Quezon Agricultural Producers Coop","Warehouse Inbound Team","Authorized supplier stock replenishment"
2026-07-15,RM-001,"Food Grade Sunset Yellow / Orange Dye",3.58,kg,"Quezon Agricultural Producers Coop","Warehouse Inbound Team","Authorized supplier stock replenishment"
2026-07-20,RM-001,"Food Grade Sunset Yellow / Orange Dye",4.43,kg,"Quezon Agricultural Producers Coop","Warehouse Inbound Team","Authorized supplier stock replenishment"
2026-07-25,RM-001,"Food Grade Sunset Yellow / Orange Dye",5.12,kg,"Quezon Agricultural Producers Coop","Warehouse Inbound Team","Authorized supplier stock replenishment"
2026-07-30,RM-001,"Food Grade Sunset Yellow / Orange Dye",4.05,kg,"Quezon Agricultural Producers Coop","Warehouse Inbound Team","Authorized supplier stock replenishment"
2026-08-04,RM-001,"Food Grade Sunset Yellow / Orange Dye",3.7,kg,"Quezon Agricultural Producers Coop","Warehouse Inbound Team","Authorized supplier stock replenishment"
2026-08-09,RM-001,"Food Grade Sunset Yellow / Orange Dye",4.88,kg,"Quezon Agricultural Producers Coop","Warehouse Inbound Team","Authorized supplier stock replenishment"
2026-08-14,RM-001,"Food Grade Sunset Yellow / Orange Dye",4.86,kg,"Quezon Agricultural Producers Coop","Warehouse Inbound Team","Authorized supplier stock replenishment"
2026-08-19,RM-001,"Food Grade Sunset Yellow / Orange Dye",3.68,kg,"Quezon Agricultural Producers Coop","Warehouse Inbound Team","Authorized supplier stock replenishment"
2026-08-24,RM-001,"Food Grade Sunset Yellow / Orange Dye",4.07,kg,"Quezon Agricultural Producers Coop","Warehouse Inbound Team","Authorized supplier stock replenishment"
2026-08-29,RM-001,"Food Grade Sunset Yellow / Orange Dye",5.13,kg,"Quezon Agricultural Producers Coop","Warehouse Inbound Team","Authorized supplier stock replenishment"
2026-01-02,RM-002,"Baking Powder",22.13,kg,"Southern Luzon Ingredients Supply","Warehouse Inbound Team","Authorized supplier stock replenishment"
2026-01-07,RM-002,"Baking Powder",16.95,kg,"Southern Luzon Ingredients Supply","Warehouse Inbound Team","Authorized supplier stock replenishment"
2026-01-12,RM-002,"Baking Powder",16.91,kg,"Southern Luzon Ingredients Supply","Warehouse Inbound Team","Authorized supplier stock replenishment"
2026-01-17,RM-002,"Baking Powder",22.11,kg,"Southern Luzon Ingredients Supply","Warehouse Inbound Team","Authorized supplier stock replenishment"
2026-01-22,RM-002,"Baking Powder",20.5,kg,"Southern Luzon Ingredients Supply","Warehouse Inbound Team","Authorized supplier stock replenishment"
2026-01-27,RM-002,"Baking Powder",15.82,kg,"Southern Luzon Ingredients Supply","Warehouse Inbound Team","Authorized supplier stock replenishment"
2026-02-01,RM-002,"Baking Powder",18.91,kg,"Southern Luzon Ingredients Supply","Warehouse Inbound Team","Authorized supplier stock replenishment"
2026-02-06,RM-002,"Baking Powder",22.61,kg,"Southern Luzon Ingredients Supply","Warehouse Inbound Team","Authorized supplier stock replenishment"
2026-02-11,RM-002,"Baking Powder",18.34,kg,"Southern Luzon Ingredients Supply","Warehouse Inbound Team","Authorized supplier stock replenishment"
2026-02-16,RM-002,"Baking Powder",15.99,kg,"Southern Luzon Ingredients Supply","Warehouse Inbound Team","Authorized supplier stock replenishment"
2026-02-21,RM-002,"Baking Powder",21.01,kg,"Southern Luzon Ingredients Supply","Warehouse Inbound Team","Authorized supplier stock replenishment"
2026-02-26,RM-002,"Baking Powder",21.77,kg,"Southern Luzon Ingredients Supply","Warehouse Inbound Team","Authorized supplier stock replenishment"
2026-03-03,RM-002,"Baking Powder",16.51,kg,"Southern Luzon Ingredients Supply","Warehouse Inbound Team","Authorized supplier stock replenishment"
2026-03-08,RM-002,"Baking Powder",17.42,kg,"Southern Luzon Ingredients Supply","Warehouse Inbound Team","Authorized supplier stock replenishment"
2026-03-13,RM-002,"Baking Powder",22.38,kg,"Southern Luzon Ingredients Supply","Warehouse Inbound Team","Authorized supplier stock replenishment"
2026-03-18,RM-002,"Baking Powder",19.91,kg,"Southern Luzon Ingredients Supply","Warehouse Inbound Team","Authorized supplier stock replenishment"
2026-03-23,RM-002,"Baking Powder",15.73,kg,"Southern Luzon Ingredients Supply","Warehouse Inbound Team","Authorized supplier stock replenishment"
2026-03-28,RM-002,"Baking Powder",19.53,kg,"Southern Luzon Ingredients Supply","Warehouse Inbound Team","Authorized supplier stock replenishment"
2026-04-02,RM-002,"Baking Powder",22.5,kg,"Southern Luzon Ingredients Supply","Warehouse Inbound Team","Authorized supplier stock replenishment"
2026-04-07,RM-002,"Baking Powder",17.76,kg,"Southern Luzon Ingredients Supply","Warehouse Inbound Team","Authorized supplier stock replenishment"
2026-04-12,RM-002,"Baking Powder",16.29,kg,"Southern Luzon Ingredients Supply","Warehouse Inbound Team","Authorized supplier stock replenishment"
2026-04-17,RM-002,"Baking Powder",21.5,kg,"Southern Luzon Ingredients Supply","Warehouse Inbound Team","Authorized supplier stock replenishment"
2026-04-22,RM-002,"Baking Powder",21.32,kg,"Southern Luzon Ingredients Supply","Warehouse Inbound Team","Authorized supplier stock replenishment"
2026-04-27,RM-002,"Baking Powder",16.16,kg,"Southern Luzon Ingredients Supply","Warehouse Inbound Team","Authorized supplier stock replenishment"
2026-05-02,RM-002,"Baking Powder",17.98,kg,"Southern Luzon Ingredients Supply","Warehouse Inbound Team","Authorized supplier stock replenishment"
2026-05-07,RM-002,"Baking Powder",22.56,kg,"Southern Luzon Ingredients Supply","Warehouse Inbound Team","Authorized supplier stock replenishment"
2026-05-12,RM-002,"Baking Powder",19.29,kg,"Southern Luzon Ingredients Supply","Warehouse Inbound Team","Authorized supplier stock replenishment"
2026-05-17,RM-002,"Baking Powder",15.75,kg,"Southern Luzon Ingredients Supply","Warehouse Inbound Team","Authorized supplier stock replenishment"
2026-05-22,RM-002,"Baking Powder",20.14,kg,"Southern Luzon Ingredients Supply","Warehouse Inbound Team","Authorized supplier stock replenishment"
2026-05-27,RM-002,"Baking Powder",22.29,kg,"Southern Luzon Ingredients Supply","Warehouse Inbound Team","Authorized supplier stock replenishment"
2026-06-01,RM-002,"Baking Powder",17.21,kg,"Southern Luzon Ingredients Supply","Warehouse Inbound Team","Authorized supplier stock replenishment"
2026-06-06,RM-002,"Baking Powder",16.68,kg,"Southern Luzon Ingredients Supply","Warehouse Inbound Team","Authorized supplier stock replenishment"
2026-06-11,RM-002,"Baking Powder",21.92,kg,"Southern Luzon Ingredients Supply","Warehouse Inbound Team","Authorized supplier stock replenishment"
2026-06-16,RM-002,"Baking Powder",20.8,kg,"Southern Luzon Ingredients Supply","Warehouse Inbound Team","Authorized supplier stock replenishment"
2026-06-21,RM-002,"Baking Powder",15.91,kg,"Southern Luzon Ingredients Supply","Warehouse Inbound Team","Authorized supplier stock replenishment"
2026-06-26,RM-002,"Baking Powder",18.58,kg,"Southern Luzon Ingredients Supply","Warehouse Inbound Team","Authorized supplier stock replenishment"
2026-07-01,RM-002,"Baking Powder",22.62,kg,"Southern Luzon Ingredients Supply","Warehouse Inbound Team","Authorized supplier stock replenishment"
2026-07-06,RM-002,"Baking Powder",18.67,kg,"Southern Luzon Ingredients Supply","Warehouse Inbound Team","Authorized supplier stock replenishment"
2026-07-11,RM-002,"Baking Powder",15.88,kg,"Southern Luzon Ingredients Supply","Warehouse Inbound Team","Authorized supplier stock replenishment"
2026-07-16,RM-002,"Baking Powder",20.72,kg,"Southern Luzon Ingredients Supply","Warehouse Inbound Team","Authorized supplier stock replenishment"
2026-07-21,RM-002,"Baking Powder",21.97,kg,"Southern Luzon Ingredients Supply","Warehouse Inbound Team","Authorized supplier stock replenishment"
2026-07-26,RM-002,"Baking Powder",16.74,kg,"Southern Luzon Ingredients Supply","Warehouse Inbound Team","Authorized supplier stock replenishment"
2026-07-31,RM-002,"Baking Powder",17.14,kg,"Southern Luzon Ingredients Supply","Warehouse Inbound Team","Authorized supplier stock replenishment"
2026-08-05,RM-002,"Baking Powder",22.25,kg,"Southern Luzon Ingredients Supply","Warehouse Inbound Team","Authorized supplier stock replenishment"
2026-08-10,RM-002,"Baking Powder",20.22,kg,"Southern Luzon Ingredients Supply","Warehouse Inbound Team","Authorized supplier stock replenishment"
2026-08-15,RM-002,"Baking Powder",15.76,kg,"Southern Luzon Ingredients Supply","Warehouse Inbound Team","Authorized supplier stock replenishment"
2026-08-20,RM-002,"Baking Powder",19.2,kg,"Southern Luzon Ingredients Supply","Warehouse Inbound Team","Authorized supplier stock replenishment"
2026-08-25,RM-002,"Baking Powder",22.57,kg,"Southern Luzon Ingredients Supply","Warehouse Inbound Team","Authorized supplier stock replenishment"
2026-08-30,RM-002,"Baking Powder",18.06,kg,"Southern Luzon Ingredients Supply","Warehouse Inbound Team","Authorized supplier stock replenishment"
2026-01-03,RM-003,"Cream of Tartar",8.25,kg,"Quezon Agricultural Producers Coop","Warehouse Inbound Team","Authorized supplier stock replenishment"
2026-01-09,RM-003,"Cream of Tartar",9.23,kg,"Quezon Agricultural Producers Coop","Warehouse Inbound Team","Authorized supplier stock replenishment"
2026-01-15,RM-003,"Cream of Tartar",11.55,kg,"Quezon Agricultural Producers Coop","Warehouse Inbound Team","Authorized supplier stock replenishment"
2026-01-21,RM-003,"Cream of Tartar",9.83,kg,"Quezon Agricultural Producers Coop","Warehouse Inbound Team","Authorized supplier stock replenishment"
2026-01-27,RM-003,"Cream of Tartar",8.06,kg,"Quezon Agricultural Producers Coop","Warehouse Inbound Team","Authorized supplier stock replenishment"
2026-02-02,RM-003,"Cream of Tartar",10.33,kg,"Quezon Agricultural Producers Coop","Warehouse Inbound Team","Authorized supplier stock replenishment"
2026-02-08,RM-003,"Cream of Tartar",11.39,kg,"Quezon Agricultural Producers Coop","Warehouse Inbound Team","Authorized supplier stock replenishment"
2026-02-14,RM-003,"Cream of Tartar",8.78,kg,"Quezon Agricultural Producers Coop","Warehouse Inbound Team","Authorized supplier stock replenishment"
2026-02-20,RM-003,"Cream of Tartar",8.55,kg,"Quezon Agricultural Producers Coop","Warehouse Inbound Team","Authorized supplier stock replenishment"
2026-02-26,RM-003,"Cream of Tartar",11.23,kg,"Quezon Agricultural Producers Coop","Warehouse Inbound Team","Authorized supplier stock replenishment"
2026-03-04,RM-003,"Cream of Tartar",10.61,kg,"Quezon Agricultural Producers Coop","Warehouse Inbound Team","Authorized supplier stock replenishment"
2026-03-10,RM-003,"Cream of Tartar",8.13,kg,"Quezon Agricultural Producers Coop","Warehouse Inbound Team","Authorized supplier stock replenishment"
2026-03-16,RM-003,"Cream of Tartar",9.54,kg,"Quezon Agricultural Producers Coop","Warehouse Inbound Team","Authorized supplier stock replenishment"
2026-03-22,RM-003,"Cream of Tartar",11.57,kg,"Quezon Agricultural Producers Coop","Warehouse Inbound Team","Authorized supplier stock replenishment"
2026-03-28,RM-003,"Cream of Tartar",9.52,kg,"Quezon Agricultural Producers Coop","Warehouse Inbound Team","Authorized supplier stock replenishment"
2026-04-03,RM-003,"Cream of Tartar",8.13,kg,"Quezon Agricultural Producers Coop","Warehouse Inbound Team","Authorized supplier stock replenishment"
2026-04-09,RM-003,"Cream of Tartar",10.63,kg,"Quezon Agricultural Producers Coop","Warehouse Inbound Team","Authorized supplier stock replenishment"
2026-04-15,RM-003,"Cream of Tartar",11.22,kg,"Quezon Agricultural Producers Coop","Warehouse Inbound Team","Authorized supplier stock replenishment"
2026-04-21,RM-003,"Cream of Tartar",8.54,kg,"Quezon Agricultural Producers Coop","Warehouse Inbound Team","Authorized supplier stock replenishment"
2026-04-27,RM-003,"Cream of Tartar",8.8,kg,"Quezon Agricultural Producers Coop","Warehouse Inbound Team","Authorized supplier stock replenishment"
2026-05-03,RM-003,"Cream of Tartar",8.89,kg,"Quezon Agricultural Producers Coop","Warehouse Inbound Team","Authorized supplier stock replenishment"
2026-05-09,RM-003,"Cream of Tartar",8.04,kg,"Quezon Agricultural Producers Coop","Warehouse Inbound Team","Authorized supplier stock replenishment"
2026-05-15,RM-003,"Cream of Tartar",6.28,kg,"Quezon Agricultural Producers Coop","Warehouse Inbound Team","Authorized supplier stock replenishment"
2026-05-21,RM-003,"Cream of Tartar",7.69,kg,"Quezon Agricultural Producers Coop","Warehouse Inbound Team","Authorized supplier stock replenishment"
2026-05-27,RM-003,"Cream of Tartar",9,kg,"Quezon Agricultural Producers Coop","Warehouse Inbound Team","Authorized supplier stock replenishment"
2026-06-02,RM-003,"Cream of Tartar",7.18,kg,"Quezon Agricultural Producers Coop","Warehouse Inbound Team","Authorized supplier stock replenishment"
2026-06-08,RM-003,"Cream of Tartar",6.44,kg,"Quezon Agricultural Producers Coop","Warehouse Inbound Team","Authorized supplier stock replenishment"
2026-06-14,RM-003,"Cream of Tartar",8.5,kg,"Quezon Agricultural Producers Coop","Warehouse Inbound Team","Authorized supplier stock replenishment"
2026-06-20,RM-003,"Cream of Tartar",8.59,kg,"Quezon Agricultural Producers Coop","Warehouse Inbound Team","Authorized supplier stock replenishment"
2026-06-26,RM-003,"Cream of Tartar",6.5,kg,"Quezon Agricultural Producers Coop","Warehouse Inbound Team","Authorized supplier stock replenishment"
2026-07-02,RM-003,"Cream of Tartar",7.08,kg,"Quezon Agricultural Producers Coop","Warehouse Inbound Team","Authorized supplier stock replenishment"
2026-07-08,RM-003,"Cream of Tartar",8.98,kg,"Quezon Agricultural Producers Coop","Warehouse Inbound Team","Authorized supplier stock replenishment"
2026-07-14,RM-003,"Cream of Tartar",7.8,kg,"Quezon Agricultural Producers Coop","Warehouse Inbound Team","Authorized supplier stock replenishment"
2026-07-20,RM-003,"Cream of Tartar",6.27,kg,"Quezon Agricultural Producers Coop","Warehouse Inbound Team","Authorized supplier stock replenishment"
2026-07-26,RM-003,"Cream of Tartar",7.93,kg,"Quezon Agricultural Producers Coop","Warehouse Inbound Team","Authorized supplier stock replenishment"
2026-08-01,RM-003,"Cream of Tartar",8.93,kg,"Quezon Agricultural Producers Coop","Warehouse Inbound Team","Authorized supplier stock replenishment"
2026-08-07,RM-003,"Cream of Tartar",6.96,kg,"Quezon Agricultural Producers Coop","Warehouse Inbound Team","Authorized supplier stock replenishment"
2026-08-13,RM-003,"Cream of Tartar",6.58,kg,"Quezon Agricultural Producers Coop","Warehouse Inbound Team","Authorized supplier stock replenishment"
2026-08-19,RM-003,"Cream of Tartar",8.68,kg,"Quezon Agricultural Producers Coop","Warehouse Inbound Team","Authorized supplier stock replenishment"
2026-08-25,RM-003,"Cream of Tartar",8.39,kg,"Quezon Agricultural Producers Coop","Warehouse Inbound Team","Authorized supplier stock replenishment"
2026-08-31,RM-003,"Cream of Tartar",6.39,kg,"Quezon Agricultural Producers Coop","Warehouse Inbound Team","Authorized supplier stock replenishment"
2026-01-04,RM-004,"Instant Dry Yeast",27.58,kg,"Southern Luzon Ingredients Supply","Warehouse Inbound Team","Authorized supplier stock replenishment"
2026-01-10,RM-004,"Instant Dry Yeast",32.17,kg,"Southern Luzon Ingredients Supply","Warehouse Inbound Team","Authorized supplier stock replenishment"
2026-01-16,RM-004,"Instant Dry Yeast",25.59,kg,"Southern Luzon Ingredients Supply","Warehouse Inbound Team","Authorized supplier stock replenishment"
2026-01-22,RM-004,"Instant Dry Yeast",23.09,kg,"Southern Luzon Ingredients Supply","Warehouse Inbound Team","Authorized supplier stock replenishment"
2026-01-28,RM-004,"Instant Dry Yeast",30.46,kg,"Southern Luzon Ingredients Supply","Warehouse Inbound Team","Authorized supplier stock replenishment"
2026-02-03,RM-004,"Instant Dry Yeast",30.63,kg,"Southern Luzon Ingredients Supply","Warehouse Inbound Team","Authorized supplier stock replenishment"
2026-02-09,RM-004,"Instant Dry Yeast",23.2,kg,"Southern Luzon Ingredients Supply","Warehouse Inbound Team","Authorized supplier stock replenishment"
2026-02-15,RM-004,"Instant Dry Yeast",25.39,kg,"Southern Luzon Ingredients Supply","Warehouse Inbound Team","Authorized supplier stock replenishment"
2026-02-21,RM-004,"Instant Dry Yeast",32.12,kg,"Southern Luzon Ingredients Supply","Warehouse Inbound Team","Authorized supplier stock replenishment"
2026-02-27,RM-004,"Instant Dry Yeast",27.8,kg,"Southern Luzon Ingredients Supply","Warehouse Inbound Team","Authorized supplier stock replenishment"
2026-03-05,RM-004,"Instant Dry Yeast",22.44,kg,"Southern Luzon Ingredients Supply","Warehouse Inbound Team","Authorized supplier stock replenishment"
2026-03-11,RM-004,"Instant Dry Yeast",28.46,kg,"Southern Luzon Ingredients Supply","Warehouse Inbound Team","Authorized supplier stock replenishment"
2026-03-17,RM-004,"Instant Dry Yeast",31.91,kg,"Southern Luzon Ingredients Supply","Warehouse Inbound Team","Authorized supplier stock replenishment"
2026-03-23,RM-004,"Instant Dry Yeast",24.8,kg,"Southern Luzon Ingredients Supply","Warehouse Inbound Team","Authorized supplier stock replenishment"
2026-03-29,RM-004,"Instant Dry Yeast",23.6,kg,"Southern Luzon Ingredients Supply","Warehouse Inbound Team","Authorized supplier stock replenishment"
2026-04-04,RM-004,"Instant Dry Yeast",31.1,kg,"Southern Luzon Ingredients Supply","Warehouse Inbound Team","Authorized supplier stock replenishment"
2026-04-10,RM-004,"Instant Dry Yeast",29.92,kg,"Southern Luzon Ingredients Supply","Warehouse Inbound Team","Authorized supplier stock replenishment"
2026-04-16,RM-004,"Instant Dry Yeast",22.8,kg,"Southern Luzon Ingredients Supply","Warehouse Inbound Team","Authorized supplier stock replenishment"
2026-04-22,RM-004,"Instant Dry Yeast",26.23,kg,"Southern Luzon Ingredients Supply","Warehouse Inbound Team","Authorized supplier stock replenishment"
2026-04-28,RM-004,"Instant Dry Yeast",32.26,kg,"Southern Luzon Ingredients Supply","Warehouse Inbound Team","Authorized supplier stock replenishment"
2026-05-04,RM-004,"Instant Dry Yeast",20.99,kg,"Southern Luzon Ingredients Supply","Warehouse Inbound Team","Authorized supplier stock replenishment"
2026-05-10,RM-004,"Instant Dry Yeast",17.61,kg,"Southern Luzon Ingredients Supply","Warehouse Inbound Team","Authorized supplier stock replenishment"
2026-05-16,RM-004,"Instant Dry Yeast",22.86,kg,"Southern Luzon Ingredients Supply","Warehouse Inbound Team","Authorized supplier stock replenishment"
2026-05-22,RM-004,"Instant Dry Yeast",24.57,kg,"Southern Luzon Ingredients Supply","Warehouse Inbound Team","Authorized supplier stock replenishment"
2026-05-28,RM-004,"Instant Dry Yeast",18.79,kg,"Southern Luzon Ingredients Supply","Warehouse Inbound Team","Authorized supplier stock replenishment"
2026-06-03,RM-004,"Instant Dry Yeast",18.9,kg,"Southern Luzon Ingredients Supply","Warehouse Inbound Team","Authorized supplier stock replenishment"
2026-06-09,RM-004,"Instant Dry Yeast",24.66,kg,"Southern Luzon Ingredients Supply","Warehouse Inbound Team","Authorized supplier stock replenishment"
2026-06-15,RM-004,"Instant Dry Yeast",22.71,kg,"Southern Luzon Ingredients Supply","Warehouse Inbound Team","Authorized supplier stock replenishment"
2026-06-21,RM-004,"Instant Dry Yeast",17.58,kg,"Southern Luzon Ingredients Supply","Warehouse Inbound Team","Authorized supplier stock replenishment"
2026-06-27,RM-004,"Instant Dry Yeast",21.15,kg,"Southern Luzon Ingredients Supply","Warehouse Inbound Team","Authorized supplier stock replenishment"
2026-07-03,RM-004,"Instant Dry Yeast",25.15,kg,"Southern Luzon Ingredients Supply","Warehouse Inbound Team","Authorized supplier stock replenishment"
2026-07-09,RM-004,"Instant Dry Yeast",20.31,kg,"Southern Luzon Ingredients Supply","Warehouse Inbound Team","Authorized supplier stock replenishment"
2026-07-15,RM-004,"Instant Dry Yeast",17.84,kg,"Southern Luzon Ingredients Supply","Warehouse Inbound Team","Authorized supplier stock replenishment"
2026-07-21,RM-004,"Instant Dry Yeast",23.47,kg,"Southern Luzon Ingredients Supply","Warehouse Inbound Team","Authorized supplier stock replenishment"
2026-07-27,RM-004,"Instant Dry Yeast",24.15,kg,"Southern Luzon Ingredients Supply","Warehouse Inbound Team","Authorized supplier stock replenishment"
2026-08-02,RM-004,"Instant Dry Yeast",18.31,kg,"Southern Luzon Ingredients Supply","Warehouse Inbound Team","Authorized supplier stock replenishment"
2026-08-08,RM-004,"Instant Dry Yeast",19.48,kg,"Southern Luzon Ingredients Supply","Warehouse Inbound Team","Authorized supplier stock replenishment"
2026-08-14,RM-004,"Instant Dry Yeast",24.95,kg,"Southern Luzon Ingredients Supply","Warehouse Inbound Team","Authorized supplier stock replenishment"
2026-08-20,RM-004,"Instant Dry Yeast",22.05,kg,"Southern Luzon Ingredients Supply","Warehouse Inbound Team","Authorized supplier stock replenishment"
2026-08-26,RM-004,"Instant Dry Yeast",17.5,kg,"Southern Luzon Ingredients Supply","Warehouse Inbound Team","Authorized supplier stock replenishment"
2026-09-01,RM-004,"Instant Dry Yeast",21.84,kg,"Southern Luzon Ingredients Supply","Warehouse Inbound Team","Authorized supplier stock replenishment"
2026-01-05,RM-005,"Cane Vinegar",113.29,L,"Quezon Agricultural Producers Coop","Warehouse Inbound Team","Authorized supplier stock replenishment"
2026-01-10,RM-005,"Cane Vinegar",86.49,L,"Quezon Agricultural Producers Coop","Warehouse Inbound Team","Authorized supplier stock replenishment"
2026-01-15,RM-005,"Cane Vinegar",87.55,L,"Quezon Agricultural Producers Coop","Warehouse Inbound Team","Authorized supplier stock replenishment"
2026-01-20,RM-005,"Cane Vinegar",114.01,L,"Quezon Agricultural Producers Coop","Warehouse Inbound Team","Authorized supplier stock replenishment"
2026-01-25,RM-005,"Cane Vinegar",104.56,L,"Quezon Agricultural Producers Coop","Warehouse Inbound Team","Authorized supplier stock replenishment"
2026-01-30,RM-005,"Cane Vinegar",81.1,L,"Quezon Agricultural Producers Coop","Warehouse Inbound Team","Authorized supplier stock replenishment"
2026-02-04,RM-005,"Cane Vinegar",97.99,L,"Quezon Agricultural Producers Coop","Warehouse Inbound Team","Authorized supplier stock replenishment"
2026-02-09,RM-005,"Cane Vinegar",116.1,L,"Quezon Agricultural Producers Coop","Warehouse Inbound Team","Authorized supplier stock replenishment"
2026-02-14,RM-005,"Cane Vinegar",93.46,L,"Quezon Agricultural Producers Coop","Warehouse Inbound Team","Authorized supplier stock replenishment"
2026-02-19,RM-005,"Cane Vinegar",82.53,L,"Quezon Agricultural Producers Coop","Warehouse Inbound Team","Authorized supplier stock replenishment"
2026-02-24,RM-005,"Cane Vinegar",108.63,L,"Quezon Agricultural Producers Coop","Warehouse Inbound Team","Authorized supplier stock replenishment"
2026-03-01,RM-005,"Cane Vinegar",111.29,L,"Quezon Agricultural Producers Coop","Warehouse Inbound Team","Authorized supplier stock replenishment"
2026-03-06,RM-005,"Cane Vinegar",84.35,L,"Quezon Agricultural Producers Coop","Warehouse Inbound Team","Authorized supplier stock replenishment"
2026-03-11,RM-005,"Cane Vinegar",90.23,L,"Quezon Agricultural Producers Coop","Warehouse Inbound Team","Authorized supplier stock replenishment"
2026-03-16,RM-005,"Cane Vinegar",115.31,L,"Quezon Agricultural Producers Coop","Warehouse Inbound Team","Authorized supplier stock replenishment"
2026-03-21,RM-005,"Cane Vinegar",101.47,L,"Quezon Agricultural Producers Coop","Warehouse Inbound Team","Authorized supplier stock replenishment"
2026-03-26,RM-005,"Cane Vinegar",80.78,L,"Quezon Agricultural Producers Coop","Warehouse Inbound Team","Authorized supplier stock replenishment"
2026-03-31,RM-005,"Cane Vinegar",101.18,L,"Quezon Agricultural Producers Coop","Warehouse Inbound Team","Authorized supplier stock replenishment"
2026-04-05,RM-005,"Cane Vinegar",115.4,L,"Quezon Agricultural Producers Coop","Warehouse Inbound Team","Authorized supplier stock replenishment"
2026-04-10,RM-005,"Cane Vinegar",90.49,L,"Quezon Agricultural Producers Coop","Warehouse Inbound Team","Authorized supplier stock replenishment"
2026-04-15,RM-005,"Cane Vinegar",84.17,L,"Quezon Agricultural Producers Coop","Warehouse Inbound Team","Authorized supplier stock replenishment"
2026-04-20,RM-005,"Cane Vinegar",111.08,L,"Quezon Agricultural Producers Coop","Warehouse Inbound Team","Authorized supplier stock replenishment"
2026-04-25,RM-005,"Cane Vinegar",108.87,L,"Quezon Agricultural Producers Coop","Warehouse Inbound Team","Authorized supplier stock replenishment"
2026-04-30,RM-005,"Cane Vinegar",82.66,L,"Quezon Agricultural Producers Coop","Warehouse Inbound Team","Authorized supplier stock replenishment"
2026-05-05,RM-005,"Cane Vinegar",93.18,L,"Quezon Agricultural Producers Coop","Warehouse Inbound Team","Authorized supplier stock replenishment"
2026-05-10,RM-005,"Cane Vinegar",116.06,L,"Quezon Agricultural Producers Coop","Warehouse Inbound Team","Authorized supplier stock replenishment"
2026-05-15,RM-005,"Cane Vinegar",98.28,L,"Quezon Agricultural Producers Coop","Warehouse Inbound Team","Authorized supplier stock replenishment"
2026-05-20,RM-005,"Cane Vinegar",81.04,L,"Quezon Agricultural Producers Coop","Warehouse Inbound Team","Authorized supplier stock replenishment"
2026-05-25,RM-005,"Cane Vinegar",104.28,L,"Quezon Agricultural Producers Coop","Warehouse Inbound Team","Authorized supplier stock replenishment"
2026-05-30,RM-005,"Cane Vinegar",114.16,L,"Quezon Agricultural Producers Coop","Warehouse Inbound Team","Authorized supplier stock replenishment"
2026-06-04,RM-005,"Cane Vinegar",87.79,L,"Quezon Agricultural Producers Coop","Warehouse Inbound Team","Authorized supplier stock replenishment"
2026-06-09,RM-005,"Cane Vinegar",86.27,L,"Quezon Agricultural Producers Coop","Warehouse Inbound Team","Authorized supplier stock replenishment"
2026-06-14,RM-005,"Cane Vinegar",113.12,L,"Quezon Agricultural Producers Coop","Warehouse Inbound Team","Authorized supplier stock replenishment"
2026-06-19,RM-005,"Cane Vinegar",106.12,L,"Quezon Agricultural Producers Coop","Warehouse Inbound Team","Authorized supplier stock replenishment"
2026-06-24,RM-005,"Cane Vinegar",81.49,L,"Quezon Agricultural Producers Coop","Warehouse Inbound Team","Authorized supplier stock replenishment"
2026-06-29,RM-005,"Cane Vinegar",96.3,L,"Quezon Agricultural Producers Coop","Warehouse Inbound Team","Authorized supplier stock replenishment"
2026-07-04,RM-005,"Cane Vinegar",116.24,L,"Quezon Agricultural Producers Coop","Warehouse Inbound Team","Authorized supplier stock replenishment"
2026-07-09,RM-005,"Cane Vinegar",95.11,L,"Quezon Agricultural Producers Coop","Warehouse Inbound Team","Authorized supplier stock replenishment"
2026-07-14,RM-005,"Cane Vinegar",81.87,L,"Quezon Agricultural Producers Coop","Warehouse Inbound Team","Authorized supplier stock replenishment"
2026-07-19,RM-005,"Cane Vinegar",107.2,L,"Quezon Agricultural Producers Coop","Warehouse Inbound Team","Authorized supplier stock replenishment"
2026-07-24,RM-005,"Cane Vinegar",112.4,L,"Quezon Agricultural Producers Coop","Warehouse Inbound Team","Authorized supplier stock replenishment"
2026-07-29,RM-005,"Cane Vinegar",85.43,L,"Quezon Agricultural Producers Coop","Warehouse Inbound Team","Authorized supplier stock replenishment"
2026-08-03,RM-005,"Cane Vinegar",88.78,L,"Quezon Agricultural Producers Coop","Warehouse Inbound Team","Authorized supplier stock replenishment"
2026-08-08,RM-005,"Cane Vinegar",114.69,L,"Quezon Agricultural Producers Coop","Warehouse Inbound Team","Authorized supplier stock replenishment"
2026-08-13,RM-005,"Cane Vinegar",103.12,L,"Quezon Agricultural Producers Coop","Warehouse Inbound Team","Authorized supplier stock replenishment"
2026-08-18,RM-005,"Cane Vinegar",80.88,L,"Quezon Agricultural Producers Coop","Warehouse Inbound Team","Authorized supplier stock replenishment"
2026-08-23,RM-005,"Cane Vinegar",99.5,L,"Quezon Agricultural Producers Coop","Warehouse Inbound Team","Authorized supplier stock replenishment"
2026-08-28,RM-005,"Cane Vinegar",115.84,L,"Quezon Agricultural Producers Coop","Warehouse Inbound Team","Authorized supplier stock replenishment"
2026-09-02,RM-005,"Cane Vinegar",92.04,L,"Quezon Agricultural Producers Coop","Warehouse Inbound Team","Authorized supplier stock replenishment"
2026-01-01,RM-006,"Soy Sauce",55.04,L,"Southern Luzon Ingredients Supply","Warehouse Inbound Team","Authorized supplier stock replenishment"
2026-01-06,RM-006,"Soy Sauce",62.38,L,"Southern Luzon Ingredients Supply","Warehouse Inbound Team","Authorized supplier stock replenishment"
2026-01-11,RM-006,"Soy Sauce",77.45,L,"Southern Luzon Ingredients Supply","Warehouse Inbound Team","Authorized supplier stock replenishment"
2026-01-16,RM-006,"Soy Sauce",65.34,L,"Southern Luzon Ingredients Supply","Warehouse Inbound Team","Authorized supplier stock replenishment"
2026-01-21,RM-006,"Soy Sauce",54.1,L,"Southern Luzon Ingredients Supply","Warehouse Inbound Team","Authorized supplier stock replenishment"
2026-01-26,RM-006,"Soy Sauce",69.78,L,"Southern Luzon Ingredients Supply","Warehouse Inbound Team","Authorized supplier stock replenishment"
2026-01-31,RM-006,"Soy Sauce",76.04,L,"Southern Luzon Ingredients Supply","Warehouse Inbound Team","Authorized supplier stock replenishment"
2026-02-05,RM-006,"Soy Sauce",58.38,L,"Southern Luzon Ingredients Supply","Warehouse Inbound Team","Authorized supplier stock replenishment"
2026-02-10,RM-006,"Soy Sauce",57.72,L,"Southern Luzon Ingredients Supply","Warehouse Inbound Team","Authorized supplier stock replenishment"
2026-02-15,RM-006,"Soy Sauce",75.59,L,"Southern Luzon Ingredients Supply","Warehouse Inbound Team","Authorized supplier stock replenishment"
2026-02-20,RM-006,"Soy Sauce",70.59,L,"Southern Luzon Ingredients Supply","Warehouse Inbound Team","Authorized supplier stock replenishment"
2026-02-25,RM-006,"Soy Sauce",54.3,L,"Southern Luzon Ingredients Supply","Warehouse Inbound Team","Authorized supplier stock replenishment"
2026-03-02,RM-006,"Soy Sauce",64.47,L,"Southern Luzon Ingredients Supply","Warehouse Inbound Team","Authorized supplier stock replenishment"
2026-03-07,RM-006,"Soy Sauce",77.53,L,"Southern Luzon Ingredients Supply","Warehouse Inbound Team","Authorized supplier stock replenishment"
2026-03-12,RM-006,"Soy Sauce",63.22,L,"Southern Luzon Ingredients Supply","Warehouse Inbound Team","Authorized supplier stock replenishment"
2026-03-17,RM-006,"Soy Sauce",54.7,L,"Southern Luzon Ingredients Supply","Warehouse Inbound Team","Authorized supplier stock replenishment"
2026-03-22,RM-006,"Soy Sauce",71.71,L,"Southern Luzon Ingredients Supply","Warehouse Inbound Team","Authorized supplier stock replenishment"
2026-03-27,RM-006,"Soy Sauce",74.84,L,"Southern Luzon Ingredients Supply","Warehouse Inbound Team","Authorized supplier stock replenishment"
2026-04-01,RM-006,"Soy Sauce",56.84,L,"Southern Luzon Ingredients Supply","Warehouse Inbound Team","Authorized supplier stock replenishment"
2026-04-06,RM-006,"Soy Sauce",59.41,L,"Southern Luzon Ingredients Supply","Warehouse Inbound Team","Authorized supplier stock replenishment"
2026-04-11,RM-006,"Soy Sauce",76.6,L,"Southern Luzon Ingredients Supply","Warehouse Inbound Team","Authorized supplier stock replenishment"
2026-04-16,RM-006,"Soy Sauce",68.57,L,"Southern Luzon Ingredients Supply","Warehouse Inbound Team","Authorized supplier stock replenishment"
2026-04-21,RM-006,"Soy Sauce",53.93,L,"Southern Luzon Ingredients Supply","Warehouse Inbound Team","Authorized supplier stock replenishment"
2026-04-26,RM-006,"Soy Sauce",66.6,L,"Southern Luzon Ingredients Supply","Warehouse Inbound Team","Authorized supplier stock replenishment"
2026-05-01,RM-006,"Soy Sauce",77.22,L,"Southern Luzon Ingredients Supply","Warehouse Inbound Team","Authorized supplier stock replenishment"
2026-05-06,RM-006,"Soy Sauce",61.19,L,"Southern Luzon Ingredients Supply","Warehouse Inbound Team","Authorized supplier stock replenishment"
2026-05-11,RM-006,"Soy Sauce",55.65,L,"Southern Luzon Ingredients Supply","Warehouse Inbound Team","Authorized supplier stock replenishment"
2026-05-16,RM-006,"Soy Sauce",73.44,L,"Southern Luzon Ingredients Supply","Warehouse Inbound Team","Authorized supplier stock replenishment"
2026-05-21,RM-006,"Soy Sauce",73.34,L,"Southern Luzon Ingredients Supply","Warehouse Inbound Team","Authorized supplier stock replenishment"
2026-05-26,RM-006,"Soy Sauce",55.58,L,"Southern Luzon Ingredients Supply","Warehouse Inbound Team","Authorized supplier stock replenishment"
2026-05-31,RM-006,"Soy Sauce",61.31,L,"Southern Luzon Ingredients Supply","Warehouse Inbound Team","Authorized supplier stock replenishment"
2026-06-05,RM-006,"Soy Sauce",77.25,L,"Southern Luzon Ingredients Supply","Warehouse Inbound Team","Authorized supplier stock replenishment"
2026-06-10,RM-006,"Soy Sauce",66.47,L,"Southern Luzon Ingredients Supply","Warehouse Inbound Team","Authorized supplier stock replenishment"
2026-06-15,RM-006,"Soy Sauce",53.94,L,"Southern Luzon Ingredients Supply","Warehouse Inbound Team","Authorized supplier stock replenishment"
2026-06-20,RM-006,"Soy Sauce",68.7,L,"Southern Luzon Ingredients Supply","Warehouse Inbound Team","Authorized supplier stock replenishment"
2026-06-25,RM-006,"Soy Sauce",76.55,L,"Southern Luzon Ingredients Supply","Warehouse Inbound Team","Authorized supplier stock replenishment"
2026-06-30,RM-006,"Soy Sauce",59.3,L,"Southern Luzon Ingredients Supply","Warehouse Inbound Team","Authorized supplier stock replenishment"
2026-07-05,RM-006,"Soy Sauce",56.92,L,"Southern Luzon Ingredients Supply","Warehouse Inbound Team","Authorized supplier stock replenishment"
2026-07-10,RM-006,"Soy Sauce",74.92,L,"Southern Luzon Ingredients Supply","Warehouse Inbound Team","Authorized supplier stock replenishment"
2026-07-15,RM-006,"Soy Sauce",71.59,L,"Southern Luzon Ingredients Supply","Warehouse Inbound Team","Authorized supplier stock replenishment"
2026-07-20,RM-006,"Soy Sauce",54.65,L,"Southern Luzon Ingredients Supply","Warehouse Inbound Team","Authorized supplier stock replenishment"
2026-07-25,RM-006,"Soy Sauce",63.35,L,"Southern Luzon Ingredients Supply","Warehouse Inbound Team","Authorized supplier stock replenishment"
2026-07-30,RM-006,"Soy Sauce",77.53,L,"Southern Luzon Ingredients Supply","Warehouse Inbound Team","Authorized supplier stock replenishment"
2026-08-04,RM-006,"Soy Sauce",64.34,L,"Southern Luzon Ingredients Supply","Warehouse Inbound Team","Authorized supplier stock replenishment"
2026-08-09,RM-006,"Soy Sauce",54.34,L,"Southern Luzon Ingredients Supply","Warehouse Inbound Team","Authorized supplier stock replenishment"
2026-08-14,RM-006,"Soy Sauce",70.71,L,"Southern Luzon Ingredients Supply","Warehouse Inbound Team","Authorized supplier stock replenishment"
2026-08-19,RM-006,"Soy Sauce",75.52,L,"Southern Luzon Ingredients Supply","Warehouse Inbound Team","Authorized supplier stock replenishment"
2026-08-24,RM-006,"Soy Sauce",57.62,L,"Southern Luzon Ingredients Supply","Warehouse Inbound Team","Authorized supplier stock replenishment"
2026-08-29,RM-006,"Soy Sauce",58.48,L,"Southern Luzon Ingredients Supply","Warehouse Inbound Team","Authorized supplier stock replenishment"
2026-01-01,RM-007,"Condensed Milk",165.58,kg,"Quezon Agricultural Producers Coop","Warehouse Inbound Team","Authorized supplier stock replenishment"
2026-01-07,RM-007,"Condensed Milk",191.21,kg,"Quezon Agricultural Producers Coop","Warehouse Inbound Team","Authorized supplier stock replenishment"
2026-01-13,RM-007,"Condensed Milk",151.1,kg,"Quezon Agricultural Producers Coop","Warehouse Inbound Team","Authorized supplier stock replenishment"
2026-01-19,RM-007,"Condensed Milk",138.18,kg,"Quezon Agricultural Producers Coop","Warehouse Inbound Team","Authorized supplier stock replenishment"
2026-01-25,RM-007,"Condensed Milk",182.39,kg,"Quezon Agricultural Producers Coop","Warehouse Inbound Team","Authorized supplier stock replenishment"
2026-01-31,RM-007,"Condensed Milk",181.29,kg,"Quezon Agricultural Producers Coop","Warehouse Inbound Team","Authorized supplier stock replenishment"
2026-02-06,RM-007,"Condensed Milk",137.43,kg,"Quezon Agricultural Producers Coop","Warehouse Inbound Team","Authorized supplier stock replenishment"
2026-02-12,RM-007,"Condensed Milk",152.44,kg,"Quezon Agricultural Producers Coop","Warehouse Inbound Team","Authorized supplier stock replenishment"
2026-02-18,RM-007,"Condensed Milk",191.54,kg,"Quezon Agricultural Producers Coop","Warehouse Inbound Team","Authorized supplier stock replenishment"
2026-02-24,RM-007,"Condensed Milk",164.13,kg,"Quezon Agricultural Producers Coop","Warehouse Inbound Team","Authorized supplier stock replenishment"
2026-03-02,RM-007,"Condensed Milk",133.72,kg,"Quezon Agricultural Producers Coop","Warehouse Inbound Team","Authorized supplier stock replenishment"
2026-03-08,RM-007,"Condensed Milk",170.77,kg,"Quezon Agricultural Producers Coop","Warehouse Inbound Team","Authorized supplier stock replenishment"
2026-03-14,RM-007,"Condensed Milk",189.44,kg,"Quezon Agricultural Producers Coop","Warehouse Inbound Team","Authorized supplier stock replenishment"
2026-03-20,RM-007,"Condensed Milk",146.47,kg,"Quezon Agricultural Producers Coop","Warehouse Inbound Team","Authorized supplier stock replenishment"
2026-03-26,RM-007,"Condensed Milk",141.42,kg,"Quezon Agricultural Producers Coop","Warehouse Inbound Team","Authorized supplier stock replenishment"
2026-04-01,RM-007,"Condensed Milk",185.99,kg,"Quezon Agricultural Producers Coop","Warehouse Inbound Team","Authorized supplier stock replenishment"
2026-04-07,RM-007,"Condensed Milk",176.91,kg,"Quezon Agricultural Producers Coop","Warehouse Inbound Team","Authorized supplier stock replenishment"
2026-04-13,RM-007,"Condensed Milk",135.22,kg,"Quezon Agricultural Producers Coop","Warehouse Inbound Team","Authorized supplier stock replenishment"
2026-04-19,RM-007,"Condensed Milk",157.52,kg,"Quezon Agricultural Producers Coop","Warehouse Inbound Team","Authorized supplier stock replenishment"
2026-04-25,RM-007,"Condensed Milk",192.14,kg,"Quezon Agricultural Producers Coop","Warehouse Inbound Team","Authorized supplier stock replenishment"
2026-05-01,RM-007,"Condensed Milk",158.86,kg,"Quezon Agricultural Producers Coop","Warehouse Inbound Team","Authorized supplier stock replenishment"
2026-05-07,RM-007,"Condensed Milk",105.14,kg,"Quezon Agricultural Producers Coop","Warehouse Inbound Team","Authorized supplier stock replenishment"
2026-05-13,RM-007,"Condensed Milk",137.05,kg,"Quezon Agricultural Producers Coop","Warehouse Inbound Team","Authorized supplier stock replenishment"
2026-05-19,RM-007,"Condensed Milk",145.7,kg,"Quezon Agricultural Producers Coop","Warehouse Inbound Team","Authorized supplier stock replenishment"
2026-05-25,RM-007,"Condensed Milk",111.05,kg,"Quezon Agricultural Producers Coop","Warehouse Inbound Team","Authorized supplier stock replenishment"
2026-05-31,RM-007,"Condensed Milk",113.38,kg,"Quezon Agricultural Producers Coop","Warehouse Inbound Team","Authorized supplier stock replenishment"
2026-06-06,RM-007,"Condensed Milk",147.3,kg,"Quezon Agricultural Producers Coop","Warehouse Inbound Team","Authorized supplier stock replenishment"
2026-06-12,RM-007,"Condensed Milk",134.21,kg,"Quezon Agricultural Producers Coop","Warehouse Inbound Team","Authorized supplier stock replenishment"
2026-06-18,RM-007,"Condensed Milk",104.45,kg,"Quezon Agricultural Producers Coop","Warehouse Inbound Team","Authorized supplier stock replenishment"
2026-06-24,RM-007,"Condensed Milk",126.97,kg,"Quezon Agricultural Producers Coop","Warehouse Inbound Team","Authorized supplier stock replenishment"
2026-06-30,RM-007,"Condensed Milk",149.59,kg,"Quezon Agricultural Producers Coop","Warehouse Inbound Team","Authorized supplier stock replenishment"
2026-07-06,RM-007,"Condensed Milk",119.9,kg,"Quezon Agricultural Producers Coop","Warehouse Inbound Team","Authorized supplier stock replenishment"
2026-07-12,RM-007,"Condensed Milk",106.69,kg,"Quezon Agricultural Producers Coop","Warehouse Inbound Team","Authorized supplier stock replenishment"
2026-07-18,RM-007,"Condensed Milk",140.57,kg,"Quezon Agricultural Producers Coop","Warehouse Inbound Team","Authorized supplier stock replenishment"
2026-07-24,RM-007,"Condensed Milk",143.04,kg,"Quezon Agricultural Producers Coop","Warehouse Inbound Team","Authorized supplier stock replenishment"
2026-07-30,RM-007,"Condensed Milk",108.37,kg,"Quezon Agricultural Producers Coop","Warehouse Inbound Team","Authorized supplier stock replenishment"
2026-08-05,RM-007,"Condensed Milk",116.9,kg,"Quezon Agricultural Producers Coop","Warehouse Inbound Team","Authorized supplier stock replenishment"
2026-08-11,RM-007,"Condensed Milk",148.86,kg,"Quezon Agricultural Producers Coop","Warehouse Inbound Team","Authorized supplier stock replenishment"
2026-08-17,RM-007,"Condensed Milk",130.2,kg,"Quezon Agricultural Producers Coop","Warehouse Inbound Team","Authorized supplier stock replenishment"
2026-08-23,RM-007,"Condensed Milk",104.15,kg,"Quezon Agricultural Producers Coop","Warehouse Inbound Team","Authorized supplier stock replenishment"
2026-08-29,RM-007,"Condensed Milk",131.07,kg,"Quezon Agricultural Producers Coop","Warehouse Inbound Team","Authorized supplier stock replenishment"
2026-01-03,RM-008,"Evaporated Milk",137.74,L,"Southern Luzon Ingredients Supply","Warehouse Inbound Team","Authorized supplier stock replenishment"
2026-01-08,RM-008,"Evaporated Milk",104.87,L,"Southern Luzon Ingredients Supply","Warehouse Inbound Team","Authorized supplier stock replenishment"
2026-01-13,RM-008,"Evaporated Milk",107.71,L,"Southern Luzon Ingredients Supply","Warehouse Inbound Team","Authorized supplier stock replenishment"
2026-01-18,RM-008,"Evaporated Milk",139.68,L,"Southern Luzon Ingredients Supply","Warehouse Inbound Team","Authorized supplier stock replenishment"
2026-01-23,RM-008,"Evaporated Milk",126.7,L,"Southern Luzon Ingredients Supply","Warehouse Inbound Team","Authorized supplier stock replenishment"
2026-01-28,RM-008,"Evaporated Milk",98.85,L,"Southern Luzon Ingredients Supply","Warehouse Inbound Team","Authorized supplier stock replenishment"
2026-02-02,RM-008,"Evaporated Milk",120.65,L,"Southern Luzon Ingredients Supply","Warehouse Inbound Team","Authorized supplier stock replenishment"
2026-02-07,RM-008,"Evaporated Milk",141.6,L,"Southern Luzon Ingredients Supply","Warehouse Inbound Team","Authorized supplier stock replenishment"
2026-02-12,RM-008,"Evaporated Milk",113.15,L,"Southern Luzon Ingredients Supply","Warehouse Inbound Team","Authorized supplier stock replenishment"
2026-02-17,RM-008,"Evaporated Milk",101.23,L,"Southern Luzon Ingredients Supply","Warehouse Inbound Team","Authorized supplier stock replenishment"
2026-02-22,RM-008,"Evaporated Milk",133.45,L,"Southern Luzon Ingredients Supply","Warehouse Inbound Team","Authorized supplier stock replenishment"
2026-02-27,RM-008,"Evaporated Milk",135.16,L,"Southern Luzon Ingredients Supply","Warehouse Inbound Team","Authorized supplier stock replenishment"
2026-03-04,RM-008,"Evaporated Milk",102.39,L,"Southern Luzon Ingredients Supply","Warehouse Inbound Team","Authorized supplier stock replenishment"
2026-03-09,RM-008,"Evaporated Milk",111.08,L,"Southern Luzon Ingredients Supply","Warehouse Inbound Team","Authorized supplier stock replenishment"
2026-03-14,RM-008,"Evaporated Milk",141.09,L,"Southern Luzon Ingredients Supply","Warehouse Inbound Team","Authorized supplier stock replenishment"
2026-03-19,RM-008,"Evaporated Milk",122.89,L,"Southern Luzon Ingredients Supply","Warehouse Inbound Team","Authorized supplier stock replenishment"
2026-03-24,RM-008,"Evaporated Milk",98.65,L,"Southern Luzon Ingredients Supply","Warehouse Inbound Team","Authorized supplier stock replenishment"
2026-03-29,RM-008,"Evaporated Milk",124.53,L,"Southern Luzon Ingredients Supply","Warehouse Inbound Team","Authorized supplier stock replenishment"
2026-04-03,RM-008,"Evaporated Milk",140.57,L,"Southern Luzon Ingredients Supply","Warehouse Inbound Team","Authorized supplier stock replenishment"
2026-04-08,RM-008,"Evaporated Milk",109.6,L,"Southern Luzon Ingredients Supply","Warehouse Inbound Team","Authorized supplier stock replenishment"
2026-04-13,RM-008,"Evaporated Milk",103.38,L,"Southern Luzon Ingredients Supply","Warehouse Inbound Team","Authorized supplier stock replenishment"
2026-04-18,RM-008,"Evaporated Milk",136.32,L,"Southern Luzon Ingredients Supply","Warehouse Inbound Team","Authorized supplier stock replenishment"
2026-04-23,RM-008,"Evaporated Milk",132.09,L,"Southern Luzon Ingredients Supply","Warehouse Inbound Team","Authorized supplier stock replenishment"
2026-04-28,RM-008,"Evaporated Milk",100.49,L,"Southern Luzon Ingredients Supply","Warehouse Inbound Team","Authorized supplier stock replenishment"
2026-05-03,RM-008,"Evaporated Milk",114.74,L,"Southern Luzon Ingredients Supply","Warehouse Inbound Team","Authorized supplier stock replenishment"
2026-05-08,RM-008,"Evaporated Milk",141.82,L,"Southern Luzon Ingredients Supply","Warehouse Inbound Team","Authorized supplier stock replenishment"
2026-05-13,RM-008,"Evaporated Milk",118.99,L,"Southern Luzon Ingredients Supply","Warehouse Inbound Team","Authorized supplier stock replenishment"
2026-05-18,RM-008,"Evaporated Milk",99.15,L,"Southern Luzon Ingredients Supply","Warehouse Inbound Team","Authorized supplier stock replenishment"
2026-05-23,RM-008,"Evaporated Milk",128.27,L,"Southern Luzon Ingredients Supply","Warehouse Inbound Team","Authorized supplier stock replenishment"
2026-05-28,RM-008,"Evaporated Milk",138.88,L,"Southern Luzon Ingredients Supply","Warehouse Inbound Team","Authorized supplier stock replenishment"
2026-06-02,RM-008,"Evaporated Milk",106.39,L,"Southern Luzon Ingredients Supply","Warehouse Inbound Team","Authorized supplier stock replenishment"
2026-06-07,RM-008,"Evaporated Milk",106.09,L,"Southern Luzon Ingredients Supply","Warehouse Inbound Team","Authorized supplier stock replenishment"
2026-06-12,RM-008,"Evaporated Milk",138.67,L,"Southern Luzon Ingredients Supply","Warehouse Inbound Team","Authorized supplier stock replenishment"
2026-06-17,RM-008,"Evaporated Milk",128.64,L,"Southern Luzon Ingredients Supply","Warehouse Inbound Team","Authorized supplier stock replenishment"
2026-06-22,RM-008,"Evaporated Milk",99.24,L,"Southern Luzon Ingredients Supply","Warehouse Inbound Team","Authorized supplier stock replenishment"
2026-06-27,RM-008,"Evaporated Milk",118.59,L,"Southern Luzon Ingredients Supply","Warehouse Inbound Team","Authorized supplier stock replenishment"
2026-07-02,RM-008,"Evaporated Milk",141.86,L,"Southern Luzon Ingredients Supply","Warehouse Inbound Team","Authorized supplier stock replenishment"
2026-07-07,RM-008,"Evaporated Milk",115.13,L,"Southern Luzon Ingredients Supply","Warehouse Inbound Team","Authorized supplier stock replenishment"
2026-07-12,RM-008,"Evaporated Milk",100.33,L,"Southern Luzon Ingredients Supply","Warehouse Inbound Team","Authorized supplier stock replenishment"
2026-07-17,RM-008,"Evaporated Milk",131.76,L,"Southern Luzon Ingredients Supply","Warehouse Inbound Team","Authorized supplier stock replenishment"
2026-07-22,RM-008,"Evaporated Milk",136.59,L,"Southern Luzon Ingredients Supply","Warehouse Inbound Team","Authorized supplier stock replenishment"
2026-07-27,RM-008,"Evaporated Milk",103.64,L,"Southern Luzon Ingredients Supply","Warehouse Inbound Team","Authorized supplier stock replenishment"
2026-08-01,RM-008,"Evaporated Milk",109.25,L,"Southern Luzon Ingredients Supply","Warehouse Inbound Team","Authorized supplier stock replenishment"
2026-08-06,RM-008,"Evaporated Milk",140.42,L,"Southern Luzon Ingredients Supply","Warehouse Inbound Team","Authorized supplier stock replenishment"
2026-08-11,RM-008,"Evaporated Milk",124.93,L,"Southern Luzon Ingredients Supply","Warehouse Inbound Team","Authorized supplier stock replenishment"
2026-08-16,RM-008,"Evaporated Milk",98.67,L,"Southern Luzon Ingredients Supply","Warehouse Inbound Team","Authorized supplier stock replenishment"
2026-08-21,RM-008,"Evaporated Milk",122.49,L,"Southern Luzon Ingredients Supply","Warehouse Inbound Team","Authorized supplier stock replenishment"
2026-08-26,RM-008,"Evaporated Milk",141.2,L,"Southern Luzon Ingredients Supply","Warehouse Inbound Team","Authorized supplier stock replenishment"
2026-08-31,RM-008,"Evaporated Milk",111.44,L,"Southern Luzon Ingredients Supply","Warehouse Inbound Team","Authorized supplier stock replenishment"
2026-01-04,RM-009,"Powdered Milk",159.98,kg,"Quezon Agricultural Producers Coop","Warehouse Inbound Team","Authorized supplier stock replenishment"
2026-01-09,RM-009,"Powdered Milk",183.61,kg,"Quezon Agricultural Producers Coop","Warehouse Inbound Team","Authorized supplier stock replenishment"
2026-01-14,RM-009,"Powdered Milk",226.21,kg,"Quezon Agricultural Producers Coop","Warehouse Inbound Team","Authorized supplier stock replenishment"
2026-01-19,RM-009,"Powdered Milk",189.08,kg,"Quezon Agricultural Producers Coop","Warehouse Inbound Team","Authorized supplier stock replenishment"
2026-01-24,RM-009,"Powdered Milk",158.25,kg,"Quezon Agricultural Producers Coop","Warehouse Inbound Team","Authorized supplier stock replenishment"
2026-01-29,RM-009,"Powdered Milk",205.16,kg,"Quezon Agricultural Producers Coop","Warehouse Inbound Team","Authorized supplier stock replenishment"
2026-02-03,RM-009,"Powdered Milk",221.12,kg,"Quezon Agricultural Producers Coop","Warehouse Inbound Team","Authorized supplier stock replenishment"
2026-02-08,RM-009,"Powdered Milk",169.15,kg,"Quezon Agricultural Producers Coop","Warehouse Inbound Team","Authorized supplier stock replenishment"
2026-02-13,RM-009,"Powdered Milk",169.67,kg,"Quezon Agricultural Producers Coop","Warehouse Inbound Team","Authorized supplier stock replenishment"
2026-02-18,RM-009,"Powdered Milk",221.47,kg,"Quezon Agricultural Producers Coop","Warehouse Inbound Team","Authorized supplier stock replenishment"
2026-02-23,RM-009,"Powdered Milk",204.53,kg,"Quezon Agricultural Producers Coop","Warehouse Inbound Team","Authorized supplier stock replenishment"
2026-02-28,RM-009,"Powdered Milk",158.1,kg,"Quezon Agricultural Producers Coop","Warehouse Inbound Team","Authorized supplier stock replenishment"
2026-03-05,RM-009,"Powdered Milk",189.76,kg,"Quezon Agricultural Producers Coop","Warehouse Inbound Team","Authorized supplier stock replenishment"
2026-03-10,RM-009,"Powdered Milk",226.15,kg,"Quezon Agricultural Producers Coop","Warehouse Inbound Team","Authorized supplier stock replenishment"
2026-03-15,RM-009,"Powdered Milk",182.95,kg,"Quezon Agricultural Producers Coop","Warehouse Inbound Team","Authorized supplier stock replenishment"
2026-03-20,RM-009,"Powdered Milk",160.26,kg,"Quezon Agricultural Producers Coop","Warehouse Inbound Team","Authorized supplier stock replenishment"
2026-03-25,RM-009,"Powdered Milk",210.65,kg,"Quezon Agricultural Producers Coop","Warehouse Inbound Team","Authorized supplier stock replenishment"
2026-03-30,RM-009,"Powdered Milk",217.37,kg,"Quezon Agricultural Producers Coop","Warehouse Inbound Team","Authorized supplier stock replenishment"
2026-04-04,RM-009,"Powdered Milk",164.84,kg,"Quezon Agricultural Producers Coop","Warehouse Inbound Team","Authorized supplier stock replenishment"
2026-04-09,RM-009,"Powdered Milk",174.78,kg,"Quezon Agricultural Producers Coop","Warehouse Inbound Team","Authorized supplier stock replenishment"
2026-04-14,RM-009,"Powdered Milk",224.16,kg,"Quezon Agricultural Producers Coop","Warehouse Inbound Team","Authorized supplier stock replenishment"
2026-04-19,RM-009,"Powdered Milk",198.56,kg,"Quezon Agricultural Producers Coop","Warehouse Inbound Team","Authorized supplier stock replenishment"
2026-04-24,RM-009,"Powdered Milk",157.3,kg,"Quezon Agricultural Producers Coop","Warehouse Inbound Team","Authorized supplier stock replenishment"
2026-04-29,RM-009,"Powdered Milk",195.98,kg,"Quezon Agricultural Producers Coop","Warehouse Inbound Team","Authorized supplier stock replenishment"
2026-05-04,RM-009,"Powdered Milk",224.97,kg,"Quezon Agricultural Producers Coop","Warehouse Inbound Team","Authorized supplier stock replenishment"
2026-05-09,RM-009,"Powdered Milk",177.1,kg,"Quezon Agricultural Producers Coop","Warehouse Inbound Team","Authorized supplier stock replenishment"
2026-05-14,RM-009,"Powdered Milk",163.29,kg,"Quezon Agricultural Producers Coop","Warehouse Inbound Team","Authorized supplier stock replenishment"
2026-05-19,RM-009,"Powdered Milk",215.54,kg,"Quezon Agricultural Producers Coop","Warehouse Inbound Team","Authorized supplier stock replenishment"
2026-05-24,RM-009,"Powdered Milk",212.79,kg,"Quezon Agricultural Producers Coop","Warehouse Inbound Team","Authorized supplier stock replenishment"
2026-05-29,RM-009,"Powdered Milk",161.41,kg,"Quezon Agricultural Producers Coop","Warehouse Inbound Team","Authorized supplier stock replenishment"
2026-06-03,RM-009,"Powdered Milk",180.45,kg,"Quezon Agricultural Producers Coop","Warehouse Inbound Team","Authorized supplier stock replenishment"
2026-06-08,RM-009,"Powdered Milk",225.79,kg,"Quezon Agricultural Producers Coop","Warehouse Inbound Team","Authorized supplier stock replenishment"
2026-06-13,RM-009,"Powdered Milk",192.37,kg,"Quezon Agricultural Producers Coop","Warehouse Inbound Team","Authorized supplier stock replenishment"
2026-06-18,RM-009,"Powdered Milk",157.63,kg,"Quezon Agricultural Producers Coop","Warehouse Inbound Team","Authorized supplier stock replenishment"
2026-06-23,RM-009,"Powdered Milk",202.06,kg,"Quezon Agricultural Producers Coop","Warehouse Inbound Team","Authorized supplier stock replenishment"
2026-06-28,RM-009,"Powdered Milk",222.72,kg,"Quezon Agricultural Producers Coop","Warehouse Inbound Team","Authorized supplier stock replenishment"
2026-07-03,RM-009,"Powdered Milk",171.74,kg,"Quezon Agricultural Producers Coop","Warehouse Inbound Team","Authorized supplier stock replenishment"
2026-07-08,RM-009,"Powdered Milk",167.24,kg,"Quezon Agricultural Producers Coop","Warehouse Inbound Team","Authorized supplier stock replenishment"
2026-07-13,RM-009,"Powdered Milk",219.65,kg,"Quezon Agricultural Producers Coop","Warehouse Inbound Team","Authorized supplier stock replenishment"
2026-07-18,RM-009,"Powdered Milk",207.53,kg,"Quezon Agricultural Producers Coop","Warehouse Inbound Team","Authorized supplier stock replenishment"
2026-07-23,RM-009,"Powdered Milk",158.96,kg,"Quezon Agricultural Producers Coop","Warehouse Inbound Team","Authorized supplier stock replenishment"
2026-07-28,RM-009,"Powdered Milk",186.48,kg,"Quezon Agricultural Producers Coop","Warehouse Inbound Team","Authorized supplier stock replenishment"
2026-08-02,RM-009,"Powdered Milk",226.32,kg,"Quezon Agricultural Producers Coop","Warehouse Inbound Team","Authorized supplier stock replenishment"
2026-08-07,RM-009,"Powdered Milk",186.17,kg,"Quezon Agricultural Producers Coop","Warehouse Inbound Team","Authorized supplier stock replenishment"
2026-08-12,RM-009,"Powdered Milk",159.06,kg,"Quezon Agricultural Producers Coop","Warehouse Inbound Team","Authorized supplier stock replenishment"
2026-08-17,RM-009,"Powdered Milk",207.81,kg,"Quezon Agricultural Producers Coop","Warehouse Inbound Team","Authorized supplier stock replenishment"
2026-08-22,RM-009,"Powdered Milk",219.46,kg,"Quezon Agricultural Producers Coop","Warehouse Inbound Team","Authorized supplier stock replenishment"
2026-08-27,RM-009,"Powdered Milk",167.02,kg,"Quezon Agricultural Producers Coop","Warehouse Inbound Team","Authorized supplier stock replenishment"
2026-09-01,RM-009,"Powdered Milk",172,kg,"Quezon Agricultural Producers Coop","Warehouse Inbound Team","Authorized supplier stock replenishment"
2026-01-04,RM-010,"Fresh Whole Egg Whites",106.89,kg,"Southern Luzon Ingredients Supply","Warehouse Inbound Team","Authorized supplier stock replenishment"
2026-01-10,RM-010,"Fresh Whole Egg Whites",122.2,kg,"Southern Luzon Ingredients Supply","Warehouse Inbound Team","Authorized supplier stock replenishment"
2026-01-16,RM-010,"Fresh Whole Egg Whites",95.95,kg,"Southern Luzon Ingredients Supply","Warehouse Inbound Team","Authorized supplier stock replenishment"
2026-01-22,RM-010,"Fresh Whole Egg Whites",88.97,kg,"Southern Luzon Ingredients Supply","Warehouse Inbound Team","Authorized supplier stock replenishment"
2026-01-28,RM-010,"Fresh Whole Egg Whites",117.43,kg,"Southern Luzon Ingredients Supply","Warehouse Inbound Team","Authorized supplier stock replenishment"
2026-02-03,RM-010,"Fresh Whole Egg Whites",115.39,kg,"Southern Luzon Ingredients Supply","Warehouse Inbound Team","Authorized supplier stock replenishment"
2026-02-09,RM-010,"Fresh Whole Egg Whites",87.58,kg,"Southern Luzon Ingredients Supply","Warehouse Inbound Team","Authorized supplier stock replenishment"
2026-02-15,RM-010,"Fresh Whole Egg Whites",98.44,kg,"Southern Luzon Ingredients Supply","Warehouse Inbound Team","Authorized supplier stock replenishment"
2026-02-21,RM-010,"Fresh Whole Egg Whites",122.81,kg,"Southern Luzon Ingredients Supply","Warehouse Inbound Team","Authorized supplier stock replenishment"
2026-02-27,RM-010,"Fresh Whole Egg Whites",104.22,kg,"Southern Luzon Ingredients Supply","Warehouse Inbound Team","Authorized supplier stock replenishment"
2026-03-05,RM-010,"Fresh Whole Egg Whites",85.74,kg,"Southern Luzon Ingredients Supply","Warehouse Inbound Team","Authorized supplier stock replenishment"
2026-03-11,RM-010,"Fresh Whole Egg Whites",110.19,kg,"Southern Luzon Ingredients Supply","Warehouse Inbound Team","Authorized supplier stock replenishment"
2026-03-17,RM-010,"Fresh Whole Egg Whites",120.91,kg,"Southern Luzon Ingredients Supply","Warehouse Inbound Team","Authorized supplier stock replenishment"
2026-03-23,RM-010,"Fresh Whole Egg Whites",93.07,kg,"Southern Luzon Ingredients Supply","Warehouse Inbound Team","Authorized supplier stock replenishment"
2026-03-29,RM-010,"Fresh Whole Egg Whites",91.17,kg,"Southern Luzon Ingredients Supply","Warehouse Inbound Team","Authorized supplier stock replenishment"
2026-04-04,RM-010,"Fresh Whole Egg Whites",119.62,kg,"Southern Luzon Ingredients Supply","Warehouse Inbound Team","Authorized supplier stock replenishment"
2026-04-10,RM-010,"Fresh Whole Egg Whites",112.5,kg,"Southern Luzon Ingredients Supply","Warehouse Inbound Team","Authorized supplier stock replenishment"
2026-04-16,RM-010,"Fresh Whole Egg Whites",86.31,kg,"Southern Luzon Ingredients Supply","Warehouse Inbound Team","Authorized supplier stock replenishment"
2026-04-22,RM-010,"Fresh Whole Egg Whites",101.73,kg,"Southern Luzon Ingredients Supply","Warehouse Inbound Team","Authorized supplier stock replenishment"
2026-04-28,RM-010,"Fresh Whole Egg Whites",123.03,kg,"Southern Luzon Ingredients Supply","Warehouse Inbound Team","Authorized supplier stock replenishment"
2026-05-04,RM-010,"Fresh Whole Egg Whites",78.67,kg,"Southern Luzon Ingredients Supply","Warehouse Inbound Team","Authorized supplier stock replenishment"
2026-05-10,RM-010,"Fresh Whole Egg Whites",67.54,kg,"Southern Luzon Ingredients Supply","Warehouse Inbound Team","Authorized supplier stock replenishment"
2026-05-16,RM-010,"Fresh Whole Egg Whites",88.36,kg,"Southern Luzon Ingredients Supply","Warehouse Inbound Team","Authorized supplier stock replenishment"
2026-05-22,RM-010,"Fresh Whole Egg Whites",92.89,kg,"Southern Luzon Ingredients Supply","Warehouse Inbound Team","Authorized supplier stock replenishment"
2026-05-28,RM-010,"Fresh Whole Egg Whites",70.63,kg,"Southern Luzon Ingredients Supply","Warehouse Inbound Team","Authorized supplier stock replenishment"
2026-06-03,RM-010,"Fresh Whole Egg Whites",73.16,kg,"Southern Luzon Ingredients Supply","Warehouse Inbound Team","Authorized supplier stock replenishment"
2026-06-09,RM-010,"Fresh Whole Egg Whites",94.62,kg,"Southern Luzon Ingredients Supply","Warehouse Inbound Team","Authorized supplier stock replenishment"
2026-06-15,RM-010,"Fresh Whole Egg Whites",85.28,kg,"Southern Luzon Ingredients Supply","Warehouse Inbound Team","Authorized supplier stock replenishment"
2026-06-21,RM-010,"Fresh Whole Egg Whites",66.78,kg,"Southern Luzon Ingredients Supply","Warehouse Inbound Team","Authorized supplier stock replenishment"
2026-06-27,RM-010,"Fresh Whole Egg Whites",81.99,kg,"Southern Luzon Ingredients Supply","Warehouse Inbound Team","Authorized supplier stock replenishment"
2026-07-03,RM-010,"Fresh Whole Egg Whites",95.66,kg,"Southern Luzon Ingredients Supply","Warehouse Inbound Team","Authorized supplier stock replenishment"
2026-07-09,RM-010,"Fresh Whole Egg Whites",76.13,kg,"Southern Luzon Ingredients Supply","Warehouse Inbound Team","Authorized supplier stock replenishment"
2026-07-15,RM-010,"Fresh Whole Egg Whites",68.64,kg,"Southern Luzon Ingredients Supply","Warehouse Inbound Team","Authorized supplier stock replenishment"
2026-07-21,RM-010,"Fresh Whole Egg Whites",90.55,kg,"Southern Luzon Ingredients Supply","Warehouse Inbound Team","Authorized supplier stock replenishment"
2026-07-27,RM-010,"Fresh Whole Egg Whites",91.09,kg,"Southern Luzon Ingredients Supply","Warehouse Inbound Team","Authorized supplier stock replenishment"
2026-08-02,RM-010,"Fresh Whole Egg Whites",69.01,kg,"Southern Luzon Ingredients Supply","Warehouse Inbound Team","Authorized supplier stock replenishment"
2026-08-08,RM-010,"Fresh Whole Egg Whites",75.47,kg,"Southern Luzon Ingredients Supply","Warehouse Inbound Team","Authorized supplier stock replenishment"
2026-08-14,RM-010,"Fresh Whole Egg Whites",95.5,kg,"Southern Luzon Ingredients Supply","Warehouse Inbound Team","Authorized supplier stock replenishment"
2026-08-20,RM-010,"Fresh Whole Egg Whites",82.69,kg,"Southern Luzon Ingredients Supply","Warehouse Inbound Team","Authorized supplier stock replenishment"
2026-08-26,RM-010,"Fresh Whole Egg Whites",66.72,kg,"Southern Luzon Ingredients Supply","Warehouse Inbound Team","Authorized supplier stock replenishment"
2026-09-01,RM-010,"Fresh Whole Egg Whites",84.6,kg,"Southern Luzon Ingredients Supply","Warehouse Inbound Team","Authorized supplier stock replenishment"
2026-01-01,RM-011,"Fresh Whole Eggs",261.49,kg,"Quezon Agricultural Producers Coop","Warehouse Inbound Team","Authorized supplier stock replenishment"
2026-01-06,RM-011,"Fresh Whole Eggs",198.67,kg,"Quezon Agricultural Producers Coop","Warehouse Inbound Team","Authorized supplier stock replenishment"
2026-01-11,RM-011,"Fresh Whole Eggs",207,kg,"Quezon Agricultural Producers Coop","Warehouse Inbound Team","Authorized supplier stock replenishment"
2026-01-16,RM-011,"Fresh Whole Eggs",267.19,kg,"Quezon Agricultural Producers Coop","Warehouse Inbound Team","Authorized supplier stock replenishment"
2026-01-21,RM-011,"Fresh Whole Eggs",239.77,kg,"Quezon Agricultural Producers Coop","Warehouse Inbound Team","Authorized supplier stock replenishment"
2026-01-26,RM-011,"Fresh Whole Eggs",188.28,kg,"Quezon Agricultural Producers Coop","Warehouse Inbound Team","Authorized supplier stock replenishment"
2026-01-31,RM-011,"Fresh Whole Eggs",232.02,kg,"Quezon Agricultural Producers Coop","Warehouse Inbound Team","Authorized supplier stock replenishment"
2026-02-05,RM-011,"Fresh Whole Eggs",269.64,kg,"Quezon Agricultural Producers Coop","Warehouse Inbound Team","Authorized supplier stock replenishment"
2026-02-10,RM-011,"Fresh Whole Eggs",213.97,kg,"Quezon Agricultural Producers Coop","Warehouse Inbound Team","Authorized supplier stock replenishment"
2026-02-15,RM-011,"Fresh Whole Eggs",194,kg,"Quezon Agricultural Producers Coop","Warehouse Inbound Team","Authorized supplier stock replenishment"
2026-02-20,RM-011,"Fresh Whole Eggs",256.01,kg,"Quezon Agricultural Producers Coop","Warehouse Inbound Team","Authorized supplier stock replenishment"
2026-02-25,RM-011,"Fresh Whole Eggs",256.31,kg,"Quezon Agricultural Producers Coop","Warehouse Inbound Team","Authorized supplier stock replenishment"
2026-03-02,RM-011,"Fresh Whole Eggs",194.21,kg,"Quezon Agricultural Producers Coop","Warehouse Inbound Team","Authorized supplier stock replenishment"
2026-03-07,RM-011,"Fresh Whole Eggs",213.59,kg,"Quezon Agricultural Producers Coop","Warehouse Inbound Team","Authorized supplier stock replenishment"
2026-03-12,RM-011,"Fresh Whole Eggs",269.55,kg,"Quezon Agricultural Producers Coop","Warehouse Inbound Team","Authorized supplier stock replenishment"
2026-03-17,RM-011,"Fresh Whole Eggs",232.43,kg,"Quezon Agricultural Producers Coop","Warehouse Inbound Team","Authorized supplier stock replenishment"
2026-03-22,RM-011,"Fresh Whole Eggs",188.24,kg,"Quezon Agricultural Producers Coop","Warehouse Inbound Team","Authorized supplier stock replenishment"
2026-03-27,RM-011,"Fresh Whole Eggs",239.37,kg,"Quezon Agricultural Producers Coop","Warehouse Inbound Team","Authorized supplier stock replenishment"
2026-04-01,RM-011,"Fresh Whole Eggs",267.35,kg,"Quezon Agricultural Producers Coop","Warehouse Inbound Team","Authorized supplier stock replenishment"
2026-04-06,RM-011,"Fresh Whole Eggs",207.34,kg,"Quezon Agricultural Producers Coop","Warehouse Inbound Team","Authorized supplier stock replenishment"
2026-04-11,RM-011,"Fresh Whole Eggs",198.4,kg,"Quezon Agricultural Producers Coop","Warehouse Inbound Team","Authorized supplier stock replenishment"
2026-04-16,RM-011,"Fresh Whole Eggs",261.24,kg,"Quezon Agricultural Producers Coop","Warehouse Inbound Team","Authorized supplier stock replenishment"
2026-04-21,RM-011,"Fresh Whole Eggs",250.26,kg,"Quezon Agricultural Producers Coop","Warehouse Inbound Team","Authorized supplier stock replenishment"
2026-04-26,RM-011,"Fresh Whole Eggs",190.9,kg,"Quezon Agricultural Producers Coop","Warehouse Inbound Team","Authorized supplier stock replenishment"
2026-05-01,RM-011,"Fresh Whole Eggs",220.7,kg,"Quezon Agricultural Producers Coop","Warehouse Inbound Team","Authorized supplier stock replenishment"
2026-05-06,RM-011,"Fresh Whole Eggs",270.61,kg,"Quezon Agricultural Producers Coop","Warehouse Inbound Team","Authorized supplier stock replenishment"
2026-05-11,RM-011,"Fresh Whole Eggs",224.99,kg,"Quezon Agricultural Producers Coop","Warehouse Inbound Team","Authorized supplier stock replenishment"
2026-05-16,RM-011,"Fresh Whole Eggs",189.54,kg,"Quezon Agricultural Producers Coop","Warehouse Inbound Team","Authorized supplier stock replenishment"
2026-05-21,RM-011,"Fresh Whole Eggs",246.4,kg,"Quezon Agricultural Producers Coop","Warehouse Inbound Team","Authorized supplier stock replenishment"
2026-05-26,RM-011,"Fresh Whole Eggs",263.82,kg,"Quezon Agricultural Producers Coop","Warehouse Inbound Team","Authorized supplier stock replenishment"
2026-05-31,RM-011,"Fresh Whole Eggs",201.44,kg,"Quezon Agricultural Producers Coop","Warehouse Inbound Team","Authorized supplier stock replenishment"
2026-06-05,RM-011,"Fresh Whole Eggs",203.8,kg,"Quezon Agricultural Producers Coop","Warehouse Inbound Team","Authorized supplier stock replenishment"
2026-06-10,RM-011,"Fresh Whole Eggs",265.43,kg,"Quezon Agricultural Producers Coop","Warehouse Inbound Team","Authorized supplier stock replenishment"
2026-06-15,RM-011,"Fresh Whole Eggs",243.53,kg,"Quezon Agricultural Producers Coop","Warehouse Inbound Team","Authorized supplier stock replenishment"
2026-06-20,RM-011,"Fresh Whole Eggs",188.84,kg,"Quezon Agricultural Producers Coop","Warehouse Inbound Team","Authorized supplier stock replenishment"
2026-06-25,RM-011,"Fresh Whole Eggs",228.08,kg,"Quezon Agricultural Producers Coop","Warehouse Inbound Team","Authorized supplier stock replenishment"
2026-06-30,RM-011,"Fresh Whole Eggs",270.33,kg,"Quezon Agricultural Producers Coop","Warehouse Inbound Team","Authorized supplier stock replenishment"
2026-07-05,RM-011,"Fresh Whole Eggs",217.69,kg,"Quezon Agricultural Producers Coop","Warehouse Inbound Team","Authorized supplier stock replenishment"
2026-07-10,RM-011,"Fresh Whole Eggs",192.13,kg,"Quezon Agricultural Producers Coop","Warehouse Inbound Team","Authorized supplier stock replenishment"
2026-07-15,RM-011,"Fresh Whole Eggs",252.88,kg,"Quezon Agricultural Producers Coop","Warehouse Inbound Team","Authorized supplier stock replenishment"
2026-07-20,RM-011,"Fresh Whole Eggs",259.17,kg,"Quezon Agricultural Producers Coop","Warehouse Inbound Team","Authorized supplier stock replenishment"
2026-07-25,RM-011,"Fresh Whole Eggs",196.43,kg,"Quezon Agricultural Producers Coop","Warehouse Inbound Team","Authorized supplier stock replenishment"
2026-07-30,RM-011,"Fresh Whole Eggs",210.03,kg,"Quezon Agricultural Producers Coop","Warehouse Inbound Team","Authorized supplier stock replenishment"
2026-08-04,RM-011,"Fresh Whole Eggs",268.46,kg,"Quezon Agricultural Producers Coop","Warehouse Inbound Team","Authorized supplier stock replenishment"
2026-08-09,RM-011,"Fresh Whole Eggs",236.34,kg,"Quezon Agricultural Producers Coop","Warehouse Inbound Team","Authorized supplier stock replenishment"
2026-08-14,RM-011,"Fresh Whole Eggs",188.09,kg,"Quezon Agricultural Producers Coop","Warehouse Inbound Team","Authorized supplier stock replenishment"
2026-08-19,RM-011,"Fresh Whole Eggs",235.51,kg,"Quezon Agricultural Producers Coop","Warehouse Inbound Team","Authorized supplier stock replenishment"
2026-08-24,RM-011,"Fresh Whole Eggs",268.72,kg,"Quezon Agricultural Producers Coop","Warehouse Inbound Team","Authorized supplier stock replenishment"
2026-08-29,RM-011,"Fresh Whole Eggs",210.77,kg,"Quezon Agricultural Producers Coop","Warehouse Inbound Team","Authorized supplier stock replenishment"
2026-01-02,RM-012,"All-Vegetable Shortening",82,kg,"Southern Luzon Ingredients Supply","Warehouse Inbound Team","Authorized supplier stock replenishment"
2026-01-07,RM-012,"All-Vegetable Shortening",95.27,kg,"Southern Luzon Ingredients Supply","Warehouse Inbound Team","Authorized supplier stock replenishment"
2026-01-12,RM-012,"All-Vegetable Shortening",116.42,kg,"Southern Luzon Ingredients Supply","Warehouse Inbound Team","Authorized supplier stock replenishment"
2026-01-17,RM-012,"All-Vegetable Shortening",96.45,kg,"Southern Luzon Ingredients Supply","Warehouse Inbound Team","Authorized supplier stock replenishment"
2026-01-22,RM-012,"All-Vegetable Shortening",81.63,kg,"Southern Luzon Ingredients Supply","Warehouse Inbound Team","Authorized supplier stock replenishment"
2026-01-27,RM-012,"All-Vegetable Shortening",106.3,kg,"Southern Luzon Ingredients Supply","Warehouse Inbound Team","Authorized supplier stock replenishment"
2026-02-01,RM-012,"All-Vegetable Shortening",113.3,kg,"Southern Luzon Ingredients Supply","Warehouse Inbound Team","Authorized supplier stock replenishment"
2026-02-06,RM-012,"All-Vegetable Shortening",86.41,kg,"Southern Luzon Ingredients Supply","Warehouse Inbound Team","Authorized supplier stock replenishment"
2026-02-11,RM-012,"All-Vegetable Shortening",87.94,kg,"Southern Luzon Ingredients Supply","Warehouse Inbound Team","Authorized supplier stock replenishment"
2026-02-16,RM-012,"All-Vegetable Shortening",114.35,kg,"Southern Luzon Ingredients Supply","Warehouse Inbound Team","Authorized supplier stock replenishment"
2026-02-21,RM-012,"All-Vegetable Shortening",104.44,kg,"Southern Luzon Ingredients Supply","Warehouse Inbound Team","Authorized supplier stock replenishment"
2026-02-26,RM-012,"All-Vegetable Shortening",81.17,kg,"Southern Luzon Ingredients Supply","Warehouse Inbound Team","Authorized supplier stock replenishment"
2026-03-03,RM-012,"All-Vegetable Shortening",98.45,kg,"Southern Luzon Ingredients Supply","Warehouse Inbound Team","Authorized supplier stock replenishment"
2026-03-08,RM-012,"All-Vegetable Shortening",116.24,kg,"Southern Luzon Ingredients Supply","Warehouse Inbound Team","Authorized supplier stock replenishment"
2026-03-13,RM-012,"All-Vegetable Shortening",93.32,kg,"Southern Luzon Ingredients Supply","Warehouse Inbound Team","Authorized supplier stock replenishment"
2026-03-18,RM-012,"All-Vegetable Shortening",82.8,kg,"Southern Luzon Ingredients Supply","Warehouse Inbound Team","Authorized supplier stock replenishment"
2026-03-23,RM-012,"All-Vegetable Shortening",109.06,kg,"Southern Luzon Ingredients Supply","Warehouse Inbound Team","Authorized supplier stock replenishment"
2026-03-28,RM-012,"All-Vegetable Shortening",111.25,kg,"Southern Luzon Ingredients Supply","Warehouse Inbound Team","Authorized supplier stock replenishment"
2026-04-02,RM-012,"All-Vegetable Shortening",84.3,kg,"Southern Luzon Ingredients Supply","Warehouse Inbound Team","Authorized supplier stock replenishment"
2026-04-07,RM-012,"All-Vegetable Shortening",90.65,kg,"Southern Luzon Ingredients Supply","Warehouse Inbound Team","Authorized supplier stock replenishment"
2026-04-12,RM-012,"All-Vegetable Shortening",115.59,kg,"Southern Luzon Ingredients Supply","Warehouse Inbound Team","Authorized supplier stock replenishment"
2026-04-17,RM-012,"All-Vegetable Shortening",101.33,kg,"Southern Luzon Ingredients Supply","Warehouse Inbound Team","Authorized supplier stock replenishment"
2026-04-22,RM-012,"All-Vegetable Shortening",80.91,kg,"Southern Luzon Ingredients Supply","Warehouse Inbound Team","Authorized supplier stock replenishment"
2026-04-27,RM-012,"All-Vegetable Shortening",101.65,kg,"Southern Luzon Ingredients Supply","Warehouse Inbound Team","Authorized supplier stock replenishment"
2026-05-02,RM-012,"All-Vegetable Shortening",115.49,kg,"Southern Luzon Ingredients Supply","Warehouse Inbound Team","Authorized supplier stock replenishment"
2026-05-07,RM-012,"All-Vegetable Shortening",90.37,kg,"Southern Luzon Ingredients Supply","Warehouse Inbound Team","Authorized supplier stock replenishment"
2026-05-12,RM-012,"All-Vegetable Shortening",84.49,kg,"Southern Luzon Ingredients Supply","Warehouse Inbound Team","Authorized supplier stock replenishment"
2026-05-17,RM-012,"All-Vegetable Shortening",111.48,kg,"Southern Luzon Ingredients Supply","Warehouse Inbound Team","Authorized supplier stock replenishment"
2026-05-22,RM-012,"All-Vegetable Shortening",108.8,kg,"Southern Luzon Ingredients Supply","Warehouse Inbound Team","Authorized supplier stock replenishment"
2026-05-27,RM-012,"All-Vegetable Shortening",82.66,kg,"Southern Luzon Ingredients Supply","Warehouse Inbound Team","Authorized supplier stock replenishment"
2026-06-01,RM-012,"All-Vegetable Shortening",93.62,kg,"Southern Luzon Ingredients Supply","Warehouse Inbound Team","Authorized supplier stock replenishment"
2026-06-06,RM-012,"All-Vegetable Shortening",116.29,kg,"Southern Luzon Ingredients Supply","Warehouse Inbound Team","Authorized supplier stock replenishment"
2026-06-11,RM-012,"All-Vegetable Shortening",98.14,kg,"Southern Luzon Ingredients Supply","Warehouse Inbound Team","Authorized supplier stock replenishment"
2026-06-16,RM-012,"All-Vegetable Shortening",81.23,kg,"Southern Luzon Ingredients Supply","Warehouse Inbound Team","Authorized supplier stock replenishment"
2026-06-21,RM-012,"All-Vegetable Shortening",104.74,kg,"Southern Luzon Ingredients Supply","Warehouse Inbound Team","Authorized supplier stock replenishment"
2026-06-26,RM-012,"All-Vegetable Shortening",114.19,kg,"Southern Luzon Ingredients Supply","Warehouse Inbound Team","Authorized supplier stock replenishment"
2026-07-01,RM-012,"All-Vegetable Shortening",87.69,kg,"Southern Luzon Ingredients Supply","Warehouse Inbound Team","Authorized supplier stock replenishment"
2026-07-06,RM-012,"All-Vegetable Shortening",86.64,kg,"Southern Luzon Ingredients Supply","Warehouse Inbound Team","Authorized supplier stock replenishment"
2026-07-11,RM-012,"All-Vegetable Shortening",113.48,kg,"Southern Luzon Ingredients Supply","Warehouse Inbound Team","Authorized supplier stock replenishment"
2026-07-16,RM-012,"All-Vegetable Shortening",106.02,kg,"Southern Luzon Ingredients Supply","Warehouse Inbound Team","Authorized supplier stock replenishment"
2026-07-21,RM-012,"All-Vegetable Shortening",81.54,kg,"Southern Luzon Ingredients Supply","Warehouse Inbound Team","Authorized supplier stock replenishment"
2026-07-26,RM-012,"All-Vegetable Shortening",96.76,kg,"Southern Luzon Ingredients Supply","Warehouse Inbound Team","Authorized supplier stock replenishment"
2026-07-31,RM-012,"All-Vegetable Shortening",116.41,kg,"Southern Luzon Ingredients Supply","Warehouse Inbound Team","Authorized supplier stock replenishment"
2026-08-05,RM-012,"All-Vegetable Shortening",94.96,kg,"Southern Luzon Ingredients Supply","Warehouse Inbound Team","Authorized supplier stock replenishment"
2026-08-10,RM-012,"All-Vegetable Shortening",82.11,kg,"Southern Luzon Ingredients Supply","Warehouse Inbound Team","Authorized supplier stock replenishment"
2026-08-15,RM-012,"All-Vegetable Shortening",107.64,kg,"Southern Luzon Ingredients Supply","Warehouse Inbound Team","Authorized supplier stock replenishment"
2026-08-20,RM-012,"All-Vegetable Shortening",112.39,kg,"Southern Luzon Ingredients Supply","Warehouse Inbound Team","Authorized supplier stock replenishment"
2026-08-25,RM-012,"All-Vegetable Shortening",85.36,kg,"Southern Luzon Ingredients Supply","Warehouse Inbound Team","Authorized supplier stock replenishment"
2026-08-30,RM-012,"All-Vegetable Shortening",89.18,kg,"Southern Luzon Ingredients Supply","Warehouse Inbound Team","Authorized supplier stock replenishment"
2026-01-01,RM-013,"Baking Shortening",134.81,kg,"Quezon Agricultural Producers Coop","Warehouse Inbound Team","Authorized supplier stock replenishment"
2026-01-07,RM-013,"Baking Shortening",152.52,kg,"Quezon Agricultural Producers Coop","Warehouse Inbound Team","Authorized supplier stock replenishment"
2026-01-13,RM-013,"Baking Shortening",119.07,kg,"Quezon Agricultural Producers Coop","Warehouse Inbound Team","Authorized supplier stock replenishment"
2026-01-19,RM-013,"Baking Shortening",111.96,kg,"Quezon Agricultural Producers Coop","Warehouse Inbound Team","Authorized supplier stock replenishment"
2026-01-25,RM-013,"Baking Shortening",147.67,kg,"Quezon Agricultural Producers Coop","Warehouse Inbound Team","Authorized supplier stock replenishment"
2026-01-31,RM-013,"Baking Shortening",143.45,kg,"Quezon Agricultural Producers Coop","Warehouse Inbound Team","Authorized supplier stock replenishment"
2026-02-06,RM-013,"Baking Shortening",109.08,kg,"Quezon Agricultural Producers Coop","Warehouse Inbound Team","Authorized supplier stock replenishment"
2026-02-12,RM-013,"Baking Shortening",124.2,kg,"Quezon Agricultural Producers Coop","Warehouse Inbound Team","Authorized supplier stock replenishment"
2026-02-18,RM-013,"Baking Shortening",153.78,kg,"Quezon Agricultural Producers Coop","Warehouse Inbound Team","Authorized supplier stock replenishment"
2026-02-24,RM-013,"Baking Shortening",129.28,kg,"Quezon Agricultural Producers Coop","Warehouse Inbound Team","Authorized supplier stock replenishment"
2026-03-02,RM-013,"Baking Shortening",107.47,kg,"Quezon Agricultural Producers Coop","Warehouse Inbound Team","Authorized supplier stock replenishment"
2026-03-08,RM-013,"Baking Shortening",138.88,kg,"Quezon Agricultural Producers Coop","Warehouse Inbound Team","Authorized supplier stock replenishment"
2026-03-14,RM-013,"Baking Shortening",150.73,kg,"Quezon Agricultural Producers Coop","Warehouse Inbound Team","Authorized supplier stock replenishment"
2026-03-20,RM-013,"Baking Shortening",115.57,kg,"Quezon Agricultural Producers Coop","Warehouse Inbound Team","Authorized supplier stock replenishment"
2026-03-26,RM-013,"Baking Shortening",114.86,kg,"Quezon Agricultural Producers Coop","Warehouse Inbound Team","Authorized supplier stock replenishment"
2026-04-01,RM-013,"Baking Shortening",150.25,kg,"Quezon Agricultural Producers Coop","Warehouse Inbound Team","Authorized supplier stock replenishment"
2026-04-07,RM-013,"Baking Shortening",139.74,kg,"Quezon Agricultural Producers Coop","Warehouse Inbound Team","Authorized supplier stock replenishment"
2026-04-13,RM-013,"Baking Shortening",107.68,kg,"Quezon Agricultural Producers Coop","Warehouse Inbound Team","Authorized supplier stock replenishment"
2026-04-19,RM-013,"Baking Shortening",128.36,kg,"Quezon Agricultural Producers Coop","Warehouse Inbound Team","Authorized supplier stock replenishment"
2026-04-25,RM-013,"Baking Shortening",153.86,kg,"Quezon Agricultural Producers Coop","Warehouse Inbound Team","Authorized supplier stock replenishment"
2026-05-01,RM-013,"Baking Shortening",125.09,kg,"Quezon Agricultural Producers Coop","Warehouse Inbound Team","Authorized supplier stock replenishment"
2026-05-07,RM-013,"Baking Shortening",84.8,kg,"Quezon Agricultural Producers Coop","Warehouse Inbound Team","Authorized supplier stock replenishment"
2026-05-13,RM-013,"Baking Shortening",111.29,kg,"Quezon Agricultural Producers Coop","Warehouse Inbound Team","Authorized supplier stock replenishment"
2026-05-19,RM-013,"Baking Shortening",115.66,kg,"Quezon Agricultural Producers Coop","Warehouse Inbound Team","Authorized supplier stock replenishment"
2026-05-25,RM-013,"Baking Shortening",87.79,kg,"Quezon Agricultural Producers Coop","Warehouse Inbound Team","Authorized supplier stock replenishment"
2026-05-31,RM-013,"Baking Shortening",92.25,kg,"Quezon Agricultural Producers Coop","Warehouse Inbound Team","Authorized supplier stock replenishment"
2026-06-06,RM-013,"Baking Shortening",118.71,kg,"Quezon Agricultural Producers Coop","Warehouse Inbound Team","Authorized supplier stock replenishment"
2026-06-12,RM-013,"Baking Shortening",105.86,kg,"Quezon Agricultural Producers Coop","Warehouse Inbound Team","Authorized supplier stock replenishment"
2026-06-18,RM-013,"Baking Shortening",83.47,kg,"Quezon Agricultural Producers Coop","Warehouse Inbound Team","Authorized supplier stock replenishment"
2026-06-24,RM-013,"Baking Shortening",103.42,kg,"Quezon Agricultural Producers Coop","Warehouse Inbound Team","Authorized supplier stock replenishment"
2026-06-30,RM-013,"Baking Shortening",119.48,kg,"Quezon Agricultural Producers Coop","Warehouse Inbound Team","Authorized supplier stock replenishment"
2026-07-06,RM-013,"Baking Shortening",94.44,kg,"Quezon Agricultural Producers Coop","Warehouse Inbound Team","Authorized supplier stock replenishment"
2026-07-12,RM-013,"Baking Shortening",86.32,kg,"Quezon Agricultural Producers Coop","Warehouse Inbound Team","Authorized supplier stock replenishment"
2026-07-18,RM-013,"Baking Shortening",113.94,kg,"Quezon Agricultural Producers Coop","Warehouse Inbound Team","Authorized supplier stock replenishment"
2026-07-24,RM-013,"Baking Shortening",113.3,kg,"Quezon Agricultural Producers Coop","Warehouse Inbound Team","Authorized supplier stock replenishment"
2026-07-30,RM-013,"Baking Shortening",85.88,kg,"Quezon Agricultural Producers Coop","Warehouse Inbound Team","Authorized supplier stock replenishment"
2026-08-05,RM-013,"Baking Shortening",95.21,kg,"Quezon Agricultural Producers Coop","Warehouse Inbound Team","Authorized supplier stock replenishment"
2026-08-11,RM-013,"Baking Shortening",119.67,kg,"Quezon Agricultural Producers Coop","Warehouse Inbound Team","Authorized supplier stock replenishment"
2026-08-17,RM-013,"Baking Shortening",102.59,kg,"Quezon Agricultural Producers Coop","Warehouse Inbound Team","Authorized supplier stock replenishment"
2026-08-23,RM-013,"Baking Shortening",83.55,kg,"Quezon Agricultural Producers Coop","Warehouse Inbound Team","Authorized supplier stock replenishment"
2026-08-29,RM-013,"Baking Shortening",106.67,kg,"Quezon Agricultural Producers Coop","Warehouse Inbound Team","Authorized supplier stock replenishment"
2026-01-02,RM-014,"Salted Creamery Butter",207.14,kg,"Southern Luzon Ingredients Supply","Warehouse Inbound Team","Authorized supplier stock replenishment"
2026-01-08,RM-014,"Salted Creamery Butter",157.13,kg,"Southern Luzon Ingredients Supply","Warehouse Inbound Team","Authorized supplier stock replenishment"
2026-01-14,RM-014,"Salted Creamery Butter",166.08,kg,"Southern Luzon Ingredients Supply","Warehouse Inbound Team","Authorized supplier stock replenishment"
2026-01-20,RM-014,"Salted Creamery Butter",213.26,kg,"Southern Luzon Ingredients Supply","Warehouse Inbound Team","Authorized supplier stock replenishment"
2026-01-26,RM-014,"Salted Creamery Butter",189.35,kg,"Southern Luzon Ingredients Supply","Warehouse Inbound Team","Authorized supplier stock replenishment"
2026-02-01,RM-014,"Salted Creamery Butter",149.75,kg,"Southern Luzon Ingredients Supply","Warehouse Inbound Team","Authorized supplier stock replenishment"
2026-02-07,RM-014,"Salted Creamery Butter",186.21,kg,"Southern Luzon Ingredients Supply","Warehouse Inbound Team","Authorized supplier stock replenishment"
2026-02-13,RM-014,"Salted Creamery Butter",214.25,kg,"Southern Luzon Ingredients Supply","Warehouse Inbound Team","Authorized supplier stock replenishment"
2026-02-19,RM-014,"Salted Creamery Butter",168.9,kg,"Southern Luzon Ingredients Supply","Warehouse Inbound Team","Authorized supplier stock replenishment"
2026-02-25,RM-014,"Salted Creamery Butter",155.24,kg,"Southern Luzon Ingredients Supply","Warehouse Inbound Team","Authorized supplier stock replenishment"
2026-03-03,RM-014,"Salted Creamery Butter",204.92,kg,"Southern Luzon Ingredients Supply","Warehouse Inbound Team","Authorized supplier stock replenishment"
2026-03-09,RM-014,"Salted Creamery Butter",202.83,kg,"Southern Luzon Ingredients Supply","Warehouse Inbound Team","Authorized supplier stock replenishment"
2026-03-15,RM-014,"Salted Creamery Butter",153.81,kg,"Southern Luzon Ingredients Supply","Warehouse Inbound Team","Authorized supplier stock replenishment"
2026-03-21,RM-014,"Salted Creamery Butter",171.45,kg,"Southern Luzon Ingredients Supply","Warehouse Inbound Team","Authorized supplier stock replenishment"
2026-03-27,RM-014,"Salted Creamery Butter",214.87,kg,"Southern Luzon Ingredients Supply","Warehouse Inbound Team","Authorized supplier stock replenishment"
2026-04-02,RM-014,"Salted Creamery Butter",183.47,kg,"Southern Luzon Ingredients Supply","Warehouse Inbound Team","Authorized supplier stock replenishment"
2026-04-08,RM-014,"Salted Creamery Butter",150,kg,"Southern Luzon Ingredients Supply","Warehouse Inbound Team","Authorized supplier stock replenishment"
2026-04-14,RM-014,"Salted Creamery Butter",192.02,kg,"Southern Luzon Ingredients Supply","Warehouse Inbound Team","Authorized supplier stock replenishment"
2026-04-20,RM-014,"Salted Creamery Butter",212.16,kg,"Southern Luzon Ingredients Supply","Warehouse Inbound Team","Authorized supplier stock replenishment"
2026-04-26,RM-014,"Salted Creamery Butter",163.76,kg,"Southern Luzon Ingredients Supply","Warehouse Inbound Team","Authorized supplier stock replenishment"
2026-05-02,RM-014,"Salted Creamery Butter",123.99,kg,"Southern Luzon Ingredients Supply","Warehouse Inbound Team","Authorized supplier stock replenishment"
2026-05-08,RM-014,"Salted Creamery Butter",162.93,kg,"Southern Luzon Ingredients Supply","Warehouse Inbound Team","Authorized supplier stock replenishment"
2026-05-14,RM-014,"Salted Creamery Butter",154.33,kg,"Southern Luzon Ingredients Supply","Warehouse Inbound Team","Authorized supplier stock replenishment"
2026-05-20,RM-014,"Salted Creamery Butter",118.11,kg,"Southern Luzon Ingredients Supply","Warehouse Inbound Team","Authorized supplier stock replenishment"
2026-05-26,RM-014,"Salted Creamery Butter",138.2,kg,"Southern Luzon Ingredients Supply","Warehouse Inbound Team","Authorized supplier stock replenishment"
2026-06-01,RM-014,"Salted Creamery Butter",168.04,kg,"Southern Luzon Ingredients Supply","Warehouse Inbound Team","Authorized supplier stock replenishment"
2026-06-07,RM-014,"Salted Creamery Butter",138.49,kg,"Southern Luzon Ingredients Supply","Warehouse Inbound Team","Authorized supplier stock replenishment"
2026-06-13,RM-014,"Salted Creamery Butter",118.02,kg,"Southern Luzon Ingredients Supply","Warehouse Inbound Team","Authorized supplier stock replenishment"
2026-06-19,RM-014,"Salted Creamery Butter",154.06,kg,"Southern Luzon Ingredients Supply","Warehouse Inbound Team","Authorized supplier stock replenishment"
2026-06-25,RM-014,"Salted Creamery Butter",163.11,kg,"Southern Luzon Ingredients Supply","Warehouse Inbound Team","Authorized supplier stock replenishment"
2026-07-01,RM-014,"Salted Creamery Butter",124.2,kg,"Southern Luzon Ingredients Supply","Warehouse Inbound Team","Authorized supplier stock replenishment"
2026-07-07,RM-014,"Salted Creamery Butter",127.49,kg,"Southern Luzon Ingredients Supply","Warehouse Inbound Team","Authorized supplier stock replenishment"
2026-07-13,RM-014,"Salted Creamery Butter",165.35,kg,"Southern Luzon Ingredients Supply","Warehouse Inbound Team","Authorized supplier stock replenishment"
2026-07-19,RM-014,"Salted Creamery Butter",150.06,kg,"Southern Luzon Ingredients Supply","Warehouse Inbound Team","Authorized supplier stock replenishment"
2026-07-25,RM-014,"Salted Creamery Butter",117.04,kg,"Southern Luzon Ingredients Supply","Warehouse Inbound Team","Authorized supplier stock replenishment"
2026-07-31,RM-014,"Salted Creamery Butter",142.81,kg,"Southern Luzon Ingredients Supply","Warehouse Inbound Team","Authorized supplier stock replenishment"
2026-08-06,RM-014,"Salted Creamery Butter",167.65,kg,"Southern Luzon Ingredients Supply","Warehouse Inbound Team","Authorized supplier stock replenishment"
2026-08-12,RM-014,"Salted Creamery Butter",134.01,kg,"Southern Luzon Ingredients Supply","Warehouse Inbound Team","Authorized supplier stock replenishment"
2026-08-18,RM-014,"Salted Creamery Butter",119.83,kg,"Southern Luzon Ingredients Supply","Warehouse Inbound Team","Authorized supplier stock replenishment"
2026-08-24,RM-014,"Salted Creamery Butter",157.97,kg,"Southern Luzon Ingredients Supply","Warehouse Inbound Team","Authorized supplier stock replenishment"
2026-08-30,RM-014,"Salted Creamery Butter",160.06,kg,"Southern Luzon Ingredients Supply","Warehouse Inbound Team","Authorized supplier stock replenishment"
2026-01-05,RM-015,"Seedless Raisins",29.51,kg,"Quezon Agricultural Producers Coop","Warehouse Inbound Team","Authorized supplier stock replenishment"
2026-01-10,RM-015,"Seedless Raisins",34.7,kg,"Quezon Agricultural Producers Coop","Warehouse Inbound Team","Authorized supplier stock replenishment"
2026-01-15,RM-015,"Seedless Raisins",42.04,kg,"Quezon Agricultural Producers Coop","Warehouse Inbound Team","Authorized supplier stock replenishment"
2026-01-20,RM-015,"Seedless Raisins",34.53,kg,"Quezon Agricultural Producers Coop","Warehouse Inbound Team","Authorized supplier stock replenishment"
2026-01-25,RM-015,"Seedless Raisins",29.57,kg,"Quezon Agricultural Producers Coop","Warehouse Inbound Team","Authorized supplier stock replenishment"
2026-01-30,RM-015,"Seedless Raisins",38.65,kg,"Quezon Agricultural Producers Coop","Warehouse Inbound Team","Authorized supplier stock replenishment"
2026-02-04,RM-015,"Seedless Raisins",40.74,kg,"Quezon Agricultural Producers Coop","Warehouse Inbound Team","Authorized supplier stock replenishment"
2026-02-09,RM-015,"Seedless Raisins",30.99,kg,"Quezon Agricultural Producers Coop","Warehouse Inbound Team","Authorized supplier stock replenishment"
2026-02-14,RM-015,"Seedless Raisins",32,kg,"Quezon Agricultural Producers Coop","Warehouse Inbound Team","Authorized supplier stock replenishment"
2026-02-19,RM-015,"Seedless Raisins",41.42,kg,"Quezon Agricultural Producers Coop","Warehouse Inbound Team","Authorized supplier stock replenishment"
2026-02-24,RM-015,"Seedless Raisins",37.43,kg,"Quezon Agricultural Producers Coop","Warehouse Inbound Team","Authorized supplier stock replenishment"
2026-03-01,RM-015,"Seedless Raisins",29.27,kg,"Quezon Agricultural Producers Coop","Warehouse Inbound Team","Authorized supplier stock replenishment"
2026-03-06,RM-015,"Seedless Raisins",35.85,kg,"Quezon Agricultural Producers Coop","Warehouse Inbound Team","Authorized supplier stock replenishment"
2026-03-11,RM-015,"Seedless Raisins",41.92,kg,"Quezon Agricultural Producers Coop","Warehouse Inbound Team","Authorized supplier stock replenishment"
2026-03-16,RM-015,"Seedless Raisins",33.41,kg,"Quezon Agricultural Producers Coop","Warehouse Inbound Team","Authorized supplier stock replenishment"
2026-03-21,RM-015,"Seedless Raisins",30.04,kg,"Quezon Agricultural Producers Coop","Warehouse Inbound Team","Authorized supplier stock replenishment"
2026-03-26,RM-015,"Seedless Raisins",39.62,kg,"Quezon Agricultural Producers Coop","Warehouse Inbound Team","Authorized supplier stock replenishment"
2026-03-31,RM-015,"Seedless Raisins",39.96,kg,"Quezon Agricultural Producers Coop","Warehouse Inbound Team","Authorized supplier stock replenishment"
2026-04-05,RM-015,"Seedless Raisins",30.27,kg,"Quezon Agricultural Producers Coop","Warehouse Inbound Team","Authorized supplier stock replenishment"
2026-04-10,RM-015,"Seedless Raisins",33,kg,"Quezon Agricultural Producers Coop","Warehouse Inbound Team","Authorized supplier stock replenishment"
2026-04-15,RM-015,"Seedless Raisins",41.82,kg,"Quezon Agricultural Producers Coop","Warehouse Inbound Team","Authorized supplier stock replenishment"
2026-04-20,RM-015,"Seedless Raisins",36.29,kg,"Quezon Agricultural Producers Coop","Warehouse Inbound Team","Authorized supplier stock replenishment"
2026-04-25,RM-015,"Seedless Raisins",29.23,kg,"Quezon Agricultural Producers Coop","Warehouse Inbound Team","Authorized supplier stock replenishment"
2026-04-30,RM-015,"Seedless Raisins",37,kg,"Quezon Agricultural Producers Coop","Warehouse Inbound Team","Authorized supplier stock replenishment"
2026-05-05,RM-015,"Seedless Raisins",41.6,kg,"Quezon Agricultural Producers Coop","Warehouse Inbound Team","Authorized supplier stock replenishment"
2026-05-10,RM-015,"Seedless Raisins",32.37,kg,"Quezon Agricultural Producers Coop","Warehouse Inbound Team","Authorized supplier stock replenishment"
2026-05-15,RM-015,"Seedless Raisins",30.69,kg,"Quezon Agricultural Producers Coop","Warehouse Inbound Team","Authorized supplier stock replenishment"
2026-05-20,RM-015,"Seedless Raisins",40.46,kg,"Quezon Agricultural Producers Coop","Warehouse Inbound Team","Authorized supplier stock replenishment"
2026-05-25,RM-015,"Seedless Raisins",39.04,kg,"Quezon Agricultural Producers Coop","Warehouse Inbound Team","Authorized supplier stock replenishment"
2026-05-30,RM-015,"Seedless Raisins",29.72,kg,"Quezon Agricultural Producers Coop","Warehouse Inbound Team","Authorized supplier stock replenishment"
2026-06-04,RM-015,"Seedless Raisins",34.1,kg,"Quezon Agricultural Producers Coop","Warehouse Inbound Team","Authorized supplier stock replenishment"
2026-06-09,RM-015,"Seedless Raisins",42.02,kg,"Quezon Agricultural Producers Coop","Warehouse Inbound Team","Authorized supplier stock replenishment"
2026-06-14,RM-015,"Seedless Raisins",35.14,kg,"Quezon Agricultural Producers Coop","Warehouse Inbound Team","Authorized supplier stock replenishment"
2026-06-19,RM-015,"Seedless Raisins",29.4,kg,"Quezon Agricultural Producers Coop","Warehouse Inbound Team","Authorized supplier stock replenishment"
2026-06-24,RM-015,"Seedless Raisins",38.1,kg,"Quezon Agricultural Producers Coop","Warehouse Inbound Team","Authorized supplier stock replenishment"
2026-06-29,RM-015,"Seedless Raisins",41.08,kg,"Quezon Agricultural Producers Coop","Warehouse Inbound Team","Authorized supplier stock replenishment"
2026-07-04,RM-015,"Seedless Raisins",31.43,kg,"Quezon Agricultural Producers Coop","Warehouse Inbound Team","Authorized supplier stock replenishment"
2026-07-09,RM-015,"Seedless Raisins",31.51,kg,"Quezon Agricultural Producers Coop","Warehouse Inbound Team","Authorized supplier stock replenishment"
2026-07-14,RM-015,"Seedless Raisins",41.14,kg,"Quezon Agricultural Producers Coop","Warehouse Inbound Team","Authorized supplier stock replenishment"
2026-07-19,RM-015,"Seedless Raisins",38.01,kg,"Quezon Agricultural Producers Coop","Warehouse Inbound Team","Authorized supplier stock replenishment"
2026-07-24,RM-015,"Seedless Raisins",29.37,kg,"Quezon Agricultural Producers Coop","Warehouse Inbound Team","Authorized supplier stock replenishment"
2026-07-29,RM-015,"Seedless Raisins",35.24,kg,"Quezon Agricultural Producers Coop","Warehouse Inbound Team","Authorized supplier stock replenishment"
2026-08-03,RM-015,"Seedless Raisins",42.01,kg,"Quezon Agricultural Producers Coop","Warehouse Inbound Team","Authorized supplier stock replenishment"
2026-08-08,RM-015,"Seedless Raisins",34,kg,"Quezon Agricultural Producers Coop","Warehouse Inbound Team","Authorized supplier stock replenishment"
2026-08-13,RM-015,"Seedless Raisins",29.77,kg,"Quezon Agricultural Producers Coop","Warehouse Inbound Team","Authorized supplier stock replenishment"
2026-08-18,RM-015,"Seedless Raisins",39.12,kg,"Quezon Agricultural Producers Coop","Warehouse Inbound Team","Authorized supplier stock replenishment"
2026-08-23,RM-015,"Seedless Raisins",40.39,kg,"Quezon Agricultural Producers Coop","Warehouse Inbound Team","Authorized supplier stock replenishment"
2026-08-28,RM-015,"Seedless Raisins",30.63,kg,"Quezon Agricultural Producers Coop","Warehouse Inbound Team","Authorized supplier stock replenishment"
2026-09-02,RM-015,"Seedless Raisins",32.46,kg,"Quezon Agricultural Producers Coop","Warehouse Inbound Team","Authorized supplier stock replenishment"
2026-01-01,RM-016,"Vanilla Extract",12.52,L,"Southern Luzon Ingredients Supply","Warehouse Inbound Team","Authorized supplier stock replenishment"
2026-01-06,RM-016,"Vanilla Extract",14.02,L,"Southern Luzon Ingredients Supply","Warehouse Inbound Team","Authorized supplier stock replenishment"
2026-01-11,RM-016,"Vanilla Extract",10.88,L,"Southern Luzon Ingredients Supply","Warehouse Inbound Team","Authorized supplier stock replenishment"
2026-01-16,RM-016,"Vanilla Extract",10.38,L,"Southern Luzon Ingredients Supply","Warehouse Inbound Team","Authorized supplier stock replenishment"
2026-01-21,RM-016,"Vanilla Extract",13.67,L,"Southern Luzon Ingredients Supply","Warehouse Inbound Team","Authorized supplier stock replenishment"
2026-01-26,RM-016,"Vanilla Extract",13.13,L,"Southern Luzon Ingredients Supply","Warehouse Inbound Team","Authorized supplier stock replenishment"
2026-01-31,RM-016,"Vanilla Extract",10.01,L,"Southern Luzon Ingredients Supply","Warehouse Inbound Team","Authorized supplier stock replenishment"
2026-02-05,RM-016,"Vanilla Extract",11.54,L,"Southern Luzon Ingredients Supply","Warehouse Inbound Team","Authorized supplier stock replenishment"
2026-02-10,RM-016,"Vanilla Extract",14.18,L,"Southern Luzon Ingredients Supply","Warehouse Inbound Team","Authorized supplier stock replenishment"
2026-02-15,RM-016,"Vanilla Extract",11.81,L,"Southern Luzon Ingredients Supply","Warehouse Inbound Team","Authorized supplier stock replenishment"
2026-02-20,RM-016,"Vanilla Extract",9.93,L,"Southern Luzon Ingredients Supply","Warehouse Inbound Team","Authorized supplier stock replenishment"
2026-02-25,RM-016,"Vanilla Extract",12.89,L,"Southern Luzon Ingredients Supply","Warehouse Inbound Team","Authorized supplier stock replenishment"
2026-03-02,RM-016,"Vanilla Extract",13.84,L,"Southern Luzon Ingredients Supply","Warehouse Inbound Team","Authorized supplier stock replenishment"
2026-03-07,RM-016,"Vanilla Extract",10.57,L,"Southern Luzon Ingredients Supply","Warehouse Inbound Team","Authorized supplier stock replenishment"
2026-03-12,RM-016,"Vanilla Extract",10.66,L,"Southern Luzon Ingredients Supply","Warehouse Inbound Team","Authorized supplier stock replenishment"
2026-03-17,RM-016,"Vanilla Extract",13.9,L,"Southern Luzon Ingredients Supply","Warehouse Inbound Team","Authorized supplier stock replenishment"
2026-03-22,RM-016,"Vanilla Extract",12.78,L,"Southern Luzon Ingredients Supply","Warehouse Inbound Team","Authorized supplier stock replenishment"
2026-03-27,RM-016,"Vanilla Extract",9.9,L,"Southern Luzon Ingredients Supply","Warehouse Inbound Team","Authorized supplier stock replenishment"
2026-04-01,RM-016,"Vanilla Extract",11.93,L,"Southern Luzon Ingredients Supply","Warehouse Inbound Team","Authorized supplier stock replenishment"
2026-04-06,RM-016,"Vanilla Extract",14.17,L,"Southern Luzon Ingredients Supply","Warehouse Inbound Team","Authorized supplier stock replenishment"
2026-04-11,RM-016,"Vanilla Extract",11.43,L,"Southern Luzon Ingredients Supply","Warehouse Inbound Team","Authorized supplier stock replenishment"
2026-04-16,RM-016,"Vanilla Extract",10.06,L,"Southern Luzon Ingredients Supply","Warehouse Inbound Team","Authorized supplier stock replenishment"
2026-04-21,RM-016,"Vanilla Extract",13.23,L,"Southern Luzon Ingredients Supply","Warehouse Inbound Team","Authorized supplier stock replenishment"
2026-04-26,RM-016,"Vanilla Extract",13.6,L,"Southern Luzon Ingredients Supply","Warehouse Inbound Team","Authorized supplier stock replenishment"
2026-05-01,RM-016,"Vanilla Extract",10.31,L,"Southern Luzon Ingredients Supply","Warehouse Inbound Team","Authorized supplier stock replenishment"
2026-05-06,RM-016,"Vanilla Extract",10.98,L,"Southern Luzon Ingredients Supply","Warehouse Inbound Team","Authorized supplier stock replenishment"
2026-05-11,RM-016,"Vanilla Extract",14.06,L,"Southern Luzon Ingredients Supply","Warehouse Inbound Team","Authorized supplier stock replenishment"
2026-05-16,RM-016,"Vanilla Extract",12.41,L,"Southern Luzon Ingredients Supply","Warehouse Inbound Team","Authorized supplier stock replenishment"
2026-05-21,RM-016,"Vanilla Extract",9.86,L,"Southern Luzon Ingredients Supply","Warehouse Inbound Team","Authorized supplier stock replenishment"
2026-05-26,RM-016,"Vanilla Extract",12.32,L,"Southern Luzon Ingredients Supply","Warehouse Inbound Team","Authorized supplier stock replenishment"
2026-05-31,RM-016,"Vanilla Extract",14.09,L,"Southern Luzon Ingredients Supply","Warehouse Inbound Team","Authorized supplier stock replenishment"
2026-06-05,RM-016,"Vanilla Extract",11.06,L,"Southern Luzon Ingredients Supply","Warehouse Inbound Team","Authorized supplier stock replenishment"
2026-06-10,RM-016,"Vanilla Extract",10.25,L,"Southern Luzon Ingredients Supply","Warehouse Inbound Team","Authorized supplier stock replenishment"
2026-06-15,RM-016,"Vanilla Extract",13.53,L,"Southern Luzon Ingredients Supply","Warehouse Inbound Team","Authorized supplier stock replenishment"
2026-06-20,RM-016,"Vanilla Extract",13.3,L,"Southern Luzon Ingredients Supply","Warehouse Inbound Team","Authorized supplier stock replenishment"
2026-06-25,RM-016,"Vanilla Extract",10.1,L,"Southern Luzon Ingredients Supply","Warehouse Inbound Team","Authorized supplier stock replenishment"
2026-06-30,RM-016,"Vanilla Extract",11.34,L,"Southern Luzon Ingredients Supply","Warehouse Inbound Team","Authorized supplier stock replenishment"
2026-07-05,RM-016,"Vanilla Extract",14.15,L,"Southern Luzon Ingredients Supply","Warehouse Inbound Team","Authorized supplier stock replenishment"
2026-07-10,RM-016,"Vanilla Extract",12.02,L,"Southern Luzon Ingredients Supply","Warehouse Inbound Team","Authorized supplier stock replenishment"
2026-07-15,RM-016,"Vanilla Extract",9.88,L,"Southern Luzon Ingredients Supply","Warehouse Inbound Team","Authorized supplier stock replenishment"
2026-07-20,RM-016,"Vanilla Extract",12.7,L,"Southern Luzon Ingredients Supply","Warehouse Inbound Team","Authorized supplier stock replenishment"
2026-07-25,RM-016,"Vanilla Extract",13.94,L,"Southern Luzon Ingredients Supply","Warehouse Inbound Team","Authorized supplier stock replenishment"
2026-07-30,RM-016,"Vanilla Extract",10.73,L,"Southern Luzon Ingredients Supply","Warehouse Inbound Team","Authorized supplier stock replenishment"
2026-08-04,RM-016,"Vanilla Extract",10.51,L,"Southern Luzon Ingredients Supply","Warehouse Inbound Team","Authorized supplier stock replenishment"
2026-08-09,RM-016,"Vanilla Extract",13.79,L,"Southern Luzon Ingredients Supply","Warehouse Inbound Team","Authorized supplier stock replenishment"
2026-08-14,RM-016,"Vanilla Extract",12.97,L,"Southern Luzon Ingredients Supply","Warehouse Inbound Team","Authorized supplier stock replenishment"
2026-08-19,RM-016,"Vanilla Extract",9.95,L,"Southern Luzon Ingredients Supply","Warehouse Inbound Team","Authorized supplier stock replenishment"
2026-08-24,RM-016,"Vanilla Extract",11.72,L,"Southern Luzon Ingredients Supply","Warehouse Inbound Team","Authorized supplier stock replenishment"
2026-08-29,RM-016,"Vanilla Extract",14.18,L,"Southern Luzon Ingredients Supply","Warehouse Inbound Team","Authorized supplier stock replenishment"
2026-01-02,RM-017,"All-Purpose Wheat Flour",523.11,kg,"Quezon Agricultural Producers Coop","Warehouse Inbound Team","Authorized supplier stock replenishment"
2026-01-07,RM-017,"All-Purpose Wheat Flour",396.42,kg,"Quezon Agricultural Producers Coop","Warehouse Inbound Team","Authorized supplier stock replenishment"
2026-01-12,RM-017,"All-Purpose Wheat Flour",424.96,kg,"Quezon Agricultural Producers Coop","Warehouse Inbound Team","Authorized supplier stock replenishment"
2026-01-17,RM-017,"All-Purpose Wheat Flour",542.6,kg,"Quezon Agricultural Producers Coop","Warehouse Inbound Team","Authorized supplier stock replenishment"
2026-01-22,RM-017,"All-Purpose Wheat Flour",476.76,kg,"Quezon Agricultural Producers Coop","Warehouse Inbound Team","Authorized supplier stock replenishment"
2026-01-27,RM-017,"All-Purpose Wheat Flour",380,kg,"Quezon Agricultural Producers Coop","Warehouse Inbound Team","Authorized supplier stock replenishment"
2026-02-01,RM-017,"All-Purpose Wheat Flour",476.52,kg,"Quezon Agricultural Producers Coop","Warehouse Inbound Team","Authorized supplier stock replenishment"
2026-02-06,RM-017,"All-Purpose Wheat Flour",542.68,kg,"Quezon Agricultural Producers Coop","Warehouse Inbound Team","Authorized supplier stock replenishment"
2026-02-11,RM-017,"All-Purpose Wheat Flour",425.18,kg,"Quezon Agricultural Producers Coop","Warehouse Inbound Team","Authorized supplier stock replenishment"
2026-02-16,RM-017,"All-Purpose Wheat Flour",396.28,kg,"Quezon Agricultural Producers Coop","Warehouse Inbound Team","Authorized supplier stock replenishment"
2026-02-21,RM-017,"All-Purpose Wheat Flour",522.93,kg,"Quezon Agricultural Producers Coop","Warehouse Inbound Team","Authorized supplier stock replenishment"
2026-02-26,RM-017,"All-Purpose Wheat Flour",511.68,kg,"Quezon Agricultural Producers Coop","Warehouse Inbound Team","Authorized supplier stock replenishment"
2026-03-03,RM-017,"All-Purpose Wheat Flour",388.59,kg,"Quezon Agricultural Producers Coop","Warehouse Inbound Team","Authorized supplier stock replenishment"
2026-03-08,RM-017,"All-Purpose Wheat Flour",438.87,kg,"Quezon Agricultural Producers Coop","Warehouse Inbound Team","Authorized supplier stock replenishment"
2026-03-13,RM-017,"All-Purpose Wheat Flour",546.02,kg,"Quezon Agricultural Producers Coop","Warehouse Inbound Team","Authorized supplier stock replenishment"
2026-03-18,RM-017,"All-Purpose Wheat Flour",461.77,kg,"Quezon Agricultural Producers Coop","Warehouse Inbound Team","Authorized supplier stock replenishment"
2026-03-23,RM-017,"All-Purpose Wheat Flour",381.33,kg,"Quezon Agricultural Producers Coop","Warehouse Inbound Team","Authorized supplier stock replenishment"
2026-03-28,RM-017,"All-Purpose Wheat Flour",491.09,kg,"Quezon Agricultural Producers Coop","Warehouse Inbound Team","Authorized supplier stock replenishment"
2026-04-02,RM-017,"All-Purpose Wheat Flour",536.72,kg,"Quezon Agricultural Producers Coop","Warehouse Inbound Team","Authorized supplier stock replenishment"
2026-04-07,RM-017,"All-Purpose Wheat Flour",412.5,kg,"Quezon Agricultural Producers Coop","Warehouse Inbound Team","Authorized supplier stock replenishment"
2026-04-12,RM-017,"All-Purpose Wheat Flour",406.25,kg,"Quezon Agricultural Producers Coop","Warehouse Inbound Team","Authorized supplier stock replenishment"
2026-04-17,RM-017,"All-Purpose Wheat Flour",532.46,kg,"Quezon Agricultural Producers Coop","Warehouse Inbound Team","Authorized supplier stock replenishment"
2026-04-22,RM-017,"All-Purpose Wheat Flour",498.69,kg,"Quezon Agricultural Producers Coop","Warehouse Inbound Team","Authorized supplier stock replenishment"
2026-04-27,RM-017,"All-Purpose Wheat Flour",383.19,kg,"Quezon Agricultural Producers Coop","Warehouse Inbound Team","Authorized supplier stock replenishment"
2026-05-02,RM-017,"All-Purpose Wheat Flour",453.58,kg,"Quezon Agricultural Producers Coop","Warehouse Inbound Team","Authorized supplier stock replenishment"
2026-05-07,RM-017,"All-Purpose Wheat Flour",546.76,kg,"Quezon Agricultural Producers Coop","Warehouse Inbound Team","Authorized supplier stock replenishment"
2026-05-12,RM-017,"All-Purpose Wheat Flour",446.83,kg,"Quezon Agricultural Producers Coop","Warehouse Inbound Team","Authorized supplier stock replenishment"
2026-05-17,RM-017,"All-Purpose Wheat Flour",385.33,kg,"Quezon Agricultural Producers Coop","Warehouse Inbound Team","Authorized supplier stock replenishment"
2026-05-22,RM-017,"All-Purpose Wheat Flour",504.76,kg,"Quezon Agricultural Producers Coop","Warehouse Inbound Team","Authorized supplier stock replenishment"
2026-05-27,RM-017,"All-Purpose Wheat Flour",528.39,kg,"Quezon Agricultural Producers Coop","Warehouse Inbound Team","Authorized supplier stock replenishment"
2026-06-01,RM-017,"All-Purpose Wheat Flour",401.47,kg,"Quezon Agricultural Producers Coop","Warehouse Inbound Team","Authorized supplier stock replenishment"
2026-06-06,RM-017,"All-Purpose Wheat Flour",418.08,kg,"Quezon Agricultural Producers Coop","Warehouse Inbound Team","Authorized supplier stock replenishment"
2026-06-11,RM-017,"All-Purpose Wheat Flour",539.74,kg,"Quezon Agricultural Producers Coop","Warehouse Inbound Team","Authorized supplier stock replenishment"
2026-06-16,RM-017,"All-Purpose Wheat Flour",484.55,kg,"Quezon Agricultural Producers Coop","Warehouse Inbound Team","Authorized supplier stock replenishment"
2026-06-21,RM-017,"All-Purpose Wheat Flour",380.39,kg,"Quezon Agricultural Producers Coop","Warehouse Inbound Team","Authorized supplier stock replenishment"
2026-06-26,RM-017,"All-Purpose Wheat Flour",468.6,kg,"Quezon Agricultural Producers Coop","Warehouse Inbound Team","Authorized supplier stock replenishment"
2026-07-01,RM-017,"All-Purpose Wheat Flour",544.79,kg,"Quezon Agricultural Producers Coop","Warehouse Inbound Team","Authorized supplier stock replenishment"
2026-07-06,RM-017,"All-Purpose Wheat Flour",432.43,kg,"Quezon Agricultural Producers Coop","Warehouse Inbound Team","Authorized supplier stock replenishment"
2026-07-11,RM-017,"All-Purpose Wheat Flour",391.86,kg,"Quezon Agricultural Producers Coop","Warehouse Inbound Team","Authorized supplier stock replenishment"
2026-07-16,RM-017,"All-Purpose Wheat Flour",517.09,kg,"Quezon Agricultural Producers Coop","Warehouse Inbound Team","Authorized supplier stock replenishment"
2026-07-21,RM-017,"All-Purpose Wheat Flour",517.95,kg,"Quezon Agricultural Producers Coop","Warehouse Inbound Team","Authorized supplier stock replenishment"
2026-07-26,RM-017,"All-Purpose Wheat Flour",392.45,kg,"Quezon Agricultural Producers Coop","Warehouse Inbound Team","Authorized supplier stock replenishment"
2026-07-31,RM-017,"All-Purpose Wheat Flour",431.38,kg,"Quezon Agricultural Producers Coop","Warehouse Inbound Team","Authorized supplier stock replenishment"
2026-08-05,RM-017,"All-Purpose Wheat Flour",544.54,kg,"Quezon Agricultural Producers Coop","Warehouse Inbound Team","Authorized supplier stock replenishment"
2026-08-10,RM-017,"All-Purpose Wheat Flour",469.73,kg,"Quezon Agricultural Producers Coop","Warehouse Inbound Team","Authorized supplier stock replenishment"
2026-08-15,RM-017,"All-Purpose Wheat Flour",380.29,kg,"Quezon Agricultural Producers Coop","Warehouse Inbound Team","Authorized supplier stock replenishment"
2026-08-20,RM-017,"All-Purpose Wheat Flour",483.46,kg,"Quezon Agricultural Producers Coop","Warehouse Inbound Team","Authorized supplier stock replenishment"
2026-08-25,RM-017,"All-Purpose Wheat Flour",540.18,kg,"Quezon Agricultural Producers Coop","Warehouse Inbound Team","Authorized supplier stock replenishment"
2026-08-30,RM-017,"All-Purpose Wheat Flour",419.03,kg,"Quezon Agricultural Producers Coop","Warehouse Inbound Team","Authorized supplier stock replenishment"
2026-01-03,RM-018,"Cornstarch",99.57,kg,"Southern Luzon Ingredients Supply","Warehouse Inbound Team","Authorized supplier stock replenishment"
2026-01-08,RM-018,"Cornstarch",118.4,kg,"Southern Luzon Ingredients Supply","Warehouse Inbound Team","Authorized supplier stock replenishment"
2026-01-13,RM-018,"Cornstarch",142.2,kg,"Southern Luzon Ingredients Supply","Warehouse Inbound Team","Authorized supplier stock replenishment"
2026-01-18,RM-018,"Cornstarch",115.82,kg,"Southern Luzon Ingredients Supply","Warehouse Inbound Team","Authorized supplier stock replenishment"
2026-01-23,RM-018,"Cornstarch",100.38,kg,"Southern Luzon Ingredients Supply","Warehouse Inbound Team","Authorized supplier stock replenishment"
2026-01-28,RM-018,"Cornstarch",131.66,kg,"Southern Luzon Ingredients Supply","Warehouse Inbound Team","Authorized supplier stock replenishment"
2026-02-02,RM-018,"Cornstarch",137.18,kg,"Southern Luzon Ingredients Supply","Warehouse Inbound Team","Authorized supplier stock replenishment"
2026-02-07,RM-018,"Cornstarch",104.16,kg,"Southern Luzon Ingredients Supply","Warehouse Inbound Team","Authorized supplier stock replenishment"
2026-02-12,RM-018,"Cornstarch",109.1,kg,"Southern Luzon Ingredients Supply","Warehouse Inbound Team","Authorized supplier stock replenishment"
2026-02-17,RM-018,"Cornstarch",140.56,kg,"Southern Luzon Ingredients Supply","Warehouse Inbound Team","Authorized supplier stock replenishment"
2026-02-22,RM-018,"Cornstarch",125.64,kg,"Southern Luzon Ingredients Supply","Warehouse Inbound Team","Authorized supplier stock replenishment"
2026-02-27,RM-018,"Cornstarch",98.91,kg,"Southern Luzon Ingredients Supply","Warehouse Inbound Team","Authorized supplier stock replenishment"
2026-03-04,RM-018,"Cornstarch",122.31,kg,"Southern Luzon Ingredients Supply","Warehouse Inbound Team","Authorized supplier stock replenishment"
2026-03-09,RM-018,"Cornstarch",141.62,kg,"Southern Luzon Ingredients Supply","Warehouse Inbound Team","Authorized supplier stock replenishment"
2026-03-14,RM-018,"Cornstarch",112.1,kg,"Southern Luzon Ingredients Supply","Warehouse Inbound Team","Authorized supplier stock replenishment"
2026-03-19,RM-018,"Cornstarch",102.15,kg,"Southern Luzon Ingredients Supply","Warehouse Inbound Team","Authorized supplier stock replenishment"
2026-03-24,RM-018,"Cornstarch",134.82,kg,"Southern Luzon Ingredients Supply","Warehouse Inbound Team","Authorized supplier stock replenishment"
2026-03-29,RM-018,"Cornstarch",134.41,kg,"Southern Luzon Ingredients Supply","Warehouse Inbound Team","Authorized supplier stock replenishment"
2026-04-03,RM-018,"Cornstarch",101.87,kg,"Southern Luzon Ingredients Supply","Warehouse Inbound Team","Authorized supplier stock replenishment"
2026-04-08,RM-018,"Cornstarch",112.6,kg,"Southern Luzon Ingredients Supply","Warehouse Inbound Team","Authorized supplier stock replenishment"
2026-04-13,RM-018,"Cornstarch",141.74,kg,"Southern Luzon Ingredients Supply","Warehouse Inbound Team","Authorized supplier stock replenishment"
2026-04-18,RM-018,"Cornstarch",121.77,kg,"Southern Luzon Ingredients Supply","Warehouse Inbound Team","Authorized supplier stock replenishment"
2026-04-23,RM-018,"Cornstarch",98.96,kg,"Southern Luzon Ingredients Supply","Warehouse Inbound Team","Authorized supplier stock replenishment"
2026-04-28,RM-018,"Cornstarch",126.16,kg,"Southern Luzon Ingredients Supply","Warehouse Inbound Team","Authorized supplier stock replenishment"
2026-05-03,RM-018,"Cornstarch",140.35,kg,"Southern Luzon Ingredients Supply","Warehouse Inbound Team","Authorized supplier stock replenishment"
2026-05-08,RM-018,"Cornstarch",108.65,kg,"Southern Luzon Ingredients Supply","Warehouse Inbound Team","Authorized supplier stock replenishment"
2026-05-13,RM-018,"Cornstarch",104.51,kg,"Southern Luzon Ingredients Supply","Warehouse Inbound Team","Authorized supplier stock replenishment"
2026-05-18,RM-018,"Cornstarch",137.52,kg,"Southern Luzon Ingredients Supply","Warehouse Inbound Team","Authorized supplier stock replenishment"
2026-05-23,RM-018,"Cornstarch",131.19,kg,"Southern Luzon Ingredients Supply","Warehouse Inbound Team","Authorized supplier stock replenishment"
2026-05-28,RM-018,"Cornstarch",100.19,kg,"Southern Luzon Ingredients Supply","Warehouse Inbound Team","Authorized supplier stock replenishment"
2026-06-02,RM-018,"Cornstarch",116.35,kg,"Southern Luzon Ingredients Supply","Warehouse Inbound Team","Authorized supplier stock replenishment"
2026-06-07,RM-018,"Cornstarch",142.23,kg,"Southern Luzon Ingredients Supply","Warehouse Inbound Team","Authorized supplier stock replenishment"
2026-06-12,RM-018,"Cornstarch",117.86,kg,"Southern Luzon Ingredients Supply","Warehouse Inbound Team","Authorized supplier stock replenishment"
2026-06-17,RM-018,"Cornstarch",99.71,kg,"Southern Luzon Ingredients Supply","Warehouse Inbound Team","Authorized supplier stock replenishment"
2026-06-22,RM-018,"Cornstarch",129.83,kg,"Southern Luzon Ingredients Supply","Warehouse Inbound Team","Authorized supplier stock replenishment"
2026-06-27,RM-018,"Cornstarch",138.43,kg,"Southern Luzon Ingredients Supply","Warehouse Inbound Team","Authorized supplier stock replenishment"
2026-07-02,RM-018,"Cornstarch",105.59,kg,"Southern Luzon Ingredients Supply","Warehouse Inbound Team","Authorized supplier stock replenishment"
2026-07-07,RM-018,"Cornstarch",107.4,kg,"Southern Luzon Ingredients Supply","Warehouse Inbound Team","Authorized supplier stock replenishment"
2026-07-12,RM-018,"Cornstarch",139.67,kg,"Southern Luzon Ingredients Supply","Warehouse Inbound Team","Authorized supplier stock replenishment"
2026-07-17,RM-018,"Cornstarch",127.63,kg,"Southern Luzon Ingredients Supply","Warehouse Inbound Team","Authorized supplier stock replenishment"
2026-07-22,RM-018,"Cornstarch",99.17,kg,"Southern Luzon Ingredients Supply","Warehouse Inbound Team","Authorized supplier stock replenishment"
2026-07-27,RM-018,"Cornstarch",120.24,kg,"Southern Luzon Ingredients Supply","Warehouse Inbound Team","Authorized supplier stock replenishment"
2026-08-01,RM-018,"Cornstarch",142.01,kg,"Southern Luzon Ingredients Supply","Warehouse Inbound Team","Authorized supplier stock replenishment"
2026-08-06,RM-018,"Cornstarch",114.04,kg,"Southern Luzon Ingredients Supply","Warehouse Inbound Team","Authorized supplier stock replenishment"
2026-08-11,RM-018,"Cornstarch",101.13,kg,"Southern Luzon Ingredients Supply","Warehouse Inbound Team","Authorized supplier stock replenishment"
2026-08-16,RM-018,"Cornstarch",133.2,kg,"Southern Luzon Ingredients Supply","Warehouse Inbound Team","Authorized supplier stock replenishment"
2026-08-21,RM-018,"Cornstarch",135.94,kg,"Southern Luzon Ingredients Supply","Warehouse Inbound Team","Authorized supplier stock replenishment"
2026-08-26,RM-018,"Cornstarch",103.01,kg,"Southern Luzon Ingredients Supply","Warehouse Inbound Team","Authorized supplier stock replenishment"
2026-08-31,RM-018,"Cornstarch",110.71,kg,"Southern Luzon Ingredients Supply","Warehouse Inbound Team","Authorized supplier stock replenishment"
2026-01-04,RM-019,"Glutinous Rice (Malagkit for Pinipig)",149.28,kg,"Quezon Agricultural Producers Coop","Warehouse Inbound Team","Authorized supplier stock replenishment"
2026-01-09,RM-019,"Glutinous Rice (Malagkit for Pinipig)",165.34,kg,"Quezon Agricultural Producers Coop","Warehouse Inbound Team","Authorized supplier stock replenishment"
2026-01-14,RM-019,"Glutinous Rice (Malagkit for Pinipig)",127.75,kg,"Quezon Agricultural Producers Coop","Warehouse Inbound Team","Authorized supplier stock replenishment"
2026-01-19,RM-019,"Glutinous Rice (Malagkit for Pinipig)",123.61,kg,"Quezon Agricultural Producers Coop","Warehouse Inbound Team","Authorized supplier stock replenishment"
2026-01-24,RM-019,"Glutinous Rice (Malagkit for Pinipig)",162.51,kg,"Quezon Agricultural Producers Coop","Warehouse Inbound Team","Authorized supplier stock replenishment"
2026-01-29,RM-019,"Glutinous Rice (Malagkit for Pinipig)",154.32,kg,"Quezon Agricultural Producers Coop","Warehouse Inbound Team","Authorized supplier stock replenishment"
2026-02-03,RM-019,"Glutinous Rice (Malagkit for Pinipig)",118.01,kg,"Quezon Agricultural Producers Coop","Warehouse Inbound Team","Authorized supplier stock replenishment"
2026-02-08,RM-019,"Glutinous Rice (Malagkit for Pinipig)",137.72,kg,"Quezon Agricultural Producers Coop","Warehouse Inbound Team","Authorized supplier stock replenishment"
2026-02-13,RM-019,"Glutinous Rice (Malagkit for Pinipig)",167.78,kg,"Quezon Agricultural Producers Coop","Warehouse Inbound Team","Authorized supplier stock replenishment"
2026-02-18,RM-019,"Glutinous Rice (Malagkit for Pinipig)",138.54,kg,"Quezon Agricultural Producers Coop","Warehouse Inbound Team","Authorized supplier stock replenishment"
2026-02-23,RM-019,"Glutinous Rice (Malagkit for Pinipig)",117.75,kg,"Quezon Agricultural Producers Coop","Warehouse Inbound Team","Authorized supplier stock replenishment"
2026-02-28,RM-019,"Glutinous Rice (Malagkit for Pinipig)",153.58,kg,"Quezon Agricultural Producers Coop","Warehouse Inbound Team","Authorized supplier stock replenishment"
2026-03-05,RM-019,"Glutinous Rice (Malagkit for Pinipig)",163.01,kg,"Quezon Agricultural Producers Coop","Warehouse Inbound Team","Authorized supplier stock replenishment"
2026-03-10,RM-019,"Glutinous Rice (Malagkit for Pinipig)",124.19,kg,"Quezon Agricultural Producers Coop","Warehouse Inbound Team","Authorized supplier stock replenishment"
2026-03-15,RM-019,"Glutinous Rice (Malagkit for Pinipig)",127.07,kg,"Quezon Agricultural Producers Coop","Warehouse Inbound Team","Authorized supplier stock replenishment"
2026-03-20,RM-019,"Glutinous Rice (Malagkit for Pinipig)",164.97,kg,"Quezon Agricultural Producers Coop","Warehouse Inbound Team","Authorized supplier stock replenishment"
2026-03-25,RM-019,"Glutinous Rice (Malagkit for Pinipig)",150.08,kg,"Quezon Agricultural Producers Coop","Warehouse Inbound Team","Authorized supplier stock replenishment"
2026-03-30,RM-019,"Glutinous Rice (Malagkit for Pinipig)",116.9,kg,"Quezon Agricultural Producers Coop","Warehouse Inbound Team","Authorized supplier stock replenishment"
2026-04-04,RM-019,"Glutinous Rice (Malagkit for Pinipig)",142.31,kg,"Quezon Agricultural Producers Coop","Warehouse Inbound Team","Authorized supplier stock replenishment"
2026-04-09,RM-019,"Glutinous Rice (Malagkit for Pinipig)",167.44,kg,"Quezon Agricultural Producers Coop","Warehouse Inbound Team","Authorized supplier stock replenishment"
2026-04-14,RM-019,"Glutinous Rice (Malagkit for Pinipig)",134.05,kg,"Quezon Agricultural Producers Coop","Warehouse Inbound Team","Authorized supplier stock replenishment"
2026-04-19,RM-019,"Glutinous Rice (Malagkit for Pinipig)",119.52,kg,"Quezon Agricultural Producers Coop","Warehouse Inbound Team","Authorized supplier stock replenishment"
2026-04-24,RM-019,"Glutinous Rice (Malagkit for Pinipig)",157.51,kg,"Quezon Agricultural Producers Coop","Warehouse Inbound Team","Authorized supplier stock replenishment"
2026-04-29,RM-019,"Glutinous Rice (Malagkit for Pinipig)",160,kg,"Quezon Agricultural Producers Coop","Warehouse Inbound Team","Authorized supplier stock replenishment"
2026-05-04,RM-019,"Glutinous Rice (Malagkit for Pinipig)",121.22,kg,"Quezon Agricultural Producers Coop","Warehouse Inbound Team","Authorized supplier stock replenishment"
2026-05-09,RM-019,"Glutinous Rice (Malagkit for Pinipig)",131.02,kg,"Quezon Agricultural Producers Coop","Warehouse Inbound Team","Authorized supplier stock replenishment"
2026-05-14,RM-019,"Glutinous Rice (Malagkit for Pinipig)",166.7,kg,"Quezon Agricultural Producers Coop","Warehouse Inbound Team","Authorized supplier stock replenishment"
2026-05-19,RM-019,"Glutinous Rice (Malagkit for Pinipig)",145.58,kg,"Quezon Agricultural Producers Coop","Warehouse Inbound Team","Authorized supplier stock replenishment"
2026-05-24,RM-019,"Glutinous Rice (Malagkit for Pinipig)",116.6,kg,"Quezon Agricultural Producers Coop","Warehouse Inbound Team","Authorized supplier stock replenishment"
2026-05-29,RM-019,"Glutinous Rice (Malagkit for Pinipig)",146.91,kg,"Quezon Agricultural Producers Coop","Warehouse Inbound Team","Authorized supplier stock replenishment"
2026-06-03,RM-019,"Glutinous Rice (Malagkit for Pinipig)",166.28,kg,"Quezon Agricultural Producers Coop","Warehouse Inbound Team","Authorized supplier stock replenishment"
2026-06-08,RM-019,"Glutinous Rice (Malagkit for Pinipig)",129.83,kg,"Quezon Agricultural Producers Coop","Warehouse Inbound Team","Authorized supplier stock replenishment"
2026-06-13,RM-019,"Glutinous Rice (Malagkit for Pinipig)",122.02,kg,"Quezon Agricultural Producers Coop","Warehouse Inbound Team","Authorized supplier stock replenishment"
2026-06-18,RM-019,"Glutinous Rice (Malagkit for Pinipig)",160.94,kg,"Quezon Agricultural Producers Coop","Warehouse Inbound Team","Authorized supplier stock replenishment"
2026-06-23,RM-019,"Glutinous Rice (Malagkit for Pinipig)",156.41,kg,"Quezon Agricultural Producers Coop","Warehouse Inbound Team","Authorized supplier stock replenishment"
2026-06-28,RM-019,"Glutinous Rice (Malagkit for Pinipig)",118.93,kg,"Quezon Agricultural Producers Coop","Warehouse Inbound Team","Authorized supplier stock replenishment"
2026-07-03,RM-019,"Glutinous Rice (Malagkit for Pinipig)",135.34,kg,"Quezon Agricultural Producers Coop","Warehouse Inbound Team","Authorized supplier stock replenishment"
2026-07-08,RM-019,"Glutinous Rice (Malagkit for Pinipig)",167.62,kg,"Quezon Agricultural Producers Coop","Warehouse Inbound Team","Authorized supplier stock replenishment"
2026-07-13,RM-019,"Glutinous Rice (Malagkit for Pinipig)",140.97,kg,"Quezon Agricultural Producers Coop","Warehouse Inbound Team","Authorized supplier stock replenishment"
2026-07-18,RM-019,"Glutinous Rice (Malagkit for Pinipig)",117.14,kg,"Quezon Agricultural Producers Coop","Warehouse Inbound Team","Authorized supplier stock replenishment"
2026-07-23,RM-019,"Glutinous Rice (Malagkit for Pinipig)",151.34,kg,"Quezon Agricultural Producers Coop","Warehouse Inbound Team","Authorized supplier stock replenishment"
2026-07-28,RM-019,"Glutinous Rice (Malagkit for Pinipig)",164.33,kg,"Quezon Agricultural Producers Coop","Warehouse Inbound Team","Authorized supplier stock replenishment"
2026-08-02,RM-019,"Glutinous Rice (Malagkit for Pinipig)",126.01,kg,"Quezon Agricultural Producers Coop","Warehouse Inbound Team","Authorized supplier stock replenishment"
2026-08-07,RM-019,"Glutinous Rice (Malagkit for Pinipig)",125.17,kg,"Quezon Agricultural Producers Coop","Warehouse Inbound Team","Authorized supplier stock replenishment"
2026-08-12,RM-019,"Glutinous Rice (Malagkit for Pinipig)",163.76,kg,"Quezon Agricultural Producers Coop","Warehouse Inbound Team","Authorized supplier stock replenishment"
2026-08-17,RM-019,"Glutinous Rice (Malagkit for Pinipig)",152.36,kg,"Quezon Agricultural Producers Coop","Warehouse Inbound Team","Authorized supplier stock replenishment"
2026-08-22,RM-019,"Glutinous Rice (Malagkit for Pinipig)",117.39,kg,"Quezon Agricultural Producers Coop","Warehouse Inbound Team","Authorized supplier stock replenishment"
2026-08-27,RM-019,"Glutinous Rice (Malagkit for Pinipig)",139.87,kg,"Quezon Agricultural Producers Coop","Warehouse Inbound Team","Authorized supplier stock replenishment"
2026-09-01,RM-019,"Glutinous Rice (Malagkit for Pinipig)",167.72,kg,"Quezon Agricultural Producers Coop","Warehouse Inbound Team","Authorized supplier stock replenishment"
2026-01-02,RM-020,"Hard Wheat Bread Flour",475.32,kg,"Southern Luzon Ingredients Supply","Warehouse Inbound Team","Authorized supplier stock replenishment"
2026-01-08,RM-020,"Hard Wheat Bread Flour",360.09,kg,"Southern Luzon Ingredients Supply","Warehouse Inbound Team","Authorized supplier stock replenishment"
2026-01-14,RM-020,"Hard Wheat Bread Flour",391.42,kg,"Southern Luzon Ingredients Supply","Warehouse Inbound Team","Authorized supplier stock replenishment"
2026-01-20,RM-020,"Hard Wheat Bread Flour",496.72,kg,"Southern Luzon Ingredients Supply","Warehouse Inbound Team","Authorized supplier stock replenishment"
2026-01-26,RM-020,"Hard Wheat Bread Flour",432,kg,"Southern Luzon Ingredients Supply","Warehouse Inbound Team","Authorized supplier stock replenishment"
2026-02-01,RM-020,"Hard Wheat Bread Flour",347.22,kg,"Southern Luzon Ingredients Supply","Warehouse Inbound Team","Authorized supplier stock replenishment"
2026-02-07,RM-020,"Hard Wheat Bread Flour",438.82,kg,"Southern Luzon Ingredients Supply","Warehouse Inbound Team","Authorized supplier stock replenishment"
2026-02-13,RM-020,"Hard Wheat Bread Flour",494.56,kg,"Southern Luzon Ingredients Supply","Warehouse Inbound Team","Authorized supplier stock replenishment"
2026-02-19,RM-020,"Hard Wheat Bread Flour",385.29,kg,"Southern Luzon Ingredients Supply","Warehouse Inbound Team","Authorized supplier stock replenishment"
2026-02-25,RM-020,"Hard Wheat Bread Flour",364.19,kg,"Southern Luzon Ingredients Supply","Warehouse Inbound Team","Authorized supplier stock replenishment"
2026-03-03,RM-020,"Hard Wheat Bread Flour",480.15,kg,"Southern Luzon Ingredients Supply","Warehouse Inbound Team","Authorized supplier stock replenishment"
2026-03-09,RM-020,"Hard Wheat Bread Flour",464.48,kg,"Southern Luzon Ingredients Supply","Warehouse Inbound Team","Authorized supplier stock replenishment"
2026-03-15,RM-020,"Hard Wheat Bread Flour",353.49,kg,"Southern Luzon Ingredients Supply","Warehouse Inbound Team","Authorized supplier stock replenishment"
2026-03-21,RM-020,"Hard Wheat Bread Flour",404.35,kg,"Southern Luzon Ingredients Supply","Warehouse Inbound Team","Authorized supplier stock replenishment"
2026-03-27,RM-020,"Hard Wheat Bread Flour",499.22,kg,"Southern Luzon Ingredients Supply","Warehouse Inbound Team","Authorized supplier stock replenishment"
2026-04-02,RM-020,"Hard Wheat Bread Flour",418.28,kg,"Southern Luzon Ingredients Supply","Warehouse Inbound Team","Authorized supplier stock replenishment"
2026-04-08,RM-020,"Hard Wheat Bread Flour",349.07,kg,"Southern Luzon Ingredients Supply","Warehouse Inbound Team","Authorized supplier stock replenishment"
2026-04-14,RM-020,"Hard Wheat Bread Flour",451.96,kg,"Southern Luzon Ingredients Supply","Warehouse Inbound Team","Authorized supplier stock replenishment"
2026-04-20,RM-020,"Hard Wheat Bread Flour",488.54,kg,"Southern Luzon Ingredients Supply","Warehouse Inbound Team","Authorized supplier stock replenishment"
2026-04-26,RM-020,"Hard Wheat Bread Flour",374.06,kg,"Southern Luzon Ingredients Supply","Warehouse Inbound Team","Authorized supplier stock replenishment"
2026-05-02,RM-020,"Hard Wheat Bread Flour",291.54,kg,"Southern Luzon Ingredients Supply","Warehouse Inbound Team","Authorized supplier stock replenishment"
2026-05-08,RM-020,"Hard Wheat Bread Flour",380.91,kg,"Southern Luzon Ingredients Supply","Warehouse Inbound Team","Authorized supplier stock replenishment"
2026-05-14,RM-020,"Hard Wheat Bread Flour",352.79,kg,"Southern Luzon Ingredients Supply","Warehouse Inbound Team","Authorized supplier stock replenishment"
2026-05-20,RM-020,"Hard Wheat Bread Flour",272.34,kg,"Southern Luzon Ingredients Supply","Warehouse Inbound Team","Authorized supplier stock replenishment"
2026-05-26,RM-020,"Hard Wheat Bread Flour",325.97,kg,"Southern Luzon Ingredients Supply","Warehouse Inbound Team","Authorized supplier stock replenishment"
2026-06-01,RM-020,"Hard Wheat Bread Flour",389.42,kg,"Southern Luzon Ingredients Supply","Warehouse Inbound Team","Authorized supplier stock replenishment"
2026-06-07,RM-020,"Hard Wheat Bread Flour",315.68,kg,"Southern Luzon Ingredients Supply","Warehouse Inbound Team","Authorized supplier stock replenishment"
2026-06-13,RM-020,"Hard Wheat Bread Flour",275.61,kg,"Southern Luzon Ingredients Supply","Warehouse Inbound Team","Authorized supplier stock replenishment"
2026-06-19,RM-020,"Hard Wheat Bread Flour",362.05,kg,"Southern Luzon Ingredients Supply","Warehouse Inbound Team","Authorized supplier stock replenishment"
2026-06-25,RM-020,"Hard Wheat Bread Flour",374.71,kg,"Southern Luzon Ingredients Supply","Warehouse Inbound Team","Authorized supplier stock replenishment"
2026-07-01,RM-020,"Hard Wheat Bread Flour",284.25,kg,"Southern Luzon Ingredients Supply","Warehouse Inbound Team","Authorized supplier stock replenishment"
2026-07-07,RM-020,"Hard Wheat Bread Flour",300.27,kg,"Southern Luzon Ingredients Supply","Warehouse Inbound Team","Authorized supplier stock replenishment"
2026-07-13,RM-020,"Hard Wheat Bread Flour",385.65,kg,"Southern Luzon Ingredients Supply","Warehouse Inbound Team","Authorized supplier stock replenishment"
2026-07-19,RM-020,"Hard Wheat Bread Flour",342.56,kg,"Southern Luzon Ingredients Supply","Warehouse Inbound Team","Authorized supplier stock replenishment"
2026-07-25,RM-020,"Hard Wheat Bread Flour",270.84,kg,"Southern Luzon Ingredients Supply","Warehouse Inbound Team","Authorized supplier stock replenishment"
2026-07-31,RM-020,"Hard Wheat Bread Flour",336.68,kg,"Southern Luzon Ingredients Supply","Warehouse Inbound Team","Authorized supplier stock replenishment"
2026-08-06,RM-020,"Hard Wheat Bread Flour",387.52,kg,"Southern Luzon Ingredients Supply","Warehouse Inbound Team","Authorized supplier stock replenishment"
2026-08-12,RM-020,"Hard Wheat Bread Flour",305.57,kg,"Southern Luzon Ingredients Supply","Warehouse Inbound Team","Authorized supplier stock replenishment"
2026-08-18,RM-020,"Hard Wheat Bread Flour",280.71,kg,"Southern Luzon Ingredients Supply","Warehouse Inbound Team","Authorized supplier stock replenishment"
2026-08-24,RM-020,"Hard Wheat Bread Flour",370.54,kg,"Southern Luzon Ingredients Supply","Warehouse Inbound Team","Authorized supplier stock replenishment"
2026-08-30,RM-020,"Hard Wheat Bread Flour",366.92,kg,"Southern Luzon Ingredients Supply","Warehouse Inbound Team","Authorized supplier stock replenishment"
2026-01-01,RM-021,"Purified Water",676.74,L,"Quezon Agricultural Producers Coop","Warehouse Inbound Team","Authorized supplier stock replenishment"
2026-01-06,RM-021,"Purified Water",813.55,L,"Quezon Agricultural Producers Coop","Warehouse Inbound Team","Authorized supplier stock replenishment"
2026-01-11,RM-021,"Purified Water",968.26,L,"Quezon Agricultural Producers Coop","Warehouse Inbound Team","Authorized supplier stock replenishment"
2026-01-16,RM-021,"Purified Water",782.4,L,"Quezon Agricultural Producers Coop","Warehouse Inbound Team","Authorized supplier stock replenishment"
2026-01-21,RM-021,"Purified Water",686.62,L,"Quezon Agricultural Producers Coop","Warehouse Inbound Team","Authorized supplier stock replenishment"
2026-01-26,RM-021,"Purified Water",902.85,L,"Quezon Agricultural Producers Coop","Warehouse Inbound Team","Authorized supplier stock replenishment"
2026-01-31,RM-021,"Purified Water",930.07,L,"Quezon Agricultural Producers Coop","Warehouse Inbound Team","Authorized supplier stock replenishment"
2026-02-05,RM-021,"Purified Water",705.21,L,"Quezon Agricultural Producers Coop","Warehouse Inbound Team","Authorized supplier stock replenishment"
2026-02-10,RM-021,"Purified Water",749.28,L,"Quezon Agricultural Producers Coop","Warehouse Inbound Team","Authorized supplier stock replenishment"
2026-02-15,RM-021,"Purified Water",960.17,L,"Quezon Agricultural Producers Coop","Warehouse Inbound Team","Authorized supplier stock replenishment"
2026-02-20,RM-021,"Purified Water",849.23,L,"Quezon Agricultural Producers Coop","Warehouse Inbound Team","Authorized supplier stock replenishment"
2026-02-25,RM-021,"Purified Water",673.52,L,"Quezon Agricultural Producers Coop","Warehouse Inbound Team","Authorized supplier stock replenishment"
2026-03-02,RM-021,"Purified Water",840.17,L,"Quezon Agricultural Producers Coop","Warehouse Inbound Team","Authorized supplier stock replenishment"
2026-03-07,RM-021,"Purified Water",963.04,L,"Quezon Agricultural Producers Coop","Warehouse Inbound Team","Authorized supplier stock replenishment"
2026-03-12,RM-021,"Purified Water",757.43,L,"Quezon Agricultural Producers Coop","Warehouse Inbound Team","Authorized supplier stock replenishment"
2026-03-17,RM-021,"Purified Water",699.75,L,"Quezon Agricultural Producers Coop","Warehouse Inbound Team","Authorized supplier stock replenishment"
2026-03-22,RM-021,"Purified Water",923.65,L,"Quezon Agricultural Producers Coop","Warehouse Inbound Team","Authorized supplier stock replenishment"
2026-03-27,RM-021,"Purified Water",910.34,L,"Quezon Agricultural Producers Coop","Warehouse Inbound Team","Authorized supplier stock replenishment"
2026-04-01,RM-021,"Purified Water",690.66,L,"Quezon Agricultural Producers Coop","Warehouse Inbound Team","Authorized supplier stock replenishment"
2026-04-06,RM-021,"Purified Water",773.62,L,"Quezon Agricultural Producers Coop","Warehouse Inbound Team","Authorized supplier stock replenishment"
2026-04-11,RM-021,"Purified Water",967,L,"Quezon Agricultural Producers Coop","Warehouse Inbound Team","Authorized supplier stock replenishment"
2026-04-16,RM-021,"Purified Water",822.73,L,"Quezon Agricultural Producers Coop","Warehouse Inbound Team","Authorized supplier stock replenishment"
2026-04-21,RM-021,"Purified Water",675.09,L,"Quezon Agricultural Producers Coop","Warehouse Inbound Team","Authorized supplier stock replenishment"
2026-04-26,RM-021,"Purified Water",866.17,L,"Quezon Agricultural Producers Coop","Warehouse Inbound Team","Authorized supplier stock replenishment"
2026-05-01,RM-021,"Purified Water",953.22,L,"Quezon Agricultural Producers Coop","Warehouse Inbound Team","Authorized supplier stock replenishment"
2026-05-06,RM-021,"Purified Water",734.54,L,"Quezon Agricultural Producers Coop","Warehouse Inbound Team","Authorized supplier stock replenishment"
2026-05-11,RM-021,"Purified Water",716.83,L,"Quezon Agricultural Producers Coop","Warehouse Inbound Team","Authorized supplier stock replenishment"
2026-05-16,RM-021,"Purified Water",941.13,L,"Quezon Agricultural Producers Coop","Warehouse Inbound Team","Authorized supplier stock replenishment"
2026-05-21,RM-021,"Purified Water",887.72,L,"Quezon Agricultural Producers Coop","Warehouse Inbound Team","Authorized supplier stock replenishment"
2026-05-26,RM-021,"Purified Water",680.36,L,"Quezon Agricultural Producers Coop","Warehouse Inbound Team","Authorized supplier stock replenishment"
2026-05-31,RM-021,"Purified Water",799.51,L,"Quezon Agricultural Producers Coop","Warehouse Inbound Team","Authorized supplier stock replenishment"
2026-06-05,RM-021,"Purified Water",969.09,L,"Quezon Agricultural Producers Coop","Warehouse Inbound Team","Authorized supplier stock replenishment"
2026-06-10,RM-021,"Purified Water",796.17,L,"Quezon Agricultural Producers Coop","Warehouse Inbound Team","Authorized supplier stock replenishment"
2026-06-15,RM-021,"Purified Water",681.41,L,"Quezon Agricultural Producers Coop","Warehouse Inbound Team","Authorized supplier stock replenishment"
2026-06-20,RM-021,"Purified Water",890.72,L,"Quezon Agricultural Producers Coop","Warehouse Inbound Team","Authorized supplier stock replenishment"
2026-06-25,RM-021,"Purified Water",939.12,L,"Quezon Agricultural Producers Coop","Warehouse Inbound Team","Authorized supplier stock replenishment"
2026-06-30,RM-021,"Purified Water",714.46,L,"Quezon Agricultural Producers Coop","Warehouse Inbound Team","Authorized supplier stock replenishment"
2026-07-05,RM-021,"Purified Water",737.3,L,"Quezon Agricultural Producers Coop","Warehouse Inbound Team","Authorized supplier stock replenishment"
2026-07-10,RM-021,"Purified Water",954.71,L,"Quezon Agricultural Producers Coop","Warehouse Inbound Team","Authorized supplier stock replenishment"
2026-07-15,RM-021,"Purified Water",862.94,L,"Quezon Agricultural Producers Coop","Warehouse Inbound Team","Authorized supplier stock replenishment"
2026-07-20,RM-021,"Purified Water",674.63,L,"Quezon Agricultural Producers Coop","Warehouse Inbound Team","Authorized supplier stock replenishment"
2026-07-25,RM-021,"Purified Water",826.1,L,"Quezon Agricultural Producers Coop","Warehouse Inbound Team","Authorized supplier stock replenishment"
2026-07-30,RM-021,"Purified Water",966.39,L,"Quezon Agricultural Producers Coop","Warehouse Inbound Team","Authorized supplier stock replenishment"
2026-08-04,RM-021,"Purified Water",770.44,L,"Quezon Agricultural Producers Coop","Warehouse Inbound Team","Authorized supplier stock replenishment"
2026-08-09,RM-021,"Purified Water",692.28,L,"Quezon Agricultural Producers Coop","Warehouse Inbound Team","Authorized supplier stock replenishment"
2026-08-14,RM-021,"Purified Water",913.01,L,"Quezon Agricultural Producers Coop","Warehouse Inbound Team","Authorized supplier stock replenishment"
2026-08-19,RM-021,"Purified Water",921.18,L,"Quezon Agricultural Producers Coop","Warehouse Inbound Team","Authorized supplier stock replenishment"
2026-08-24,RM-021,"Purified Water",697.86,L,"Quezon Agricultural Producers Coop","Warehouse Inbound Team","Authorized supplier stock replenishment"
2026-08-29,RM-021,"Purified Water",760.5,L,"Quezon Agricultural Producers Coop","Warehouse Inbound Team","Authorized supplier stock replenishment"
2026-01-04,RM-022,"Cleaned Chicken Crop (Butse)",96.9,kg,"Southern Luzon Ingredients Supply","Warehouse Inbound Team","Authorized supplier stock replenishment"
2026-01-10,RM-022,"Cleaned Chicken Crop (Butse)",106.16,kg,"Southern Luzon Ingredients Supply","Warehouse Inbound Team","Authorized supplier stock replenishment"
2026-01-16,RM-022,"Cleaned Chicken Crop (Butse)",81.67,kg,"Southern Luzon Ingredients Supply","Warehouse Inbound Team","Authorized supplier stock replenishment"
2026-01-22,RM-022,"Cleaned Chicken Crop (Butse)",80.17,kg,"Southern Luzon Ingredients Supply","Warehouse Inbound Team","Authorized supplier stock replenishment"
2026-01-28,RM-022,"Cleaned Chicken Crop (Butse)",105.14,kg,"Southern Luzon Ingredients Supply","Warehouse Inbound Team","Authorized supplier stock replenishment"
2026-02-03,RM-022,"Cleaned Chicken Crop (Butse)",98.72,kg,"Southern Luzon Ingredients Supply","Warehouse Inbound Team","Authorized supplier stock replenishment"
2026-02-09,RM-022,"Cleaned Chicken Crop (Butse)",75.78,kg,"Southern Luzon Ingredients Supply","Warehouse Inbound Team","Authorized supplier stock replenishment"
2026-02-15,RM-022,"Cleaned Chicken Crop (Butse)",89.48,kg,"Southern Luzon Ingredients Supply","Warehouse Inbound Team","Authorized supplier stock replenishment"
2026-02-21,RM-022,"Cleaned Chicken Crop (Butse)",108.07,kg,"Southern Luzon Ingredients Supply","Warehouse Inbound Team","Authorized supplier stock replenishment"
2026-02-27,RM-022,"Cleaned Chicken Crop (Butse)",88.48,kg,"Southern Luzon Ingredients Supply","Warehouse Inbound Team","Authorized supplier stock replenishment"
2026-03-05,RM-022,"Cleaned Chicken Crop (Butse)",76.1,kg,"Southern Luzon Ingredients Supply","Warehouse Inbound Team","Authorized supplier stock replenishment"
2026-03-11,RM-022,"Cleaned Chicken Crop (Butse)",99.62,kg,"Southern Luzon Ingredients Supply","Warehouse Inbound Team","Authorized supplier stock replenishment"
2026-03-17,RM-022,"Cleaned Chicken Crop (Butse)",104.54,kg,"Southern Luzon Ingredients Supply","Warehouse Inbound Team","Authorized supplier stock replenishment"
2026-03-23,RM-022,"Cleaned Chicken Crop (Butse)",79.47,kg,"Southern Luzon Ingredients Supply","Warehouse Inbound Team","Authorized supplier stock replenishment"
2026-03-29,RM-022,"Cleaned Chicken Crop (Butse)",82.49,kg,"Southern Luzon Ingredients Supply","Warehouse Inbound Team","Authorized supplier stock replenishment"
2026-04-04,RM-022,"Cleaned Chicken Crop (Butse)",106.61,kg,"Southern Luzon Ingredients Supply","Warehouse Inbound Team","Authorized supplier stock replenishment"
2026-04-10,RM-022,"Cleaned Chicken Crop (Butse)",95.94,kg,"Southern Luzon Ingredients Supply","Warehouse Inbound Team","Authorized supplier stock replenishment"
2026-04-16,RM-022,"Cleaned Chicken Crop (Butse)",75.2,kg,"Southern Luzon Ingredients Supply","Warehouse Inbound Team","Authorized supplier stock replenishment"
2026-04-22,RM-022,"Cleaned Chicken Crop (Butse)",92.45,kg,"Southern Luzon Ingredients Supply","Warehouse Inbound Team","Authorized supplier stock replenishment"
2026-04-28,RM-022,"Cleaned Chicken Crop (Butse)",107.71,kg,"Southern Luzon Ingredients Supply","Warehouse Inbound Team","Authorized supplier stock replenishment"
2026-05-04,RM-022,"Cleaned Chicken Crop (Butse)",66.79,kg,"Southern Luzon Ingredients Supply","Warehouse Inbound Team","Authorized supplier stock replenishment"
2026-05-10,RM-022,"Cleaned Chicken Crop (Butse)",60.34,kg,"Southern Luzon Ingredients Supply","Warehouse Inbound Team","Authorized supplier stock replenishment"
2026-05-16,RM-022,"Cleaned Chicken Crop (Butse)",79.61,kg,"Southern Luzon Ingredients Supply","Warehouse Inbound Team","Authorized supplier stock replenishment"
2026-05-22,RM-022,"Cleaned Chicken Crop (Butse)",79.95,kg,"Southern Luzon Ingredients Supply","Warehouse Inbound Team","Authorized supplier stock replenishment"
2026-05-28,RM-022,"Cleaned Chicken Crop (Butse)",60.57,kg,"Southern Luzon Ingredients Supply","Warehouse Inbound Team","Authorized supplier stock replenishment"
2026-06-03,RM-022,"Cleaned Chicken Crop (Butse)",66.38,kg,"Southern Luzon Ingredients Supply","Warehouse Inbound Team","Authorized supplier stock replenishment"
2026-06-09,RM-022,"Cleaned Chicken Crop (Butse)",83.92,kg,"Southern Luzon Ingredients Supply","Warehouse Inbound Team","Authorized supplier stock replenishment"
2026-06-15,RM-022,"Cleaned Chicken Crop (Butse)",72.55,kg,"Southern Luzon Ingredients Supply","Warehouse Inbound Team","Authorized supplier stock replenishment"
2026-06-21,RM-022,"Cleaned Chicken Crop (Butse)",58.62,kg,"Southern Luzon Ingredients Supply","Warehouse Inbound Team","Authorized supplier stock replenishment"
2026-06-27,RM-022,"Cleaned Chicken Crop (Butse)",74.4,kg,"Southern Luzon Ingredients Supply","Warehouse Inbound Team","Authorized supplier stock replenishment"
2026-07-03,RM-022,"Cleaned Chicken Crop (Butse)",83.33,kg,"Southern Luzon Ingredients Supply","Warehouse Inbound Team","Authorized supplier stock replenishment"
2026-07-09,RM-022,"Cleaned Chicken Crop (Butse)",64.71,kg,"Southern Luzon Ingredients Supply","Warehouse Inbound Team","Authorized supplier stock replenishment"
2026-07-15,RM-022,"Cleaned Chicken Crop (Butse)",61.69,kg,"Southern Luzon Ingredients Supply","Warehouse Inbound Team","Authorized supplier stock replenishment"
2026-07-21,RM-022,"Cleaned Chicken Crop (Butse)",81.26,kg,"Southern Luzon Ingredients Supply","Warehouse Inbound Team","Authorized supplier stock replenishment"
2026-07-27,RM-022,"Cleaned Chicken Crop (Butse)",78.08,kg,"Southern Luzon Ingredients Supply","Warehouse Inbound Team","Authorized supplier stock replenishment"
2026-08-02,RM-022,"Cleaned Chicken Crop (Butse)",59.52,kg,"Southern Luzon Ingredients Supply","Warehouse Inbound Team","Authorized supplier stock replenishment"
2026-08-08,RM-022,"Cleaned Chicken Crop (Butse)",68.58,kg,"Southern Luzon Ingredients Supply","Warehouse Inbound Team","Authorized supplier stock replenishment"
2026-08-14,RM-022,"Cleaned Chicken Crop (Butse)",84.28,kg,"Southern Luzon Ingredients Supply","Warehouse Inbound Team","Authorized supplier stock replenishment"
2026-08-20,RM-022,"Cleaned Chicken Crop (Butse)",70.23,kg,"Southern Luzon Ingredients Supply","Warehouse Inbound Team","Authorized supplier stock replenishment"
2026-08-26,RM-022,"Cleaned Chicken Crop (Butse)",58.99,kg,"Southern Luzon Ingredients Supply","Warehouse Inbound Team","Authorized supplier stock replenishment"
2026-09-01,RM-022,"Cleaned Chicken Crop (Butse)",76.6,kg,"Southern Luzon Ingredients Supply","Warehouse Inbound Team","Authorized supplier stock replenishment"
2026-01-02,RM-023,"Pork Skin with Back Fat",323.68,kg,"Quezon Agricultural Producers Coop","Warehouse Inbound Team","Authorized supplier stock replenishment"
2026-01-09,RM-023,"Pork Skin with Back Fat",245.28,kg,"Quezon Agricultural Producers Coop","Warehouse Inbound Team","Authorized supplier stock replenishment"
2026-01-16,RM-023,"Pork Skin with Back Fat",270.29,kg,"Quezon Agricultural Producers Coop","Warehouse Inbound Team","Authorized supplier stock replenishment"
2026-01-23,RM-023,"Pork Skin with Back Fat",340.76,kg,"Quezon Agricultural Producers Coop","Warehouse Inbound Team","Authorized supplier stock replenishment"
2026-01-30,RM-023,"Pork Skin with Back Fat",293.41,kg,"Quezon Agricultural Producers Coop","Warehouse Inbound Team","Authorized supplier stock replenishment"
2026-02-06,RM-023,"Pork Skin with Back Fat",237.95,kg,"Quezon Agricultural Producers Coop","Warehouse Inbound Team","Authorized supplier stock replenishment"
2026-02-13,RM-023,"Pork Skin with Back Fat",302.89,kg,"Quezon Agricultural Producers Coop","Warehouse Inbound Team","Authorized supplier stock replenishment"
2026-02-20,RM-023,"Pork Skin with Back Fat",337.76,kg,"Quezon Agricultural Producers Coop","Warehouse Inbound Team","Authorized supplier stock replenishment"
2026-02-27,RM-023,"Pork Skin with Back Fat",261.76,kg,"Quezon Agricultural Producers Coop","Warehouse Inbound Team","Authorized supplier stock replenishment"
2026-03-06,RM-023,"Pork Skin with Back Fat",250.99,kg,"Quezon Agricultural Producers Coop","Warehouse Inbound Team","Authorized supplier stock replenishment"
2026-03-13,RM-023,"Pork Skin with Back Fat",330.4,kg,"Quezon Agricultural Producers Coop","Warehouse Inbound Team","Authorized supplier stock replenishment"
2026-03-20,RM-023,"Pork Skin with Back Fat",315.99,kg,"Quezon Agricultural Producers Coop","Warehouse Inbound Team","Authorized supplier stock replenishment"
2026-03-27,RM-023,"Pork Skin with Back Fat",241.15,kg,"Quezon Agricultural Producers Coop","Warehouse Inbound Team","Authorized supplier stock replenishment"
2026-04-03,RM-023,"Pork Skin with Back Fat",279.28,kg,"Quezon Agricultural Producers Coop","Warehouse Inbound Team","Authorized supplier stock replenishment"
2026-04-10,RM-023,"Pork Skin with Back Fat",342.04,kg,"Quezon Agricultural Producers Coop","Warehouse Inbound Team","Authorized supplier stock replenishment"
2026-04-17,RM-023,"Pork Skin with Back Fat",284.01,kg,"Quezon Agricultural Producers Coop","Warehouse Inbound Team","Authorized supplier stock replenishment"
2026-04-24,RM-023,"Pork Skin with Back Fat",239.65,kg,"Quezon Agricultural Producers Coop","Warehouse Inbound Team","Authorized supplier stock replenishment"
2026-05-01,RM-023,"Pork Skin with Back Fat",311.75,kg,"Quezon Agricultural Producers Coop","Warehouse Inbound Team","Authorized supplier stock replenishment"
2026-05-08,RM-023,"Pork Skin with Back Fat",333.24,kg,"Quezon Agricultural Producers Coop","Warehouse Inbound Team","Authorized supplier stock replenishment"
2026-05-15,RM-023,"Pork Skin with Back Fat",254.33,kg,"Quezon Agricultural Producers Coop","Warehouse Inbound Team","Authorized supplier stock replenishment"
2026-05-22,RM-023,"Pork Skin with Back Fat",257.86,kg,"Quezon Agricultural Producers Coop","Warehouse Inbound Team","Authorized supplier stock replenishment"
2026-05-29,RM-023,"Pork Skin with Back Fat",335.65,kg,"Quezon Agricultural Producers Coop","Warehouse Inbound Team","Authorized supplier stock replenishment"
2026-06-05,RM-023,"Pork Skin with Back Fat",307.46,kg,"Quezon Agricultural Producers Coop","Warehouse Inbound Team","Authorized supplier stock replenishment"
2026-06-12,RM-023,"Pork Skin with Back Fat",35.79,kg,"Quezon Agricultural Producers Coop","Warehouse Inbound Team","Authorized supplier stock replenishment"
2026-06-19,RM-023,"Pork Skin with Back Fat",43.29,kg,"Quezon Agricultural Producers Coop","Warehouse Inbound Team","Authorized supplier stock replenishment"
2026-06-26,RM-023,"Pork Skin with Back Fat",51.24,kg,"Quezon Agricultural Producers Coop","Warehouse Inbound Team","Authorized supplier stock replenishment"
2026-07-03,RM-023,"Pork Skin with Back Fat",41.22,kg,"Quezon Agricultural Producers Coop","Warehouse Inbound Team","Authorized supplier stock replenishment"
2026-07-10,RM-023,"Pork Skin with Back Fat",36.45,kg,"Quezon Agricultural Producers Coop","Warehouse Inbound Team","Authorized supplier stock replenishment"
2026-07-17,RM-023,"Pork Skin with Back Fat",47.98,kg,"Quezon Agricultural Producers Coop","Warehouse Inbound Team","Authorized supplier stock replenishment"
2026-07-24,RM-023,"Pork Skin with Back Fat",49.1,kg,"Quezon Agricultural Producers Coop","Warehouse Inbound Team","Authorized supplier stock replenishment"
2026-07-31,RM-023,"Pork Skin with Back Fat",37.21,kg,"Quezon Agricultural Producers Coop","Warehouse Inbound Team","Authorized supplier stock replenishment"
2026-08-07,RM-023,"Pork Skin with Back Fat",39.86,kg,"Quezon Agricultural Producers Coop","Warehouse Inbound Team","Authorized supplier stock replenishment"
2026-08-14,RM-023,"Pork Skin with Back Fat",50.91,kg,"Quezon Agricultural Producers Coop","Warehouse Inbound Team","Authorized supplier stock replenishment"
2026-08-21,RM-023,"Pork Skin with Back Fat",44.75,kg,"Quezon Agricultural Producers Coop","Warehouse Inbound Team","Authorized supplier stock replenishment"
2026-08-28,RM-023,"Pork Skin with Back Fat",35.66,kg,"Quezon Agricultural Producers Coop","Warehouse Inbound Team","Authorized supplier stock replenishment"
2026-01-06,RM-024,"Raw Shelled Peanuts",176.34,kg,"Southern Luzon Ingredients Supply","Warehouse Inbound Team","Authorized supplier stock replenishment"
2026-01-12,RM-024,"Raw Shelled Peanuts",214.2,kg,"Southern Luzon Ingredients Supply","Warehouse Inbound Team","Authorized supplier stock replenishment"
2026-01-18,RM-024,"Raw Shelled Peanuts",252.56,kg,"Southern Luzon Ingredients Supply","Warehouse Inbound Team","Authorized supplier stock replenishment"
2026-01-24,RM-024,"Raw Shelled Peanuts",202.53,kg,"Southern Luzon Ingredients Supply","Warehouse Inbound Team","Authorized supplier stock replenishment"
2026-01-30,RM-024,"Raw Shelled Peanuts",180.04,kg,"Southern Luzon Ingredients Supply","Warehouse Inbound Team","Authorized supplier stock replenishment"
2026-02-05,RM-024,"Raw Shelled Peanuts",237.2,kg,"Southern Luzon Ingredients Supply","Warehouse Inbound Team","Authorized supplier stock replenishment"
2026-02-11,RM-024,"Raw Shelled Peanuts",241.57,kg,"Southern Luzon Ingredients Supply","Warehouse Inbound Team","Authorized supplier stock replenishment"
2026-02-17,RM-024,"Raw Shelled Peanuts",183.03,kg,"Southern Luzon Ingredients Supply","Warehouse Inbound Team","Authorized supplier stock replenishment"
2026-02-23,RM-024,"Raw Shelled Peanuts",197.22,kg,"Southern Luzon Ingredients Supply","Warehouse Inbound Team","Authorized supplier stock replenishment"
2026-03-01,RM-024,"Raw Shelled Peanuts",251.26,kg,"Southern Luzon Ingredients Supply","Warehouse Inbound Team","Authorized supplier stock replenishment"
2026-03-07,RM-024,"Raw Shelled Peanuts",219.93,kg,"Southern Luzon Ingredients Supply","Warehouse Inbound Team","Authorized supplier stock replenishment"
2026-03-13,RM-024,"Raw Shelled Peanuts",175.83,kg,"Southern Luzon Ingredients Supply","Warehouse Inbound Team","Authorized supplier stock replenishment"
2026-03-19,RM-024,"Raw Shelled Peanuts",221.13,kg,"Southern Luzon Ingredients Supply","Warehouse Inbound Team","Authorized supplier stock replenishment"
2026-03-25,RM-024,"Raw Shelled Peanuts",250.88,kg,"Southern Luzon Ingredients Supply","Warehouse Inbound Team","Authorized supplier stock replenishment"
2026-03-31,RM-024,"Raw Shelled Peanuts",196.14,kg,"Southern Luzon Ingredients Supply","Warehouse Inbound Team","Authorized supplier stock replenishment"
2026-04-06,RM-024,"Raw Shelled Peanuts",183.75,kg,"Southern Luzon Ingredients Supply","Warehouse Inbound Team","Authorized supplier stock replenishment"
2026-04-12,RM-024,"Raw Shelled Peanuts",242.42,kg,"Southern Luzon Ingredients Supply","Warehouse Inbound Team","Authorized supplier stock replenishment"
2026-04-18,RM-024,"Raw Shelled Peanuts",236.2,kg,"Southern Luzon Ingredients Supply","Warehouse Inbound Team","Authorized supplier stock replenishment"
2026-04-24,RM-024,"Raw Shelled Peanuts",179.51,kg,"Southern Luzon Ingredients Supply","Warehouse Inbound Team","Authorized supplier stock replenishment"
2026-04-30,RM-024,"Raw Shelled Peanuts",203.7,kg,"Southern Luzon Ingredients Supply","Warehouse Inbound Team","Authorized supplier stock replenishment"
2026-05-06,RM-024,"Raw Shelled Peanuts",197.12,kg,"Southern Luzon Ingredients Supply","Warehouse Inbound Team","Authorized supplier stock replenishment"
2026-05-12,RM-024,"Raw Shelled Peanuts",166.13,kg,"Southern Luzon Ingredients Supply","Warehouse Inbound Team","Authorized supplier stock replenishment"
2026-05-18,RM-024,"Raw Shelled Peanuts",137.72,kg,"Southern Luzon Ingredients Supply","Warehouse Inbound Team","Authorized supplier stock replenishment"
2026-05-24,RM-024,"Raw Shelled Peanuts",177.72,kg,"Southern Luzon Ingredients Supply","Warehouse Inbound Team","Authorized supplier stock replenishment"
2026-05-30,RM-024,"Raw Shelled Peanuts",193.45,kg,"Southern Luzon Ingredients Supply","Warehouse Inbound Team","Authorized supplier stock replenishment"
2026-06-05,RM-024,"Raw Shelled Peanuts",148.46,kg,"Southern Luzon Ingredients Supply","Warehouse Inbound Team","Authorized supplier stock replenishment"
2026-06-11,RM-024,"Raw Shelled Peanuts",146.99,kg,"Southern Luzon Ingredients Supply","Warehouse Inbound Team","Authorized supplier stock replenishment"
2026-06-17,RM-024,"Raw Shelled Peanuts",192.45,kg,"Southern Luzon Ingredients Supply","Warehouse Inbound Team","Authorized supplier stock replenishment"
2026-06-23,RM-024,"Raw Shelled Peanuts",179.5,kg,"Southern Luzon Ingredients Supply","Warehouse Inbound Team","Authorized supplier stock replenishment"
2026-06-29,RM-024,"Raw Shelled Peanuts",138.15,kg,"Southern Luzon Ingredients Supply","Warehouse Inbound Team","Authorized supplier stock replenishment"
2026-07-05,RM-024,"Raw Shelled Peanuts",164.21,kg,"Southern Luzon Ingredients Supply","Warehouse Inbound Team","Authorized supplier stock replenishment"
2026-07-11,RM-024,"Raw Shelled Peanuts",197.3,kg,"Southern Luzon Ingredients Supply","Warehouse Inbound Team","Authorized supplier stock replenishment"
2026-07-17,RM-024,"Raw Shelled Peanuts",160.75,kg,"Southern Luzon Ingredients Supply","Warehouse Inbound Team","Authorized supplier stock replenishment"
2026-07-23,RM-024,"Raw Shelled Peanuts",139.25,kg,"Southern Luzon Ingredients Supply","Warehouse Inbound Team","Authorized supplier stock replenishment"
2026-07-29,RM-024,"Raw Shelled Peanuts",182.61,kg,"Southern Luzon Ingredients Supply","Warehouse Inbound Team","Authorized supplier stock replenishment"
2026-08-04,RM-024,"Raw Shelled Peanuts",190.36,kg,"Southern Luzon Ingredients Supply","Warehouse Inbound Team","Authorized supplier stock replenishment"
2026-08-10,RM-024,"Raw Shelled Peanuts",144.54,kg,"Southern Luzon Ingredients Supply","Warehouse Inbound Team","Authorized supplier stock replenishment"
2026-08-16,RM-024,"Raw Shelled Peanuts",151.32,kg,"Southern Luzon Ingredients Supply","Warehouse Inbound Team","Authorized supplier stock replenishment"
2026-08-22,RM-024,"Raw Shelled Peanuts",194.99,kg,"Southern Luzon Ingredients Supply","Warehouse Inbound Team","Authorized supplier stock replenishment"
2026-08-28,RM-024,"Raw Shelled Peanuts",174.37,kg,"Southern Luzon Ingredients Supply","Warehouse Inbound Team","Authorized supplier stock replenishment"
2026-01-05,RM-025,"Toasted Sesame Seeds",32.12,kg,"Quezon Agricultural Producers Coop","Warehouse Inbound Team","Authorized supplier stock replenishment"
2026-01-10,RM-025,"Toasted Sesame Seeds",34.8,kg,"Quezon Agricultural Producers Coop","Warehouse Inbound Team","Authorized supplier stock replenishment"
2026-01-15,RM-025,"Toasted Sesame Seeds",26.67,kg,"Quezon Agricultural Producers Coop","Warehouse Inbound Team","Authorized supplier stock replenishment"
2026-01-20,RM-025,"Toasted Sesame Seeds",26.56,kg,"Quezon Agricultural Producers Coop","Warehouse Inbound Team","Authorized supplier stock replenishment"
2026-01-25,RM-025,"Toasted Sesame Seeds",34.73,kg,"Quezon Agricultural Producers Coop","Warehouse Inbound Team","Authorized supplier stock replenishment"
2026-01-30,RM-025,"Toasted Sesame Seeds",32.25,kg,"Quezon Agricultural Producers Coop","Warehouse Inbound Team","Authorized supplier stock replenishment"
2026-02-04,RM-025,"Toasted Sesame Seeds",24.87,kg,"Quezon Agricultural Producers Coop","Warehouse Inbound Team","Authorized supplier stock replenishment"
2026-02-09,RM-025,"Toasted Sesame Seeds",29.69,kg,"Quezon Agricultural Producers Coop","Warehouse Inbound Team","Authorized supplier stock replenishment"
2026-02-14,RM-025,"Toasted Sesame Seeds",35.54,kg,"Quezon Agricultural Producers Coop","Warehouse Inbound Team","Authorized supplier stock replenishment"
2026-02-19,RM-025,"Toasted Sesame Seeds",28.86,kg,"Quezon Agricultural Producers Coop","Warehouse Inbound Team","Authorized supplier stock replenishment"
2026-02-24,RM-025,"Toasted Sesame Seeds",25.13,kg,"Quezon Agricultural Producers Coop","Warehouse Inbound Team","Authorized supplier stock replenishment"
2026-03-01,RM-025,"Toasted Sesame Seeds",32.99,kg,"Quezon Agricultural Producers Coop","Warehouse Inbound Team","Authorized supplier stock replenishment"
2026-03-06,RM-025,"Toasted Sesame Seeds",34.23,kg,"Quezon Agricultural Producers Coop","Warehouse Inbound Team","Authorized supplier stock replenishment"
2026-03-11,RM-025,"Toasted Sesame Seeds",25.97,kg,"Quezon Agricultural Producers Coop","Warehouse Inbound Team","Authorized supplier stock replenishment"
2026-03-16,RM-025,"Toasted Sesame Seeds",27.35,kg,"Quezon Agricultural Producers Coop","Warehouse Inbound Team","Authorized supplier stock replenishment"
2026-03-21,RM-025,"Toasted Sesame Seeds",35.17,kg,"Quezon Agricultural Producers Coop","Warehouse Inbound Team","Authorized supplier stock replenishment"
2026-03-26,RM-025,"Toasted Sesame Seeds",31.31,kg,"Quezon Agricultural Producers Coop","Warehouse Inbound Team","Authorized supplier stock replenishment"
2026-03-31,RM-025,"Toasted Sesame Seeds",24.72,kg,"Quezon Agricultural Producers Coop","Warehouse Inbound Team","Authorized supplier stock replenishment"
2026-04-05,RM-025,"Toasted Sesame Seeds",30.67,kg,"Quezon Agricultural Producers Coop","Warehouse Inbound Team","Authorized supplier stock replenishment"
2026-04-10,RM-025,"Toasted Sesame Seeds",35.38,kg,"Quezon Agricultural Producers Coop","Warehouse Inbound Team","Authorized supplier stock replenishment"
2026-04-15,RM-025,"Toasted Sesame Seeds",27.94,kg,"Quezon Agricultural Producers Coop","Warehouse Inbound Team","Authorized supplier stock replenishment"
2026-04-20,RM-025,"Toasted Sesame Seeds",25.58,kg,"Quezon Agricultural Producers Coop","Warehouse Inbound Team","Authorized supplier stock replenishment"
2026-04-25,RM-025,"Toasted Sesame Seeds",33.77,kg,"Quezon Agricultural Producers Coop","Warehouse Inbound Team","Authorized supplier stock replenishment"
2026-04-30,RM-025,"Toasted Sesame Seeds",33.53,kg,"Quezon Agricultural Producers Coop","Warehouse Inbound Team","Authorized supplier stock replenishment"
2026-05-05,RM-025,"Toasted Sesame Seeds",25.42,kg,"Quezon Agricultural Producers Coop","Warehouse Inbound Team","Authorized supplier stock replenishment"
2026-05-10,RM-025,"Toasted Sesame Seeds",28.23,kg,"Quezon Agricultural Producers Coop","Warehouse Inbound Team","Authorized supplier stock replenishment"
2026-05-15,RM-025,"Toasted Sesame Seeds",35.45,kg,"Quezon Agricultural Producers Coop","Warehouse Inbound Team","Authorized supplier stock replenishment"
2026-05-20,RM-025,"Toasted Sesame Seeds",30.35,kg,"Quezon Agricultural Producers Coop","Warehouse Inbound Team","Authorized supplier stock replenishment"
2026-05-25,RM-025,"Toasted Sesame Seeds",24.75,kg,"Quezon Agricultural Producers Coop","Warehouse Inbound Team","Authorized supplier stock replenishment"
2026-05-30,RM-025,"Toasted Sesame Seeds",31.63,kg,"Quezon Agricultural Producers Coop","Warehouse Inbound Team","Authorized supplier stock replenishment"
2026-06-04,RM-025,"Toasted Sesame Seeds",35.04,kg,"Quezon Agricultural Producers Coop","Warehouse Inbound Team","Authorized supplier stock replenishment"
2026-06-09,RM-025,"Toasted Sesame Seeds",27.08,kg,"Quezon Agricultural Producers Coop","Warehouse Inbound Team","Authorized supplier stock replenishment"
2026-06-14,RM-025,"Toasted Sesame Seeds",26.19,kg,"Quezon Agricultural Producers Coop","Warehouse Inbound Team","Authorized supplier stock replenishment"
2026-06-19,RM-025,"Toasted Sesame Seeds",34.43,kg,"Quezon Agricultural Producers Coop","Warehouse Inbound Team","Authorized supplier stock replenishment"
2026-06-24,RM-025,"Toasted Sesame Seeds",32.71,kg,"Quezon Agricultural Producers Coop","Warehouse Inbound Team","Authorized supplier stock replenishment"
2026-06-29,RM-025,"Toasted Sesame Seeds",25.01,kg,"Quezon Agricultural Producers Coop","Warehouse Inbound Team","Authorized supplier stock replenishment"
2026-07-04,RM-025,"Toasted Sesame Seeds",29.18,kg,"Quezon Agricultural Producers Coop","Warehouse Inbound Team","Authorized supplier stock replenishment"
2026-07-09,RM-025,"Toasted Sesame Seeds",35.56,kg,"Quezon Agricultural Producers Coop","Warehouse Inbound Team","Authorized supplier stock replenishment"
2026-07-14,RM-025,"Toasted Sesame Seeds",29.37,kg,"Quezon Agricultural Producers Coop","Warehouse Inbound Team","Authorized supplier stock replenishment"
2026-07-19,RM-025,"Toasted Sesame Seeds",24.95,kg,"Quezon Agricultural Producers Coop","Warehouse Inbound Team","Authorized supplier stock replenishment"
2026-07-24,RM-025,"Toasted Sesame Seeds",32.54,kg,"Quezon Agricultural Producers Coop","Warehouse Inbound Team","Authorized supplier stock replenishment"
2026-07-29,RM-025,"Toasted Sesame Seeds",34.55,kg,"Quezon Agricultural Producers Coop","Warehouse Inbound Team","Authorized supplier stock replenishment"
2026-08-03,RM-025,"Toasted Sesame Seeds",26.33,kg,"Quezon Agricultural Producers Coop","Warehouse Inbound Team","Authorized supplier stock replenishment"
2026-08-08,RM-025,"Toasted Sesame Seeds",26.92,kg,"Quezon Agricultural Producers Coop","Warehouse Inbound Team","Authorized supplier stock replenishment"
2026-08-13,RM-025,"Toasted Sesame Seeds",34.96,kg,"Quezon Agricultural Producers Coop","Warehouse Inbound Team","Authorized supplier stock replenishment"
2026-08-18,RM-025,"Toasted Sesame Seeds",31.81,kg,"Quezon Agricultural Producers Coop","Warehouse Inbound Team","Authorized supplier stock replenishment"
2026-08-23,RM-025,"Toasted Sesame Seeds",24.77,kg,"Quezon Agricultural Producers Coop","Warehouse Inbound Team","Authorized supplier stock replenishment"
2026-08-28,RM-025,"Toasted Sesame Seeds",30.15,kg,"Quezon Agricultural Producers Coop","Warehouse Inbound Team","Authorized supplier stock replenishment"
2026-09-02,RM-025,"Toasted Sesame Seeds",35.48,kg,"Quezon Agricultural Producers Coop","Warehouse Inbound Team","Authorized supplier stock replenishment"
2026-01-02,RM-026,"Palm Cooking Oil",686.98,L,"Southern Luzon Ingredients Supply","Warehouse Inbound Team","Authorized supplier stock replenishment"
2026-01-08,RM-026,"Palm Cooking Oil",521.05,L,"Southern Luzon Ingredients Supply","Warehouse Inbound Team","Authorized supplier stock replenishment"
2026-01-14,RM-026,"Palm Cooking Oil",581.92,L,"Southern Luzon Ingredients Supply","Warehouse Inbound Team","Authorized supplier stock replenishment"
2026-01-20,RM-026,"Palm Cooking Oil",728.55,L,"Southern Luzon Ingredients Supply","Warehouse Inbound Team","Authorized supplier stock replenishment"
2026-01-26,RM-026,"Palm Cooking Oil",621.19,L,"Southern Luzon Ingredients Supply","Warehouse Inbound Team","Authorized supplier stock replenishment"
2026-02-01,RM-026,"Palm Cooking Oil",508.6,L,"Southern Luzon Ingredients Supply","Warehouse Inbound Team","Authorized supplier stock replenishment"
2026-02-07,RM-026,"Palm Cooking Oil",651.66,L,"Southern Luzon Ingredients Supply","Warehouse Inbound Team","Authorized supplier stock replenishment"
2026-02-13,RM-026,"Palm Cooking Oil",718.89,L,"Southern Luzon Ingredients Supply","Warehouse Inbound Team","Authorized supplier stock replenishment"
2026-02-19,RM-026,"Palm Cooking Oil",554.51,L,"Southern Luzon Ingredients Supply","Warehouse Inbound Team","Authorized supplier stock replenishment"
2026-02-25,RM-026,"Palm Cooking Oil",539.4,L,"Southern Luzon Ingredients Supply","Warehouse Inbound Team","Authorized supplier stock replenishment"
2026-03-03,RM-026,"Palm Cooking Oil",708.57,L,"Southern Luzon Ingredients Supply","Warehouse Inbound Team","Authorized supplier stock replenishment"
2026-03-09,RM-026,"Palm Cooking Oil",670.04,L,"Southern Luzon Ingredients Supply","Warehouse Inbound Team","Authorized supplier stock replenishment"
2026-03-15,RM-026,"Palm Cooking Oil",513.09,L,"Southern Luzon Ingredients Supply","Warehouse Inbound Team","Authorized supplier stock replenishment"
2026-03-21,RM-026,"Palm Cooking Oil",601.38,L,"Southern Luzon Ingredients Supply","Warehouse Inbound Team","Authorized supplier stock replenishment"
2026-03-27,RM-026,"Palm Cooking Oil",730.34,L,"Southern Luzon Ingredients Supply","Warehouse Inbound Team","Authorized supplier stock replenishment"
2026-04-02,RM-026,"Palm Cooking Oil",601.16,L,"Southern Luzon Ingredients Supply","Warehouse Inbound Team","Authorized supplier stock replenishment"
2026-04-08,RM-026,"Palm Cooking Oil",513.16,L,"Southern Luzon Ingredients Supply","Warehouse Inbound Team","Authorized supplier stock replenishment"
2026-04-14,RM-026,"Palm Cooking Oil",670.24,L,"Southern Luzon Ingredients Supply","Warehouse Inbound Team","Authorized supplier stock replenishment"
2026-04-20,RM-026,"Palm Cooking Oil",708.44,L,"Southern Luzon Ingredients Supply","Warehouse Inbound Team","Authorized supplier stock replenishment"
2026-04-26,RM-026,"Palm Cooking Oil",539.24,L,"Southern Luzon Ingredients Supply","Warehouse Inbound Team","Authorized supplier stock replenishment"
2026-05-02,RM-026,"Palm Cooking Oil",432.66,L,"Southern Luzon Ingredients Supply","Warehouse Inbound Team","Authorized supplier stock replenishment"
2026-05-08,RM-026,"Palm Cooking Oil",560.81,L,"Southern Luzon Ingredients Supply","Warehouse Inbound Team","Authorized supplier stock replenishment"
2026-05-14,RM-026,"Palm Cooking Oil",508.13,L,"Southern Luzon Ingredients Supply","Warehouse Inbound Team","Authorized supplier stock replenishment"
2026-05-20,RM-026,"Palm Cooking Oil",396.68,L,"Southern Luzon Ingredients Supply","Warehouse Inbound Team","Authorized supplier stock replenishment"
2026-05-26,RM-026,"Palm Cooking Oil",484.7,L,"Southern Luzon Ingredients Supply","Warehouse Inbound Team","Authorized supplier stock replenishment"
2026-06-01,RM-026,"Palm Cooking Oil",568.24,L,"Southern Luzon Ingredients Supply","Warehouse Inbound Team","Authorized supplier stock replenishment"
2026-06-07,RM-026,"Palm Cooking Oil",453.73,L,"Southern Luzon Ingredients Supply","Warehouse Inbound Team","Authorized supplier stock replenishment"
2026-06-13,RM-026,"Palm Cooking Oil",406.5,L,"Southern Luzon Ingredients Supply","Warehouse Inbound Team","Authorized supplier stock replenishment"
2026-06-19,RM-026,"Palm Cooking Oil",535.98,L,"Southern Luzon Ingredients Supply","Warehouse Inbound Team","Authorized supplier stock replenishment"
2026-06-25,RM-026,"Palm Cooking Oil",542.16,L,"Southern Luzon Ingredients Supply","Warehouse Inbound Team","Authorized supplier stock replenishment"
2026-07-01,RM-026,"Palm Cooking Oil",410.72,L,"Southern Luzon Ingredients Supply","Warehouse Inbound Team","Authorized supplier stock replenishment"
2026-07-07,RM-026,"Palm Cooking Oil",446.21,L,"Southern Luzon Ingredients Supply","Warehouse Inbound Team","Authorized supplier stock replenishment"
2026-07-13,RM-026,"Palm Cooking Oil",566.4,L,"Southern Luzon Ingredients Supply","Warehouse Inbound Team","Authorized supplier stock replenishment"
2026-07-19,RM-026,"Palm Cooking Oil",492.8,L,"Southern Luzon Ingredients Supply","Warehouse Inbound Team","Authorized supplier stock replenishment"
2026-07-25,RM-026,"Palm Cooking Oil",395.95,L,"Southern Luzon Ingredients Supply","Warehouse Inbound Team","Authorized supplier stock replenishment"
2026-07-31,RM-026,"Palm Cooking Oil",500.26,L,"Southern Luzon Ingredients Supply","Warehouse Inbound Team","Authorized supplier stock replenishment"
2026-08-06,RM-026,"Palm Cooking Oil",564.04,L,"Southern Luzon Ingredients Supply","Warehouse Inbound Team","Authorized supplier stock replenishment"
2026-08-12,RM-026,"Palm Cooking Oil",439.51,L,"Southern Luzon Ingredients Supply","Warehouse Inbound Team","Authorized supplier stock replenishment"
2026-08-18,RM-026,"Palm Cooking Oil",415.21,L,"Southern Luzon Ingredients Supply","Warehouse Inbound Team","Authorized supplier stock replenishment"
2026-08-24,RM-026,"Palm Cooking Oil",547.44,L,"Southern Luzon Ingredients Supply","Warehouse Inbound Team","Authorized supplier stock replenishment"
2026-08-30,RM-026,"Palm Cooking Oil",529.81,L,"Southern Luzon Ingredients Supply","Warehouse Inbound Team","Authorized supplier stock replenishment"
2026-01-02,RM-027,"Pure Pork Lard",80.77,L,"Quezon Agricultural Producers Coop","Warehouse Inbound Team","Authorized supplier stock replenishment"
2026-01-07,RM-027,"Pure Pork Lard",99.08,L,"Quezon Agricultural Producers Coop","Warehouse Inbound Team","Authorized supplier stock replenishment"
2026-01-12,RM-027,"Pure Pork Lard",115.7,L,"Quezon Agricultural Producers Coop","Warehouse Inbound Team","Authorized supplier stock replenishment"
2026-01-17,RM-027,"Pure Pork Lard",92.12,L,"Quezon Agricultural Producers Coop","Warehouse Inbound Team","Authorized supplier stock replenishment"
2026-01-22,RM-027,"Pure Pork Lard",82.98,L,"Quezon Agricultural Producers Coop","Warehouse Inbound Team","Authorized supplier stock replenishment"
2026-01-27,RM-027,"Pure Pork Lard",109.45,L,"Quezon Agricultural Producers Coop","Warehouse Inbound Team","Authorized supplier stock replenishment"
2026-02-01,RM-027,"Pure Pork Lard",110.2,L,"Quezon Agricultural Producers Coop","Warehouse Inbound Team","Authorized supplier stock replenishment"
2026-02-06,RM-027,"Pure Pork Lard",83.49,L,"Quezon Agricultural Producers Coop","Warehouse Inbound Team","Authorized supplier stock replenishment"
2026-02-11,RM-027,"Pure Pork Lard",91.21,L,"Quezon Agricultural Producers Coop","Warehouse Inbound Team","Authorized supplier stock replenishment"
2026-02-16,RM-027,"Pure Pork Lard",115.48,L,"Quezon Agricultural Producers Coop","Warehouse Inbound Team","Authorized supplier stock replenishment"
2026-02-21,RM-027,"Pure Pork Lard",100.06,L,"Quezon Agricultural Producers Coop","Warehouse Inbound Team","Authorized supplier stock replenishment"
2026-02-26,RM-027,"Pure Pork Lard",80.68,L,"Quezon Agricultural Producers Coop","Warehouse Inbound Team","Authorized supplier stock replenishment"
2026-03-03,RM-027,"Pure Pork Lard",102.24,L,"Quezon Agricultural Producers Coop","Warehouse Inbound Team","Authorized supplier stock replenishment"
2026-03-08,RM-027,"Pure Pork Lard",114.78,L,"Quezon Agricultural Producers Coop","Warehouse Inbound Team","Authorized supplier stock replenishment"
2026-03-13,RM-027,"Pure Pork Lard",89.24,L,"Quezon Agricultural Producers Coop","Warehouse Inbound Team","Authorized supplier stock replenishment"
2026-03-18,RM-027,"Pure Pork Lard",84.8,L,"Quezon Agricultural Producers Coop","Warehouse Inbound Team","Authorized supplier stock replenishment"
2026-03-23,RM-027,"Pure Pork Lard",111.75,L,"Quezon Agricultural Producers Coop","Warehouse Inbound Team","Authorized supplier stock replenishment"
2026-03-28,RM-027,"Pure Pork Lard",107.65,L,"Quezon Agricultural Producers Coop","Warehouse Inbound Team","Authorized supplier stock replenishment"
2026-04-02,RM-027,"Pure Pork Lard",82,L,"Quezon Agricultural Producers Coop","Warehouse Inbound Team","Authorized supplier stock replenishment"
2026-04-07,RM-027,"Pure Pork Lard",94.23,L,"Quezon Agricultural Producers Coop","Warehouse Inbound Team","Authorized supplier stock replenishment"
2026-04-12,RM-027,"Pure Pork Lard",116,L,"Quezon Agricultural Producers Coop","Warehouse Inbound Team","Authorized supplier stock replenishment"
2026-04-17,RM-027,"Pure Pork Lard",96.87,L,"Quezon Agricultural Producers Coop","Warehouse Inbound Team","Authorized supplier stock replenishment"
2026-04-22,RM-027,"Pure Pork Lard",81.17,L,"Quezon Agricultural Producers Coop","Warehouse Inbound Team","Authorized supplier stock replenishment"
2026-04-27,RM-027,"Pure Pork Lard",105.28,L,"Quezon Agricultural Producers Coop","Warehouse Inbound Team","Authorized supplier stock replenishment"
2026-05-02,RM-027,"Pure Pork Lard",113.33,L,"Quezon Agricultural Producers Coop","Warehouse Inbound Team","Authorized supplier stock replenishment"
2026-05-07,RM-027,"Pure Pork Lard",86.67,L,"Quezon Agricultural Producers Coop","Warehouse Inbound Team","Authorized supplier stock replenishment"
2026-05-12,RM-027,"Pure Pork Lard",87.07,L,"Quezon Agricultural Producers Coop","Warehouse Inbound Team","Authorized supplier stock replenishment"
2026-05-17,RM-027,"Pure Pork Lard",113.61,L,"Quezon Agricultural Producers Coop","Warehouse Inbound Team","Authorized supplier stock replenishment"
2026-05-22,RM-027,"Pure Pork Lard",104.79,L,"Quezon Agricultural Producers Coop","Warehouse Inbound Team","Authorized supplier stock replenishment"
2026-05-27,RM-027,"Pure Pork Lard",81.05,L,"Quezon Agricultural Producers Coop","Warehouse Inbound Team","Authorized supplier stock replenishment"
2026-06-01,RM-027,"Pure Pork Lard",97.39,L,"Quezon Agricultural Producers Coop","Warehouse Inbound Team","Authorized supplier stock replenishment"
2026-06-06,RM-027,"Pure Pork Lard",115.95,L,"Quezon Agricultural Producers Coop","Warehouse Inbound Team","Authorized supplier stock replenishment"
2026-06-11,RM-027,"Pure Pork Lard",93.72,L,"Quezon Agricultural Producers Coop","Warehouse Inbound Team","Authorized supplier stock replenishment"
2026-06-16,RM-027,"Pure Pork Lard",82.21,L,"Quezon Agricultural Producers Coop","Warehouse Inbound Team","Authorized supplier stock replenishment"
2026-06-21,RM-027,"Pure Pork Lard",108.09,L,"Quezon Agricultural Producers Coop","Warehouse Inbound Team","Authorized supplier stock replenishment"
2026-06-26,RM-027,"Pure Pork Lard",111.4,L,"Quezon Agricultural Producers Coop","Warehouse Inbound Team","Authorized supplier stock replenishment"
2026-07-01,RM-027,"Pure Pork Lard",84.47,L,"Quezon Agricultural Producers Coop","Warehouse Inbound Team","Authorized supplier stock replenishment"
2026-07-06,RM-027,"Pure Pork Lard",89.7,L,"Quezon Agricultural Producers Coop","Warehouse Inbound Team","Authorized supplier stock replenishment"
2026-07-11,RM-027,"Pure Pork Lard",114.97,L,"Quezon Agricultural Producers Coop","Warehouse Inbound Team","Authorized supplier stock replenishment"
2026-07-16,RM-027,"Pure Pork Lard",101.73,L,"Quezon Agricultural Producers Coop","Warehouse Inbound Team","Authorized supplier stock replenishment"
2026-07-21,RM-027,"Pure Pork Lard",80.66,L,"Quezon Agricultural Producers Coop","Warehouse Inbound Team","Authorized supplier stock replenishment"
2026-07-26,RM-027,"Pure Pork Lard",100.58,L,"Quezon Agricultural Producers Coop","Warehouse Inbound Team","Authorized supplier stock replenishment"
2026-07-31,RM-027,"Pure Pork Lard",115.33,L,"Quezon Agricultural Producers Coop","Warehouse Inbound Team","Authorized supplier stock replenishment"
2026-08-05,RM-027,"Pure Pork Lard",90.73,L,"Quezon Agricultural Producers Coop","Warehouse Inbound Team","Authorized supplier stock replenishment"
2026-08-10,RM-027,"Pure Pork Lard",83.78,L,"Quezon Agricultural Producers Coop","Warehouse Inbound Team","Authorized supplier stock replenishment"
2026-08-15,RM-027,"Pure Pork Lard",110.58,L,"Quezon Agricultural Producers Coop","Warehouse Inbound Team","Authorized supplier stock replenishment"
2026-08-20,RM-027,"Pure Pork Lard",109.04,L,"Quezon Agricultural Producers Coop","Warehouse Inbound Team","Authorized supplier stock replenishment"
2026-08-25,RM-027,"Pure Pork Lard",82.72,L,"Quezon Agricultural Producers Coop","Warehouse Inbound Team","Authorized supplier stock replenishment"
2026-08-30,RM-027,"Pure Pork Lard",92.61,L,"Quezon Agricultural Producers Coop","Warehouse Inbound Team","Authorized supplier stock replenishment"
2026-01-03,RM-028,"Refined Peanut Oil",70.62,L,"Southern Luzon Ingredients Supply","Warehouse Inbound Team","Authorized supplier stock replenishment"
2026-01-08,RM-028,"Refined Peanut Oil",75.68,L,"Southern Luzon Ingredients Supply","Warehouse Inbound Team","Authorized supplier stock replenishment"
2026-01-13,RM-028,"Refined Peanut Oil",57.79,L,"Southern Luzon Ingredients Supply","Warehouse Inbound Team","Authorized supplier stock replenishment"
2026-01-18,RM-028,"Refined Peanut Oil",58.41,L,"Southern Luzon Ingredients Supply","Warehouse Inbound Team","Authorized supplier stock replenishment"
2026-01-23,RM-028,"Refined Peanut Oil",76.09,L,"Southern Luzon Ingredients Supply","Warehouse Inbound Team","Authorized supplier stock replenishment"
2026-01-28,RM-028,"Refined Peanut Oil",69.87,L,"Southern Luzon Ingredients Supply","Warehouse Inbound Team","Authorized supplier stock replenishment"
2026-02-02,RM-028,"Refined Peanut Oil",54.16,L,"Southern Luzon Ingredients Supply","Warehouse Inbound Team","Authorized supplier stock replenishment"
2026-02-07,RM-028,"Refined Peanut Oil",65.36,L,"Southern Luzon Ingredients Supply","Warehouse Inbound Team","Authorized supplier stock replenishment"
2026-02-12,RM-028,"Refined Peanut Oil",77.52,L,"Southern Luzon Ingredients Supply","Warehouse Inbound Team","Authorized supplier stock replenishment"
2026-02-17,RM-028,"Refined Peanut Oil",62.47,L,"Southern Luzon Ingredients Supply","Warehouse Inbound Team","Authorized supplier stock replenishment"
2026-02-22,RM-028,"Refined Peanut Oil",55.08,L,"Southern Luzon Ingredients Supply","Warehouse Inbound Team","Authorized supplier stock replenishment"
2026-02-27,RM-028,"Refined Peanut Oil",72.48,L,"Southern Luzon Ingredients Supply","Warehouse Inbound Team","Authorized supplier stock replenishment"
2026-03-04,RM-028,"Refined Peanut Oil",74.35,L,"Southern Luzon Ingredients Supply","Warehouse Inbound Team","Authorized supplier stock replenishment"
2026-03-09,RM-028,"Refined Peanut Oil",56.35,L,"Southern Luzon Ingredients Supply","Warehouse Inbound Team","Authorized supplier stock replenishment"
2026-03-14,RM-028,"Refined Peanut Oil",60.19,L,"Southern Luzon Ingredients Supply","Warehouse Inbound Team","Authorized supplier stock replenishment"
2026-03-19,RM-028,"Refined Peanut Oil",76.97,L,"Southern Luzon Ingredients Supply","Warehouse Inbound Team","Authorized supplier stock replenishment"
2026-03-24,RM-028,"Refined Peanut Oil",67.81,L,"Southern Luzon Ingredients Supply","Warehouse Inbound Team","Authorized supplier stock replenishment"
2026-03-29,RM-028,"Refined Peanut Oil",53.94,L,"Southern Luzon Ingredients Supply","Warehouse Inbound Team","Authorized supplier stock replenishment"
2026-04-03,RM-028,"Refined Peanut Oil",67.49,L,"Southern Luzon Ingredients Supply","Warehouse Inbound Team","Authorized supplier stock replenishment"
2026-04-08,RM-028,"Refined Peanut Oil",77.07,L,"Southern Luzon Ingredients Supply","Warehouse Inbound Team","Authorized supplier stock replenishment"
2026-04-13,RM-028,"Refined Peanut Oil",60.48,L,"Southern Luzon Ingredients Supply","Warehouse Inbound Team","Authorized supplier stock replenishment"
2026-04-18,RM-028,"Refined Peanut Oil",56.16,L,"Southern Luzon Ingredients Supply","Warehouse Inbound Team","Authorized supplier stock replenishment"
2026-04-23,RM-028,"Refined Peanut Oil",74.12,L,"Southern Luzon Ingredients Supply","Warehouse Inbound Team","Authorized supplier stock replenishment"
2026-04-28,RM-028,"Refined Peanut Oil",72.75,L,"Southern Luzon Ingredients Supply","Warehouse Inbound Team","Authorized supplier stock replenishment"
2026-05-03,RM-028,"Refined Peanut Oil",55.22,L,"Southern Luzon Ingredients Supply","Warehouse Inbound Team","Authorized supplier stock replenishment"
2026-05-08,RM-028,"Refined Peanut Oil",62.15,L,"Southern Luzon Ingredients Supply","Warehouse Inbound Team","Authorized supplier stock replenishment"
2026-05-13,RM-028,"Refined Peanut Oil",77.48,L,"Southern Luzon Ingredients Supply","Warehouse Inbound Team","Authorized supplier stock replenishment"
2026-05-18,RM-028,"Refined Peanut Oil",65.69,L,"Southern Luzon Ingredients Supply","Warehouse Inbound Team","Authorized supplier stock replenishment"
2026-05-23,RM-028,"Refined Peanut Oil",54.1,L,"Southern Luzon Ingredients Supply","Warehouse Inbound Team","Authorized supplier stock replenishment"
2026-05-28,RM-028,"Refined Peanut Oil",69.57,L,"Southern Luzon Ingredients Supply","Warehouse Inbound Team","Authorized supplier stock replenishment"
2026-06-02,RM-028,"Refined Peanut Oil",76.25,L,"Southern Luzon Ingredients Supply","Warehouse Inbound Team","Authorized supplier stock replenishment"
2026-06-07,RM-028,"Refined Peanut Oil",58.66,L,"Southern Luzon Ingredients Supply","Warehouse Inbound Team","Authorized supplier stock replenishment"
2026-06-12,RM-028,"Refined Peanut Oil",57.56,L,"Southern Luzon Ingredients Supply","Warehouse Inbound Team","Authorized supplier stock replenishment"
2026-06-17,RM-028,"Refined Peanut Oil",75.49,L,"Southern Luzon Ingredients Supply","Warehouse Inbound Team","Authorized supplier stock replenishment"
2026-06-22,RM-028,"Refined Peanut Oil",70.91,L,"Southern Luzon Ingredients Supply","Warehouse Inbound Team","Authorized supplier stock replenishment"
2026-06-27,RM-028,"Refined Peanut Oil",54.43,L,"Southern Luzon Ingredients Supply","Warehouse Inbound Team","Authorized supplier stock replenishment"
2026-07-02,RM-028,"Refined Peanut Oil",64.23,L,"Southern Luzon Ingredients Supply","Warehouse Inbound Team","Authorized supplier stock replenishment"
2026-07-07,RM-028,"Refined Peanut Oil",77.61,L,"Southern Luzon Ingredients Supply","Warehouse Inbound Team","Authorized supplier stock replenishment"
2026-07-12,RM-028,"Refined Peanut Oil",63.56,L,"Southern Luzon Ingredients Supply","Warehouse Inbound Team","Authorized supplier stock replenishment"
2026-07-17,RM-028,"Refined Peanut Oil",54.64,L,"Southern Luzon Ingredients Supply","Warehouse Inbound Team","Authorized supplier stock replenishment"
2026-07-22,RM-028,"Refined Peanut Oil",71.52,L,"Southern Luzon Ingredients Supply","Warehouse Inbound Team","Authorized supplier stock replenishment"
2026-07-27,RM-028,"Refined Peanut Oil",75.09,L,"Southern Luzon Ingredients Supply","Warehouse Inbound Team","Authorized supplier stock replenishment"
2026-08-01,RM-028,"Refined Peanut Oil",57.08,L,"Southern Luzon Ingredients Supply","Warehouse Inbound Team","Authorized supplier stock replenishment"
2026-08-06,RM-028,"Refined Peanut Oil",59.22,L,"Southern Luzon Ingredients Supply","Warehouse Inbound Team","Authorized supplier stock replenishment"
2026-08-11,RM-028,"Refined Peanut Oil",76.55,L,"Southern Luzon Ingredients Supply","Warehouse Inbound Team","Authorized supplier stock replenishment"
2026-08-16,RM-028,"Refined Peanut Oil",68.92,L,"Southern Luzon Ingredients Supply","Warehouse Inbound Team","Authorized supplier stock replenishment"
2026-08-21,RM-028,"Refined Peanut Oil",54.01,L,"Southern Luzon Ingredients Supply","Warehouse Inbound Team","Authorized supplier stock replenishment"
2026-08-26,RM-028,"Refined Peanut Oil",66.37,L,"Southern Luzon Ingredients Supply","Warehouse Inbound Team","Authorized supplier stock replenishment"
2026-08-31,RM-028,"Refined Peanut Oil",77.36,L,"Southern Luzon Ingredients Supply","Warehouse Inbound Team","Authorized supplier stock replenishment"
2026-01-04,RM-029,"Fresh Carrots",84.25,kg,"Quezon Agricultural Producers Coop","Warehouse Inbound Team","Authorized supplier stock replenishment"
2026-01-09,RM-029,"Fresh Carrots",64,kg,"Quezon Agricultural Producers Coop","Warehouse Inbound Team","Authorized supplier stock replenishment"
2026-01-14,RM-029,"Fresh Carrots",72.42,kg,"Quezon Agricultural Producers Coop","Warehouse Inbound Team","Authorized supplier stock replenishment"
2026-01-19,RM-029,"Fresh Carrots",90,kg,"Quezon Agricultural Producers Coop","Warehouse Inbound Team","Authorized supplier stock replenishment"
2026-01-24,RM-029,"Fresh Carrots",76.01,kg,"Quezon Agricultural Producers Coop","Warehouse Inbound Team","Authorized supplier stock replenishment"
2026-01-29,RM-029,"Fresh Carrots",62.86,kg,"Quezon Agricultural Producers Coop","Warehouse Inbound Team","Authorized supplier stock replenishment"
2026-02-03,RM-029,"Fresh Carrots",81.02,kg,"Quezon Agricultural Producers Coop","Warehouse Inbound Team","Authorized supplier stock replenishment"
2026-02-08,RM-029,"Fresh Carrots",88.41,kg,"Quezon Agricultural Producers Coop","Warehouse Inbound Team","Authorized supplier stock replenishment"
2026-02-13,RM-029,"Fresh Carrots",67.91,kg,"Quezon Agricultural Producers Coop","Warehouse Inbound Team","Authorized supplier stock replenishment"
2026-02-18,RM-029,"Fresh Carrots",67.02,kg,"Quezon Agricultural Producers Coop","Warehouse Inbound Team","Authorized supplier stock replenishment"
2026-02-23,RM-029,"Fresh Carrots",87.8,kg,"Quezon Agricultural Producers Coop","Warehouse Inbound Team","Authorized supplier stock replenishment"
2026-02-28,RM-029,"Fresh Carrots",82.1,kg,"Quezon Agricultural Producers Coop","Warehouse Inbound Team","Authorized supplier stock replenishment"
2026-03-05,RM-029,"Fresh Carrots",63.13,kg,"Quezon Agricultural Producers Coop","Warehouse Inbound Team","Authorized supplier stock replenishment"
2026-03-10,RM-029,"Fresh Carrots",74.84,kg,"Quezon Agricultural Producers Coop","Warehouse Inbound Team","Authorized supplier stock replenishment"
2026-03-15,RM-029,"Fresh Carrots",90.1,kg,"Quezon Agricultural Producers Coop","Warehouse Inbound Team","Authorized supplier stock replenishment"
2026-03-20,RM-029,"Fresh Carrots",73.55,kg,"Quezon Agricultural Producers Coop","Warehouse Inbound Team","Authorized supplier stock replenishment"
2026-03-25,RM-029,"Fresh Carrots",63.54,kg,"Quezon Agricultural Producers Coop","Warehouse Inbound Team","Authorized supplier stock replenishment"
2026-03-30,RM-029,"Fresh Carrots",83.27,kg,"Quezon Agricultural Producers Coop","Warehouse Inbound Team","Authorized supplier stock replenishment"
2026-04-04,RM-029,"Fresh Carrots",87.02,kg,"Quezon Agricultural Producers Coop","Warehouse Inbound Team","Authorized supplier stock replenishment"
2026-04-09,RM-029,"Fresh Carrots",66.1,kg,"Quezon Agricultural Producers Coop","Warehouse Inbound Team","Authorized supplier stock replenishment"
2026-04-14,RM-029,"Fresh Carrots",68.98,kg,"Quezon Agricultural Producers Coop","Warehouse Inbound Team","Authorized supplier stock replenishment"
2026-04-19,RM-029,"Fresh Carrots",88.99,kg,"Quezon Agricultural Producers Coop","Warehouse Inbound Team","Authorized supplier stock replenishment"
2026-04-24,RM-029,"Fresh Carrots",79.77,kg,"Quezon Agricultural Producers Coop","Warehouse Inbound Team","Authorized supplier stock replenishment"
2026-04-29,RM-029,"Fresh Carrots",62.68,kg,"Quezon Agricultural Producers Coop","Warehouse Inbound Team","Authorized supplier stock replenishment"
2026-05-04,RM-029,"Fresh Carrots",77.32,kg,"Quezon Agricultural Producers Coop","Warehouse Inbound Team","Authorized supplier stock replenishment"
2026-05-09,RM-029,"Fresh Carrots",89.76,kg,"Quezon Agricultural Producers Coop","Warehouse Inbound Team","Authorized supplier stock replenishment"
2026-05-14,RM-029,"Fresh Carrots",71.18,kg,"Quezon Agricultural Producers Coop","Warehouse Inbound Team","Authorized supplier stock replenishment"
2026-05-19,RM-029,"Fresh Carrots",64.63,kg,"Quezon Agricultural Producers Coop","Warehouse Inbound Team","Authorized supplier stock replenishment"
2026-05-24,RM-029,"Fresh Carrots",85.29,kg,"Quezon Agricultural Producers Coop","Warehouse Inbound Team","Authorized supplier stock replenishment"
2026-05-29,RM-029,"Fresh Carrots",85.29,kg,"Quezon Agricultural Producers Coop","Warehouse Inbound Team","Authorized supplier stock replenishment"
2026-06-03,RM-029,"Fresh Carrots",64.63,kg,"Quezon Agricultural Producers Coop","Warehouse Inbound Team","Authorized supplier stock replenishment"
2026-06-08,RM-029,"Fresh Carrots",71.18,kg,"Quezon Agricultural Producers Coop","Warehouse Inbound Team","Authorized supplier stock replenishment"
2026-06-13,RM-029,"Fresh Carrots",89.76,kg,"Quezon Agricultural Producers Coop","Warehouse Inbound Team","Authorized supplier stock replenishment"
2026-06-18,RM-029,"Fresh Carrots",77.32,kg,"Quezon Agricultural Producers Coop","Warehouse Inbound Team","Authorized supplier stock replenishment"
2026-06-23,RM-029,"Fresh Carrots",62.68,kg,"Quezon Agricultural Producers Coop","Warehouse Inbound Team","Authorized supplier stock replenishment"
2026-06-28,RM-029,"Fresh Carrots",79.77,kg,"Quezon Agricultural Producers Coop","Warehouse Inbound Team","Authorized supplier stock replenishment"
2026-07-03,RM-029,"Fresh Carrots",88.99,kg,"Quezon Agricultural Producers Coop","Warehouse Inbound Team","Authorized supplier stock replenishment"
2026-07-08,RM-029,"Fresh Carrots",68.98,kg,"Quezon Agricultural Producers Coop","Warehouse Inbound Team","Authorized supplier stock replenishment"
2026-07-13,RM-029,"Fresh Carrots",66.1,kg,"Quezon Agricultural Producers Coop","Warehouse Inbound Team","Authorized supplier stock replenishment"
2026-07-18,RM-029,"Fresh Carrots",87.02,kg,"Quezon Agricultural Producers Coop","Warehouse Inbound Team","Authorized supplier stock replenishment"
2026-07-23,RM-029,"Fresh Carrots",83.27,kg,"Quezon Agricultural Producers Coop","Warehouse Inbound Team","Authorized supplier stock replenishment"
2026-07-28,RM-029,"Fresh Carrots",63.54,kg,"Quezon Agricultural Producers Coop","Warehouse Inbound Team","Authorized supplier stock replenishment"
2026-08-02,RM-029,"Fresh Carrots",73.55,kg,"Quezon Agricultural Producers Coop","Warehouse Inbound Team","Authorized supplier stock replenishment"
2026-08-07,RM-029,"Fresh Carrots",90.1,kg,"Quezon Agricultural Producers Coop","Warehouse Inbound Team","Authorized supplier stock replenishment"
2026-08-12,RM-029,"Fresh Carrots",74.84,kg,"Quezon Agricultural Producers Coop","Warehouse Inbound Team","Authorized supplier stock replenishment"
2026-08-17,RM-029,"Fresh Carrots",63.13,kg,"Quezon Agricultural Producers Coop","Warehouse Inbound Team","Authorized supplier stock replenishment"
2026-08-22,RM-029,"Fresh Carrots",82.1,kg,"Quezon Agricultural Producers Coop","Warehouse Inbound Team","Authorized supplier stock replenishment"
2026-08-27,RM-029,"Fresh Carrots",87.8,kg,"Quezon Agricultural Producers Coop","Warehouse Inbound Team","Authorized supplier stock replenishment"
2026-09-01,RM-029,"Fresh Carrots",67.02,kg,"Quezon Agricultural Producers Coop","Warehouse Inbound Team","Authorized supplier stock replenishment"
2026-01-06,RM-030,"Fresh Cassava Tubers",246.86,kg,"Southern Luzon Ingredients Supply","Warehouse Inbound Team","Authorized supplier stock replenishment"
2026-01-12,RM-030,"Fresh Cassava Tubers",305.65,kg,"Southern Luzon Ingredients Supply","Warehouse Inbound Team","Authorized supplier stock replenishment"
2026-01-18,RM-030,"Fresh Cassava Tubers",353.39,kg,"Southern Luzon Ingredients Supply","Warehouse Inbound Team","Authorized supplier stock replenishment"
2026-01-24,RM-030,"Fresh Cassava Tubers",279.47,kg,"Southern Luzon Ingredients Supply","Warehouse Inbound Team","Authorized supplier stock replenishment"
2026-01-30,RM-030,"Fresh Cassava Tubers",255.16,kg,"Southern Luzon Ingredients Supply","Warehouse Inbound Team","Authorized supplier stock replenishment"
2026-02-05,RM-030,"Fresh Cassava Tubers",336.8,kg,"Southern Luzon Ingredients Supply","Warehouse Inbound Team","Authorized supplier stock replenishment"
2026-02-11,RM-030,"Fresh Cassava Tubers",335.22,kg,"Southern Luzon Ingredients Supply","Warehouse Inbound Team","Authorized supplier stock replenishment"
2026-02-17,RM-030,"Fresh Cassava Tubers",254.08,kg,"Southern Luzon Ingredients Supply","Warehouse Inbound Team","Authorized supplier stock replenishment"
2026-02-23,RM-030,"Fresh Cassava Tubers",281.39,kg,"Southern Luzon Ingredients Supply","Warehouse Inbound Team","Authorized supplier stock replenishment"
2026-03-01,RM-030,"Fresh Cassava Tubers",353.86,kg,"Southern Luzon Ingredients Supply","Warehouse Inbound Team","Authorized supplier stock replenishment"
2026-03-07,RM-030,"Fresh Cassava Tubers",303.58,kg,"Southern Luzon Ingredients Supply","Warehouse Inbound Team","Authorized supplier stock replenishment"
2026-03-13,RM-030,"Fresh Cassava Tubers",247.05,kg,"Southern Luzon Ingredients Supply","Warehouse Inbound Team","Authorized supplier stock replenishment"
2026-03-19,RM-030,"Fresh Cassava Tubers",315.26,kg,"Southern Luzon Ingredients Supply","Warehouse Inbound Team","Authorized supplier stock replenishment"
2026-03-25,RM-030,"Fresh Cassava Tubers",350.16,kg,"Southern Luzon Ingredients Supply","Warehouse Inbound Team","Authorized supplier stock replenishment"
2026-03-31,RM-030,"Fresh Cassava Tubers",270.89,kg,"Southern Luzon Ingredients Supply","Warehouse Inbound Team","Authorized supplier stock replenishment"
2026-04-06,RM-030,"Fresh Cassava Tubers",261.12,kg,"Southern Luzon Ingredients Supply","Warehouse Inbound Team","Authorized supplier stock replenishment"
2026-04-12,RM-030,"Fresh Cassava Tubers",343.49,kg,"Southern Luzon Ingredients Supply","Warehouse Inbound Team","Authorized supplier stock replenishment"
2026-04-18,RM-030,"Fresh Cassava Tubers",327.14,kg,"Southern Luzon Ingredients Supply","Warehouse Inbound Team","Authorized supplier stock replenishment"
2026-04-24,RM-030,"Fresh Cassava Tubers",249.95,kg,"Southern Luzon Ingredients Supply","Warehouse Inbound Team","Authorized supplier stock replenishment"
2026-04-30,RM-030,"Fresh Cassava Tubers",290.77,kg,"Southern Luzon Ingredients Supply","Warehouse Inbound Team","Authorized supplier stock replenishment"
2026-05-06,RM-030,"Fresh Cassava Tubers",276.92,kg,"Southern Luzon Ingredients Supply","Warehouse Inbound Team","Authorized supplier stock replenishment"
2026-05-12,RM-030,"Fresh Cassava Tubers",229.19,kg,"Southern Luzon Ingredients Supply","Warehouse Inbound Team","Authorized supplier stock replenishment"
2026-05-18,RM-030,"Fresh Cassava Tubers",194.21,kg,"Southern Luzon Ingredients Supply","Warehouse Inbound Team","Authorized supplier stock replenishment"
2026-05-24,RM-030,"Fresh Cassava Tubers",253.03,kg,"Southern Luzon Ingredients Supply","Warehouse Inbound Team","Authorized supplier stock replenishment"
2026-05-30,RM-030,"Fresh Cassava Tubers",269.36,kg,"Southern Luzon Ingredients Supply","Warehouse Inbound Team","Authorized supplier stock replenishment"
2026-06-05,RM-030,"Fresh Cassava Tubers",205.36,kg,"Southern Luzon Ingredients Supply","Warehouse Inbound Team","Authorized supplier stock replenishment"
2026-06-11,RM-030,"Fresh Cassava Tubers",209.32,kg,"Southern Luzon Ingredients Supply","Warehouse Inbound Team","Authorized supplier stock replenishment"
2026-06-17,RM-030,"Fresh Cassava Tubers",272.06,kg,"Southern Luzon Ingredients Supply","Warehouse Inbound Team","Authorized supplier stock replenishment"
2026-06-23,RM-030,"Fresh Cassava Tubers",248.21,kg,"Southern Luzon Ingredients Supply","Warehouse Inbound Team","Authorized supplier stock replenishment"
2026-06-29,RM-030,"Fresh Cassava Tubers",193.03,kg,"Southern Luzon Ingredients Supply","Warehouse Inbound Team","Authorized supplier stock replenishment"
2026-07-05,RM-030,"Fresh Cassava Tubers",234.38,kg,"Southern Luzon Ingredients Supply","Warehouse Inbound Team","Authorized supplier stock replenishment"
2026-07-11,RM-030,"Fresh Cassava Tubers",276.45,kg,"Southern Luzon Ingredients Supply","Warehouse Inbound Team","Authorized supplier stock replenishment"
2026-07-17,RM-030,"Fresh Cassava Tubers",221.76,kg,"Southern Luzon Ingredients Supply","Warehouse Inbound Team","Authorized supplier stock replenishment"
2026-07-23,RM-030,"Fresh Cassava Tubers",197.03,kg,"Southern Luzon Ingredients Supply","Warehouse Inbound Team","Authorized supplier stock replenishment"
2026-07-29,RM-030,"Fresh Cassava Tubers",259.56,kg,"Southern Luzon Ingredients Supply","Warehouse Inbound Team","Authorized supplier stock replenishment"
2026-08-04,RM-030,"Fresh Cassava Tubers",264.46,kg,"Southern Luzon Ingredients Supply","Warehouse Inbound Team","Authorized supplier stock replenishment"
2026-08-10,RM-030,"Fresh Cassava Tubers",200.38,kg,"Southern Luzon Ingredients Supply","Warehouse Inbound Team","Authorized supplier stock replenishment"
2026-08-16,RM-030,"Fresh Cassava Tubers",215.79,kg,"Southern Luzon Ingredients Supply","Warehouse Inbound Team","Authorized supplier stock replenishment"
2026-08-22,RM-030,"Fresh Cassava Tubers",274.99,kg,"Southern Luzon Ingredients Supply","Warehouse Inbound Team","Authorized supplier stock replenishment"
2026-08-28,RM-030,"Fresh Cassava Tubers",240.81,kg,"Southern Luzon Ingredients Supply","Warehouse Inbound Team","Authorized supplier stock replenishment"
2026-01-03,RM-031,"Fresh Garlic",215.75,kg,"Quezon Agricultural Producers Coop","Warehouse Inbound Team","Authorized supplier stock replenishment"
2026-01-10,RM-031,"Fresh Garlic",228.62,kg,"Quezon Agricultural Producers Coop","Warehouse Inbound Team","Authorized supplier stock replenishment"
2026-01-17,RM-031,"Fresh Garlic",174.12,kg,"Quezon Agricultural Producers Coop","Warehouse Inbound Team","Authorized supplier stock replenishment"
2026-01-24,RM-031,"Fresh Garlic",178.53,kg,"Quezon Agricultural Producers Coop","Warehouse Inbound Team","Authorized supplier stock replenishment"
2026-01-31,RM-031,"Fresh Garlic",231.64,kg,"Quezon Agricultural Producers Coop","Warehouse Inbound Team","Authorized supplier stock replenishment"
2026-02-07,RM-031,"Fresh Garlic",210.39,kg,"Quezon Agricultural Producers Coop","Warehouse Inbound Team","Authorized supplier stock replenishment"
2026-02-14,RM-031,"Fresh Garlic",164.02,kg,"Quezon Agricultural Producers Coop","Warehouse Inbound Team","Authorized supplier stock replenishment"
2026-02-21,RM-031,"Fresh Garlic",199.97,kg,"Quezon Agricultural Producers Coop","Warehouse Inbound Team","Authorized supplier stock replenishment"
2026-02-28,RM-031,"Fresh Garlic",234.94,kg,"Quezon Agricultural Producers Coop","Warehouse Inbound Team","Authorized supplier stock replenishment"
2026-03-07,RM-031,"Fresh Garlic",187.9,kg,"Quezon Agricultural Producers Coop","Warehouse Inbound Team","Authorized supplier stock replenishment"
2026-03-14,RM-031,"Fresh Garlic",167.84,kg,"Quezon Agricultural Producers Coop","Warehouse Inbound Team","Authorized supplier stock replenishment"
2026-03-21,RM-031,"Fresh Garlic",221.24,kg,"Quezon Agricultural Producers Coop","Warehouse Inbound Team","Authorized supplier stock replenishment"
2026-03-28,RM-031,"Fresh Garlic",224.37,kg,"Quezon Agricultural Producers Coop","Warehouse Inbound Team","Authorized supplier stock replenishment"
2026-04-04,RM-031,"Fresh Garlic",169.98,kg,"Quezon Agricultural Producers Coop","Warehouse Inbound Team","Authorized supplier stock replenishment"
2026-04-11,RM-031,"Fresh Garlic",184.1,kg,"Quezon Agricultural Producers Coop","Warehouse Inbound Team","Authorized supplier stock replenishment"
2026-04-18,RM-031,"Fresh Garlic",234.01,kg,"Quezon Agricultural Producers Coop","Warehouse Inbound Team","Authorized supplier stock replenishment"
2026-04-25,RM-031,"Fresh Garlic",204.07,kg,"Quezon Agricultural Producers Coop","Warehouse Inbound Team","Authorized supplier stock replenishment"
2026-05-02,RM-031,"Fresh Garlic",163.65,kg,"Quezon Agricultural Producers Coop","Warehouse Inbound Team","Authorized supplier stock replenishment"
2026-05-09,RM-031,"Fresh Garlic",206.41,kg,"Quezon Agricultural Producers Coop","Warehouse Inbound Team","Authorized supplier stock replenishment"
2026-05-16,RM-031,"Fresh Garlic",233.27,kg,"Quezon Agricultural Producers Coop","Warehouse Inbound Team","Authorized supplier stock replenishment"
2026-05-23,RM-031,"Fresh Garlic",181.99,kg,"Quezon Agricultural Producers Coop","Warehouse Inbound Team","Authorized supplier stock replenishment"
2026-05-30,RM-031,"Fresh Garlic",171.39,kg,"Quezon Agricultural Producers Coop","Warehouse Inbound Team","Authorized supplier stock replenishment"
2026-06-06,RM-031,"Fresh Garlic",226.03,kg,"Quezon Agricultural Producers Coop","Warehouse Inbound Team","Authorized supplier stock replenishment"
2026-06-13,RM-031,"Fresh Garlic",32.9,kg,"Quezon Agricultural Producers Coop","Warehouse Inbound Team","Authorized supplier stock replenishment"
2026-06-20,RM-031,"Fresh Garlic",25.02,kg,"Quezon Agricultural Producers Coop","Warehouse Inbound Team","Authorized supplier stock replenishment"
2026-06-27,RM-031,"Fresh Garlic",28.53,kg,"Quezon Agricultural Producers Coop","Warehouse Inbound Team","Authorized supplier stock replenishment"
2026-07-04,RM-031,"Fresh Garlic",35.29,kg,"Quezon Agricultural Producers Coop","Warehouse Inbound Team","Authorized supplier stock replenishment"
2026-07-11,RM-031,"Fresh Garlic",29.64,kg,"Quezon Agricultural Producers Coop","Warehouse Inbound Team","Authorized supplier stock replenishment"
2026-07-18,RM-031,"Fresh Garlic",24.67,kg,"Quezon Agricultural Producers Coop","Warehouse Inbound Team","Authorized supplier stock replenishment"
2026-07-25,RM-031,"Fresh Garlic",31.89,kg,"Quezon Agricultural Producers Coop","Warehouse Inbound Team","Authorized supplier stock replenishment"
2026-08-01,RM-031,"Fresh Garlic",34.58,kg,"Quezon Agricultural Producers Coop","Warehouse Inbound Team","Authorized supplier stock replenishment"
2026-08-08,RM-031,"Fresh Garlic",26.5,kg,"Quezon Agricultural Producers Coop","Warehouse Inbound Team","Authorized supplier stock replenishment"
2026-08-15,RM-031,"Fresh Garlic",26.38,kg,"Quezon Agricultural Producers Coop","Warehouse Inbound Team","Authorized supplier stock replenishment"
2026-08-22,RM-031,"Fresh Garlic",34.49,kg,"Quezon Agricultural Producers Coop","Warehouse Inbound Team","Authorized supplier stock replenishment"
2026-08-29,RM-031,"Fresh Garlic",32.04,kg,"Quezon Agricultural Producers Coop","Warehouse Inbound Team","Authorized supplier stock replenishment"
2026-01-02,RM-032,"Fresh Ginger",53.87,kg,"Southern Luzon Ingredients Supply","Warehouse Inbound Team","Authorized supplier stock replenishment"
2026-01-07,RM-032,"Fresh Ginger",41.01,kg,"Southern Luzon Ingredients Supply","Warehouse Inbound Team","Authorized supplier stock replenishment"
2026-01-12,RM-032,"Fresh Ginger",47,kg,"Southern Luzon Ingredients Supply","Warehouse Inbound Team","Authorized supplier stock replenishment"
2026-01-17,RM-032,"Fresh Ginger",57.96,kg,"Southern Luzon Ingredients Supply","Warehouse Inbound Team","Authorized supplier stock replenishment"
2026-01-22,RM-032,"Fresh Ginger",48.49,kg,"Southern Luzon Ingredients Supply","Warehouse Inbound Team","Authorized supplier stock replenishment"
2026-01-27,RM-032,"Fresh Ginger",40.53,kg,"Southern Luzon Ingredients Supply","Warehouse Inbound Team","Authorized supplier stock replenishment"
2026-02-01,RM-032,"Fresh Ginger",52.52,kg,"Southern Luzon Ingredients Supply","Warehouse Inbound Team","Authorized supplier stock replenishment"
2026-02-06,RM-032,"Fresh Ginger",56.68,kg,"Southern Luzon Ingredients Supply","Warehouse Inbound Team","Authorized supplier stock replenishment"
2026-02-11,RM-032,"Fresh Ginger",43.38,kg,"Southern Luzon Ingredients Supply","Warehouse Inbound Team","Authorized supplier stock replenishment"
2026-02-16,RM-032,"Fresh Ginger",43.43,kg,"Southern Luzon Ingredients Supply","Warehouse Inbound Team","Authorized supplier stock replenishment"
2026-02-21,RM-032,"Fresh Ginger",56.72,kg,"Southern Luzon Ingredients Supply","Warehouse Inbound Team","Authorized supplier stock replenishment"
2026-02-26,RM-032,"Fresh Ginger",52.45,kg,"Southern Luzon Ingredients Supply","Warehouse Inbound Team","Authorized supplier stock replenishment"
2026-03-03,RM-032,"Fresh Ginger",40.52,kg,"Southern Luzon Ingredients Supply","Warehouse Inbound Team","Authorized supplier stock replenishment"
2026-03-08,RM-032,"Fresh Ginger",48.57,kg,"Southern Luzon Ingredients Supply","Warehouse Inbound Team","Authorized supplier stock replenishment"
2026-03-13,RM-032,"Fresh Ginger",57.95,kg,"Southern Luzon Ingredients Supply","Warehouse Inbound Team","Authorized supplier stock replenishment"
2026-03-18,RM-032,"Fresh Ginger",46.92,kg,"Southern Luzon Ingredients Supply","Warehouse Inbound Team","Authorized supplier stock replenishment"
2026-03-23,RM-032,"Fresh Ginger",41.04,kg,"Southern Luzon Ingredients Supply","Warehouse Inbound Team","Authorized supplier stock replenishment"
2026-03-28,RM-032,"Fresh Ginger",53.93,kg,"Southern Luzon Ingredients Supply","Warehouse Inbound Team","Authorized supplier stock replenishment"
2026-04-02,RM-032,"Fresh Ginger",55.73,kg,"Southern Luzon Ingredients Supply","Warehouse Inbound Team","Authorized supplier stock replenishment"
2026-04-07,RM-032,"Fresh Ginger",42.27,kg,"Southern Luzon Ingredients Supply","Warehouse Inbound Team","Authorized supplier stock replenishment"
2026-04-12,RM-032,"Fresh Ginger",44.74,kg,"Southern Luzon Ingredients Supply","Warehouse Inbound Team","Authorized supplier stock replenishment"
2026-04-17,RM-032,"Fresh Ginger",57.42,kg,"Southern Luzon Ingredients Supply","Warehouse Inbound Team","Authorized supplier stock replenishment"
2026-04-22,RM-032,"Fresh Ginger",50.92,kg,"Southern Luzon Ingredients Supply","Warehouse Inbound Team","Authorized supplier stock replenishment"
2026-04-27,RM-032,"Fresh Ginger",40.3,kg,"Southern Luzon Ingredients Supply","Warehouse Inbound Team","Authorized supplier stock replenishment"
2026-05-02,RM-032,"Fresh Ginger",50.16,kg,"Southern Luzon Ingredients Supply","Warehouse Inbound Team","Authorized supplier stock replenishment"
2026-05-07,RM-032,"Fresh Ginger",57.66,kg,"Southern Luzon Ingredients Supply","Warehouse Inbound Team","Authorized supplier stock replenishment"
2026-05-12,RM-032,"Fresh Ginger",45.42,kg,"Southern Luzon Ingredients Supply","Warehouse Inbound Team","Authorized supplier stock replenishment"
2026-05-17,RM-032,"Fresh Ginger",41.81,kg,"Southern Luzon Ingredients Supply","Warehouse Inbound Team","Authorized supplier stock replenishment"
2026-05-22,RM-032,"Fresh Ginger",55.19,kg,"Southern Luzon Ingredients Supply","Warehouse Inbound Team","Authorized supplier stock replenishment"
2026-05-27,RM-032,"Fresh Ginger",54.56,kg,"Southern Luzon Ingredients Supply","Warehouse Inbound Team","Authorized supplier stock replenishment"
2026-06-01,RM-032,"Fresh Ginger",41.38,kg,"Southern Luzon Ingredients Supply","Warehouse Inbound Team","Authorized supplier stock replenishment"
2026-06-06,RM-032,"Fresh Ginger",46.19,kg,"Southern Luzon Ingredients Supply","Warehouse Inbound Team","Authorized supplier stock replenishment"
2026-06-11,RM-032,"Fresh Ginger",57.84,kg,"Southern Luzon Ingredients Supply","Warehouse Inbound Team","Authorized supplier stock replenishment"
2026-06-16,RM-032,"Fresh Ginger",49.34,kg,"Southern Luzon Ingredients Supply","Warehouse Inbound Team","Authorized supplier stock replenishment"
2026-06-21,RM-032,"Fresh Ginger",40.38,kg,"Southern Luzon Ingredients Supply","Warehouse Inbound Team","Authorized supplier stock replenishment"
2026-06-26,RM-032,"Fresh Ginger",51.72,kg,"Southern Luzon Ingredients Supply","Warehouse Inbound Team","Authorized supplier stock replenishment"
2026-07-01,RM-032,"Fresh Ginger",57.09,kg,"Southern Luzon Ingredients Supply","Warehouse Inbound Team","Authorized supplier stock replenishment"
2026-07-06,RM-032,"Fresh Ginger",44.04,kg,"Southern Luzon Ingredients Supply","Warehouse Inbound Team","Authorized supplier stock replenishment"
2026-07-11,RM-032,"Fresh Ginger",42.82,kg,"Southern Luzon Ingredients Supply","Warehouse Inbound Team","Authorized supplier stock replenishment"
2026-07-16,RM-032,"Fresh Ginger",56.25,kg,"Southern Luzon Ingredients Supply","Warehouse Inbound Team","Authorized supplier stock replenishment"
2026-07-21,RM-032,"Fresh Ginger",53.21,kg,"Southern Luzon Ingredients Supply","Warehouse Inbound Team","Authorized supplier stock replenishment"
2026-07-26,RM-032,"Fresh Ginger",40.74,kg,"Southern Luzon Ingredients Supply","Warehouse Inbound Team","Authorized supplier stock replenishment"
2026-07-31,RM-032,"Fresh Ginger",47.73,kg,"Southern Luzon Ingredients Supply","Warehouse Inbound Team","Authorized supplier stock replenishment"
2026-08-05,RM-032,"Fresh Ginger",57.99,kg,"Southern Luzon Ingredients Supply","Warehouse Inbound Team","Authorized supplier stock replenishment"
2026-08-10,RM-032,"Fresh Ginger",47.75,kg,"Southern Luzon Ingredients Supply","Warehouse Inbound Team","Authorized supplier stock replenishment"
2026-08-15,RM-032,"Fresh Ginger",40.74,kg,"Southern Luzon Ingredients Supply","Warehouse Inbound Team","Authorized supplier stock replenishment"
2026-08-20,RM-032,"Fresh Ginger",53.2,kg,"Southern Luzon Ingredients Supply","Warehouse Inbound Team","Authorized supplier stock replenishment"
2026-08-25,RM-032,"Fresh Ginger",56.26,kg,"Southern Luzon Ingredients Supply","Warehouse Inbound Team","Authorized supplier stock replenishment"
2026-08-30,RM-032,"Fresh Ginger",42.83,kg,"Southern Luzon Ingredients Supply","Warehouse Inbound Team","Authorized supplier stock replenishment"
2026-01-03,RM-033,"Fresh Grated Coconut Meat",156.52,kg,"Quezon Agricultural Producers Coop","Warehouse Inbound Team","Authorized supplier stock replenishment"
2026-01-08,RM-033,"Fresh Grated Coconut Meat",195.49,kg,"Quezon Agricultural Producers Coop","Warehouse Inbound Team","Authorized supplier stock replenishment"
2026-01-13,RM-033,"Fresh Grated Coconut Meat",223.75,kg,"Quezon Agricultural Producers Coop","Warehouse Inbound Team","Authorized supplier stock replenishment"
2026-01-18,RM-033,"Fresh Grated Coconut Meat",175.82,kg,"Quezon Agricultural Producers Coop","Warehouse Inbound Team","Authorized supplier stock replenishment"
2026-01-23,RM-033,"Fresh Grated Coconut Meat",162.76,kg,"Quezon Agricultural Producers Coop","Warehouse Inbound Team","Authorized supplier stock replenishment"
2026-01-28,RM-033,"Fresh Grated Coconut Meat",214.83,kg,"Quezon Agricultural Producers Coop","Warehouse Inbound Team","Authorized supplier stock replenishment"
2026-02-02,RM-033,"Fresh Grated Coconut Meat",211.38,kg,"Quezon Agricultural Producers Coop","Warehouse Inbound Team","Authorized supplier stock replenishment"
2026-02-07,RM-033,"Fresh Grated Coconut Meat",160.41,kg,"Quezon Agricultural Producers Coop","Warehouse Inbound Team","Authorized supplier stock replenishment"
2026-02-12,RM-033,"Fresh Grated Coconut Meat",180.02,kg,"Quezon Agricultural Producers Coop","Warehouse Inbound Team","Authorized supplier stock replenishment"
2026-02-17,RM-033,"Fresh Grated Coconut Meat",224.78,kg,"Quezon Agricultural Producers Coop","Warehouse Inbound Team","Authorized supplier stock replenishment"
2026-02-22,RM-033,"Fresh Grated Coconut Meat",190.97,kg,"Quezon Agricultural Producers Coop","Warehouse Inbound Team","Authorized supplier stock replenishment"
2026-02-27,RM-033,"Fresh Grated Coconut Meat",156.93,kg,"Quezon Agricultural Producers Coop","Warehouse Inbound Team","Authorized supplier stock replenishment"
2026-03-04,RM-033,"Fresh Grated Coconut Meat",201.53,kg,"Quezon Agricultural Producers Coop","Warehouse Inbound Team","Authorized supplier stock replenishment"
2026-03-09,RM-033,"Fresh Grated Coconut Meat",221.43,kg,"Quezon Agricultural Producers Coop","Warehouse Inbound Team","Authorized supplier stock replenishment"
2026-03-14,RM-033,"Fresh Grated Coconut Meat",170.52,kg,"Quezon Agricultural Producers Coop","Warehouse Inbound Team","Authorized supplier stock replenishment"
2026-03-19,RM-033,"Fresh Grated Coconut Meat",166.76,kg,"Quezon Agricultural Producers Coop","Warehouse Inbound Team","Authorized supplier stock replenishment"
2026-03-24,RM-033,"Fresh Grated Coconut Meat",218.86,kg,"Quezon Agricultural Producers Coop","Warehouse Inbound Team","Authorized supplier stock replenishment"
2026-03-29,RM-033,"Fresh Grated Coconut Meat",206.1,kg,"Quezon Agricultural Producers Coop","Warehouse Inbound Team","Authorized supplier stock replenishment"
2026-04-03,RM-033,"Fresh Grated Coconut Meat",158.05,kg,"Quezon Agricultural Producers Coop","Warehouse Inbound Team","Authorized supplier stock replenishment"
2026-04-08,RM-033,"Fresh Grated Coconut Meat",186.04,kg,"Quezon Agricultural Producers Coop","Warehouse Inbound Team","Authorized supplier stock replenishment"
2026-04-13,RM-033,"Fresh Grated Coconut Meat",225.22,kg,"Quezon Agricultural Producers Coop","Warehouse Inbound Team","Authorized supplier stock replenishment"
2026-04-18,RM-033,"Fresh Grated Coconut Meat",184.81,kg,"Quezon Agricultural Producers Coop","Warehouse Inbound Team","Authorized supplier stock replenishment"
2026-04-23,RM-033,"Fresh Grated Coconut Meat",158.44,kg,"Quezon Agricultural Producers Coop","Warehouse Inbound Team","Authorized supplier stock replenishment"
2026-04-28,RM-033,"Fresh Grated Coconut Meat",207.22,kg,"Quezon Agricultural Producers Coop","Warehouse Inbound Team","Authorized supplier stock replenishment"
2026-05-03,RM-033,"Fresh Grated Coconut Meat",218.12,kg,"Quezon Agricultural Producers Coop","Warehouse Inbound Team","Authorized supplier stock replenishment"
2026-05-08,RM-033,"Fresh Grated Coconut Meat",165.89,kg,"Quezon Agricultural Producers Coop","Warehouse Inbound Team","Authorized supplier stock replenishment"
2026-05-13,RM-033,"Fresh Grated Coconut Meat",171.55,kg,"Quezon Agricultural Producers Coop","Warehouse Inbound Team","Authorized supplier stock replenishment"
2026-05-18,RM-033,"Fresh Grated Coconut Meat",221.98,kg,"Quezon Agricultural Producers Coop","Warehouse Inbound Team","Authorized supplier stock replenishment"
2026-05-23,RM-033,"Fresh Grated Coconut Meat",200.33,kg,"Quezon Agricultural Producers Coop","Warehouse Inbound Team","Authorized supplier stock replenishment"
2026-05-28,RM-033,"Fresh Grated Coconut Meat",156.76,kg,"Quezon Agricultural Producers Coop","Warehouse Inbound Team","Authorized supplier stock replenishment"
2026-06-02,RM-033,"Fresh Grated Coconut Meat",192.23,kg,"Quezon Agricultural Producers Coop","Warehouse Inbound Team","Authorized supplier stock replenishment"
2026-06-07,RM-033,"Fresh Grated Coconut Meat",224.55,kg,"Quezon Agricultural Producers Coop","Warehouse Inbound Team","Authorized supplier stock replenishment"
2026-06-12,RM-033,"Fresh Grated Coconut Meat",178.84,kg,"Quezon Agricultural Producers Coop","Warehouse Inbound Team","Authorized supplier stock replenishment"
2026-06-17,RM-033,"Fresh Grated Coconut Meat",161.01,kg,"Quezon Agricultural Producers Coop","Warehouse Inbound Team","Authorized supplier stock replenishment"
2026-06-22,RM-033,"Fresh Grated Coconut Meat",212.38,kg,"Quezon Agricultural Producers Coop","Warehouse Inbound Team","Authorized supplier stock replenishment"
2026-06-27,RM-033,"Fresh Grated Coconut Meat",213.92,kg,"Quezon Agricultural Producers Coop","Warehouse Inbound Team","Authorized supplier stock replenishment"
2026-07-02,RM-033,"Fresh Grated Coconut Meat",162.06,kg,"Quezon Agricultural Producers Coop","Warehouse Inbound Team","Authorized supplier stock replenishment"
2026-07-07,RM-033,"Fresh Grated Coconut Meat",176.96,kg,"Quezon Agricultural Producers Coop","Warehouse Inbound Team","Authorized supplier stock replenishment"
2026-07-12,RM-033,"Fresh Grated Coconut Meat",224.09,kg,"Quezon Agricultural Producers Coop","Warehouse Inbound Team","Authorized supplier stock replenishment"
2026-07-17,RM-033,"Fresh Grated Coconut Meat",194.25,kg,"Quezon Agricultural Producers Coop","Warehouse Inbound Team","Authorized supplier stock replenishment"
2026-07-22,RM-033,"Fresh Grated Coconut Meat",156.58,kg,"Quezon Agricultural Producers Coop","Warehouse Inbound Team","Authorized supplier stock replenishment"
2026-07-27,RM-033,"Fresh Grated Coconut Meat",198.37,kg,"Quezon Agricultural Producers Coop","Warehouse Inbound Team","Authorized supplier stock replenishment"
2026-08-01,RM-033,"Fresh Grated Coconut Meat",222.79,kg,"Quezon Agricultural Producers Coop","Warehouse Inbound Team","Authorized supplier stock replenishment"
2026-08-06,RM-033,"Fresh Grated Coconut Meat",173.26,kg,"Quezon Agricultural Producers Coop","Warehouse Inbound Team","Authorized supplier stock replenishment"
2026-08-11,RM-033,"Fresh Grated Coconut Meat",164.54,kg,"Quezon Agricultural Producers Coop","Warehouse Inbound Team","Authorized supplier stock replenishment"
2026-08-16,RM-033,"Fresh Grated Coconut Meat",216.84,kg,"Quezon Agricultural Producers Coop","Warehouse Inbound Team","Authorized supplier stock replenishment"
2026-08-21,RM-033,"Fresh Grated Coconut Meat",208.97,kg,"Quezon Agricultural Producers Coop","Warehouse Inbound Team","Authorized supplier stock replenishment"
2026-08-26,RM-033,"Fresh Grated Coconut Meat",159.17,kg,"Quezon Agricultural Producers Coop","Warehouse Inbound Team","Authorized supplier stock replenishment"
2026-08-31,RM-033,"Fresh Grated Coconut Meat",182.82,kg,"Quezon Agricultural Producers Coop","Warehouse Inbound Team","Authorized supplier stock replenishment"
2026-01-04,RM-034,"Fresh Mature Coconut Meat",238.65,kg,"Southern Luzon Ingredients Supply","Warehouse Inbound Team","Authorized supplier stock replenishment"
2026-01-09,RM-034,"Fresh Mature Coconut Meat",250.05,kg,"Southern Luzon Ingredients Supply","Warehouse Inbound Team","Authorized supplier stock replenishment"
2026-01-14,RM-034,"Fresh Mature Coconut Meat",190.01,kg,"Southern Luzon Ingredients Supply","Warehouse Inbound Team","Authorized supplier stock replenishment"
2026-01-19,RM-034,"Fresh Mature Coconut Meat",197.65,kg,"Southern Luzon Ingredients Supply","Warehouse Inbound Team","Authorized supplier stock replenishment"
2026-01-24,RM-034,"Fresh Mature Coconut Meat",255.27,kg,"Southern Luzon Ingredients Supply","Warehouse Inbound Team","Authorized supplier stock replenishment"
2026-01-29,RM-034,"Fresh Mature Coconut Meat",229.36,kg,"Southern Luzon Ingredients Supply","Warehouse Inbound Team","Authorized supplier stock replenishment"
2026-02-03,RM-034,"Fresh Mature Coconut Meat",179.96,kg,"Southern Luzon Ingredients Supply","Warehouse Inbound Team","Authorized supplier stock replenishment"
2026-02-08,RM-034,"Fresh Mature Coconut Meat",221.53,kg,"Southern Luzon Ingredients Supply","Warehouse Inbound Team","Authorized supplier stock replenishment"
2026-02-13,RM-034,"Fresh Mature Coconut Meat",257.75,kg,"Southern Luzon Ingredients Supply","Warehouse Inbound Team","Authorized supplier stock replenishment"
2026-02-18,RM-034,"Fresh Mature Coconut Meat",204.69,kg,"Southern Luzon Ingredients Supply","Warehouse Inbound Team","Authorized supplier stock replenishment"
2026-02-23,RM-034,"Fresh Mature Coconut Meat",185.3,kg,"Southern Luzon Ingredients Supply","Warehouse Inbound Team","Authorized supplier stock replenishment"
2026-02-28,RM-034,"Fresh Mature Coconut Meat",244.5,kg,"Southern Luzon Ingredients Supply","Warehouse Inbound Team","Authorized supplier stock replenishment"
2026-03-05,RM-034,"Fresh Mature Coconut Meat",245.13,kg,"Southern Luzon Ingredients Supply","Warehouse Inbound Team","Authorized supplier stock replenishment"
2026-03-10,RM-034,"Fresh Mature Coconut Meat",185.72,kg,"Southern Luzon Ingredients Supply","Warehouse Inbound Team","Authorized supplier stock replenishment"
2026-03-15,RM-034,"Fresh Mature Coconut Meat",203.93,kg,"Southern Luzon Ingredients Supply","Warehouse Inbound Team","Authorized supplier stock replenishment"
2026-03-20,RM-034,"Fresh Mature Coconut Meat",257.56,kg,"Southern Luzon Ingredients Supply","Warehouse Inbound Team","Authorized supplier stock replenishment"
2026-03-25,RM-034,"Fresh Mature Coconut Meat",222.35,kg,"Southern Luzon Ingredients Supply","Warehouse Inbound Team","Authorized supplier stock replenishment"
2026-03-30,RM-034,"Fresh Mature Coconut Meat",179.89,kg,"Southern Luzon Ingredients Supply","Warehouse Inbound Team","Authorized supplier stock replenishment"
2026-04-04,RM-034,"Fresh Mature Coconut Meat",228.56,kg,"Southern Luzon Ingredients Supply","Warehouse Inbound Team","Authorized supplier stock replenishment"
2026-04-09,RM-034,"Fresh Mature Coconut Meat",255.59,kg,"Southern Luzon Ingredients Supply","Warehouse Inbound Team","Authorized supplier stock replenishment"
2026-04-14,RM-034,"Fresh Mature Coconut Meat",198.35,kg,"Southern Luzon Ingredients Supply","Warehouse Inbound Team","Authorized supplier stock replenishment"
2026-04-19,RM-034,"Fresh Mature Coconut Meat",189.47,kg,"Southern Luzon Ingredients Supply","Warehouse Inbound Team","Authorized supplier stock replenishment"
2026-04-24,RM-034,"Fresh Mature Coconut Meat",249.53,kg,"Southern Luzon Ingredients Supply","Warehouse Inbound Team","Authorized supplier stock replenishment"
2026-04-29,RM-034,"Fresh Mature Coconut Meat",239.36,kg,"Southern Luzon Ingredients Supply","Warehouse Inbound Team","Authorized supplier stock replenishment"
2026-05-04,RM-034,"Fresh Mature Coconut Meat",182.53,kg,"Southern Luzon Ingredients Supply","Warehouse Inbound Team","Authorized supplier stock replenishment"
2026-05-09,RM-034,"Fresh Mature Coconut Meat",210.71,kg,"Southern Luzon Ingredients Supply","Warehouse Inbound Team","Authorized supplier stock replenishment"
2026-05-14,RM-034,"Fresh Mature Coconut Meat",258.61,kg,"Southern Luzon Ingredients Supply","Warehouse Inbound Team","Authorized supplier stock replenishment"
2026-05-19,RM-034,"Fresh Mature Coconut Meat",215.24,kg,"Southern Luzon Ingredients Supply","Warehouse Inbound Team","Authorized supplier stock replenishment"
2026-05-24,RM-034,"Fresh Mature Coconut Meat",181.09,kg,"Southern Luzon Ingredients Supply","Warehouse Inbound Team","Authorized supplier stock replenishment"
2026-05-29,RM-034,"Fresh Mature Coconut Meat",235.29,kg,"Southern Luzon Ingredients Supply","Warehouse Inbound Team","Authorized supplier stock replenishment"
2026-06-03,RM-034,"Fresh Mature Coconut Meat",252.26,kg,"Southern Luzon Ingredients Supply","Warehouse Inbound Team","Authorized supplier stock replenishment"
2026-06-08,RM-034,"Fresh Mature Coconut Meat",192.67,kg,"Southern Luzon Ingredients Supply","Warehouse Inbound Team","Authorized supplier stock replenishment"
2026-06-13,RM-034,"Fresh Mature Coconut Meat",194.6,kg,"Southern Luzon Ingredients Supply","Warehouse Inbound Team","Authorized supplier stock replenishment"
2026-06-18,RM-034,"Fresh Mature Coconut Meat",253.57,kg,"Southern Luzon Ingredients Supply","Warehouse Inbound Team","Authorized supplier stock replenishment"
2026-06-23,RM-034,"Fresh Mature Coconut Meat",232.95,kg,"Southern Luzon Ingredients Supply","Warehouse Inbound Team","Authorized supplier stock replenishment"
2026-06-28,RM-034,"Fresh Mature Coconut Meat",180.52,kg,"Southern Luzon Ingredients Supply","Warehouse Inbound Team","Authorized supplier stock replenishment"
2026-07-03,RM-034,"Fresh Mature Coconut Meat",217.77,kg,"Southern Luzon Ingredients Supply","Warehouse Inbound Team","Authorized supplier stock replenishment"
2026-07-08,RM-034,"Fresh Mature Coconut Meat",258.39,kg,"Southern Luzon Ingredients Supply","Warehouse Inbound Team","Authorized supplier stock replenishment"
2026-07-13,RM-034,"Fresh Mature Coconut Meat",208.26,kg,"Southern Luzon Ingredients Supply","Warehouse Inbound Team","Authorized supplier stock replenishment"
2026-07-18,RM-034,"Fresh Mature Coconut Meat",183.53,kg,"Southern Luzon Ingredients Supply","Warehouse Inbound Team","Authorized supplier stock replenishment"
2026-07-23,RM-034,"Fresh Mature Coconut Meat",241.5,kg,"Southern Luzon Ingredients Supply","Warehouse Inbound Team","Authorized supplier stock replenishment"
2026-07-28,RM-034,"Fresh Mature Coconut Meat",247.85,kg,"Southern Luzon Ingredients Supply","Warehouse Inbound Team","Authorized supplier stock replenishment"
2026-08-02,RM-034,"Fresh Mature Coconut Meat",187.87,kg,"Southern Luzon Ingredients Supply","Warehouse Inbound Team","Authorized supplier stock replenishment"
2026-08-07,RM-034,"Fresh Mature Coconut Meat",200.54,kg,"Southern Luzon Ingredients Supply","Warehouse Inbound Team","Authorized supplier stock replenishment"
2026-08-12,RM-034,"Fresh Mature Coconut Meat",256.5,kg,"Southern Luzon Ingredients Supply","Warehouse Inbound Team","Authorized supplier stock replenishment"
2026-08-17,RM-034,"Fresh Mature Coconut Meat",226.09,kg,"Southern Luzon Ingredients Supply","Warehouse Inbound Team","Authorized supplier stock replenishment"
2026-08-22,RM-034,"Fresh Mature Coconut Meat",179.77,kg,"Southern Luzon Ingredients Supply","Warehouse Inbound Team","Authorized supplier stock replenishment"
2026-08-27,RM-034,"Fresh Mature Coconut Meat",224.87,kg,"Southern Luzon Ingredients Supply","Warehouse Inbound Team","Authorized supplier stock replenishment"
2026-09-01,RM-034,"Fresh Mature Coconut Meat",256.89,kg,"Southern Luzon Ingredients Supply","Warehouse Inbound Team","Authorized supplier stock replenishment"
2026-01-05,RM-035,"Fresh Purple Yam Tubers",298.77,kg,"Quezon Agricultural Producers Coop","Warehouse Inbound Team","Authorized supplier stock replenishment"
2026-01-11,RM-035,"Fresh Purple Yam Tubers",228.11,kg,"Quezon Agricultural Producers Coop","Warehouse Inbound Team","Authorized supplier stock replenishment"
2026-01-17,RM-035,"Fresh Purple Yam Tubers",264.65,kg,"Quezon Agricultural Producers Coop","Warehouse Inbound Team","Authorized supplier stock replenishment"
2026-01-23,RM-035,"Fresh Purple Yam Tubers",323.73,kg,"Quezon Agricultural Producers Coop","Warehouse Inbound Team","Authorized supplier stock replenishment"
2026-01-29,RM-035,"Fresh Purple Yam Tubers",268.46,kg,"Quezon Agricultural Producers Coop","Warehouse Inbound Team","Authorized supplier stock replenishment"
2026-02-04,RM-035,"Fresh Purple Yam Tubers",226.9,kg,"Quezon Agricultural Producers Coop","Warehouse Inbound Team","Authorized supplier stock replenishment"
2026-02-10,RM-035,"Fresh Purple Yam Tubers",295.35,kg,"Quezon Agricultural Producers Coop","Warehouse Inbound Team","Authorized supplier stock replenishment"
2026-02-16,RM-035,"Fresh Purple Yam Tubers",315.2,kg,"Quezon Agricultural Producers Coop","Warehouse Inbound Team","Authorized supplier stock replenishment"
2026-02-22,RM-035,"Fresh Purple Yam Tubers",240.46,kg,"Quezon Agricultural Producers Coop","Warehouse Inbound Team","Authorized supplier stock replenishment"
2026-02-28,RM-035,"Fresh Purple Yam Tubers",244.31,kg,"Quezon Agricultural Producers Coop","Warehouse Inbound Team","Authorized supplier stock replenishment"
2026-03-06,RM-035,"Fresh Purple Yam Tubers",317.83,kg,"Quezon Agricultural Producers Coop","Warehouse Inbound Team","Authorized supplier stock replenishment"
2026-03-12,RM-035,"Fresh Purple Yam Tubers",290.67,kg,"Quezon Agricultural Producers Coop","Warehouse Inbound Team","Authorized supplier stock replenishment"
2026-03-18,RM-035,"Fresh Purple Yam Tubers",225.76,kg,"Quezon Agricultural Producers Coop","Warehouse Inbound Team","Authorized supplier stock replenishment"
2026-03-24,RM-035,"Fresh Purple Yam Tubers",273.5,kg,"Quezon Agricultural Producers Coop","Warehouse Inbound Team","Authorized supplier stock replenishment"
2026-03-30,RM-035,"Fresh Purple Yam Tubers",323.27,kg,"Quezon Agricultural Producers Coop","Warehouse Inbound Team","Authorized supplier stock replenishment"
2026-04-05,RM-035,"Fresh Purple Yam Tubers",259.75,kg,"Quezon Agricultural Producers Coop","Warehouse Inbound Team","Authorized supplier stock replenishment"
2026-04-11,RM-035,"Fresh Purple Yam Tubers",230.12,kg,"Quezon Agricultural Producers Coop","Warehouse Inbound Team","Authorized supplier stock replenishment"
2026-04-17,RM-035,"Fresh Purple Yam Tubers",303.03,kg,"Quezon Agricultural Producers Coop","Warehouse Inbound Team","Authorized supplier stock replenishment"
2026-04-23,RM-035,"Fresh Purple Yam Tubers",309.55,kg,"Quezon Agricultural Producers Coop","Warehouse Inbound Team","Authorized supplier stock replenishment"
2026-04-29,RM-035,"Fresh Purple Yam Tubers",234.57,kg,"Quezon Agricultural Producers Coop","Warehouse Inbound Team","Authorized supplier stock replenishment"
2026-05-05,RM-035,"Fresh Purple Yam Tubers",196.43,kg,"Quezon Agricultural Producers Coop","Warehouse Inbound Team","Authorized supplier stock replenishment"
2026-05-11,RM-035,"Fresh Purple Yam Tubers",250.64,kg,"Quezon Agricultural Producers Coop","Warehouse Inbound Team","Authorized supplier stock replenishment"
2026-05-17,RM-035,"Fresh Purple Yam Tubers",219.99,kg,"Quezon Agricultural Producers Coop","Warehouse Inbound Team","Authorized supplier stock replenishment"
2026-05-23,RM-035,"Fresh Purple Yam Tubers",175.49,kg,"Quezon Agricultural Producers Coop","Warehouse Inbound Team","Authorized supplier stock replenishment"
2026-05-29,RM-035,"Fresh Purple Yam Tubers",220.25,kg,"Quezon Agricultural Producers Coop","Warehouse Inbound Team","Authorized supplier stock replenishment"
2026-06-04,RM-035,"Fresh Purple Yam Tubers",250.56,kg,"Quezon Agricultural Producers Coop","Warehouse Inbound Team","Authorized supplier stock replenishment"
2026-06-10,RM-035,"Fresh Purple Yam Tubers",196.19,kg,"Quezon Agricultural Producers Coop","Warehouse Inbound Team","Authorized supplier stock replenishment"
2026-06-16,RM-035,"Fresh Purple Yam Tubers",183.12,kg,"Quezon Agricultural Producers Coop","Warehouse Inbound Team","Authorized supplier stock replenishment"
2026-06-22,RM-035,"Fresh Purple Yam Tubers",241.63,kg,"Quezon Agricultural Producers Coop","Warehouse Inbound Team","Authorized supplier stock replenishment"
2026-06-28,RM-035,"Fresh Purple Yam Tubers",236.15,kg,"Quezon Agricultural Producers Coop","Warehouse Inbound Team","Authorized supplier stock replenishment"
2026-07-04,RM-035,"Fresh Purple Yam Tubers",179.38,kg,"Quezon Agricultural Producers Coop","Warehouse Inbound Team","Authorized supplier stock replenishment"
2026-07-10,RM-035,"Fresh Purple Yam Tubers",202.86,kg,"Quezon Agricultural Producers Coop","Warehouse Inbound Team","Authorized supplier stock replenishment"
2026-07-16,RM-035,"Fresh Purple Yam Tubers",252.19,kg,"Quezon Agricultural Producers Coop","Warehouse Inbound Team","Authorized supplier stock replenishment"
2026-07-22,RM-035,"Fresh Purple Yam Tubers",213.06,kg,"Quezon Agricultural Producers Coop","Warehouse Inbound Team","Authorized supplier stock replenishment"
2026-07-28,RM-035,"Fresh Purple Yam Tubers",176.14,kg,"Quezon Agricultural Producers Coop","Warehouse Inbound Team","Authorized supplier stock replenishment"
2026-08-03,RM-035,"Fresh Purple Yam Tubers",226.97,kg,"Quezon Agricultural Producers Coop","Warehouse Inbound Team","Authorized supplier stock replenishment"
2026-08-09,RM-035,"Fresh Purple Yam Tubers",247.78,kg,"Quezon Agricultural Producers Coop","Warehouse Inbound Team","Authorized supplier stock replenishment"
2026-08-15,RM-035,"Fresh Purple Yam Tubers",190.35,kg,"Quezon Agricultural Producers Coop","Warehouse Inbound Team","Authorized supplier stock replenishment"
2026-08-21,RM-035,"Fresh Purple Yam Tubers",187.75,kg,"Quezon Agricultural Producers Coop","Warehouse Inbound Team","Authorized supplier stock replenishment"
2026-08-27,RM-035,"Fresh Purple Yam Tubers",246.01,kg,"Quezon Agricultural Producers Coop","Warehouse Inbound Team","Authorized supplier stock replenishment"
2026-09-02,RM-035,"Fresh Purple Yam Tubers",230.13,kg,"Quezon Agricultural Producers Coop","Warehouse Inbound Team","Authorized supplier stock replenishment"
2026-01-01,RM-036,"Fresh Sweet Potato",111.74,kg,"Southern Luzon Ingredients Supply","Warehouse Inbound Team","Authorized supplier stock replenishment"
2026-01-06,RM-036,"Fresh Sweet Potato",140.69,kg,"Southern Luzon Ingredients Supply","Warehouse Inbound Team","Authorized supplier stock replenishment"
2026-01-11,RM-036,"Fresh Sweet Potato",159.38,kg,"Southern Luzon Ingredients Supply","Warehouse Inbound Team","Authorized supplier stock replenishment"
2026-01-16,RM-036,"Fresh Sweet Potato",124.5,kg,"Southern Luzon Ingredients Supply","Warehouse Inbound Team","Authorized supplier stock replenishment"
2026-01-21,RM-036,"Fresh Sweet Potato",116.88,kg,"Southern Luzon Ingredients Supply","Warehouse Inbound Team","Authorized supplier stock replenishment"
2026-01-26,RM-036,"Fresh Sweet Potato",154.17,kg,"Southern Luzon Ingredients Supply","Warehouse Inbound Team","Authorized supplier stock replenishment"
2026-01-31,RM-036,"Fresh Sweet Potato",149.97,kg,"Southern Luzon Ingredients Supply","Warehouse Inbound Team","Authorized supplier stock replenishment"
2026-02-05,RM-036,"Fresh Sweet Potato",114.01,kg,"Southern Luzon Ingredients Supply","Warehouse Inbound Team","Authorized supplier stock replenishment"
2026-02-10,RM-036,"Fresh Sweet Potato",129.61,kg,"Southern Luzon Ingredients Supply","Warehouse Inbound Team","Authorized supplier stock replenishment"
2026-02-15,RM-036,"Fresh Sweet Potato",160.62,kg,"Southern Luzon Ingredients Supply","Warehouse Inbound Team","Authorized supplier stock replenishment"
2026-02-20,RM-036,"Fresh Sweet Potato",135.19,kg,"Southern Luzon Ingredients Supply","Warehouse Inbound Team","Authorized supplier stock replenishment"
2026-02-25,RM-036,"Fresh Sweet Potato",112.24,kg,"Southern Luzon Ingredients Supply","Warehouse Inbound Team","Authorized supplier stock replenishment"
2026-03-02,RM-036,"Fresh Sweet Potato",144.95,kg,"Southern Luzon Ingredients Supply","Warehouse Inbound Team","Authorized supplier stock replenishment"
2026-03-07,RM-036,"Fresh Sweet Potato",157.53,kg,"Southern Luzon Ingredients Supply","Warehouse Inbound Team","Authorized supplier stock replenishment"
2026-03-12,RM-036,"Fresh Sweet Potato",120.83,kg,"Southern Luzon Ingredients Supply","Warehouse Inbound Team","Authorized supplier stock replenishment"
2026-03-17,RM-036,"Fresh Sweet Potato",119.89,kg,"Southern Luzon Ingredients Supply","Warehouse Inbound Team","Authorized supplier stock replenishment"
2026-03-22,RM-036,"Fresh Sweet Potato",156.89,kg,"Southern Luzon Ingredients Supply","Warehouse Inbound Team","Authorized supplier stock replenishment"
2026-03-27,RM-036,"Fresh Sweet Potato",146.09,kg,"Southern Luzon Ingredients Supply","Warehouse Inbound Team","Authorized supplier stock replenishment"
2026-04-01,RM-036,"Fresh Sweet Potato",112.52,kg,"Southern Luzon Ingredients Supply","Warehouse Inbound Team","Authorized supplier stock replenishment"
2026-04-06,RM-036,"Fresh Sweet Potato",133.95,kg,"Southern Luzon Ingredients Supply","Warehouse Inbound Team","Authorized supplier stock replenishment"
2026-04-11,RM-036,"Fresh Sweet Potato",160.74,kg,"Southern Luzon Ingredients Supply","Warehouse Inbound Team","Authorized supplier stock replenishment"
2026-04-16,RM-036,"Fresh Sweet Potato",130.81,kg,"Southern Luzon Ingredients Supply","Warehouse Inbound Team","Authorized supplier stock replenishment"
2026-04-21,RM-036,"Fresh Sweet Potato",113.52,kg,"Southern Luzon Ingredients Supply","Warehouse Inbound Team","Authorized supplier stock replenishment"
2026-04-26,RM-036,"Fresh Sweet Potato",148.93,kg,"Southern Luzon Ingredients Supply","Warehouse Inbound Team","Authorized supplier stock replenishment"
2026-05-01,RM-036,"Fresh Sweet Potato",154.99,kg,"Southern Luzon Ingredients Supply","Warehouse Inbound Team","Authorized supplier stock replenishment"
2026-05-06,RM-036,"Fresh Sweet Potato",117.66,kg,"Southern Luzon Ingredients Supply","Warehouse Inbound Team","Authorized supplier stock replenishment"
2026-05-11,RM-036,"Fresh Sweet Potato",123.43,kg,"Southern Luzon Ingredients Supply","Warehouse Inbound Team","Authorized supplier stock replenishment"
2026-05-16,RM-036,"Fresh Sweet Potato",158.93,kg,"Southern Luzon Ingredients Supply","Warehouse Inbound Team","Authorized supplier stock replenishment"
2026-05-21,RM-036,"Fresh Sweet Potato",141.9,kg,"Southern Luzon Ingredients Supply","Warehouse Inbound Team","Authorized supplier stock replenishment"
2026-05-26,RM-036,"Fresh Sweet Potato",111.8,kg,"Southern Luzon Ingredients Supply","Warehouse Inbound Team","Authorized supplier stock replenishment"
2026-05-31,RM-036,"Fresh Sweet Potato",138.37,kg,"Southern Luzon Ingredients Supply","Warehouse Inbound Team","Authorized supplier stock replenishment"
2026-06-05,RM-036,"Fresh Sweet Potato",160.05,kg,"Southern Luzon Ingredients Supply","Warehouse Inbound Team","Authorized supplier stock replenishment"
2026-06-10,RM-036,"Fresh Sweet Potato",126.6,kg,"Southern Luzon Ingredients Supply","Warehouse Inbound Team","Authorized supplier stock replenishment"
2026-06-15,RM-036,"Fresh Sweet Potato",115.53,kg,"Southern Luzon Ingredients Supply","Warehouse Inbound Team","Authorized supplier stock replenishment"
2026-06-20,RM-036,"Fresh Sweet Potato",152.49,kg,"Southern Luzon Ingredients Supply","Warehouse Inbound Team","Authorized supplier stock replenishment"
2026-06-25,RM-036,"Fresh Sweet Potato",151.84,kg,"Southern Luzon Ingredients Supply","Warehouse Inbound Team","Authorized supplier stock replenishment"
2026-06-30,RM-036,"Fresh Sweet Potato",115.09,kg,"Southern Luzon Ingredients Supply","Warehouse Inbound Team","Authorized supplier stock replenishment"
2026-07-05,RM-036,"Fresh Sweet Potato",127.39,kg,"Southern Luzon Ingredients Supply","Warehouse Inbound Team","Authorized supplier stock replenishment"
2026-07-10,RM-036,"Fresh Sweet Potato",160.24,kg,"Southern Luzon Ingredients Supply","Warehouse Inbound Team","Authorized supplier stock replenishment"
2026-07-15,RM-036,"Fresh Sweet Potato",137.53,kg,"Southern Luzon Ingredients Supply","Warehouse Inbound Team","Authorized supplier stock replenishment"
2026-07-20,RM-036,"Fresh Sweet Potato",111.88,kg,"Southern Luzon Ingredients Supply","Warehouse Inbound Team","Authorized supplier stock replenishment"
2026-07-25,RM-036,"Fresh Sweet Potato",142.73,kg,"Southern Luzon Ingredients Supply","Warehouse Inbound Team","Authorized supplier stock replenishment"
2026-07-30,RM-036,"Fresh Sweet Potato",158.6,kg,"Southern Luzon Ingredients Supply","Warehouse Inbound Team","Authorized supplier stock replenishment"
2026-08-04,RM-036,"Fresh Sweet Potato",122.71,kg,"Southern Luzon Ingredients Supply","Warehouse Inbound Team","Authorized supplier stock replenishment"
2026-08-09,RM-036,"Fresh Sweet Potato",118.22,kg,"Southern Luzon Ingredients Supply","Warehouse Inbound Team","Authorized supplier stock replenishment"
2026-08-14,RM-036,"Fresh Sweet Potato",155.53,kg,"Southern Luzon Ingredients Supply","Warehouse Inbound Team","Authorized supplier stock replenishment"
2026-08-19,RM-036,"Fresh Sweet Potato",148.19,kg,"Southern Luzon Ingredients Supply","Warehouse Inbound Team","Authorized supplier stock replenishment"
2026-08-24,RM-036,"Fresh Sweet Potato",113.21,kg,"Southern Luzon Ingredients Supply","Warehouse Inbound Team","Authorized supplier stock replenishment"
2026-08-29,RM-036,"Fresh Sweet Potato",131.64,kg,"Southern Luzon Ingredients Supply","Warehouse Inbound Team","Authorized supplier stock replenishment"
2026-01-02,RM-037,"Green Raw Papaya",132.05,kg,"Quezon Agricultural Producers Coop","Warehouse Inbound Team","Authorized supplier stock replenishment"
2026-01-07,RM-037,"Green Raw Papaya",136.79,kg,"Quezon Agricultural Producers Coop","Warehouse Inbound Team","Authorized supplier stock replenishment"
2026-01-12,RM-037,"Green Raw Papaya",103.78,kg,"Quezon Agricultural Producers Coop","Warehouse Inbound Team","Authorized supplier stock replenishment"
2026-01-17,RM-037,"Green Raw Papaya",109.51,kg,"Quezon Agricultural Producers Coop","Warehouse Inbound Team","Authorized supplier stock replenishment"
2026-01-22,RM-037,"Green Raw Papaya",140.7,kg,"Quezon Agricultural Producers Coop","Warehouse Inbound Team","Authorized supplier stock replenishment"
2026-01-27,RM-037,"Green Raw Papaya",125.08,kg,"Quezon Agricultural Producers Coop","Warehouse Inbound Team","Authorized supplier stock replenishment"
2026-02-01,RM-037,"Green Raw Papaya",98.84,kg,"Quezon Agricultural Producers Coop","Warehouse Inbound Team","Authorized supplier stock replenishment"
2026-02-06,RM-037,"Green Raw Papaya",122.78,kg,"Quezon Agricultural Producers Coop","Warehouse Inbound Team","Authorized supplier stock replenishment"
2026-02-11,RM-037,"Green Raw Papaya",141.43,kg,"Quezon Agricultural Producers Coop","Warehouse Inbound Team","Authorized supplier stock replenishment"
2026-02-16,RM-037,"Green Raw Papaya",111.58,kg,"Quezon Agricultural Producers Coop","Warehouse Inbound Team","Authorized supplier stock replenishment"
2026-02-21,RM-037,"Green Raw Papaya",102.39,kg,"Quezon Agricultural Producers Coop","Warehouse Inbound Team","Authorized supplier stock replenishment"
2026-02-26,RM-037,"Green Raw Papaya",135.16,kg,"Quezon Agricultural Producers Coop","Warehouse Inbound Team","Authorized supplier stock replenishment"
2026-03-03,RM-037,"Green Raw Papaya",133.96,kg,"Quezon Agricultural Producers Coop","Warehouse Inbound Team","Authorized supplier stock replenishment"
2026-03-08,RM-037,"Green Raw Papaya",101.57,kg,"Quezon Agricultural Producers Coop","Warehouse Inbound Team","Authorized supplier stock replenishment"
2026-03-13,RM-037,"Green Raw Papaya",113.04,kg,"Quezon Agricultural Producers Coop","Warehouse Inbound Team","Authorized supplier stock replenishment"
2026-03-18,RM-037,"Green Raw Papaya",141.79,kg,"Quezon Agricultural Producers Coop","Warehouse Inbound Team","Authorized supplier stock replenishment"
2026-03-23,RM-037,"Green Raw Papaya",121.2,kg,"Quezon Agricultural Producers Coop","Warehouse Inbound Team","Authorized supplier stock replenishment"
2026-03-28,RM-037,"Green Raw Papaya",98.98,kg,"Quezon Agricultural Producers Coop","Warehouse Inbound Team","Authorized supplier stock replenishment"
2026-04-02,RM-037,"Green Raw Papaya",126.61,kg,"Quezon Agricultural Producers Coop","Warehouse Inbound Team","Authorized supplier stock replenishment"
2026-04-07,RM-037,"Green Raw Papaya",140.07,kg,"Quezon Agricultural Producers Coop","Warehouse Inbound Team","Authorized supplier stock replenishment"
2026-04-12,RM-037,"Green Raw Papaya",108.17,kg,"Quezon Agricultural Producers Coop","Warehouse Inbound Team","Authorized supplier stock replenishment"
2026-04-17,RM-037,"Green Raw Papaya",104.83,kg,"Quezon Agricultural Producers Coop","Warehouse Inbound Team","Authorized supplier stock replenishment"
2026-04-22,RM-037,"Green Raw Papaya",137.79,kg,"Quezon Agricultural Producers Coop","Warehouse Inbound Team","Authorized supplier stock replenishment"
2026-04-27,RM-037,"Green Raw Papaya",130.68,kg,"Quezon Agricultural Producers Coop","Warehouse Inbound Team","Authorized supplier stock replenishment"
2026-05-02,RM-037,"Green Raw Papaya",99.98,kg,"Quezon Agricultural Producers Coop","Warehouse Inbound Team","Authorized supplier stock replenishment"
2026-05-07,RM-037,"Green Raw Papaya",116.82,kg,"Quezon Agricultural Producers Coop","Warehouse Inbound Team","Authorized supplier stock replenishment"
2026-05-12,RM-037,"Green Raw Papaya",142.19,kg,"Quezon Agricultural Producers Coop","Warehouse Inbound Team","Authorized supplier stock replenishment"
2026-05-17,RM-037,"Green Raw Papaya",117.3,kg,"Quezon Agricultural Producers Coop","Warehouse Inbound Team","Authorized supplier stock replenishment"
2026-05-22,RM-037,"Green Raw Papaya",99.82,kg,"Quezon Agricultural Producers Coop","Warehouse Inbound Team","Authorized supplier stock replenishment"
2026-05-27,RM-037,"Green Raw Papaya",130.25,kg,"Quezon Agricultural Producers Coop","Warehouse Inbound Team","Authorized supplier stock replenishment"
2026-06-01,RM-037,"Green Raw Papaya",138.08,kg,"Quezon Agricultural Producers Coop","Warehouse Inbound Team","Authorized supplier stock replenishment"
2026-06-06,RM-037,"Green Raw Papaya",105.17,kg,"Quezon Agricultural Producers Coop","Warehouse Inbound Team","Authorized supplier stock replenishment"
2026-06-11,RM-037,"Green Raw Papaya",107.77,kg,"Quezon Agricultural Producers Coop","Warehouse Inbound Team","Authorized supplier stock replenishment"
2026-06-16,RM-037,"Green Raw Papaya",139.86,kg,"Quezon Agricultural Producers Coop","Warehouse Inbound Team","Authorized supplier stock replenishment"
2026-06-21,RM-037,"Green Raw Papaya",127.08,kg,"Quezon Agricultural Producers Coop","Warehouse Inbound Team","Authorized supplier stock replenishment"
2026-06-26,RM-037,"Green Raw Papaya",99.05,kg,"Quezon Agricultural Producers Coop","Warehouse Inbound Team","Authorized supplier stock replenishment"
2026-07-01,RM-037,"Green Raw Papaya",120.71,kg,"Quezon Agricultural Producers Coop","Warehouse Inbound Team","Authorized supplier stock replenishment"
2026-07-06,RM-037,"Green Raw Papaya",141.88,kg,"Quezon Agricultural Producers Coop","Warehouse Inbound Team","Authorized supplier stock replenishment"
2026-07-11,RM-037,"Green Raw Papaya",113.5,kg,"Quezon Agricultural Producers Coop","Warehouse Inbound Team","Authorized supplier stock replenishment"
2026-07-16,RM-037,"Green Raw Papaya",101.33,kg,"Quezon Agricultural Producers Coop","Warehouse Inbound Team","Authorized supplier stock replenishment"
2026-07-21,RM-037,"Green Raw Papaya",133.57,kg,"Quezon Agricultural Producers Coop","Warehouse Inbound Team","Authorized supplier stock replenishment"
2026-07-26,RM-037,"Green Raw Papaya",135.52,kg,"Quezon Agricultural Producers Coop","Warehouse Inbound Team","Authorized supplier stock replenishment"
2026-07-31,RM-037,"Green Raw Papaya",102.67,kg,"Quezon Agricultural Producers Coop","Warehouse Inbound Team","Authorized supplier stock replenishment"
2026-08-05,RM-037,"Green Raw Papaya",111.13,kg,"Quezon Agricultural Producers Coop","Warehouse Inbound Team","Authorized supplier stock replenishment"
2026-08-10,RM-037,"Green Raw Papaya",141.3,kg,"Quezon Agricultural Producers Coop","Warehouse Inbound Team","Authorized supplier stock replenishment"
2026-08-15,RM-037,"Green Raw Papaya",123.27,kg,"Quezon Agricultural Producers Coop","Warehouse Inbound Team","Authorized supplier stock replenishment"
2026-08-20,RM-037,"Green Raw Papaya",98.82,kg,"Quezon Agricultural Producers Coop","Warehouse Inbound Team","Authorized supplier stock replenishment"
2026-08-25,RM-037,"Green Raw Papaya",124.6,kg,"Quezon Agricultural Producers Coop","Warehouse Inbound Team","Authorized supplier stock replenishment"
2026-08-30,RM-037,"Green Raw Papaya",140.87,kg,"Quezon Agricultural Producers Coop","Warehouse Inbound Team","Authorized supplier stock replenishment"
2026-01-03,RM-038,"Pandan Leaves",14.79,kg,"Southern Luzon Ingredients Supply","Warehouse Inbound Team","Authorized supplier stock replenishment"
2026-01-08,RM-038,"Pandan Leaves",11.33,kg,"Southern Luzon Ingredients Supply","Warehouse Inbound Team","Authorized supplier stock replenishment"
2026-01-13,RM-038,"Pandan Leaves",13.31,kg,"Southern Luzon Ingredients Supply","Warehouse Inbound Team","Authorized supplier stock replenishment"
2026-01-18,RM-038,"Pandan Leaves",16.14,kg,"Southern Luzon Ingredients Supply","Warehouse Inbound Team","Authorized supplier stock replenishment"
2026-01-23,RM-038,"Pandan Leaves",13.27,kg,"Southern Luzon Ingredients Supply","Warehouse Inbound Team","Authorized supplier stock replenishment"
2026-01-28,RM-038,"Pandan Leaves",11.35,kg,"Southern Luzon Ingredients Supply","Warehouse Inbound Team","Authorized supplier stock replenishment"
2026-02-02,RM-038,"Pandan Leaves",14.83,kg,"Southern Luzon Ingredients Supply","Warehouse Inbound Team","Authorized supplier stock replenishment"
2026-02-07,RM-038,"Pandan Leaves",15.65,kg,"Southern Luzon Ingredients Supply","Warehouse Inbound Team","Authorized supplier stock replenishment"
2026-02-12,RM-038,"Pandan Leaves",11.91,kg,"Southern Luzon Ingredients Supply","Warehouse Inbound Team","Authorized supplier stock replenishment"
2026-02-17,RM-038,"Pandan Leaves",12.27,kg,"Southern Luzon Ingredients Supply","Warehouse Inbound Team","Authorized supplier stock replenishment"
2026-02-22,RM-038,"Pandan Leaves",15.9,kg,"Southern Luzon Ingredients Supply","Warehouse Inbound Team","Authorized supplier stock replenishment"
2026-02-27,RM-038,"Pandan Leaves",14.38,kg,"Southern Luzon Ingredients Supply","Warehouse Inbound Team","Authorized supplier stock replenishment"
2026-03-04,RM-038,"Pandan Leaves",11.24,kg,"Southern Luzon Ingredients Supply","Warehouse Inbound Team","Authorized supplier stock replenishment"
2026-03-09,RM-038,"Pandan Leaves",13.75,kg,"Southern Luzon Ingredients Supply","Warehouse Inbound Team","Authorized supplier stock replenishment"
2026-03-14,RM-038,"Pandan Leaves",16.1,kg,"Southern Luzon Ingredients Supply","Warehouse Inbound Team","Authorized supplier stock replenishment"
2026-03-19,RM-038,"Pandan Leaves",12.84,kg,"Southern Luzon Ingredients Supply","Warehouse Inbound Team","Authorized supplier stock replenishment"
2026-03-24,RM-038,"Pandan Leaves",11.53,kg,"Southern Luzon Ingredients Supply","Warehouse Inbound Team","Authorized supplier stock replenishment"
2026-03-29,RM-038,"Pandan Leaves",15.2,kg,"Southern Luzon Ingredients Supply","Warehouse Inbound Team","Authorized supplier stock replenishment"
2026-04-03,RM-038,"Pandan Leaves",15.35,kg,"Southern Luzon Ingredients Supply","Warehouse Inbound Team","Authorized supplier stock replenishment"
2026-04-08,RM-038,"Pandan Leaves",11.63,kg,"Southern Luzon Ingredients Supply","Warehouse Inbound Team","Authorized supplier stock replenishment"
2026-04-13,RM-038,"Pandan Leaves",12.66,kg,"Southern Luzon Ingredients Supply","Warehouse Inbound Team","Authorized supplier stock replenishment"
2026-04-18,RM-038,"Pandan Leaves",16.05,kg,"Southern Luzon Ingredients Supply","Warehouse Inbound Team","Authorized supplier stock replenishment"
2026-04-23,RM-038,"Pandan Leaves",13.95,kg,"Southern Luzon Ingredients Supply","Warehouse Inbound Team","Authorized supplier stock replenishment"
2026-04-28,RM-038,"Pandan Leaves",11.22,kg,"Southern Luzon Ingredients Supply","Warehouse Inbound Team","Authorized supplier stock replenishment"
2026-05-03,RM-038,"Pandan Leaves",14.19,kg,"Southern Luzon Ingredients Supply","Warehouse Inbound Team","Authorized supplier stock replenishment"
2026-05-08,RM-038,"Pandan Leaves",15.98,kg,"Southern Luzon Ingredients Supply","Warehouse Inbound Team","Authorized supplier stock replenishment"
2026-05-13,RM-038,"Pandan Leaves",12.44,kg,"Southern Luzon Ingredients Supply","Warehouse Inbound Team","Authorized supplier stock replenishment"
2026-05-18,RM-038,"Pandan Leaves",11.78,kg,"Southern Luzon Ingredients Supply","Warehouse Inbound Team","Authorized supplier stock replenishment"
2026-05-23,RM-038,"Pandan Leaves",15.52,kg,"Southern Luzon Ingredients Supply","Warehouse Inbound Team","Authorized supplier stock replenishment"
2026-05-28,RM-038,"Pandan Leaves",15,kg,"Southern Luzon Ingredients Supply","Warehouse Inbound Team","Authorized supplier stock replenishment"
2026-06-02,RM-038,"Pandan Leaves",11.42,kg,"Southern Luzon Ingredients Supply","Warehouse Inbound Team","Authorized supplier stock replenishment"
2026-06-07,RM-038,"Pandan Leaves",13.08,kg,"Southern Luzon Ingredients Supply","Warehouse Inbound Team","Authorized supplier stock replenishment"
2026-06-12,RM-038,"Pandan Leaves",16.13,kg,"Southern Luzon Ingredients Supply","Warehouse Inbound Team","Authorized supplier stock replenishment"
2026-06-17,RM-038,"Pandan Leaves",13.5,kg,"Southern Luzon Ingredients Supply","Warehouse Inbound Team","Authorized supplier stock replenishment"
2026-06-22,RM-038,"Pandan Leaves",11.28,kg,"Southern Luzon Ingredients Supply","Warehouse Inbound Team","Authorized supplier stock replenishment"
2026-06-27,RM-038,"Pandan Leaves",14.62,kg,"Southern Luzon Ingredients Supply","Warehouse Inbound Team","Authorized supplier stock replenishment"
2026-07-02,RM-038,"Pandan Leaves",15.78,kg,"Southern Luzon Ingredients Supply","Warehouse Inbound Team","Authorized supplier stock replenishment"
2026-07-07,RM-038,"Pandan Leaves",12.08,kg,"Southern Luzon Ingredients Supply","Warehouse Inbound Team","Authorized supplier stock replenishment"
2026-07-12,RM-038,"Pandan Leaves",12.09,kg,"Southern Luzon Ingredients Supply","Warehouse Inbound Team","Authorized supplier stock replenishment"
2026-07-17,RM-038,"Pandan Leaves",15.79,kg,"Southern Luzon Ingredients Supply","Warehouse Inbound Team","Authorized supplier stock replenishment"
2026-07-22,RM-038,"Pandan Leaves",14.6,kg,"Southern Luzon Ingredients Supply","Warehouse Inbound Team","Authorized supplier stock replenishment"
2026-07-27,RM-038,"Pandan Leaves",11.28,kg,"Southern Luzon Ingredients Supply","Warehouse Inbound Team","Authorized supplier stock replenishment"
2026-08-01,RM-038,"Pandan Leaves",13.52,kg,"Southern Luzon Ingredients Supply","Warehouse Inbound Team","Authorized supplier stock replenishment"
2026-08-06,RM-038,"Pandan Leaves",16.13,kg,"Southern Luzon Ingredients Supply","Warehouse Inbound Team","Authorized supplier stock replenishment"
2026-08-11,RM-038,"Pandan Leaves",13.07,kg,"Southern Luzon Ingredients Supply","Warehouse Inbound Team","Authorized supplier stock replenishment"
2026-08-16,RM-038,"Pandan Leaves",11.42,kg,"Southern Luzon Ingredients Supply","Warehouse Inbound Team","Authorized supplier stock replenishment"
2026-08-21,RM-038,"Pandan Leaves",15.01,kg,"Southern Luzon Ingredients Supply","Warehouse Inbound Team","Authorized supplier stock replenishment"
2026-08-26,RM-038,"Pandan Leaves",15.51,kg,"Southern Luzon Ingredients Supply","Warehouse Inbound Team","Authorized supplier stock replenishment"
2026-08-31,RM-038,"Pandan Leaves",11.77,kg,"Southern Luzon Ingredients Supply","Warehouse Inbound Team","Authorized supplier stock replenishment"
2026-01-04,RM-039,"Red Bell Peppers",31.3,kg,"Quezon Agricultural Producers Coop","Warehouse Inbound Team","Authorized supplier stock replenishment"
2026-01-09,RM-039,"Red Bell Peppers",39.7,kg,"Quezon Agricultural Producers Coop","Warehouse Inbound Team","Authorized supplier stock replenishment"
2026-01-14,RM-039,"Red Bell Peppers",44.5,kg,"Quezon Agricultural Producers Coop","Warehouse Inbound Team","Authorized supplier stock replenishment"
2026-01-19,RM-039,"Red Bell Peppers",34.57,kg,"Quezon Agricultural Producers Coop","Warehouse Inbound Team","Authorized supplier stock replenishment"
2026-01-24,RM-039,"Red Bell Peppers",32.92,kg,"Quezon Agricultural Producers Coop","Warehouse Inbound Team","Authorized supplier stock replenishment"
2026-01-29,RM-039,"Red Bell Peppers",43.37,kg,"Quezon Agricultural Producers Coop","Warehouse Inbound Team","Authorized supplier stock replenishment"
2026-02-03,RM-039,"Red Bell Peppers",41.71,kg,"Quezon Agricultural Producers Coop","Warehouse Inbound Team","Authorized supplier stock replenishment"
2026-02-08,RM-039,"Red Bell Peppers",31.79,kg,"Quezon Agricultural Producers Coop","Warehouse Inbound Team","Authorized supplier stock replenishment"
2026-02-13,RM-039,"Red Bell Peppers",36.6,kg,"Quezon Agricultural Producers Coop","Warehouse Inbound Team","Authorized supplier stock replenishment"
2026-02-18,RM-039,"Red Bell Peppers",45,kg,"Quezon Agricultural Producers Coop","Warehouse Inbound Team","Authorized supplier stock replenishment"
2026-02-23,RM-039,"Red Bell Peppers",37.52,kg,"Quezon Agricultural Producers Coop","Warehouse Inbound Team","Authorized supplier stock replenishment"
2026-02-28,RM-039,"Red Bell Peppers",31.49,kg,"Quezon Agricultural Producers Coop","Warehouse Inbound Team","Authorized supplier stock replenishment"
2026-03-05,RM-039,"Red Bell Peppers",40.88,kg,"Quezon Agricultural Producers Coop","Warehouse Inbound Team","Authorized supplier stock replenishment"
2026-03-10,RM-039,"Red Bell Peppers",43.93,kg,"Quezon Agricultural Producers Coop","Warehouse Inbound Team","Authorized supplier stock replenishment"
2026-03-15,RM-039,"Red Bell Peppers",33.58,kg,"Quezon Agricultural Producers Coop","Warehouse Inbound Team","Authorized supplier stock replenishment"
2026-03-20,RM-039,"Red Bell Peppers",33.81,kg,"Quezon Agricultural Producers Coop","Warehouse Inbound Team","Authorized supplier stock replenishment"
2026-03-25,RM-039,"Red Bell Peppers",44.09,kg,"Quezon Agricultural Producers Coop","Warehouse Inbound Team","Authorized supplier stock replenishment"
2026-03-30,RM-039,"Red Bell Peppers",40.6,kg,"Quezon Agricultural Producers Coop","Warehouse Inbound Team","Authorized supplier stock replenishment"
2026-04-04,RM-039,"Red Bell Peppers",31.43,kg,"Quezon Agricultural Producers Coop","Warehouse Inbound Team","Authorized supplier stock replenishment"
2026-04-09,RM-039,"Red Bell Peppers",37.82,kg,"Quezon Agricultural Producers Coop","Warehouse Inbound Team","Authorized supplier stock replenishment"
2026-04-14,RM-039,"Red Bell Peppers",44.97,kg,"Quezon Agricultural Producers Coop","Warehouse Inbound Team","Authorized supplier stock replenishment"
2026-04-19,RM-039,"Red Bell Peppers",36.31,kg,"Quezon Agricultural Producers Coop","Warehouse Inbound Team","Authorized supplier stock replenishment"
2026-04-24,RM-039,"Red Bell Peppers",31.91,kg,"Quezon Agricultural Producers Coop","Warehouse Inbound Team","Authorized supplier stock replenishment"
2026-04-29,RM-039,"Red Bell Peppers",41.96,kg,"Quezon Agricultural Producers Coop","Warehouse Inbound Team","Authorized supplier stock replenishment"
2026-05-04,RM-039,"Red Bell Peppers",43.18,kg,"Quezon Agricultural Producers Coop","Warehouse Inbound Team","Authorized supplier stock replenishment"
2026-05-09,RM-039,"Red Bell Peppers",32.73,kg,"Quezon Agricultural Producers Coop","Warehouse Inbound Team","Authorized supplier stock replenishment"
2026-05-14,RM-039,"Red Bell Peppers",34.83,kg,"Quezon Agricultural Producers Coop","Warehouse Inbound Team","Authorized supplier stock replenishment"
2026-05-19,RM-039,"Red Bell Peppers",44.61,kg,"Quezon Agricultural Producers Coop","Warehouse Inbound Team","Authorized supplier stock replenishment"
2026-05-24,RM-039,"Red Bell Peppers",39.41,kg,"Quezon Agricultural Producers Coop","Warehouse Inbound Team","Authorized supplier stock replenishment"
2026-05-29,RM-039,"Red Bell Peppers",31.28,kg,"Quezon Agricultural Producers Coop","Warehouse Inbound Team","Authorized supplier stock replenishment"
2026-06-03,RM-039,"Red Bell Peppers",39.06,kg,"Quezon Agricultural Producers Coop","Warehouse Inbound Team","Authorized supplier stock replenishment"
2026-06-08,RM-039,"Red Bell Peppers",44.72,kg,"Quezon Agricultural Producers Coop","Warehouse Inbound Team","Authorized supplier stock replenishment"
2026-06-13,RM-039,"Red Bell Peppers",35.15,kg,"Quezon Agricultural Producers Coop","Warehouse Inbound Team","Authorized supplier stock replenishment"
2026-06-18,RM-039,"Red Bell Peppers",32.52,kg,"Quezon Agricultural Producers Coop","Warehouse Inbound Team","Authorized supplier stock replenishment"
2026-06-23,RM-039,"Red Bell Peppers",42.93,kg,"Quezon Agricultural Producers Coop","Warehouse Inbound Team","Authorized supplier stock replenishment"
2026-06-28,RM-039,"Red Bell Peppers",42.26,kg,"Quezon Agricultural Producers Coop","Warehouse Inbound Team","Authorized supplier stock replenishment"
2026-07-03,RM-039,"Red Bell Peppers",32.06,kg,"Quezon Agricultural Producers Coop","Warehouse Inbound Team","Authorized supplier stock replenishment"
2026-07-08,RM-039,"Red Bell Peppers",35.96,kg,"Quezon Agricultural Producers Coop","Warehouse Inbound Team","Authorized supplier stock replenishment"
2026-07-13,RM-039,"Red Bell Peppers",44.92,kg,"Quezon Agricultural Producers Coop","Warehouse Inbound Team","Authorized supplier stock replenishment"
2026-07-18,RM-039,"Red Bell Peppers",38.18,kg,"Quezon Agricultural Producers Coop","Warehouse Inbound Team","Authorized supplier stock replenishment"
2026-07-23,RM-039,"Red Bell Peppers",31.36,kg,"Quezon Agricultural Producers Coop","Warehouse Inbound Team","Authorized supplier stock replenishment"
2026-07-28,RM-039,"Red Bell Peppers",40.26,kg,"Quezon Agricultural Producers Coop","Warehouse Inbound Team","Authorized supplier stock replenishment"
2026-08-02,RM-039,"Red Bell Peppers",44.26,kg,"Quezon Agricultural Producers Coop","Warehouse Inbound Team","Authorized supplier stock replenishment"
2026-08-07,RM-039,"Red Bell Peppers",34.09,kg,"Quezon Agricultural Producers Coop","Warehouse Inbound Team","Authorized supplier stock replenishment"
2026-08-12,RM-039,"Red Bell Peppers",33.32,kg,"Quezon Agricultural Producers Coop","Warehouse Inbound Team","Authorized supplier stock replenishment"
2026-08-17,RM-039,"Red Bell Peppers",43.73,kg,"Quezon Agricultural Producers Coop","Warehouse Inbound Team","Authorized supplier stock replenishment"
2026-08-22,RM-039,"Red Bell Peppers",41.2,kg,"Quezon Agricultural Producers Coop","Warehouse Inbound Team","Authorized supplier stock replenishment"
2026-08-27,RM-039,"Red Bell Peppers",31.59,kg,"Quezon Agricultural Producers Coop","Warehouse Inbound Team","Authorized supplier stock replenishment"
2026-09-01,RM-039,"Red Bell Peppers",37.17,kg,"Quezon Agricultural Producers Coop","Warehouse Inbound Team","Authorized supplier stock replenishment"
2026-01-04,RM-040,"Red Chili Peppers (Siling Labuyo)",36.06,kg,"Southern Luzon Ingredients Supply","Warehouse Inbound Team","Authorized supplier stock replenishment"
2026-01-10,RM-040,"Red Chili Peppers (Siling Labuyo)",36.93,kg,"Southern Luzon Ingredients Supply","Warehouse Inbound Team","Authorized supplier stock replenishment"
2026-01-16,RM-040,"Red Chili Peppers (Siling Labuyo)",27.99,kg,"Southern Luzon Ingredients Supply","Warehouse Inbound Team","Authorized supplier stock replenishment"
2026-01-22,RM-040,"Red Chili Peppers (Siling Labuyo)",29.96,kg,"Southern Luzon Ingredients Supply","Warehouse Inbound Team","Authorized supplier stock replenishment"
2026-01-28,RM-040,"Red Chili Peppers (Siling Labuyo)",38.27,kg,"Southern Luzon Ingredients Supply","Warehouse Inbound Team","Authorized supplier stock replenishment"
2026-02-03,RM-040,"Red Chili Peppers (Siling Labuyo)",33.67,kg,"Southern Luzon Ingredients Supply","Warehouse Inbound Team","Authorized supplier stock replenishment"
2026-02-09,RM-040,"Red Chili Peppers (Siling Labuyo)",26.81,kg,"Southern Luzon Ingredients Supply","Warehouse Inbound Team","Authorized supplier stock replenishment"
2026-02-15,RM-040,"Red Chili Peppers (Siling Labuyo)",33.59,kg,"Southern Luzon Ingredients Supply","Warehouse Inbound Team","Authorized supplier stock replenishment"
2026-02-21,RM-040,"Red Chili Peppers (Siling Labuyo)",38.3,kg,"Southern Luzon Ingredients Supply","Warehouse Inbound Team","Authorized supplier stock replenishment"
2026-02-27,RM-040,"Red Chili Peppers (Siling Labuyo)",30.03,kg,"Southern Luzon Ingredients Supply","Warehouse Inbound Team","Authorized supplier stock replenishment"
2026-03-05,RM-040,"Red Chili Peppers (Siling Labuyo)",27.94,kg,"Southern Luzon Ingredients Supply","Warehouse Inbound Team","Authorized supplier stock replenishment"
2026-03-11,RM-040,"Red Chili Peppers (Siling Labuyo)",36.88,kg,"Southern Luzon Ingredients Supply","Warehouse Inbound Team","Authorized supplier stock replenishment"
2026-03-17,RM-040,"Red Chili Peppers (Siling Labuyo)",36.13,kg,"Southern Luzon Ingredients Supply","Warehouse Inbound Team","Authorized supplier stock replenishment"
2026-03-23,RM-040,"Red Chili Peppers (Siling Labuyo)",27.43,kg,"Southern Luzon Ingredients Supply","Warehouse Inbound Team","Authorized supplier stock replenishment"
2026-03-29,RM-040,"Red Chili Peppers (Siling Labuyo)",30.94,kg,"Southern Luzon Ingredients Supply","Warehouse Inbound Team","Authorized supplier stock replenishment"
2026-04-04,RM-040,"Red Chili Peppers (Siling Labuyo)",38.52,kg,"Southern Luzon Ingredients Supply","Warehouse Inbound Team","Authorized supplier stock replenishment"
2026-04-10,RM-040,"Red Chili Peppers (Siling Labuyo)",32.61,kg,"Southern Luzon Ingredients Supply","Warehouse Inbound Team","Authorized supplier stock replenishment"
2026-04-16,RM-040,"Red Chili Peppers (Siling Labuyo)",26.9,kg,"Southern Luzon Ingredients Supply","Warehouse Inbound Team","Authorized supplier stock replenishment"
2026-04-22,RM-040,"Red Chili Peppers (Siling Labuyo)",34.62,kg,"Southern Luzon Ingredients Supply","Warehouse Inbound Team","Authorized supplier stock replenishment"
2026-04-28,RM-040,"Red Chili Peppers (Siling Labuyo)",37.89,kg,"Southern Luzon Ingredients Supply","Warehouse Inbound Team","Authorized supplier stock replenishment"
2026-05-04,RM-040,"Red Chili Peppers (Siling Labuyo)",22.72,kg,"Southern Luzon Ingredients Supply","Warehouse Inbound Team","Authorized supplier stock replenishment"
2026-05-10,RM-040,"Red Chili Peppers (Siling Labuyo)",22.34,kg,"Southern Luzon Ingredients Supply","Warehouse Inbound Team","Authorized supplier stock replenishment"
2026-05-16,RM-040,"Red Chili Peppers (Siling Labuyo)",29.29,kg,"Southern Luzon Ingredients Supply","Warehouse Inbound Team","Authorized supplier stock replenishment"
2026-05-22,RM-040,"Red Chili Peppers (Siling Labuyo)",27.47,kg,"Southern Luzon Ingredients Supply","Warehouse Inbound Team","Authorized supplier stock replenishment"
2026-05-28,RM-040,"Red Chili Peppers (Siling Labuyo)",21.1,kg,"Southern Luzon Ingredients Supply","Warehouse Inbound Team","Authorized supplier stock replenishment"
2026-06-03,RM-040,"Red Chili Peppers (Siling Labuyo)",24.94,kg,"Southern Luzon Ingredients Supply","Warehouse Inbound Team","Authorized supplier stock replenishment"
2026-06-09,RM-040,"Red Chili Peppers (Siling Labuyo)",30.09,kg,"Southern Luzon Ingredients Supply","Warehouse Inbound Team","Authorized supplier stock replenishment"
2026-06-15,RM-040,"Red Chili Peppers (Siling Labuyo)",24.62,kg,"Southern Luzon Ingredients Supply","Warehouse Inbound Team","Authorized supplier stock replenishment"
2026-06-21,RM-040,"Red Chili Peppers (Siling Labuyo)",21.2,kg,"Southern Luzon Ingredients Supply","Warehouse Inbound Team","Authorized supplier stock replenishment"
2026-06-27,RM-040,"Red Chili Peppers (Siling Labuyo)",27.76,kg,"Southern Luzon Ingredients Supply","Warehouse Inbound Team","Authorized supplier stock replenishment"
2026-07-03,RM-040,"Red Chili Peppers (Siling Labuyo)",29.1,kg,"Southern Luzon Ingredients Supply","Warehouse Inbound Team","Authorized supplier stock replenishment"
2026-07-09,RM-040,"Red Chili Peppers (Siling Labuyo)",22.11,kg,"Southern Luzon Ingredients Supply","Warehouse Inbound Team","Authorized supplier stock replenishment"
2026-07-15,RM-040,"Red Chili Peppers (Siling Labuyo)",22.99,kg,"Southern Luzon Ingredients Supply","Warehouse Inbound Team","Authorized supplier stock replenishment"
2026-07-21,RM-040,"Red Chili Peppers (Siling Labuyo)",29.69,kg,"Southern Luzon Ingredients Supply","Warehouse Inbound Team","Authorized supplier stock replenishment"
2026-07-27,RM-040,"Red Chili Peppers (Siling Labuyo)",26.69,kg,"Southern Luzon Ingredients Supply","Warehouse Inbound Team","Authorized supplier stock replenishment"
2026-08-02,RM-040,"Red Chili Peppers (Siling Labuyo)",20.94,kg,"Southern Luzon Ingredients Supply","Warehouse Inbound Team","Authorized supplier stock replenishment"
2026-08-08,RM-040,"Red Chili Peppers (Siling Labuyo)",25.76,kg,"Southern Luzon Ingredients Supply","Warehouse Inbound Team","Authorized supplier stock replenishment"
2026-08-14,RM-040,"Red Chili Peppers (Siling Labuyo)",29.99,kg,"Southern Luzon Ingredients Supply","Warehouse Inbound Team","Authorized supplier stock replenishment"
2026-08-20,RM-040,"Red Chili Peppers (Siling Labuyo)",23.82,kg,"Southern Luzon Ingredients Supply","Warehouse Inbound Team","Authorized supplier stock replenishment"
2026-08-26,RM-040,"Red Chili Peppers (Siling Labuyo)",21.55,kg,"Southern Luzon Ingredients Supply","Warehouse Inbound Team","Authorized supplier stock replenishment"
2026-09-01,RM-040,"Red Chili Peppers (Siling Labuyo)",28.44,kg,"Southern Luzon Ingredients Supply","Warehouse Inbound Team","Authorized supplier stock replenishment"
2026-01-01,RM-041,"Red Onions",141.16,kg,"Quezon Agricultural Producers Coop","Warehouse Inbound Team","Authorized supplier stock replenishment"
2026-01-06,RM-041,"Red Onions",108.6,kg,"Quezon Agricultural Producers Coop","Warehouse Inbound Team","Authorized supplier stock replenishment"
2026-01-11,RM-041,"Red Onions",128.98,kg,"Quezon Agricultural Producers Coop","Warehouse Inbound Team","Authorized supplier stock replenishment"
2026-01-16,RM-041,"Red Onions",155.07,kg,"Quezon Agricultural Producers Coop","Warehouse Inbound Team","Authorized supplier stock replenishment"
2026-01-21,RM-041,"Red Onions",126.43,kg,"Quezon Agricultural Producers Coop","Warehouse Inbound Team","Authorized supplier stock replenishment"
2026-01-26,RM-041,"Red Onions",109.41,kg,"Quezon Agricultural Producers Coop","Warehouse Inbound Team","Authorized supplier stock replenishment"
2026-01-31,RM-041,"Red Onions",143.45,kg,"Quezon Agricultural Producers Coop","Warehouse Inbound Team","Authorized supplier stock replenishment"
2026-02-05,RM-041,"Red Onions",149.67,kg,"Quezon Agricultural Producers Coop","Warehouse Inbound Team","Authorized supplier stock replenishment"
2026-02-10,RM-041,"Red Onions",113.66,kg,"Quezon Agricultural Producers Coop","Warehouse Inbound Team","Authorized supplier stock replenishment"
2026-02-15,RM-041,"Red Onions",118.86,kg,"Quezon Agricultural Producers Coop","Warehouse Inbound Team","Authorized supplier stock replenishment"
2026-02-20,RM-041,"Red Onions",153.22,kg,"Quezon Agricultural Producers Coop","Warehouse Inbound Team","Authorized supplier stock replenishment"
2026-02-25,RM-041,"Red Onions",137.13,kg,"Quezon Agricultural Producers Coop","Warehouse Inbound Team","Authorized supplier stock replenishment"
2026-03-02,RM-041,"Red Onions",107.87,kg,"Quezon Agricultural Producers Coop","Warehouse Inbound Team","Authorized supplier stock replenishment"
2026-03-07,RM-041,"Red Onions",133.24,kg,"Quezon Agricultural Producers Coop","Warehouse Inbound Team","Authorized supplier stock replenishment"
2026-03-12,RM-041,"Red Onions",154.46,kg,"Quezon Agricultural Producers Coop","Warehouse Inbound Team","Authorized supplier stock replenishment"
2026-03-17,RM-041,"Red Onions",122.36,kg,"Quezon Agricultural Producers Coop","Warehouse Inbound Team","Authorized supplier stock replenishment"
2026-03-22,RM-041,"Red Onions",111.32,kg,"Quezon Agricultural Producers Coop","Warehouse Inbound Team","Authorized supplier stock replenishment"
2026-03-27,RM-041,"Red Onions",146.92,kg,"Quezon Agricultural Producers Coop","Warehouse Inbound Team","Authorized supplier stock replenishment"
2026-04-01,RM-041,"Red Onions",146.67,kg,"Quezon Agricultural Producers Coop","Warehouse Inbound Team","Authorized supplier stock replenishment"
2026-04-06,RM-041,"Red Onions",111.15,kg,"Quezon Agricultural Producers Coop","Warehouse Inbound Team","Authorized supplier stock replenishment"
2026-04-11,RM-041,"Red Onions",122.66,kg,"Quezon Agricultural Producers Coop","Warehouse Inbound Team","Authorized supplier stock replenishment"
2026-04-16,RM-041,"Red Onions",154.53,kg,"Quezon Agricultural Producers Coop","Warehouse Inbound Team","Authorized supplier stock replenishment"
2026-04-21,RM-041,"Red Onions",132.91,kg,"Quezon Agricultural Producers Coop","Warehouse Inbound Team","Authorized supplier stock replenishment"
2026-04-26,RM-041,"Red Onions",107.9,kg,"Quezon Agricultural Producers Coop","Warehouse Inbound Team","Authorized supplier stock replenishment"
2026-05-01,RM-041,"Red Onions",137.44,kg,"Quezon Agricultural Producers Coop","Warehouse Inbound Team","Authorized supplier stock replenishment"
2026-05-06,RM-041,"Red Onions",153.09,kg,"Quezon Agricultural Producers Coop","Warehouse Inbound Team","Authorized supplier stock replenishment"
2026-05-11,RM-041,"Red Onions",118.58,kg,"Quezon Agricultural Producers Coop","Warehouse Inbound Team","Authorized supplier stock replenishment"
2026-05-16,RM-041,"Red Onions",113.88,kg,"Quezon Agricultural Producers Coop","Warehouse Inbound Team","Authorized supplier stock replenishment"
2026-05-21,RM-041,"Red Onions",149.88,kg,"Quezon Agricultural Producers Coop","Warehouse Inbound Team","Authorized supplier stock replenishment"
2026-05-26,RM-041,"Red Onions",143.17,kg,"Quezon Agricultural Producers Coop","Warehouse Inbound Team","Authorized supplier stock replenishment"
2026-05-31,RM-041,"Red Onions",109.3,kg,"Quezon Agricultural Producers Coop","Warehouse Inbound Team","Authorized supplier stock replenishment"
2026-06-05,RM-041,"Red Onions",126.74,kg,"Quezon Agricultural Producers Coop","Warehouse Inbound Team","Authorized supplier stock replenishment"
2026-06-10,RM-041,"Red Onions",155.09,kg,"Quezon Agricultural Producers Coop","Warehouse Inbound Team","Authorized supplier stock replenishment"
2026-06-15,RM-041,"Red Onions",128.65,kg,"Quezon Agricultural Producers Coop","Warehouse Inbound Team","Authorized supplier stock replenishment"
2026-06-20,RM-041,"Red Onions",108.69,kg,"Quezon Agricultural Producers Coop","Warehouse Inbound Team","Authorized supplier stock replenishment"
2026-06-25,RM-041,"Red Onions",141.45,kg,"Quezon Agricultural Producers Coop","Warehouse Inbound Team","Authorized supplier stock replenishment"
2026-06-30,RM-041,"Red Onions",151.03,kg,"Quezon Agricultural Producers Coop","Warehouse Inbound Team","Authorized supplier stock replenishment"
2026-07-05,RM-041,"Red Onions",115.23,kg,"Quezon Agricultural Producers Coop","Warehouse Inbound Team","Authorized supplier stock replenishment"
2026-07-10,RM-041,"Red Onions",117.01,kg,"Quezon Agricultural Producers Coop","Warehouse Inbound Team","Authorized supplier stock replenishment"
2026-07-15,RM-041,"Red Onions",152.24,kg,"Quezon Agricultural Producers Coop","Warehouse Inbound Team","Authorized supplier stock replenishment"
2026-07-20,RM-041,"Red Onions",139.29,kg,"Quezon Agricultural Producers Coop","Warehouse Inbound Team","Authorized supplier stock replenishment"
2026-07-25,RM-041,"Red Onions",108.16,kg,"Quezon Agricultural Producers Coop","Warehouse Inbound Team","Authorized supplier stock replenishment"
2026-07-30,RM-041,"Red Onions",130.98,kg,"Quezon Agricultural Producers Coop","Warehouse Inbound Team","Authorized supplier stock replenishment"
2026-08-04,RM-041,"Red Onions",154.88,kg,"Quezon Agricultural Producers Coop","Warehouse Inbound Team","Authorized supplier stock replenishment"
2026-08-09,RM-041,"Red Onions",124.48,kg,"Quezon Agricultural Producers Coop","Warehouse Inbound Team","Authorized supplier stock replenishment"
2026-08-14,RM-041,"Red Onions",110.22,kg,"Quezon Agricultural Producers Coop","Warehouse Inbound Team","Authorized supplier stock replenishment"
2026-08-19,RM-041,"Red Onions",145.14,kg,"Quezon Agricultural Producers Coop","Warehouse Inbound Team","Authorized supplier stock replenishment"
2026-08-24,RM-041,"Red Onions",148.33,kg,"Quezon Agricultural Producers Coop","Warehouse Inbound Team","Authorized supplier stock replenishment"
2026-08-29,RM-041,"Red Onions",112.4,kg,"Quezon Agricultural Producers Coop","Warehouse Inbound Team","Authorized supplier stock replenishment"
2026-01-07,RM-042,"Unripe Green Saba Bananas",501.3,kg,"Southern Luzon Ingredients Supply","Warehouse Inbound Team","Authorized supplier stock replenishment"
2026-01-14,RM-042,"Unripe Green Saba Bananas",640.31,kg,"Southern Luzon Ingredients Supply","Warehouse Inbound Team","Authorized supplier stock replenishment"
2026-01-21,RM-042,"Unripe Green Saba Bananas",710.1,kg,"Southern Luzon Ingredients Supply","Warehouse Inbound Team","Authorized supplier stock replenishment"
2026-01-28,RM-042,"Unripe Green Saba Bananas",548.95,kg,"Southern Luzon Ingredients Supply","Warehouse Inbound Team","Authorized supplier stock replenishment"
2026-02-04,RM-042,"Unripe Green Saba Bananas",530.26,kg,"Southern Luzon Ingredients Supply","Warehouse Inbound Team","Authorized supplier stock replenishment"
2026-02-11,RM-042,"Unripe Green Saba Bananas",697.33,kg,"Southern Luzon Ingredients Supply","Warehouse Inbound Team","Authorized supplier stock replenishment"
2026-02-18,RM-042,"Unripe Green Saba Bananas",663.05,kg,"Southern Luzon Ingredients Supply","Warehouse Inbound Team","Authorized supplier stock replenishment"
2026-02-25,RM-042,"Unripe Green Saba Bananas",506.85,kg,"Southern Luzon Ingredients Supply","Warehouse Inbound Team","Authorized supplier stock replenishment"
2026-03-04,RM-042,"Unripe Green Saba Bananas",590.66,kg,"Southern Luzon Ingredients Supply","Warehouse Inbound Team","Authorized supplier stock replenishment"
2026-03-11,RM-042,"Unripe Green Saba Bananas",720.29,kg,"Southern Luzon Ingredients Supply","Warehouse Inbound Team","Authorized supplier stock replenishment"
2026-03-18,RM-042,"Unripe Green Saba Bananas",595.38,kg,"Southern Luzon Ingredients Supply","Warehouse Inbound Team","Authorized supplier stock replenishment"
2026-03-25,RM-042,"Unripe Green Saba Bananas",505.35,kg,"Southern Luzon Ingredients Supply","Warehouse Inbound Team","Authorized supplier stock replenishment"
2026-04-01,RM-042,"Unripe Green Saba Bananas",658.8,kg,"Southern Luzon Ingredients Supply","Warehouse Inbound Team","Authorized supplier stock replenishment"
2026-04-08,RM-042,"Unripe Green Saba Bananas",700.18,kg,"Southern Luzon Ingredients Supply","Warehouse Inbound Team","Authorized supplier stock replenishment"
2026-04-15,RM-042,"Unripe Green Saba Bananas",533.61,kg,"Southern Luzon Ingredients Supply","Warehouse Inbound Team","Authorized supplier stock replenishment"
2026-04-22,RM-042,"Unripe Green Saba Bananas",545.05,kg,"Southern Luzon Ingredients Supply","Warehouse Inbound Team","Authorized supplier stock replenishment"
2026-04-29,RM-042,"Unripe Green Saba Bananas",707.99,kg,"Southern Luzon Ingredients Supply","Warehouse Inbound Team","Authorized supplier stock replenishment"
2026-05-06,RM-042,"Unripe Green Saba Bananas",644.89,kg,"Southern Luzon Ingredients Supply","Warehouse Inbound Team","Authorized supplier stock replenishment"
2026-05-13,RM-042,"Unripe Green Saba Bananas",501.95,kg,"Southern Luzon Ingredients Supply","Warehouse Inbound Team","Authorized supplier stock replenishment"
2026-05-20,RM-042,"Unripe Green Saba Bananas",610.38,kg,"Southern Luzon Ingredients Supply","Warehouse Inbound Team","Authorized supplier stock replenishment"
2026-05-27,RM-042,"Unripe Green Saba Bananas",718.93,kg,"Southern Luzon Ingredients Supply","Warehouse Inbound Team","Authorized supplier stock replenishment"
2026-06-03,RM-042,"Unripe Green Saba Bananas",576.09,kg,"Southern Luzon Ingredients Supply","Warehouse Inbound Team","Authorized supplier stock replenishment"
2026-06-10,RM-042,"Unripe Green Saba Bananas",512.82,kg,"Southern Luzon Ingredients Supply","Warehouse Inbound Team","Authorized supplier stock replenishment"
2026-06-17,RM-042,"Unripe Green Saba Bananas",101.36,kg,"Southern Luzon Ingredients Supply","Warehouse Inbound Team","Authorized supplier stock replenishment"
2026-06-24,RM-042,"Unripe Green Saba Bananas",103.1,kg,"Southern Luzon Ingredients Supply","Warehouse Inbound Team","Authorized supplier stock replenishment"
2026-07-01,RM-042,"Unripe Green Saba Bananas",78.11,kg,"Southern Luzon Ingredients Supply","Warehouse Inbound Team","Authorized supplier stock replenishment"
2026-07-08,RM-042,"Unripe Green Saba Bananas",84.29,kg,"Southern Luzon Ingredients Supply","Warehouse Inbound Team","Authorized supplier stock replenishment"
2026-07-15,RM-042,"Unripe Green Saba Bananas",107.32,kg,"Southern Luzon Ingredients Supply","Warehouse Inbound Team","Authorized supplier stock replenishment"
2026-07-22,RM-042,"Unripe Green Saba Bananas",93.84,kg,"Southern Luzon Ingredients Supply","Warehouse Inbound Team","Authorized supplier stock replenishment"
2026-07-29,RM-042,"Unripe Green Saba Bananas",75.09,kg,"Southern Luzon Ingredients Supply","Warehouse Inbound Team","Authorized supplier stock replenishment"
2026-08-05,RM-042,"Unripe Green Saba Bananas",94.51,kg,"Southern Luzon Ingredients Supply","Warehouse Inbound Team","Authorized supplier stock replenishment"
2026-08-12,RM-042,"Unripe Green Saba Bananas",107.11,kg,"Southern Luzon Ingredients Supply","Warehouse Inbound Team","Authorized supplier stock replenishment"
2026-08-19,RM-042,"Unripe Green Saba Bananas",83.69,kg,"Southern Luzon Ingredients Supply","Warehouse Inbound Team","Authorized supplier stock replenishment"
2026-08-26,RM-042,"Unripe Green Saba Bananas",78.52,kg,"Southern Luzon Ingredients Supply","Warehouse Inbound Team","Authorized supplier stock replenishment"
2026-09-02,RM-042,"Unripe Green Saba Bananas",103.58,kg,"Southern Luzon Ingredients Supply","Warehouse Inbound Team","Authorized supplier stock replenishment"
2026-01-03,RM-043,"Fresh Acetes Shrimp (Alamang)",97.06,kg,"Quezon Agricultural Producers Coop","Warehouse Inbound Team","Authorized supplier stock replenishment"
2026-01-08,RM-043,"Fresh Acetes Shrimp (Alamang)",98.27,kg,"Quezon Agricultural Producers Coop","Warehouse Inbound Team","Authorized supplier stock replenishment"
2026-01-13,RM-043,"Fresh Acetes Shrimp (Alamang)",74.44,kg,"Quezon Agricultural Producers Coop","Warehouse Inbound Team","Authorized supplier stock replenishment"
2026-01-18,RM-043,"Fresh Acetes Shrimp (Alamang)",80.79,kg,"Quezon Agricultural Producers Coop","Warehouse Inbound Team","Authorized supplier stock replenishment"
2026-01-23,RM-043,"Fresh Acetes Shrimp (Alamang)",102.6,kg,"Quezon Agricultural Producers Coop","Warehouse Inbound Team","Authorized supplier stock replenishment"
2026-01-28,RM-043,"Fresh Acetes Shrimp (Alamang)",89.34,kg,"Quezon Agricultural Producers Coop","Warehouse Inbound Team","Authorized supplier stock replenishment"
2026-02-02,RM-043,"Fresh Acetes Shrimp (Alamang)",71.73,kg,"Quezon Agricultural Producers Coop","Warehouse Inbound Team","Authorized supplier stock replenishment"
2026-02-07,RM-043,"Fresh Acetes Shrimp (Alamang)",90.58,kg,"Quezon Agricultural Producers Coop","Warehouse Inbound Team","Authorized supplier stock replenishment"
2026-02-12,RM-043,"Fresh Acetes Shrimp (Alamang)",102.21,kg,"Quezon Agricultural Producers Coop","Warehouse Inbound Team","Authorized supplier stock replenishment"
2026-02-17,RM-043,"Fresh Acetes Shrimp (Alamang)",79.68,kg,"Quezon Agricultural Producers Coop","Warehouse Inbound Team","Authorized supplier stock replenishment"
2026-02-22,RM-043,"Fresh Acetes Shrimp (Alamang)",75.19,kg,"Quezon Agricultural Producers Coop","Warehouse Inbound Team","Authorized supplier stock replenishment"
2026-02-27,RM-043,"Fresh Acetes Shrimp (Alamang)",99.14,kg,"Quezon Agricultural Producers Coop","Warehouse Inbound Team","Authorized supplier stock replenishment"
2026-03-04,RM-043,"Fresh Acetes Shrimp (Alamang)",96.04,kg,"Quezon Agricultural Producers Coop","Warehouse Inbound Team","Authorized supplier stock replenishment"
2026-03-09,RM-043,"Fresh Acetes Shrimp (Alamang)",73.07,kg,"Quezon Agricultural Producers Coop","Warehouse Inbound Team","Authorized supplier stock replenishment"
2026-03-14,RM-043,"Fresh Acetes Shrimp (Alamang)",83.46,kg,"Quezon Agricultural Producers Coop","Warehouse Inbound Team","Authorized supplier stock replenishment"
2026-03-19,RM-043,"Fresh Acetes Shrimp (Alamang)",103.13,kg,"Quezon Agricultural Producers Coop","Warehouse Inbound Team","Authorized supplier stock replenishment"
2026-03-24,RM-043,"Fresh Acetes Shrimp (Alamang)",86.5,kg,"Quezon Agricultural Producers Coop","Warehouse Inbound Team","Authorized supplier stock replenishment"
2026-03-29,RM-043,"Fresh Acetes Shrimp (Alamang)",72.1,kg,"Quezon Agricultural Producers Coop","Warehouse Inbound Team","Authorized supplier stock replenishment"
2026-04-03,RM-043,"Fresh Acetes Shrimp (Alamang)",93.3,kg,"Quezon Agricultural Producers Coop","Warehouse Inbound Team","Authorized supplier stock replenishment"
2026-04-08,RM-043,"Fresh Acetes Shrimp (Alamang)",100.98,kg,"Quezon Agricultural Producers Coop","Warehouse Inbound Team","Authorized supplier stock replenishment"
2026-04-13,RM-043,"Fresh Acetes Shrimp (Alamang)",77.35,kg,"Quezon Agricultural Producers Coop","Warehouse Inbound Team","Authorized supplier stock replenishment"
2026-04-18,RM-043,"Fresh Acetes Shrimp (Alamang)",77.16,kg,"Quezon Agricultural Producers Coop","Warehouse Inbound Team","Authorized supplier stock replenishment"
2026-04-23,RM-043,"Fresh Acetes Shrimp (Alamang)",100.85,kg,"Quezon Agricultural Producers Coop","Warehouse Inbound Team","Authorized supplier stock replenishment"
2026-04-28,RM-043,"Fresh Acetes Shrimp (Alamang)",93.53,kg,"Quezon Agricultural Producers Coop","Warehouse Inbound Team","Authorized supplier stock replenishment"
2026-05-03,RM-043,"Fresh Acetes Shrimp (Alamang)",72.16,kg,"Quezon Agricultural Producers Coop","Warehouse Inbound Team","Authorized supplier stock replenishment"
2026-05-08,RM-043,"Fresh Acetes Shrimp (Alamang)",86.25,kg,"Quezon Agricultural Producers Coop","Warehouse Inbound Team","Authorized supplier stock replenishment"
2026-05-13,RM-043,"Fresh Acetes Shrimp (Alamang)",103.15,kg,"Quezon Agricultural Producers Coop","Warehouse Inbound Team","Authorized supplier stock replenishment"
2026-05-18,RM-043,"Fresh Acetes Shrimp (Alamang)",83.7,kg,"Quezon Agricultural Producers Coop","Warehouse Inbound Team","Authorized supplier stock replenishment"
2026-05-23,RM-043,"Fresh Acetes Shrimp (Alamang)",72.97,kg,"Quezon Agricultural Producers Coop","Warehouse Inbound Team","Authorized supplier stock replenishment"
2026-05-28,RM-043,"Fresh Acetes Shrimp (Alamang)",95.83,kg,"Quezon Agricultural Producers Coop","Warehouse Inbound Team","Authorized supplier stock replenishment"
2026-06-02,RM-043,"Fresh Acetes Shrimp (Alamang)",99.31,kg,"Quezon Agricultural Producers Coop","Warehouse Inbound Team","Authorized supplier stock replenishment"
2026-06-07,RM-043,"Fresh Acetes Shrimp (Alamang)",75.35,kg,"Quezon Agricultural Producers Coop","Warehouse Inbound Team","Authorized supplier stock replenishment"
2026-06-12,RM-043,"Fresh Acetes Shrimp (Alamang)",79.46,kg,"Quezon Agricultural Producers Coop","Warehouse Inbound Team","Authorized supplier stock replenishment"
2026-06-17,RM-043,"Fresh Acetes Shrimp (Alamang)",102.12,kg,"Quezon Agricultural Producers Coop","Warehouse Inbound Team","Authorized supplier stock replenishment"
2026-06-22,RM-043,"Fresh Acetes Shrimp (Alamang)",90.82,kg,"Quezon Agricultural Producers Coop","Warehouse Inbound Team","Authorized supplier stock replenishment"
2026-06-27,RM-043,"Fresh Acetes Shrimp (Alamang)",71.74,kg,"Quezon Agricultural Producers Coop","Warehouse Inbound Team","Authorized supplier stock replenishment"
2026-07-02,RM-043,"Fresh Acetes Shrimp (Alamang)",89.09,kg,"Quezon Agricultural Producers Coop","Warehouse Inbound Team","Authorized supplier stock replenishment"
2026-07-07,RM-043,"Fresh Acetes Shrimp (Alamang)",102.67,kg,"Quezon Agricultural Producers Coop","Warehouse Inbound Team","Authorized supplier stock replenishment"
2026-07-12,RM-043,"Fresh Acetes Shrimp (Alamang)",81.02,kg,"Quezon Agricultural Producers Coop","Warehouse Inbound Team","Authorized supplier stock replenishment"
2026-07-17,RM-043,"Fresh Acetes Shrimp (Alamang)",74.3,kg,"Quezon Agricultural Producers Coop","Warehouse Inbound Team","Authorized supplier stock replenishment"
2026-07-22,RM-043,"Fresh Acetes Shrimp (Alamang)",98.08,kg,"Quezon Agricultural Producers Coop","Warehouse Inbound Team","Authorized supplier stock replenishment"
2026-07-27,RM-043,"Fresh Acetes Shrimp (Alamang)",97.26,kg,"Quezon Agricultural Producers Coop","Warehouse Inbound Team","Authorized supplier stock replenishment"
2026-08-01,RM-043,"Fresh Acetes Shrimp (Alamang)",73.74,kg,"Quezon Agricultural Producers Coop","Warehouse Inbound Team","Authorized supplier stock replenishment"
2026-08-06,RM-043,"Fresh Acetes Shrimp (Alamang)",82.02,kg,"Quezon Agricultural Producers Coop","Warehouse Inbound Team","Authorized supplier stock replenishment"
2026-08-11,RM-043,"Fresh Acetes Shrimp (Alamang)",102.91,kg,"Quezon Agricultural Producers Coop","Warehouse Inbound Team","Authorized supplier stock replenishment"
2026-08-16,RM-043,"Fresh Acetes Shrimp (Alamang)",88.01,kg,"Quezon Agricultural Producers Coop","Warehouse Inbound Team","Authorized supplier stock replenishment"
2026-08-21,RM-043,"Fresh Acetes Shrimp (Alamang)",71.84,kg,"Quezon Agricultural Producers Coop","Warehouse Inbound Team","Authorized supplier stock replenishment"
2026-08-26,RM-043,"Fresh Acetes Shrimp (Alamang)",91.87,kg,"Quezon Agricultural Producers Coop","Warehouse Inbound Team","Authorized supplier stock replenishment"
2026-08-31,RM-043,"Fresh Acetes Shrimp (Alamang)",101.69,kg,"Quezon Agricultural Producers Coop","Warehouse Inbound Team","Authorized supplier stock replenishment"
2026-01-02,RM-044,"Fresh Bangus (Milkfish) Skin",132.68,kg,"Southern Luzon Ingredients Supply","Warehouse Inbound Team","Authorized supplier stock replenishment"
2026-01-08,RM-044,"Fresh Bangus (Milkfish) Skin",102.57,kg,"Southern Luzon Ingredients Supply","Warehouse Inbound Team","Authorized supplier stock replenishment"
2026-01-14,RM-044,"Fresh Bangus (Milkfish) Skin",123.15,kg,"Southern Luzon Ingredients Supply","Warehouse Inbound Team","Authorized supplier stock replenishment"
2026-01-20,RM-044,"Fresh Bangus (Milkfish) Skin",146.73,kg,"Southern Luzon Ingredients Supply","Warehouse Inbound Team","Authorized supplier stock replenishment"
2026-01-26,RM-044,"Fresh Bangus (Milkfish) Skin",118.67,kg,"Southern Luzon Ingredients Supply","Warehouse Inbound Team","Authorized supplier stock replenishment"
2026-02-01,RM-044,"Fresh Bangus (Milkfish) Skin",103.99,kg,"Southern Luzon Ingredients Supply","Warehouse Inbound Team","Authorized supplier stock replenishment"
2026-02-07,RM-044,"Fresh Bangus (Milkfish) Skin",136.7,kg,"Southern Luzon Ingredients Supply","Warehouse Inbound Team","Authorized supplier stock replenishment"
2026-02-13,RM-044,"Fresh Bangus (Milkfish) Skin",141.01,kg,"Southern Luzon Ingredients Supply","Warehouse Inbound Team","Authorized supplier stock replenishment"
2026-02-19,RM-044,"Fresh Bangus (Milkfish) Skin",106.94,kg,"Southern Luzon Ingredients Supply","Warehouse Inbound Team","Authorized supplier stock replenishment"
2026-02-25,RM-044,"Fresh Bangus (Milkfish) Skin",113.43,kg,"Southern Luzon Ingredients Supply","Warehouse Inbound Team","Authorized supplier stock replenishment"
2026-03-03,RM-044,"Fresh Bangus (Milkfish) Skin",145.45,kg,"Southern Luzon Ingredients Supply","Warehouse Inbound Team","Authorized supplier stock replenishment"
2026-03-09,RM-044,"Fresh Bangus (Milkfish) Skin",128.8,kg,"Southern Luzon Ingredients Supply","Warehouse Inbound Team","Authorized supplier stock replenishment"
2026-03-15,RM-044,"Fresh Bangus (Milkfish) Skin",102.06,kg,"Southern Luzon Ingredients Supply","Warehouse Inbound Team","Authorized supplier stock replenishment"
2026-03-21,RM-044,"Fresh Bangus (Milkfish) Skin",127.19,kg,"Southern Luzon Ingredients Supply","Warehouse Inbound Team","Authorized supplier stock replenishment"
2026-03-27,RM-044,"Fresh Bangus (Milkfish) Skin",145.96,kg,"Southern Luzon Ingredients Supply","Warehouse Inbound Team","Authorized supplier stock replenishment"
2026-04-02,RM-044,"Fresh Bangus (Milkfish) Skin",114.88,kg,"Southern Luzon Ingredients Supply","Warehouse Inbound Team","Authorized supplier stock replenishment"
2026-04-08,RM-044,"Fresh Bangus (Milkfish) Skin",105.96,kg,"Southern Luzon Ingredients Supply","Warehouse Inbound Team","Authorized supplier stock replenishment"
2026-04-14,RM-044,"Fresh Bangus (Milkfish) Skin",139.87,kg,"Southern Luzon Ingredients Supply","Warehouse Inbound Team","Authorized supplier stock replenishment"
2026-04-20,RM-044,"Fresh Bangus (Milkfish) Skin",138.04,kg,"Southern Luzon Ingredients Supply","Warehouse Inbound Team","Authorized supplier stock replenishment"
2026-04-26,RM-044,"Fresh Bangus (Milkfish) Skin",104.71,kg,"Southern Luzon Ingredients Supply","Warehouse Inbound Team","Authorized supplier stock replenishment"
2026-05-02,RM-044,"Fresh Bangus (Milkfish) Skin",91.35,kg,"Southern Luzon Ingredients Supply","Warehouse Inbound Team","Authorized supplier stock replenishment"
2026-05-08,RM-044,"Fresh Bangus (Milkfish) Skin",114.27,kg,"Southern Luzon Ingredients Supply","Warehouse Inbound Team","Authorized supplier stock replenishment"
2026-05-14,RM-044,"Fresh Bangus (Milkfish) Skin",97.34,kg,"Southern Luzon Ingredients Supply","Warehouse Inbound Team","Authorized supplier stock replenishment"
2026-05-20,RM-044,"Fresh Bangus (Milkfish) Skin",79.78,kg,"Southern Luzon Ingredients Supply","Warehouse Inbound Team","Authorized supplier stock replenishment"
2026-05-26,RM-044,"Fresh Bangus (Milkfish) Skin",102.28,kg,"Southern Luzon Ingredients Supply","Warehouse Inbound Team","Authorized supplier stock replenishment"
2026-06-01,RM-044,"Fresh Bangus (Milkfish) Skin",112.71,kg,"Southern Luzon Ingredients Supply","Warehouse Inbound Team","Authorized supplier stock replenishment"
2026-06-07,RM-044,"Fresh Bangus (Milkfish) Skin",86.89,kg,"Southern Luzon Ingredients Supply","Warehouse Inbound Team","Authorized supplier stock replenishment"
2026-06-13,RM-044,"Fresh Bangus (Milkfish) Skin",84.66,kg,"Southern Luzon Ingredients Supply","Warehouse Inbound Team","Authorized supplier stock replenishment"
2026-06-19,RM-044,"Fresh Bangus (Milkfish) Skin",111.18,kg,"Southern Luzon Ingredients Supply","Warehouse Inbound Team","Authorized supplier stock replenishment"
2026-06-25,RM-044,"Fresh Bangus (Milkfish) Skin",105.01,kg,"Southern Luzon Ingredients Supply","Warehouse Inbound Team","Authorized supplier stock replenishment"
2026-07-01,RM-044,"Fresh Bangus (Milkfish) Skin",80.44,kg,"Southern Luzon Ingredients Supply","Warehouse Inbound Team","Authorized supplier stock replenishment"
2026-07-07,RM-044,"Fresh Bangus (Milkfish) Skin",94.4,kg,"Southern Luzon Ingredients Supply","Warehouse Inbound Team","Authorized supplier stock replenishment"
2026-07-13,RM-044,"Fresh Bangus (Milkfish) Skin",114.54,kg,"Southern Luzon Ingredients Supply","Warehouse Inbound Team","Authorized supplier stock replenishment"
2026-07-19,RM-044,"Fresh Bangus (Milkfish) Skin",94.2,kg,"Southern Luzon Ingredients Supply","Warehouse Inbound Team","Authorized supplier stock replenishment"
2026-07-25,RM-044,"Fresh Bangus (Milkfish) Skin",80.51,kg,"Southern Luzon Ingredients Supply","Warehouse Inbound Team","Authorized supplier stock replenishment"
2026-07-31,RM-044,"Fresh Bangus (Milkfish) Skin",105.19,kg,"Southern Luzon Ingredients Supply","Warehouse Inbound Team","Authorized supplier stock replenishment"
2026-08-06,RM-044,"Fresh Bangus (Milkfish) Skin",111.05,kg,"Southern Luzon Ingredients Supply","Warehouse Inbound Team","Authorized supplier stock replenishment"
2026-08-12,RM-044,"Fresh Bangus (Milkfish) Skin",84.51,kg,"Southern Luzon Ingredients Supply","Warehouse Inbound Team","Authorized supplier stock replenishment"
2026-08-18,RM-044,"Fresh Bangus (Milkfish) Skin",87.06,kg,"Southern Luzon Ingredients Supply","Warehouse Inbound Team","Authorized supplier stock replenishment"
2026-08-24,RM-044,"Fresh Bangus (Milkfish) Skin",112.8,kg,"Southern Luzon Ingredients Supply","Warehouse Inbound Team","Authorized supplier stock replenishment"
2026-08-30,RM-044,"Fresh Bangus (Milkfish) Skin",102.08,kg,"Southern Luzon Ingredients Supply","Warehouse Inbound Team","Authorized supplier stock replenishment"
2026-01-03,RM-045,"Fresh Chiton Mollusk (Kibit)",94.18,kg,"Quezon Agricultural Producers Coop","Warehouse Inbound Team","Authorized supplier stock replenishment"
2026-01-10,RM-045,"Fresh Chiton Mollusk (Kibit)",121.05,kg,"Quezon Agricultural Producers Coop","Warehouse Inbound Team","Authorized supplier stock replenishment"
2026-01-17,RM-045,"Fresh Chiton Mollusk (Kibit)",132.79,kg,"Quezon Agricultural Producers Coop","Warehouse Inbound Team","Authorized supplier stock replenishment"
2026-01-24,RM-045,"Fresh Chiton Mollusk (Kibit)",102.2,kg,"Quezon Agricultural Producers Coop","Warehouse Inbound Team","Authorized supplier stock replenishment"
2026-01-31,RM-045,"Fresh Chiton Mollusk (Kibit)",100.16,kg,"Quezon Agricultural Producers Coop","Warehouse Inbound Team","Authorized supplier stock replenishment"
2026-02-07,RM-045,"Fresh Chiton Mollusk (Kibit)",131.4,kg,"Quezon Agricultural Producers Coop","Warehouse Inbound Team","Authorized supplier stock replenishment"
2026-02-14,RM-045,"Fresh Chiton Mollusk (Kibit)",123.54,kg,"Quezon Agricultural Producers Coop","Warehouse Inbound Team","Authorized supplier stock replenishment"
2026-02-21,RM-045,"Fresh Chiton Mollusk (Kibit)",94.79,kg,"Quezon Agricultural Producers Coop","Warehouse Inbound Team","Authorized supplier stock replenishment"
2026-02-28,RM-045,"Fresh Chiton Mollusk (Kibit)",111.76,kg,"Quezon Agricultural Producers Coop","Warehouse Inbound Team","Authorized supplier stock replenishment"
2026-03-07,RM-045,"Fresh Chiton Mollusk (Kibit)",135.13,kg,"Quezon Agricultural Producers Coop","Warehouse Inbound Team","Authorized supplier stock replenishment"
2026-03-14,RM-045,"Fresh Chiton Mollusk (Kibit)",110.74,kg,"Quezon Agricultural Producers Coop","Warehouse Inbound Team","Authorized supplier stock replenishment"
2026-03-21,RM-045,"Fresh Chiton Mollusk (Kibit)",95.11,kg,"Quezon Agricultural Producers Coop","Warehouse Inbound Team","Authorized supplier stock replenishment"
2026-03-28,RM-045,"Fresh Chiton Mollusk (Kibit)",124.45,kg,"Quezon Agricultural Producers Coop","Warehouse Inbound Team","Authorized supplier stock replenishment"
2026-04-04,RM-045,"Fresh Chiton Mollusk (Kibit)",130.78,kg,"Quezon Agricultural Producers Coop","Warehouse Inbound Team","Authorized supplier stock replenishment"
2026-04-11,RM-045,"Fresh Chiton Mollusk (Kibit)",99.43,kg,"Quezon Agricultural Producers Coop","Warehouse Inbound Team","Authorized supplier stock replenishment"
2026-04-18,RM-045,"Fresh Chiton Mollusk (Kibit)",103.04,kg,"Quezon Agricultural Producers Coop","Warehouse Inbound Team","Authorized supplier stock replenishment"
2026-04-25,RM-045,"Fresh Chiton Mollusk (Kibit)",133.25,kg,"Quezon Agricultural Producers Coop","Warehouse Inbound Team","Authorized supplier stock replenishment"
2026-05-02,RM-045,"Fresh Chiton Mollusk (Kibit)",120.06,kg,"Quezon Agricultural Producers Coop","Warehouse Inbound Team","Authorized supplier stock replenishment"
2026-05-09,RM-045,"Fresh Chiton Mollusk (Kibit)",94.04,kg,"Quezon Agricultural Producers Coop","Warehouse Inbound Team","Authorized supplier stock replenishment"
2026-05-16,RM-045,"Fresh Chiton Mollusk (Kibit)",115.48,kg,"Quezon Agricultural Producers Coop","Warehouse Inbound Team","Authorized supplier stock replenishment"
2026-05-23,RM-045,"Fresh Chiton Mollusk (Kibit)",134.7,kg,"Quezon Agricultural Producers Coop","Warehouse Inbound Team","Authorized supplier stock replenishment"
2026-05-30,RM-045,"Fresh Chiton Mollusk (Kibit)",107.17,kg,"Quezon Agricultural Producers Coop","Warehouse Inbound Team","Authorized supplier stock replenishment"
2026-06-06,RM-045,"Fresh Chiton Mollusk (Kibit)",96.67,kg,"Quezon Agricultural Producers Coop","Warehouse Inbound Team","Authorized supplier stock replenishment"
2026-06-13,RM-045,"Fresh Chiton Mollusk (Kibit)",19.13,kg,"Quezon Agricultural Producers Coop","Warehouse Inbound Team","Authorized supplier stock replenishment"
2026-06-20,RM-045,"Fresh Chiton Mollusk (Kibit)",19.24,kg,"Quezon Agricultural Producers Coop","Warehouse Inbound Team","Authorized supplier stock replenishment"
2026-06-27,RM-045,"Fresh Chiton Mollusk (Kibit)",14.57,kg,"Quezon Agricultural Producers Coop","Warehouse Inbound Team","Authorized supplier stock replenishment"
2026-07-04,RM-045,"Fresh Chiton Mollusk (Kibit)",15.95,kg,"Quezon Agricultural Producers Coop","Warehouse Inbound Team","Authorized supplier stock replenishment"
2026-07-11,RM-045,"Fresh Chiton Mollusk (Kibit)",20.17,kg,"Quezon Agricultural Producers Coop","Warehouse Inbound Team","Authorized supplier stock replenishment"
2026-07-18,RM-045,"Fresh Chiton Mollusk (Kibit)",17.46,kg,"Quezon Agricultural Producers Coop","Warehouse Inbound Team","Authorized supplier stock replenishment"
2026-07-25,RM-045,"Fresh Chiton Mollusk (Kibit)",14.09,kg,"Quezon Agricultural Producers Coop","Warehouse Inbound Team","Authorized supplier stock replenishment"
2026-08-01,RM-045,"Fresh Chiton Mollusk (Kibit)",17.87,kg,"Quezon Agricultural Producers Coop","Warehouse Inbound Team","Authorized supplier stock replenishment"
2026-08-08,RM-045,"Fresh Chiton Mollusk (Kibit)",20.04,kg,"Quezon Agricultural Producers Coop","Warehouse Inbound Team","Authorized supplier stock replenishment"
2026-08-15,RM-045,"Fresh Chiton Mollusk (Kibit)",15.57,kg,"Quezon Agricultural Producers Coop","Warehouse Inbound Team","Authorized supplier stock replenishment"
2026-08-22,RM-045,"Fresh Chiton Mollusk (Kibit)",14.82,kg,"Quezon Agricultural Producers Coop","Warehouse Inbound Team","Authorized supplier stock replenishment"
2026-08-29,RM-045,"Fresh Chiton Mollusk (Kibit)",19.53,kg,"Quezon Agricultural Producers Coop","Warehouse Inbound Team","Authorized supplier stock replenishment"
2026-01-01,RM-046,"Fresh Kabasi Fish",73.14,kg,"Southern Luzon Ingredients Supply","Warehouse Inbound Team","Authorized supplier stock replenishment"
2026-01-06,RM-046,"Fresh Kabasi Fish",73.21,kg,"Southern Luzon Ingredients Supply","Warehouse Inbound Team","Authorized supplier stock replenishment"
2026-01-11,RM-046,"Fresh Kabasi Fish",55.47,kg,"Southern Luzon Ingredients Supply","Warehouse Inbound Team","Authorized supplier stock replenishment"
2026-01-16,RM-046,"Fresh Kabasi Fish",61.03,kg,"Southern Luzon Ingredients Supply","Warehouse Inbound Team","Authorized supplier stock replenishment"
2026-01-21,RM-046,"Fresh Kabasi Fish",77.01,kg,"Southern Luzon Ingredients Supply","Warehouse Inbound Team","Authorized supplier stock replenishment"
2026-01-26,RM-046,"Fresh Kabasi Fish",66.38,kg,"Southern Luzon Ingredients Supply","Warehouse Inbound Team","Authorized supplier stock replenishment"
2026-01-31,RM-046,"Fresh Kabasi Fish",53.78,kg,"Southern Luzon Ingredients Supply","Warehouse Inbound Team","Authorized supplier stock replenishment"
2026-02-05,RM-046,"Fresh Kabasi Fish",68.4,kg,"Southern Luzon Ingredients Supply","Warehouse Inbound Team","Authorized supplier stock replenishment"
2026-02-10,RM-046,"Fresh Kabasi Fish",76.37,kg,"Southern Luzon Ingredients Supply","Warehouse Inbound Team","Authorized supplier stock replenishment"
2026-02-15,RM-046,"Fresh Kabasi Fish",59.22,kg,"Southern Luzon Ingredients Supply","Warehouse Inbound Team","Authorized supplier stock replenishment"
2026-02-20,RM-046,"Fresh Kabasi Fish",56.69,kg,"Southern Luzon Ingredients Supply","Warehouse Inbound Team","Authorized supplier stock replenishment"
2026-02-25,RM-046,"Fresh Kabasi Fish",74.64,kg,"Southern Luzon Ingredients Supply","Warehouse Inbound Team","Authorized supplier stock replenishment"
2026-03-02,RM-046,"Fresh Kabasi Fish",71.48,kg,"Southern Luzon Ingredients Supply","Warehouse Inbound Team","Authorized supplier stock replenishment"
2026-03-07,RM-046,"Fresh Kabasi Fish",54.53,kg,"Southern Luzon Ingredients Supply","Warehouse Inbound Team","Authorized supplier stock replenishment"
2026-03-12,RM-046,"Fresh Kabasi Fish",63.06,kg,"Southern Luzon Ingredients Supply","Warehouse Inbound Team","Authorized supplier stock replenishment"
2026-03-17,RM-046,"Fresh Kabasi Fish",77.31,kg,"Southern Luzon Ingredients Supply","Warehouse Inbound Team","Authorized supplier stock replenishment"
2026-03-22,RM-046,"Fresh Kabasi Fish",64.26,kg,"Southern Luzon Ingredients Supply","Warehouse Inbound Team","Authorized supplier stock replenishment"
2026-03-27,RM-046,"Fresh Kabasi Fish",54.15,kg,"Southern Luzon Ingredients Supply","Warehouse Inbound Team","Authorized supplier stock replenishment"
2026-04-01,RM-046,"Fresh Kabasi Fish",70.4,kg,"Southern Luzon Ingredients Supply","Warehouse Inbound Team","Authorized supplier stock replenishment"
2026-04-06,RM-046,"Fresh Kabasi Fish",75.36,kg,"Southern Luzon Ingredients Supply","Warehouse Inbound Team","Authorized supplier stock replenishment"
2026-04-11,RM-046,"Fresh Kabasi Fish",57.53,kg,"Southern Luzon Ingredients Supply","Warehouse Inbound Team","Authorized supplier stock replenishment"
2026-04-16,RM-046,"Fresh Kabasi Fish",58.23,kg,"Southern Luzon Ingredients Supply","Warehouse Inbound Team","Authorized supplier stock replenishment"
2026-04-21,RM-046,"Fresh Kabasi Fish",75.83,kg,"Southern Luzon Ingredients Supply","Warehouse Inbound Team","Authorized supplier stock replenishment"
2026-04-26,RM-046,"Fresh Kabasi Fish",69.55,kg,"Southern Luzon Ingredients Supply","Warehouse Inbound Team","Authorized supplier stock replenishment"
2026-05-01,RM-046,"Fresh Kabasi Fish",53.94,kg,"Southern Luzon Ingredients Supply","Warehouse Inbound Team","Authorized supplier stock replenishment"
2026-05-06,RM-046,"Fresh Kabasi Fish",65.17,kg,"Southern Luzon Ingredients Supply","Warehouse Inbound Team","Authorized supplier stock replenishment"
2026-05-11,RM-046,"Fresh Kabasi Fish",77.22,kg,"Southern Luzon Ingredients Supply","Warehouse Inbound Team","Authorized supplier stock replenishment"
2026-05-16,RM-046,"Fresh Kabasi Fish",62.17,kg,"Southern Luzon Ingredients Supply","Warehouse Inbound Team","Authorized supplier stock replenishment"
2026-05-21,RM-046,"Fresh Kabasi Fish",54.89,kg,"Southern Luzon Ingredients Supply","Warehouse Inbound Team","Authorized supplier stock replenishment"
2026-05-26,RM-046,"Fresh Kabasi Fish",72.25,kg,"Southern Luzon Ingredients Supply","Warehouse Inbound Team","Authorized supplier stock replenishment"
2026-05-31,RM-046,"Fresh Kabasi Fish",74.03,kg,"Southern Luzon Ingredients Supply","Warehouse Inbound Team","Authorized supplier stock replenishment"
2026-06-05,RM-046,"Fresh Kabasi Fish",56.11,kg,"Southern Luzon Ingredients Supply","Warehouse Inbound Team","Authorized supplier stock replenishment"
2026-06-10,RM-046,"Fresh Kabasi Fish",60.01,kg,"Southern Luzon Ingredients Supply","Warehouse Inbound Team","Authorized supplier stock replenishment"
2026-06-15,RM-046,"Fresh Kabasi Fish",76.69,kg,"Southern Luzon Ingredients Supply","Warehouse Inbound Team","Authorized supplier stock replenishment"
2026-06-20,RM-046,"Fresh Kabasi Fish",67.5,kg,"Southern Luzon Ingredients Supply","Warehouse Inbound Team","Authorized supplier stock replenishment"
2026-06-25,RM-046,"Fresh Kabasi Fish",53.73,kg,"Southern Luzon Ingredients Supply","Warehouse Inbound Team","Authorized supplier stock replenishment"
2026-06-30,RM-046,"Fresh Kabasi Fish",67.29,kg,"Southern Luzon Ingredients Supply","Warehouse Inbound Team","Authorized supplier stock replenishment"
2026-07-05,RM-046,"Fresh Kabasi Fish",76.76,kg,"Southern Luzon Ingredients Supply","Warehouse Inbound Team","Authorized supplier stock replenishment"
2026-07-10,RM-046,"Fresh Kabasi Fish",60.2,kg,"Southern Luzon Ingredients Supply","Warehouse Inbound Team","Authorized supplier stock replenishment"
2026-07-15,RM-046,"Fresh Kabasi Fish",55.98,kg,"Southern Luzon Ingredients Supply","Warehouse Inbound Team","Authorized supplier stock replenishment"
2026-07-20,RM-046,"Fresh Kabasi Fish",73.88,kg,"Southern Luzon Ingredients Supply","Warehouse Inbound Team","Authorized supplier stock replenishment"
2026-07-25,RM-046,"Fresh Kabasi Fish",72.42,kg,"Southern Luzon Ingredients Supply","Warehouse Inbound Team","Authorized supplier stock replenishment"
2026-07-30,RM-046,"Fresh Kabasi Fish",54.98,kg,"Southern Luzon Ingredients Supply","Warehouse Inbound Team","Authorized supplier stock replenishment"
2026-08-04,RM-046,"Fresh Kabasi Fish",61.97,kg,"Southern Luzon Ingredients Supply","Warehouse Inbound Team","Authorized supplier stock replenishment"
2026-08-09,RM-046,"Fresh Kabasi Fish",77.19,kg,"Southern Luzon Ingredients Supply","Warehouse Inbound Team","Authorized supplier stock replenishment"
2026-08-14,RM-046,"Fresh Kabasi Fish",65.38,kg,"Southern Luzon Ingredients Supply","Warehouse Inbound Team","Authorized supplier stock replenishment"
2026-08-19,RM-046,"Fresh Kabasi Fish",53.9,kg,"Southern Luzon Ingredients Supply","Warehouse Inbound Team","Authorized supplier stock replenishment"
2026-08-24,RM-046,"Fresh Kabasi Fish",69.36,kg,"Southern Luzon Ingredients Supply","Warehouse Inbound Team","Authorized supplier stock replenishment"
2026-08-29,RM-046,"Fresh Kabasi Fish",75.93,kg,"Southern Luzon Ingredients Supply","Warehouse Inbound Team","Authorized supplier stock replenishment"
2026-01-02,RM-047,"Fresh Sapsap Fish",81.22,kg,"Quezon Agricultural Producers Coop","Warehouse Inbound Team","Authorized supplier stock replenishment"
2026-01-07,RM-047,"Fresh Sapsap Fish",63.13,kg,"Quezon Agricultural Producers Coop","Warehouse Inbound Team","Authorized supplier stock replenishment"
2026-01-12,RM-047,"Fresh Sapsap Fish",76.6,kg,"Quezon Agricultural Producers Coop","Warehouse Inbound Team","Authorized supplier stock replenishment"
2026-01-17,RM-047,"Fresh Sapsap Fish",90.41,kg,"Quezon Agricultural Producers Coop","Warehouse Inbound Team","Authorized supplier stock replenishment"
2026-01-22,RM-047,"Fresh Sapsap Fish",72.57,kg,"Quezon Agricultural Producers Coop","Warehouse Inbound Team","Authorized supplier stock replenishment"
2026-01-27,RM-047,"Fresh Sapsap Fish",64.41,kg,"Quezon Agricultural Producers Coop","Warehouse Inbound Team","Authorized supplier stock replenishment"
2026-02-01,RM-047,"Fresh Sapsap Fish",84.84,kg,"Quezon Agricultural Producers Coop","Warehouse Inbound Team","Authorized supplier stock replenishment"
2026-02-06,RM-047,"Fresh Sapsap Fish",86.52,kg,"Quezon Agricultural Producers Coop","Warehouse Inbound Team","Authorized supplier stock replenishment"
2026-02-11,RM-047,"Fresh Sapsap Fish",65.56,kg,"Quezon Agricultural Producers Coop","Warehouse Inbound Team","Authorized supplier stock replenishment"
2026-02-16,RM-047,"Fresh Sapsap Fish",70.52,kg,"Quezon Agricultural Producers Coop","Warehouse Inbound Team","Authorized supplier stock replenishment"
2026-02-21,RM-047,"Fresh Sapsap Fish",89.91,kg,"Quezon Agricultural Producers Coop","Warehouse Inbound Team","Authorized supplier stock replenishment"
2026-02-26,RM-047,"Fresh Sapsap Fish",78.8,kg,"Quezon Agricultural Producers Coop","Warehouse Inbound Team","Authorized supplier stock replenishment"
2026-03-03,RM-047,"Fresh Sapsap Fish",62.93,kg,"Quezon Agricultural Producers Coop","Warehouse Inbound Team","Authorized supplier stock replenishment"
2026-03-08,RM-047,"Fresh Sapsap Fish",79.08,kg,"Quezon Agricultural Producers Coop","Warehouse Inbound Team","Authorized supplier stock replenishment"
2026-03-13,RM-047,"Fresh Sapsap Fish",89.82,kg,"Quezon Agricultural Producers Coop","Warehouse Inbound Team","Authorized supplier stock replenishment"
2026-03-18,RM-047,"Fresh Sapsap Fish",70.27,kg,"Quezon Agricultural Producers Coop","Warehouse Inbound Team","Authorized supplier stock replenishment"
2026-03-23,RM-047,"Fresh Sapsap Fish",65.73,kg,"Quezon Agricultural Producers Coop","Warehouse Inbound Team","Authorized supplier stock replenishment"
2026-03-28,RM-047,"Fresh Sapsap Fish",86.72,kg,"Quezon Agricultural Producers Coop","Warehouse Inbound Team","Authorized supplier stock replenishment"
2026-04-02,RM-047,"Fresh Sapsap Fish",84.61,kg,"Quezon Agricultural Producers Coop","Warehouse Inbound Team","Authorized supplier stock replenishment"
2026-04-07,RM-047,"Fresh Sapsap Fish",64.28,kg,"Quezon Agricultural Producers Coop","Warehouse Inbound Team","Authorized supplier stock replenishment"
2026-04-12,RM-047,"Fresh Sapsap Fish",72.84,kg,"Quezon Agricultural Producers Coop","Warehouse Inbound Team","Authorized supplier stock replenishment"
2026-04-17,RM-047,"Fresh Sapsap Fish",90.45,kg,"Quezon Agricultural Producers Coop","Warehouse Inbound Team","Authorized supplier stock replenishment"
2026-04-22,RM-047,"Fresh Sapsap Fish",76.31,kg,"Quezon Agricultural Producers Coop","Warehouse Inbound Team","Authorized supplier stock replenishment"
2026-04-27,RM-047,"Fresh Sapsap Fish",63.18,kg,"Quezon Agricultural Producers Coop","Warehouse Inbound Team","Authorized supplier stock replenishment"
2026-05-02,RM-047,"Fresh Sapsap Fish",81.48,kg,"Quezon Agricultural Producers Coop","Warehouse Inbound Team","Authorized supplier stock replenishment"
2026-05-07,RM-047,"Fresh Sapsap Fish",88.81,kg,"Quezon Agricultural Producers Coop","Warehouse Inbound Team","Authorized supplier stock replenishment"
2026-05-12,RM-047,"Fresh Sapsap Fish",68.19,kg,"Quezon Agricultural Producers Coop","Warehouse Inbound Team","Authorized supplier stock replenishment"
2026-05-17,RM-047,"Fresh Sapsap Fish",67.4,kg,"Quezon Agricultural Producers Coop","Warehouse Inbound Team","Authorized supplier stock replenishment"
2026-05-22,RM-047,"Fresh Sapsap Fish",88.27,kg,"Quezon Agricultural Producers Coop","Warehouse Inbound Team","Authorized supplier stock replenishment"
2026-05-27,RM-047,"Fresh Sapsap Fish",82.44,kg,"Quezon Agricultural Producers Coop","Warehouse Inbound Team","Authorized supplier stock replenishment"
2026-06-01,RM-047,"Fresh Sapsap Fish",63.42,kg,"Quezon Agricultural Producers Coop","Warehouse Inbound Team","Authorized supplier stock replenishment"
2026-06-06,RM-047,"Fresh Sapsap Fish",75.28,kg,"Quezon Agricultural Producers Coop","Warehouse Inbound Team","Authorized supplier stock replenishment"
2026-06-11,RM-047,"Fresh Sapsap Fish",90.54,kg,"Quezon Agricultural Producers Coop","Warehouse Inbound Team","Authorized supplier stock replenishment"
2026-06-16,RM-047,"Fresh Sapsap Fish",73.84,kg,"Quezon Agricultural Producers Coop","Warehouse Inbound Team","Authorized supplier stock replenishment"
2026-06-21,RM-047,"Fresh Sapsap Fish",63.87,kg,"Quezon Agricultural Producers Coop","Warehouse Inbound Team","Authorized supplier stock replenishment"
2026-06-26,RM-047,"Fresh Sapsap Fish",83.74,kg,"Quezon Agricultural Producers Coop","Warehouse Inbound Team","Authorized supplier stock replenishment"
2026-07-01,RM-047,"Fresh Sapsap Fish",87.41,kg,"Quezon Agricultural Producers Coop","Warehouse Inbound Team","Authorized supplier stock replenishment"
2026-07-06,RM-047,"Fresh Sapsap Fish",66.38,kg,"Quezon Agricultural Producers Coop","Warehouse Inbound Team","Authorized supplier stock replenishment"
2026-07-11,RM-047,"Fresh Sapsap Fish",69.38,kg,"Quezon Agricultural Producers Coop","Warehouse Inbound Team","Authorized supplier stock replenishment"
2026-07-16,RM-047,"Fresh Sapsap Fish",89.45,kg,"Quezon Agricultural Producers Coop","Warehouse Inbound Team","Authorized supplier stock replenishment"
2026-07-21,RM-047,"Fresh Sapsap Fish",80.09,kg,"Quezon Agricultural Producers Coop","Warehouse Inbound Team","Authorized supplier stock replenishment"
2026-07-26,RM-047,"Fresh Sapsap Fish",62.98,kg,"Quezon Agricultural Producers Coop","Warehouse Inbound Team","Authorized supplier stock replenishment"
2026-07-31,RM-047,"Fresh Sapsap Fish",77.77,kg,"Quezon Agricultural Producers Coop","Warehouse Inbound Team","Authorized supplier stock replenishment"
2026-08-05,RM-047,"Fresh Sapsap Fish",90.19,kg,"Quezon Agricultural Producers Coop","Warehouse Inbound Team","Authorized supplier stock replenishment"
2026-08-10,RM-047,"Fresh Sapsap Fish",71.46,kg,"Quezon Agricultural Producers Coop","Warehouse Inbound Team","Authorized supplier stock replenishment"
2026-08-15,RM-047,"Fresh Sapsap Fish",64.98,kg,"Quezon Agricultural Producers Coop","Warehouse Inbound Team","Authorized supplier stock replenishment"
2026-08-20,RM-047,"Fresh Sapsap Fish",85.76,kg,"Quezon Agricultural Producers Coop","Warehouse Inbound Team","Authorized supplier stock replenishment"
2026-08-25,RM-047,"Fresh Sapsap Fish",85.66,kg,"Quezon Agricultural Producers Coop","Warehouse Inbound Team","Authorized supplier stock replenishment"
2026-08-30,RM-047,"Fresh Sapsap Fish",64.91,kg,"Quezon Agricultural Producers Coop","Warehouse Inbound Team","Authorized supplier stock replenishment"
2026-01-06,RM-048,"Cheese Seasoning Powder",46.83,kg,"Southern Luzon Ingredients Supply","Warehouse Inbound Team","Authorized supplier stock replenishment"
2026-01-12,RM-048,"Cheese Seasoning Powder",60.52,kg,"Southern Luzon Ingredients Supply","Warehouse Inbound Team","Authorized supplier stock replenishment"
2026-01-18,RM-048,"Cheese Seasoning Powder",65.67,kg,"Southern Luzon Ingredients Supply","Warehouse Inbound Team","Authorized supplier stock replenishment"
2026-01-24,RM-048,"Cheese Seasoning Powder",50.34,kg,"Southern Luzon Ingredients Supply","Warehouse Inbound Team","Authorized supplier stock replenishment"
2026-01-30,RM-048,"Cheese Seasoning Powder",50.05,kg,"Southern Luzon Ingredients Supply","Warehouse Inbound Team","Authorized supplier stock replenishment"
2026-02-05,RM-048,"Cheese Seasoning Powder",65.47,kg,"Southern Luzon Ingredients Supply","Warehouse Inbound Team","Authorized supplier stock replenishment"
2026-02-11,RM-048,"Cheese Seasoning Powder",60.87,kg,"Southern Luzon Ingredients Supply","Warehouse Inbound Team","Authorized supplier stock replenishment"
2026-02-17,RM-048,"Cheese Seasoning Powder",46.91,kg,"Southern Luzon Ingredients Supply","Warehouse Inbound Team","Authorized supplier stock replenishment"
2026-02-23,RM-048,"Cheese Seasoning Powder",55.94,kg,"Southern Luzon Ingredients Supply","Warehouse Inbound Team","Authorized supplier stock replenishment"
2026-03-01,RM-048,"Cheese Seasoning Powder",67.03,kg,"Southern Luzon Ingredients Supply","Warehouse Inbound Team","Authorized supplier stock replenishment"
2026-03-07,RM-048,"Cheese Seasoning Powder",54.49,kg,"Southern Luzon Ingredients Supply","Warehouse Inbound Team","Authorized supplier stock replenishment"
2026-03-13,RM-048,"Cheese Seasoning Powder",47.37,kg,"Southern Luzon Ingredients Supply","Warehouse Inbound Team","Authorized supplier stock replenishment"
2026-03-19,RM-048,"Cheese Seasoning Powder",62.17,kg,"Southern Luzon Ingredients Supply","Warehouse Inbound Team","Authorized supplier stock replenishment"
2026-03-25,RM-048,"Cheese Seasoning Powder",64.6,kg,"Southern Luzon Ingredients Supply","Warehouse Inbound Team","Authorized supplier stock replenishment"
2026-03-31,RM-048,"Cheese Seasoning Powder",49.03,kg,"Southern Luzon Ingredients Supply","Warehouse Inbound Team","Authorized supplier stock replenishment"
2026-04-06,RM-048,"Cheese Seasoning Powder",51.54,kg,"Southern Luzon Ingredients Supply","Warehouse Inbound Team","Authorized supplier stock replenishment"
2026-04-12,RM-048,"Cheese Seasoning Powder",66.31,kg,"Southern Luzon Ingredients Supply","Warehouse Inbound Team","Authorized supplier stock replenishment"
2026-04-18,RM-048,"Cheese Seasoning Powder",59.12,kg,"Southern Luzon Ingredients Supply","Warehouse Inbound Team","Authorized supplier stock replenishment"
2026-04-24,RM-048,"Cheese Seasoning Powder",46.62,kg,"Southern Luzon Ingredients Supply","Warehouse Inbound Team","Authorized supplier stock replenishment"
2026-04-30,RM-048,"Cheese Seasoning Powder",57.78,kg,"Southern Luzon Ingredients Supply","Warehouse Inbound Team","Authorized supplier stock replenishment"
2026-05-06,RM-048,"Cheese Seasoning Powder",52.05,kg,"Southern Luzon Ingredients Supply","Warehouse Inbound Team","Authorized supplier stock replenishment"
2026-05-12,RM-048,"Cheese Seasoning Powder",41.14,kg,"Southern Luzon Ingredients Supply","Warehouse Inbound Team","Authorized supplier stock replenishment"
2026-05-18,RM-048,"Cheese Seasoning Powder",37.61,kg,"Southern Luzon Ingredients Supply","Warehouse Inbound Team","Authorized supplier stock replenishment"
2026-05-24,RM-048,"Cheese Seasoning Powder",49.65,kg,"Southern Luzon Ingredients Supply","Warehouse Inbound Team","Authorized supplier stock replenishment"
2026-05-30,RM-048,"Cheese Seasoning Powder",49.36,kg,"Southern Luzon Ingredients Supply","Warehouse Inbound Team","Authorized supplier stock replenishment"
2026-06-05,RM-048,"Cheese Seasoning Powder",37.41,kg,"Southern Luzon Ingredients Supply","Warehouse Inbound Team","Authorized supplier stock replenishment"
2026-06-11,RM-048,"Cheese Seasoning Powder",41.49,kg,"Southern Luzon Ingredients Supply","Warehouse Inbound Team","Authorized supplier stock replenishment"
2026-06-17,RM-048,"Cheese Seasoning Powder",52.14,kg,"Southern Luzon Ingredients Supply","Warehouse Inbound Team","Authorized supplier stock replenishment"
2026-06-23,RM-048,"Cheese Seasoning Powder",44.69,kg,"Southern Luzon Ingredients Supply","Warehouse Inbound Team","Authorized supplier stock replenishment"
2026-06-29,RM-048,"Cheese Seasoning Powder",36.4,kg,"Southern Luzon Ingredients Supply","Warehouse Inbound Team","Authorized supplier stock replenishment"
2026-07-05,RM-048,"Cheese Seasoning Powder",46.48,kg,"Southern Luzon Ingredients Supply","Warehouse Inbound Team","Authorized supplier stock replenishment"
2026-07-11,RM-048,"Cheese Seasoning Powder",51.57,kg,"Southern Luzon Ingredients Supply","Warehouse Inbound Team","Authorized supplier stock replenishment"
2026-07-17,RM-048,"Cheese Seasoning Powder",39.88,kg,"Southern Luzon Ingredients Supply","Warehouse Inbound Team","Authorized supplier stock replenishment"
2026-07-23,RM-048,"Cheese Seasoning Powder",38.5,kg,"Southern Luzon Ingredients Supply","Warehouse Inbound Team","Authorized supplier stock replenishment"
2026-07-29,RM-048,"Cheese Seasoning Powder",50.63,kg,"Southern Luzon Ingredients Supply","Warehouse Inbound Team","Authorized supplier stock replenishment"
2026-08-04,RM-048,"Cheese Seasoning Powder",48.16,kg,"Southern Luzon Ingredients Supply","Warehouse Inbound Team","Authorized supplier stock replenishment"
2026-08-10,RM-048,"Cheese Seasoning Powder",36.81,kg,"Southern Luzon Ingredients Supply","Warehouse Inbound Team","Authorized supplier stock replenishment"
2026-08-16,RM-048,"Cheese Seasoning Powder",42.88,kg,"Southern Luzon Ingredients Supply","Warehouse Inbound Team","Authorized supplier stock replenishment"
2026-08-22,RM-048,"Cheese Seasoning Powder",52.31,kg,"Southern Luzon Ingredients Supply","Warehouse Inbound Team","Authorized supplier stock replenishment"
2026-08-28,RM-048,"Cheese Seasoning Powder",43.25,kg,"Southern Luzon Ingredients Supply","Warehouse Inbound Team","Authorized supplier stock replenishment"
2026-01-04,RM-049,"Coarse Rock Salt",214.34,kg,"Quezon Agricultural Producers Coop","Warehouse Inbound Team","Authorized supplier stock replenishment"
2026-01-09,RM-049,"Coarse Rock Salt",212.08,kg,"Quezon Agricultural Producers Coop","Warehouse Inbound Team","Authorized supplier stock replenishment"
2026-01-14,RM-049,"Coarse Rock Salt",160.83,kg,"Quezon Agricultural Producers Coop","Warehouse Inbound Team","Authorized supplier stock replenishment"
2026-01-19,RM-049,"Coarse Rock Salt",179.34,kg,"Quezon Agricultural Producers Coop","Warehouse Inbound Team","Authorized supplier stock replenishment"
2026-01-24,RM-049,"Coarse Rock Salt",224.72,kg,"Quezon Agricultural Producers Coop","Warehouse Inbound Team","Authorized supplier stock replenishment"
2026-01-29,RM-049,"Coarse Rock Salt",191.82,kg,"Quezon Agricultural Producers Coop","Warehouse Inbound Team","Authorized supplier stock replenishment"
2026-02-03,RM-049,"Coarse Rock Salt",156.87,kg,"Quezon Agricultural Producers Coop","Warehouse Inbound Team","Authorized supplier stock replenishment"
2026-02-08,RM-049,"Coarse Rock Salt",200.85,kg,"Quezon Agricultural Producers Coop","Warehouse Inbound Team","Authorized supplier stock replenishment"
2026-02-13,RM-049,"Coarse Rock Salt",221.85,kg,"Quezon Agricultural Producers Coop","Warehouse Inbound Team","Authorized supplier stock replenishment"
2026-02-18,RM-049,"Coarse Rock Salt",171.22,kg,"Quezon Agricultural Producers Coop","Warehouse Inbound Team","Authorized supplier stock replenishment"
2026-02-23,RM-049,"Coarse Rock Salt",166.27,kg,"Quezon Agricultural Producers Coop","Warehouse Inbound Team","Authorized supplier stock replenishment"
2026-02-28,RM-049,"Coarse Rock Salt",218.48,kg,"Quezon Agricultural Producers Coop","Warehouse Inbound Team","Authorized supplier stock replenishment"
2026-03-05,RM-049,"Coarse Rock Salt",206.87,kg,"Quezon Agricultural Producers Coop","Warehouse Inbound Team","Authorized supplier stock replenishment"
2026-03-10,RM-049,"Coarse Rock Salt",158.34,kg,"Quezon Agricultural Producers Coop","Warehouse Inbound Team","Authorized supplier stock replenishment"
2026-03-15,RM-049,"Coarse Rock Salt",185.33,kg,"Quezon Agricultural Producers Coop","Warehouse Inbound Team","Authorized supplier stock replenishment"
2026-03-20,RM-049,"Coarse Rock Salt",225.3,kg,"Quezon Agricultural Producers Coop","Warehouse Inbound Team","Authorized supplier stock replenishment"
2026-03-25,RM-049,"Coarse Rock Salt",185.64,kg,"Quezon Agricultural Producers Coop","Warehouse Inbound Team","Authorized supplier stock replenishment"
2026-03-30,RM-049,"Coarse Rock Salt",158.25,kg,"Quezon Agricultural Producers Coop","Warehouse Inbound Team","Authorized supplier stock replenishment"
2026-04-04,RM-049,"Coarse Rock Salt",206.6,kg,"Quezon Agricultural Producers Coop","Warehouse Inbound Team","Authorized supplier stock replenishment"
2026-04-09,RM-049,"Coarse Rock Salt",218.66,kg,"Quezon Agricultural Producers Coop","Warehouse Inbound Team","Authorized supplier stock replenishment"
2026-04-14,RM-049,"Coarse Rock Salt",166.49,kg,"Quezon Agricultural Producers Coop","Warehouse Inbound Team","Authorized supplier stock replenishment"
2026-04-19,RM-049,"Coarse Rock Salt",170.96,kg,"Quezon Agricultural Producers Coop","Warehouse Inbound Team","Authorized supplier stock replenishment"
2026-04-24,RM-049,"Coarse Rock Salt",221.72,kg,"Quezon Agricultural Producers Coop","Warehouse Inbound Team","Authorized supplier stock replenishment"
2026-04-29,RM-049,"Coarse Rock Salt",201.15,kg,"Quezon Agricultural Producers Coop","Warehouse Inbound Team","Authorized supplier stock replenishment"
2026-05-04,RM-049,"Coarse Rock Salt",156.92,kg,"Quezon Agricultural Producers Coop","Warehouse Inbound Team","Authorized supplier stock replenishment"
2026-05-09,RM-049,"Coarse Rock Salt",191.51,kg,"Quezon Agricultural Producers Coop","Warehouse Inbound Team","Authorized supplier stock replenishment"
2026-05-14,RM-049,"Coarse Rock Salt",224.77,kg,"Quezon Agricultural Producers Coop","Warehouse Inbound Team","Authorized supplier stock replenishment"
2026-05-19,RM-049,"Coarse Rock Salt",179.63,kg,"Quezon Agricultural Producers Coop","Warehouse Inbound Team","Authorized supplier stock replenishment"
2026-05-24,RM-049,"Coarse Rock Salt",160.68,kg,"Quezon Agricultural Producers Coop","Warehouse Inbound Team","Authorized supplier stock replenishment"
2026-05-29,RM-049,"Coarse Rock Salt",211.83,kg,"Quezon Agricultural Producers Coop","Warehouse Inbound Team","Authorized supplier stock replenishment"
2026-06-03,RM-049,"Coarse Rock Salt",214.56,kg,"Quezon Agricultural Producers Coop","Warehouse Inbound Team","Authorized supplier stock replenishment"
2026-06-08,RM-049,"Coarse Rock Salt",162.55,kg,"Quezon Agricultural Producers Coop","Warehouse Inbound Team","Authorized supplier stock replenishment"
2026-06-13,RM-049,"Coarse Rock Salt",176.31,kg,"Quezon Agricultural Producers Coop","Warehouse Inbound Team","Authorized supplier stock replenishment"
2026-06-18,RM-049,"Coarse Rock Salt",223.96,kg,"Quezon Agricultural Producers Coop","Warehouse Inbound Team","Authorized supplier stock replenishment"
2026-06-23,RM-049,"Coarse Rock Salt",195.09,kg,"Quezon Agricultural Producers Coop","Warehouse Inbound Team","Authorized supplier stock replenishment"
2026-06-28,RM-049,"Coarse Rock Salt",156.59,kg,"Quezon Agricultural Producers Coop","Warehouse Inbound Team","Authorized supplier stock replenishment"
2026-07-03,RM-049,"Coarse Rock Salt",197.67,kg,"Quezon Agricultural Producers Coop","Warehouse Inbound Team","Authorized supplier stock replenishment"
2026-07-08,RM-049,"Coarse Rock Salt",223.14,kg,"Quezon Agricultural Producers Coop","Warehouse Inbound Team","Authorized supplier stock replenishment"
2026-07-13,RM-049,"Coarse Rock Salt",173.99,kg,"Quezon Agricultural Producers Coop","Warehouse Inbound Team","Authorized supplier stock replenishment"
2026-07-18,RM-049,"Coarse Rock Salt",164.1,kg,"Quezon Agricultural Producers Coop","Warehouse Inbound Team","Authorized supplier stock replenishment"
2026-07-23,RM-049,"Coarse Rock Salt",216.39,kg,"Quezon Agricultural Producers Coop","Warehouse Inbound Team","Authorized supplier stock replenishment"
2026-07-28,RM-049,"Coarse Rock Salt",209.7,kg,"Quezon Agricultural Producers Coop","Warehouse Inbound Team","Authorized supplier stock replenishment"
2026-08-02,RM-049,"Coarse Rock Salt",159.53,kg,"Quezon Agricultural Producers Coop","Warehouse Inbound Team","Authorized supplier stock replenishment"
2026-08-07,RM-049,"Coarse Rock Salt",182.13,kg,"Quezon Agricultural Producers Coop","Warehouse Inbound Team","Authorized supplier stock replenishment"
2026-08-12,RM-049,"Coarse Rock Salt",225.13,kg,"Quezon Agricultural Producers Coop","Warehouse Inbound Team","Authorized supplier stock replenishment"
2026-08-17,RM-049,"Coarse Rock Salt",188.9,kg,"Quezon Agricultural Producers Coop","Warehouse Inbound Team","Authorized supplier stock replenishment"
2026-08-22,RM-049,"Coarse Rock Salt",157.38,kg,"Quezon Agricultural Producers Coop","Warehouse Inbound Team","Authorized supplier stock replenishment"
2026-08-27,RM-049,"Coarse Rock Salt",203.61,kg,"Quezon Agricultural Producers Coop","Warehouse Inbound Team","Authorized supplier stock replenishment"
2026-09-01,RM-049,"Coarse Rock Salt",220.47,kg,"Quezon Agricultural Producers Coop","Warehouse Inbound Team","Authorized supplier stock replenishment"
2026-01-05,RM-050,"Iodized Salt",230.26,kg,"Southern Luzon Ingredients Supply","Warehouse Inbound Team","Authorized supplier stock replenishment"
2026-01-10,RM-050,"Iodized Salt",180.09,kg,"Southern Luzon Ingredients Supply","Warehouse Inbound Team","Authorized supplier stock replenishment"
2026-01-15,RM-050,"Iodized Salt",220.67,kg,"Southern Luzon Ingredients Supply","Warehouse Inbound Team","Authorized supplier stock replenishment"
2026-01-20,RM-050,"Iodized Salt",257.97,kg,"Southern Luzon Ingredients Supply","Warehouse Inbound Team","Authorized supplier stock replenishment"
2026-01-25,RM-050,"Iodized Salt",205.57,kg,"Southern Luzon Ingredients Supply","Warehouse Inbound Team","Authorized supplier stock replenishment"
2026-01-30,RM-050,"Iodized Salt",184.88,kg,"Southern Luzon Ingredients Supply","Warehouse Inbound Team","Authorized supplier stock replenishment"
2026-02-04,RM-050,"Iodized Salt",243.85,kg,"Southern Luzon Ingredients Supply","Warehouse Inbound Team","Authorized supplier stock replenishment"
2026-02-09,RM-050,"Iodized Salt",245.84,kg,"Southern Luzon Ingredients Supply","Warehouse Inbound Team","Authorized supplier stock replenishment"
2026-02-14,RM-050,"Iodized Salt",186.24,kg,"Southern Luzon Ingredients Supply","Warehouse Inbound Team","Authorized supplier stock replenishment"
2026-02-19,RM-050,"Iodized Salt",203.15,kg,"Southern Luzon Ingredients Supply","Warehouse Inbound Team","Authorized supplier stock replenishment"
2026-02-24,RM-050,"Iodized Salt",257.38,kg,"Southern Luzon Ingredients Supply","Warehouse Inbound Team","Authorized supplier stock replenishment"
2026-03-01,RM-050,"Iodized Salt",223.28,kg,"Southern Luzon Ingredients Supply","Warehouse Inbound Team","Authorized supplier stock replenishment"
2026-03-06,RM-050,"Iodized Salt",179.85,kg,"Southern Luzon Ingredients Supply","Warehouse Inbound Team","Authorized supplier stock replenishment"
2026-03-11,RM-050,"Iodized Salt",227.73,kg,"Southern Luzon Ingredients Supply","Warehouse Inbound Team","Authorized supplier stock replenishment"
2026-03-16,RM-050,"Iodized Salt",255.97,kg,"Southern Luzon Ingredients Supply","Warehouse Inbound Team","Authorized supplier stock replenishment"
2026-03-21,RM-050,"Iodized Salt",199.15,kg,"Southern Luzon Ingredients Supply","Warehouse Inbound Team","Authorized supplier stock replenishment"
2026-03-26,RM-050,"Iodized Salt",188.92,kg,"Southern Luzon Ingredients Supply","Warehouse Inbound Team","Authorized supplier stock replenishment"
2026-03-31,RM-050,"Iodized Salt",248.99,kg,"Southern Luzon Ingredients Supply","Warehouse Inbound Team","Authorized supplier stock replenishment"
2026-04-05,RM-050,"Iodized Salt",240.17,kg,"Southern Luzon Ingredients Supply","Warehouse Inbound Team","Authorized supplier stock replenishment"
2026-04-10,RM-050,"Iodized Salt",182.9,kg,"Southern Luzon Ingredients Supply","Warehouse Inbound Team","Authorized supplier stock replenishment"
2026-04-15,RM-050,"Iodized Salt",209.87,kg,"Southern Luzon Ingredients Supply","Warehouse Inbound Team","Authorized supplier stock replenishment"
2026-04-20,RM-050,"Iodized Salt",258.59,kg,"Southern Luzon Ingredients Supply","Warehouse Inbound Team","Authorized supplier stock replenishment"
2026-04-25,RM-050,"Iodized Salt",216.17,kg,"Southern Luzon Ingredients Supply","Warehouse Inbound Team","Authorized supplier stock replenishment"
2026-04-30,RM-050,"Iodized Salt",180.9,kg,"Southern Luzon Ingredients Supply","Warehouse Inbound Team","Authorized supplier stock replenishment"
2026-05-05,RM-050,"Iodized Salt",234.51,kg,"Southern Luzon Ingredients Supply","Warehouse Inbound Team","Authorized supplier stock replenishment"
2026-05-10,RM-050,"Iodized Salt",252.78,kg,"Southern Luzon Ingredients Supply","Warehouse Inbound Team","Authorized supplier stock replenishment"
2026-05-15,RM-050,"Iodized Salt",193.38,kg,"Southern Luzon Ingredients Supply","Warehouse Inbound Team","Authorized supplier stock replenishment"
2026-05-20,RM-050,"Iodized Salt",193.94,kg,"Southern Luzon Ingredients Supply","Warehouse Inbound Team","Authorized supplier stock replenishment"
2026-05-25,RM-050,"Iodized Salt",253.16,kg,"Southern Luzon Ingredients Supply","Warehouse Inbound Team","Authorized supplier stock replenishment"
2026-05-30,RM-050,"Iodized Salt",233.82,kg,"Southern Luzon Ingredients Supply","Warehouse Inbound Team","Authorized supplier stock replenishment"
2026-06-04,RM-050,"Iodized Salt",180.73,kg,"Southern Luzon Ingredients Supply","Warehouse Inbound Team","Authorized supplier stock replenishment"
2026-06-09,RM-050,"Iodized Salt",216.9,kg,"Southern Luzon Ingredients Supply","Warehouse Inbound Team","Authorized supplier stock replenishment"
2026-06-14,RM-050,"Iodized Salt",258.53,kg,"Southern Luzon Ingredients Supply","Warehouse Inbound Team","Authorized supplier stock replenishment"
2026-06-19,RM-050,"Iodized Salt",209.16,kg,"Southern Luzon Ingredients Supply","Warehouse Inbound Team","Authorized supplier stock replenishment"
2026-06-24,RM-050,"Iodized Salt",183.19,kg,"Southern Luzon Ingredients Supply","Warehouse Inbound Team","Authorized supplier stock replenishment"
2026-06-29,RM-050,"Iodized Salt",240.79,kg,"Southern Luzon Ingredients Supply","Warehouse Inbound Team","Authorized supplier stock replenishment"
2026-07-04,RM-050,"Iodized Salt",248.5,kg,"Southern Luzon Ingredients Supply","Warehouse Inbound Team","Authorized supplier stock replenishment"
2026-07-09,RM-050,"Iodized Salt",188.45,kg,"Southern Luzon Ingredients Supply","Warehouse Inbound Team","Authorized supplier stock replenishment"
2026-07-14,RM-050,"Iodized Salt",199.78,kg,"Southern Luzon Ingredients Supply","Warehouse Inbound Team","Authorized supplier stock replenishment"
2026-07-19,RM-050,"Iodized Salt",256.24,kg,"Southern Luzon Ingredients Supply","Warehouse Inbound Team","Authorized supplier stock replenishment"
2026-07-24,RM-050,"Iodized Salt",227,kg,"Southern Luzon Ingredients Supply","Warehouse Inbound Team","Authorized supplier stock replenishment"
2026-07-29,RM-050,"Iodized Salt",179.82,kg,"Southern Luzon Ingredients Supply","Warehouse Inbound Team","Authorized supplier stock replenishment"
2026-08-03,RM-050,"Iodized Salt",224.01,kg,"Southern Luzon Ingredients Supply","Warehouse Inbound Team","Authorized supplier stock replenishment"
2026-08-08,RM-050,"Iodized Salt",257.19,kg,"Southern Luzon Ingredients Supply","Warehouse Inbound Team","Authorized supplier stock replenishment"
2026-08-13,RM-050,"Iodized Salt",202.47,kg,"Southern Luzon Ingredients Supply","Warehouse Inbound Team","Authorized supplier stock replenishment"
2026-08-18,RM-050,"Iodized Salt",186.65,kg,"Southern Luzon Ingredients Supply","Warehouse Inbound Team","Authorized supplier stock replenishment"
2026-08-23,RM-050,"Iodized Salt",246.38,kg,"Southern Luzon Ingredients Supply","Warehouse Inbound Team","Authorized supplier stock replenishment"
2026-08-28,RM-050,"Iodized Salt",243.27,kg,"Southern Luzon Ingredients Supply","Warehouse Inbound Team","Authorized supplier stock replenishment"
2026-09-02,RM-050,"Iodized Salt",184.52,kg,"Southern Luzon Ingredients Supply","Warehouse Inbound Team","Authorized supplier stock replenishment"
2026-01-01,RM-051,"Dried Bay Leaves (Laurel)",8.12,kg,"Quezon Agricultural Producers Coop","Warehouse Inbound Team","Authorized supplier stock replenishment"
2026-01-06,RM-051,"Dried Bay Leaves (Laurel)",10.55,kg,"Quezon Agricultural Producers Coop","Warehouse Inbound Team","Authorized supplier stock replenishment"
2026-01-11,RM-051,"Dried Bay Leaves (Laurel)",11.32,kg,"Quezon Agricultural Producers Coop","Warehouse Inbound Team","Authorized supplier stock replenishment"
2026-01-16,RM-051,"Dried Bay Leaves (Laurel)",8.65,kg,"Quezon Agricultural Producers Coop","Warehouse Inbound Team","Authorized supplier stock replenishment"
2026-01-21,RM-051,"Dried Bay Leaves (Laurel)",8.73,kg,"Quezon Agricultural Producers Coop","Warehouse Inbound Team","Authorized supplier stock replenishment"
2026-01-26,RM-051,"Dried Bay Leaves (Laurel)",11.37,kg,"Quezon Agricultural Producers Coop","Warehouse Inbound Team","Authorized supplier stock replenishment"
2026-01-31,RM-051,"Dried Bay Leaves (Laurel)",10.46,kg,"Quezon Agricultural Producers Coop","Warehouse Inbound Team","Authorized supplier stock replenishment"
2026-02-05,RM-051,"Dried Bay Leaves (Laurel)",8.1,kg,"Quezon Agricultural Producers Coop","Warehouse Inbound Team","Authorized supplier stock replenishment"
2026-02-10,RM-051,"Dried Bay Leaves (Laurel)",9.76,kg,"Quezon Agricultural Producers Coop","Warehouse Inbound Team","Authorized supplier stock replenishment"
2026-02-15,RM-051,"Dried Bay Leaves (Laurel)",11.59,kg,"Quezon Agricultural Producers Coop","Warehouse Inbound Team","Authorized supplier stock replenishment"
2026-02-20,RM-051,"Dried Bay Leaves (Laurel)",9.35,kg,"Quezon Agricultural Producers Coop","Warehouse Inbound Team","Authorized supplier stock replenishment"
2026-02-25,RM-051,"Dried Bay Leaves (Laurel)",8.23,kg,"Quezon Agricultural Producers Coop","Warehouse Inbound Team","Authorized supplier stock replenishment"
2026-03-02,RM-051,"Dried Bay Leaves (Laurel)",10.83,kg,"Quezon Agricultural Producers Coop","Warehouse Inbound Team","Authorized supplier stock replenishment"
2026-03-07,RM-051,"Dried Bay Leaves (Laurel)",11.12,kg,"Quezon Agricultural Producers Coop","Warehouse Inbound Team","Authorized supplier stock replenishment"
2026-03-12,RM-051,"Dried Bay Leaves (Laurel)",8.43,kg,"Quezon Agricultural Producers Coop","Warehouse Inbound Team","Authorized supplier stock replenishment"
2026-03-17,RM-051,"Dried Bay Leaves (Laurel)",8.99,kg,"Quezon Agricultural Producers Coop","Warehouse Inbound Team","Authorized supplier stock replenishment"
2026-03-22,RM-051,"Dried Bay Leaves (Laurel)",11.51,kg,"Quezon Agricultural Producers Coop","Warehouse Inbound Team","Authorized supplier stock replenishment"
2026-03-27,RM-051,"Dried Bay Leaves (Laurel)",10.15,kg,"Quezon Agricultural Producers Coop","Warehouse Inbound Team","Authorized supplier stock replenishment"
2026-04-01,RM-051,"Dried Bay Leaves (Laurel)",8.07,kg,"Quezon Agricultural Producers Coop","Warehouse Inbound Team","Authorized supplier stock replenishment"
2026-04-06,RM-051,"Dried Bay Leaves (Laurel)",10.08,kg,"Quezon Agricultural Producers Coop","Warehouse Inbound Team","Authorized supplier stock replenishment"
2026-04-11,RM-051,"Dried Bay Leaves (Laurel)",11.53,kg,"Quezon Agricultural Producers Coop","Warehouse Inbound Team","Authorized supplier stock replenishment"
2026-04-16,RM-051,"Dried Bay Leaves (Laurel)",9.05,kg,"Quezon Agricultural Producers Coop","Warehouse Inbound Team","Authorized supplier stock replenishment"
2026-04-21,RM-051,"Dried Bay Leaves (Laurel)",8.39,kg,"Quezon Agricultural Producers Coop","Warehouse Inbound Team","Authorized supplier stock replenishment"
2026-04-26,RM-051,"Dried Bay Leaves (Laurel)",11.08,kg,"Quezon Agricultural Producers Coop","Warehouse Inbound Team","Authorized supplier stock replenishment"
2026-05-01,RM-051,"Dried Bay Leaves (Laurel)",10.88,kg,"Quezon Agricultural Producers Coop","Warehouse Inbound Team","Authorized supplier stock replenishment"
2026-05-06,RM-051,"Dried Bay Leaves (Laurel)",8.26,kg,"Quezon Agricultural Producers Coop","Warehouse Inbound Team","Authorized supplier stock replenishment"
2026-05-11,RM-051,"Dried Bay Leaves (Laurel)",9.28,kg,"Quezon Agricultural Producers Coop","Warehouse Inbound Team","Authorized supplier stock replenishment"
2026-05-16,RM-051,"Dried Bay Leaves (Laurel)",11.58,kg,"Quezon Agricultural Producers Coop","Warehouse Inbound Team","Authorized supplier stock replenishment"
2026-05-21,RM-051,"Dried Bay Leaves (Laurel)",9.83,kg,"Quezon Agricultural Producers Coop","Warehouse Inbound Team","Authorized supplier stock replenishment"
2026-05-26,RM-051,"Dried Bay Leaves (Laurel)",8.09,kg,"Quezon Agricultural Producers Coop","Warehouse Inbound Team","Authorized supplier stock replenishment"
2026-05-31,RM-051,"Dried Bay Leaves (Laurel)",10.39,kg,"Quezon Agricultural Producers Coop","Warehouse Inbound Team","Authorized supplier stock replenishment"
2026-06-05,RM-051,"Dried Bay Leaves (Laurel)",11.41,kg,"Quezon Agricultural Producers Coop","Warehouse Inbound Team","Authorized supplier stock replenishment"
2026-06-10,RM-051,"Dried Bay Leaves (Laurel)",8.78,kg,"Quezon Agricultural Producers Coop","Warehouse Inbound Team","Authorized supplier stock replenishment"
2026-06-15,RM-051,"Dried Bay Leaves (Laurel)",8.6,kg,"Quezon Agricultural Producers Coop","Warehouse Inbound Team","Authorized supplier stock replenishment"
2026-06-20,RM-051,"Dried Bay Leaves (Laurel)",11.28,kg,"Quezon Agricultural Producers Coop","Warehouse Inbound Team","Authorized supplier stock replenishment"
2026-06-25,RM-051,"Dried Bay Leaves (Laurel)",10.61,kg,"Quezon Agricultural Producers Coop","Warehouse Inbound Team","Authorized supplier stock replenishment"
2026-06-30,RM-051,"Dried Bay Leaves (Laurel)",8.14,kg,"Quezon Agricultural Producers Coop","Warehouse Inbound Team","Authorized supplier stock replenishment"
2026-07-05,RM-051,"Dried Bay Leaves (Laurel)",9.6,kg,"Quezon Agricultural Producers Coop","Warehouse Inbound Team","Authorized supplier stock replenishment"
2026-07-10,RM-051,"Dried Bay Leaves (Laurel)",11.6,kg,"Quezon Agricultural Producers Coop","Warehouse Inbound Team","Authorized supplier stock replenishment"
2026-07-15,RM-051,"Dried Bay Leaves (Laurel)",9.51,kg,"Quezon Agricultural Producers Coop","Warehouse Inbound Team","Authorized supplier stock replenishment"
2026-07-20,RM-051,"Dried Bay Leaves (Laurel)",8.17,kg,"Quezon Agricultural Producers Coop","Warehouse Inbound Team","Authorized supplier stock replenishment"
2026-07-25,RM-051,"Dried Bay Leaves (Laurel)",10.69,kg,"Quezon Agricultural Producers Coop","Warehouse Inbound Team","Authorized supplier stock replenishment"
2026-07-30,RM-051,"Dried Bay Leaves (Laurel)",11.23,kg,"Quezon Agricultural Producers Coop","Warehouse Inbound Team","Authorized supplier stock replenishment"
2026-08-04,RM-051,"Dried Bay Leaves (Laurel)",8.54,kg,"Quezon Agricultural Producers Coop","Warehouse Inbound Team","Authorized supplier stock replenishment"
2026-08-09,RM-051,"Dried Bay Leaves (Laurel)",8.85,kg,"Quezon Agricultural Producers Coop","Warehouse Inbound Team","Authorized supplier stock replenishment"
2026-08-14,RM-051,"Dried Bay Leaves (Laurel)",11.44,kg,"Quezon Agricultural Producers Coop","Warehouse Inbound Team","Authorized supplier stock replenishment"
2026-08-19,RM-051,"Dried Bay Leaves (Laurel)",10.31,kg,"Quezon Agricultural Producers Coop","Warehouse Inbound Team","Authorized supplier stock replenishment"
2026-08-24,RM-051,"Dried Bay Leaves (Laurel)",8.08,kg,"Quezon Agricultural Producers Coop","Warehouse Inbound Team","Authorized supplier stock replenishment"
2026-08-29,RM-051,"Dried Bay Leaves (Laurel)",9.91,kg,"Quezon Agricultural Producers Coop","Warehouse Inbound Team","Authorized supplier stock replenishment"
2026-01-04,RM-052,"Dried Red Chili Flakes",23.53,kg,"Southern Luzon Ingredients Supply","Warehouse Inbound Team","Authorized supplier stock replenishment"
2026-01-10,RM-052,"Dried Red Chili Flakes",23.02,kg,"Southern Luzon Ingredients Supply","Warehouse Inbound Team","Authorized supplier stock replenishment"
2026-01-16,RM-052,"Dried Red Chili Flakes",17.48,kg,"Southern Luzon Ingredients Supply","Warehouse Inbound Team","Authorized supplier stock replenishment"
2026-01-22,RM-052,"Dried Red Chili Flakes",19.75,kg,"Southern Luzon Ingredients Supply","Warehouse Inbound Team","Authorized supplier stock replenishment"
2026-01-28,RM-052,"Dried Red Chili Flakes",24.57,kg,"Southern Luzon Ingredients Supply","Warehouse Inbound Team","Authorized supplier stock replenishment"
2026-02-03,RM-052,"Dried Red Chili Flakes",20.77,kg,"Southern Luzon Ingredients Supply","Warehouse Inbound Team","Authorized supplier stock replenishment"
2026-02-09,RM-052,"Dried Red Chili Flakes",17.16,kg,"Southern Luzon Ingredients Supply","Warehouse Inbound Team","Authorized supplier stock replenishment"
2026-02-15,RM-052,"Dried Red Chili Flakes",22.1,kg,"Southern Luzon Ingredients Supply","Warehouse Inbound Team","Authorized supplier stock replenishment"
2026-02-21,RM-052,"Dried Red Chili Flakes",24.14,kg,"Southern Luzon Ingredients Supply","Warehouse Inbound Team","Authorized supplier stock replenishment"
2026-02-27,RM-052,"Dried Red Chili Flakes",18.55,kg,"Southern Luzon Ingredients Supply","Warehouse Inbound Team","Authorized supplier stock replenishment"
2026-03-05,RM-052,"Dried Red Chili Flakes",18.28,kg,"Southern Luzon Ingredients Supply","Warehouse Inbound Team","Authorized supplier stock replenishment"
2026-03-11,RM-052,"Dried Red Chili Flakes",23.96,kg,"Southern Luzon Ingredients Supply","Warehouse Inbound Team","Authorized supplier stock replenishment"
2026-03-17,RM-052,"Dried Red Chili Flakes",22.43,kg,"Southern Luzon Ingredients Supply","Warehouse Inbound Team","Authorized supplier stock replenishment"
2026-03-23,RM-052,"Dried Red Chili Flakes",17.24,kg,"Southern Luzon Ingredients Supply","Warehouse Inbound Team","Authorized supplier stock replenishment"
2026-03-29,RM-052,"Dried Red Chili Flakes",20.41,kg,"Southern Luzon Ingredients Supply","Warehouse Inbound Team","Authorized supplier stock replenishment"
2026-04-04,RM-052,"Dried Red Chili Flakes",24.6,kg,"Southern Luzon Ingredients Supply","Warehouse Inbound Team","Authorized supplier stock replenishment"
2026-04-10,RM-052,"Dried Red Chili Flakes",20.1,kg,"Southern Luzon Ingredients Supply","Warehouse Inbound Team","Authorized supplier stock replenishment"
2026-04-16,RM-052,"Dried Red Chili Flakes",17.34,kg,"Southern Luzon Ingredients Supply","Warehouse Inbound Team","Authorized supplier stock replenishment"
2026-04-22,RM-052,"Dried Red Chili Flakes",22.71,kg,"Southern Luzon Ingredients Supply","Warehouse Inbound Team","Authorized supplier stock replenishment"
2026-04-28,RM-052,"Dried Red Chili Flakes",23.77,kg,"Southern Luzon Ingredients Supply","Warehouse Inbound Team","Authorized supplier stock replenishment"
2026-05-04,RM-052,"Dried Red Chili Flakes",14.09,kg,"Southern Luzon Ingredients Supply","Warehouse Inbound Team","Authorized supplier stock replenishment"
2026-05-10,RM-052,"Dried Red Chili Flakes",14.67,kg,"Southern Luzon Ingredients Supply","Warehouse Inbound Team","Authorized supplier stock replenishment"
2026-05-16,RM-052,"Dried Red Chili Flakes",18.94,kg,"Southern Luzon Ingredients Supply","Warehouse Inbound Team","Authorized supplier stock replenishment"
2026-05-22,RM-052,"Dried Red Chili Flakes",17,kg,"Southern Luzon Ingredients Supply","Warehouse Inbound Team","Authorized supplier stock replenishment"
2026-05-28,RM-052,"Dried Red Chili Flakes",13.35,kg,"Southern Luzon Ingredients Supply","Warehouse Inbound Team","Authorized supplier stock replenishment"
2026-06-03,RM-052,"Dried Red Chili Flakes",16.45,kg,"Southern Luzon Ingredients Supply","Warehouse Inbound Team","Authorized supplier stock replenishment"
2026-06-09,RM-052,"Dried Red Chili Flakes",19.12,kg,"Southern Luzon Ingredients Supply","Warehouse Inbound Team","Authorized supplier stock replenishment"
2026-06-15,RM-052,"Dried Red Chili Flakes",15.17,kg,"Southern Luzon Ingredients Supply","Warehouse Inbound Team","Authorized supplier stock replenishment"
2026-06-21,RM-052,"Dried Red Chili Flakes",13.75,kg,"Southern Luzon Ingredients Supply","Warehouse Inbound Team","Authorized supplier stock replenishment"
2026-06-27,RM-052,"Dried Red Chili Flakes",18.15,kg,"Southern Luzon Ingredients Supply","Warehouse Inbound Team","Authorized supplier stock replenishment"
2026-07-03,RM-052,"Dried Red Chili Flakes",18.17,kg,"Southern Luzon Ingredients Supply","Warehouse Inbound Team","Authorized supplier stock replenishment"
2026-07-09,RM-052,"Dried Red Chili Flakes",13.77,kg,"Southern Luzon Ingredients Supply","Warehouse Inbound Team","Authorized supplier stock replenishment"
2026-07-15,RM-052,"Dried Red Chili Flakes",15.14,kg,"Southern Luzon Ingredients Supply","Warehouse Inbound Team","Authorized supplier stock replenishment"
2026-07-21,RM-052,"Dried Red Chili Flakes",19.11,kg,"Southern Luzon Ingredients Supply","Warehouse Inbound Team","Authorized supplier stock replenishment"
2026-07-27,RM-052,"Dried Red Chili Flakes",16.48,kg,"Southern Luzon Ingredients Supply","Warehouse Inbound Team","Authorized supplier stock replenishment"
2026-08-02,RM-052,"Dried Red Chili Flakes",13.35,kg,"Southern Luzon Ingredients Supply","Warehouse Inbound Team","Authorized supplier stock replenishment"
2026-08-08,RM-052,"Dried Red Chili Flakes",16.97,kg,"Southern Luzon Ingredients Supply","Warehouse Inbound Team","Authorized supplier stock replenishment"
2026-08-14,RM-052,"Dried Red Chili Flakes",18.95,kg,"Southern Luzon Ingredients Supply","Warehouse Inbound Team","Authorized supplier stock replenishment"
2026-08-20,RM-052,"Dried Red Chili Flakes",14.7,kg,"Southern Luzon Ingredients Supply","Warehouse Inbound Team","Authorized supplier stock replenishment"
2026-08-26,RM-052,"Dried Red Chili Flakes",14.06,kg,"Southern Luzon Ingredients Supply","Warehouse Inbound Team","Authorized supplier stock replenishment"
2026-09-01,RM-052,"Dried Red Chili Flakes",18.52,kg,"Southern Luzon Ingredients Supply","Warehouse Inbound Team","Authorized supplier stock replenishment"
2026-01-05,RM-053,"Garlic Powder",40.94,kg,"Quezon Agricultural Producers Coop","Warehouse Inbound Team","Authorized supplier stock replenishment"
2026-01-11,RM-053,"Garlic Powder",32.24,kg,"Quezon Agricultural Producers Coop","Warehouse Inbound Team","Authorized supplier stock replenishment"
2026-01-17,RM-053,"Garlic Powder",39.87,kg,"Quezon Agricultural Producers Coop","Warehouse Inbound Team","Authorized supplier stock replenishment"
2026-01-23,RM-053,"Garlic Powder",46.15,kg,"Quezon Agricultural Producers Coop","Warehouse Inbound Team","Authorized supplier stock replenishment"
2026-01-29,RM-053,"Garlic Powder",36.53,kg,"Quezon Agricultural Producers Coop","Warehouse Inbound Team","Authorized supplier stock replenishment"
2026-02-04,RM-053,"Garlic Powder",33.3,kg,"Quezon Agricultural Producers Coop","Warehouse Inbound Team","Authorized supplier stock replenishment"
2026-02-10,RM-053,"Garlic Powder",43.95,kg,"Quezon Agricultural Producers Coop","Warehouse Inbound Team","Authorized supplier stock replenishment"
2026-02-16,RM-053,"Garlic Powder",43.8,kg,"Quezon Agricultural Producers Coop","Warehouse Inbound Team","Authorized supplier stock replenishment"
2026-02-22,RM-053,"Garlic Powder",33.2,kg,"Quezon Agricultural Producers Coop","Warehouse Inbound Team","Authorized supplier stock replenishment"
2026-02-28,RM-053,"Garlic Powder",36.71,kg,"Quezon Agricultural Producers Coop","Warehouse Inbound Team","Authorized supplier stock replenishment"
2026-03-06,RM-053,"Garlic Powder",46.2,kg,"Quezon Agricultural Producers Coop","Warehouse Inbound Team","Authorized supplier stock replenishment"
2026-03-12,RM-053,"Garlic Powder",39.68,kg,"Quezon Agricultural Producers Coop","Warehouse Inbound Team","Authorized supplier stock replenishment"
2026-03-18,RM-053,"Garlic Powder",32.25,kg,"Quezon Agricultural Producers Coop","Warehouse Inbound Team","Authorized supplier stock replenishment"
2026-03-24,RM-053,"Garlic Powder",41.13,kg,"Quezon Agricultural Producers Coop","Warehouse Inbound Team","Authorized supplier stock replenishment"
2026-03-30,RM-053,"Garlic Powder",45.74,kg,"Quezon Agricultural Producers Coop","Warehouse Inbound Team","Authorized supplier stock replenishment"
2026-04-05,RM-053,"Garlic Powder",35.4,kg,"Quezon Agricultural Producers Coop","Warehouse Inbound Team","Authorized supplier stock replenishment"
2026-04-11,RM-053,"Garlic Powder",34.07,kg,"Quezon Agricultural Producers Coop","Warehouse Inbound Team","Authorized supplier stock replenishment"
2026-04-17,RM-053,"Garlic Powder",44.83,kg,"Quezon Agricultural Producers Coop","Warehouse Inbound Team","Authorized supplier stock replenishment"
2026-04-23,RM-053,"Garlic Powder",42.75,kg,"Quezon Agricultural Producers Coop","Warehouse Inbound Team","Authorized supplier stock replenishment"
2026-04-29,RM-053,"Garlic Powder",32.65,kg,"Quezon Agricultural Producers Coop","Warehouse Inbound Team","Authorized supplier stock replenishment"
2026-05-05,RM-053,"Garlic Powder",29.58,kg,"Quezon Agricultural Producers Coop","Warehouse Inbound Team","Authorized supplier stock replenishment"
2026-05-11,RM-053,"Garlic Powder",36.16,kg,"Quezon Agricultural Producers Coop","Warehouse Inbound Team","Authorized supplier stock replenishment"
2026-05-17,RM-053,"Garlic Powder",29.96,kg,"Quezon Agricultural Producers Coop","Warehouse Inbound Team","Authorized supplier stock replenishment"
2026-05-23,RM-053,"Garlic Powder",25.35,kg,"Quezon Agricultural Producers Coop","Warehouse Inbound Team","Authorized supplier stock replenishment"
2026-05-29,RM-053,"Garlic Powder",33.01,kg,"Quezon Agricultural Producers Coop","Warehouse Inbound Team","Authorized supplier stock replenishment"
2026-06-04,RM-053,"Garlic Powder",35.19,kg,"Quezon Agricultural Producers Coop","Warehouse Inbound Team","Authorized supplier stock replenishment"
2026-06-10,RM-053,"Garlic Powder",26.84,kg,"Quezon Agricultural Producers Coop","Warehouse Inbound Team","Authorized supplier stock replenishment"
2026-06-16,RM-053,"Garlic Powder",27.31,kg,"Quezon Agricultural Producers Coop","Warehouse Inbound Team","Authorized supplier stock replenishment"
2026-06-22,RM-053,"Garlic Powder",35.51,kg,"Quezon Agricultural Producers Coop","Warehouse Inbound Team","Authorized supplier stock replenishment"
2026-06-28,RM-053,"Garlic Powder",32.44,kg,"Quezon Agricultural Producers Coop","Warehouse Inbound Team","Authorized supplier stock replenishment"
2026-07-04,RM-053,"Garlic Powder",25.21,kg,"Quezon Agricultural Producers Coop","Warehouse Inbound Team","Authorized supplier stock replenishment"
2026-07-10,RM-053,"Garlic Powder",30.57,kg,"Quezon Agricultural Producers Coop","Warehouse Inbound Team","Authorized supplier stock replenishment"
2026-07-16,RM-053,"Garlic Powder",36.1,kg,"Quezon Agricultural Producers Coop","Warehouse Inbound Team","Authorized supplier stock replenishment"
2026-07-22,RM-053,"Garlic Powder",28.98,kg,"Quezon Agricultural Producers Coop","Warehouse Inbound Team","Authorized supplier stock replenishment"
2026-07-28,RM-053,"Garlic Powder",25.71,kg,"Quezon Agricultural Producers Coop","Warehouse Inbound Team","Authorized supplier stock replenishment"
2026-08-03,RM-053,"Garlic Powder",33.87,kg,"Quezon Agricultural Producers Coop","Warehouse Inbound Team","Authorized supplier stock replenishment"
2026-08-09,RM-053,"Garlic Powder",34.55,kg,"Quezon Agricultural Producers Coop","Warehouse Inbound Team","Authorized supplier stock replenishment"
2026-08-15,RM-053,"Garlic Powder",26.18,kg,"Quezon Agricultural Producers Coop","Warehouse Inbound Team","Authorized supplier stock replenishment"
2026-08-21,RM-053,"Garlic Powder",28.15,kg,"Quezon Agricultural Producers Coop","Warehouse Inbound Team","Authorized supplier stock replenishment"
2026-08-27,RM-053,"Garlic Powder",35.9,kg,"Quezon Agricultural Producers Coop","Warehouse Inbound Team","Authorized supplier stock replenishment"
2026-09-02,RM-053,"Garlic Powder",31.47,kg,"Quezon Agricultural Producers Coop","Warehouse Inbound Team","Authorized supplier stock replenishment"
2026-01-04,RM-054,"Ground Black Pepper",36.24,kg,"Southern Luzon Ingredients Supply","Warehouse Inbound Team","Authorized supplier stock replenishment"
2026-01-09,RM-054,"Ground Black Pepper",47.27,kg,"Southern Luzon Ingredients Supply","Warehouse Inbound Team","Authorized supplier stock replenishment"
2026-01-14,RM-054,"Ground Black Pepper",50.16,kg,"Southern Luzon Ingredients Supply","Warehouse Inbound Team","Authorized supplier stock replenishment"
2026-01-19,RM-054,"Ground Black Pepper",38.21,kg,"Southern Luzon Ingredients Supply","Warehouse Inbound Team","Authorized supplier stock replenishment"
2026-01-24,RM-054,"Ground Black Pepper",39.11,kg,"Southern Luzon Ingredients Supply","Warehouse Inbound Team","Authorized supplier stock replenishment"
2026-01-29,RM-054,"Ground Black Pepper",50.77,kg,"Southern Luzon Ingredients Supply","Warehouse Inbound Team","Authorized supplier stock replenishment"
2026-02-03,RM-054,"Ground Black Pepper",46.17,kg,"Southern Luzon Ingredients Supply","Warehouse Inbound Team","Authorized supplier stock replenishment"
2026-02-08,RM-054,"Ground Black Pepper",35.97,kg,"Southern Luzon Ingredients Supply","Warehouse Inbound Team","Authorized supplier stock replenishment"
2026-02-13,RM-054,"Ground Black Pepper",43.8,kg,"Southern Luzon Ingredients Supply","Warehouse Inbound Team","Authorized supplier stock replenishment"
2026-02-18,RM-054,"Ground Black Pepper",51.52,kg,"Southern Luzon Ingredients Supply","Warehouse Inbound Team","Authorized supplier stock replenishment"
2026-02-23,RM-054,"Ground Black Pepper",41.24,kg,"Southern Luzon Ingredients Supply","Warehouse Inbound Team","Authorized supplier stock replenishment"
2026-02-28,RM-054,"Ground Black Pepper",36.78,kg,"Southern Luzon Ingredients Supply","Warehouse Inbound Team","Authorized supplier stock replenishment"
2026-03-05,RM-054,"Ground Black Pepper",48.48,kg,"Southern Luzon Ingredients Supply","Warehouse Inbound Team","Authorized supplier stock replenishment"
2026-03-10,RM-054,"Ground Black Pepper",49.23,kg,"Southern Luzon Ingredients Supply","Warehouse Inbound Team","Authorized supplier stock replenishment"
2026-03-15,RM-054,"Ground Black Pepper",37.3,kg,"Southern Luzon Ingredients Supply","Warehouse Inbound Team","Authorized supplier stock replenishment"
2026-03-20,RM-054,"Ground Black Pepper",40.33,kg,"Southern Luzon Ingredients Supply","Warehouse Inbound Team","Authorized supplier stock replenishment"
2026-03-25,RM-054,"Ground Black Pepper",51.3,kg,"Southern Luzon Ingredients Supply","Warehouse Inbound Team","Authorized supplier stock replenishment"
2026-03-30,RM-054,"Ground Black Pepper",44.79,kg,"Southern Luzon Ingredients Supply","Warehouse Inbound Team","Authorized supplier stock replenishment"
2026-04-04,RM-054,"Ground Black Pepper",35.88,kg,"Southern Luzon Ingredients Supply","Warehouse Inbound Team","Authorized supplier stock replenishment"
2026-04-09,RM-054,"Ground Black Pepper",45.22,kg,"Southern Luzon Ingredients Supply","Warehouse Inbound Team","Authorized supplier stock replenishment"
2026-04-14,RM-054,"Ground Black Pepper",51.16,kg,"Southern Luzon Ingredients Supply","Warehouse Inbound Team","Authorized supplier stock replenishment"
2026-04-19,RM-054,"Ground Black Pepper",39.94,kg,"Southern Luzon Ingredients Supply","Warehouse Inbound Team","Authorized supplier stock replenishment"
2026-04-24,RM-054,"Ground Black Pepper",37.55,kg,"Southern Luzon Ingredients Supply","Warehouse Inbound Team","Authorized supplier stock replenishment"
2026-04-29,RM-054,"Ground Black Pepper",49.53,kg,"Southern Luzon Ingredients Supply","Warehouse Inbound Team","Authorized supplier stock replenishment"
2026-05-04,RM-054,"Ground Black Pepper",48.12,kg,"Southern Luzon Ingredients Supply","Warehouse Inbound Team","Authorized supplier stock replenishment"
2026-05-09,RM-054,"Ground Black Pepper",36.59,kg,"Southern Luzon Ingredients Supply","Warehouse Inbound Team","Authorized supplier stock replenishment"
2026-05-14,RM-054,"Ground Black Pepper",41.66,kg,"Southern Luzon Ingredients Supply","Warehouse Inbound Team","Authorized supplier stock replenishment"
2026-05-19,RM-054,"Ground Black Pepper",51.58,kg,"Southern Luzon Ingredients Supply","Warehouse Inbound Team","Authorized supplier stock replenishment"
2026-05-24,RM-054,"Ground Black Pepper",43.37,kg,"Southern Luzon Ingredients Supply","Warehouse Inbound Team","Authorized supplier stock replenishment"
2026-05-29,RM-054,"Ground Black Pepper",36.05,kg,"Southern Luzon Ingredients Supply","Warehouse Inbound Team","Authorized supplier stock replenishment"
2026-06-03,RM-054,"Ground Black Pepper",46.58,kg,"Southern Luzon Ingredients Supply","Warehouse Inbound Team","Authorized supplier stock replenishment"
2026-06-08,RM-054,"Ground Black Pepper",50.56,kg,"Southern Luzon Ingredients Supply","Warehouse Inbound Team","Authorized supplier stock replenishment"
2026-06-13,RM-054,"Ground Black Pepper",38.77,kg,"Southern Luzon Ingredients Supply","Warehouse Inbound Team","Authorized supplier stock replenishment"
2026-06-18,RM-054,"Ground Black Pepper",38.53,kg,"Southern Luzon Ingredients Supply","Warehouse Inbound Team","Authorized supplier stock replenishment"
2026-06-23,RM-054,"Ground Black Pepper",50.4,kg,"Southern Luzon Ingredients Supply","Warehouse Inbound Team","Authorized supplier stock replenishment"
2026-06-28,RM-054,"Ground Black Pepper",46.88,kg,"Southern Luzon Ingredients Supply","Warehouse Inbound Team","Authorized supplier stock replenishment"
2026-07-03,RM-054,"Ground Black Pepper",36.12,kg,"Southern Luzon Ingredients Supply","Warehouse Inbound Team","Authorized supplier stock replenishment"
2026-07-08,RM-054,"Ground Black Pepper",43.05,kg,"Southern Luzon Ingredients Supply","Warehouse Inbound Team","Authorized supplier stock replenishment"
2026-07-13,RM-054,"Ground Black Pepper",51.61,kg,"Southern Luzon Ingredients Supply","Warehouse Inbound Team","Authorized supplier stock replenishment"
2026-07-18,RM-054,"Ground Black Pepper",41.97,kg,"Southern Luzon Ingredients Supply","Warehouse Inbound Team","Authorized supplier stock replenishment"
2026-07-23,RM-054,"Ground Black Pepper",36.47,kg,"Southern Luzon Ingredients Supply","Warehouse Inbound Team","Authorized supplier stock replenishment"
2026-07-28,RM-054,"Ground Black Pepper",47.86,kg,"Southern Luzon Ingredients Supply","Warehouse Inbound Team","Authorized supplier stock replenishment"
2026-08-02,RM-054,"Ground Black Pepper",49.74,kg,"Southern Luzon Ingredients Supply","Warehouse Inbound Team","Authorized supplier stock replenishment"
2026-08-07,RM-054,"Ground Black Pepper",37.76,kg,"Southern Luzon Ingredients Supply","Warehouse Inbound Team","Authorized supplier stock replenishment"
2026-08-12,RM-054,"Ground Black Pepper",39.67,kg,"Southern Luzon Ingredients Supply","Warehouse Inbound Team","Authorized supplier stock replenishment"
2026-08-17,RM-054,"Ground Black Pepper",51.05,kg,"Southern Luzon Ingredients Supply","Warehouse Inbound Team","Authorized supplier stock replenishment"
2026-08-22,RM-054,"Ground Black Pepper",45.53,kg,"Southern Luzon Ingredients Supply","Warehouse Inbound Team","Authorized supplier stock replenishment"
2026-08-27,RM-054,"Ground Black Pepper",35.9,kg,"Southern Luzon Ingredients Supply","Warehouse Inbound Team","Authorized supplier stock replenishment"
2026-09-01,RM-054,"Ground Black Pepper",44.47,kg,"Southern Luzon Ingredients Supply","Warehouse Inbound Team","Authorized supplier stock replenishment"
2026-01-05,RM-055,"White Pepper Powder",27.82,kg,"Quezon Agricultural Producers Coop","Warehouse Inbound Team","Authorized supplier stock replenishment"
2026-01-10,RM-055,"White Pepper Powder",26.9,kg,"Quezon Agricultural Producers Coop","Warehouse Inbound Team","Authorized supplier stock replenishment"
2026-01-15,RM-055,"White Pepper Powder",20.47,kg,"Quezon Agricultural Producers Coop","Warehouse Inbound Team","Authorized supplier stock replenishment"
2026-01-20,RM-055,"White Pepper Powder",23.43,kg,"Quezon Agricultural Producers Coop","Warehouse Inbound Team","Authorized supplier stock replenishment"
2026-01-25,RM-055,"White Pepper Powder",28.92,kg,"Quezon Agricultural Producers Coop","Warehouse Inbound Team","Authorized supplier stock replenishment"
2026-01-30,RM-055,"White Pepper Powder",24.22,kg,"Quezon Agricultural Producers Coop","Warehouse Inbound Team","Authorized supplier stock replenishment"
2026-02-04,RM-055,"White Pepper Powder",20.22,kg,"Quezon Agricultural Producers Coop","Warehouse Inbound Team","Authorized supplier stock replenishment"
2026-02-09,RM-055,"White Pepper Powder",26.19,kg,"Quezon Agricultural Producers Coop","Warehouse Inbound Team","Authorized supplier stock replenishment"
2026-02-14,RM-055,"White Pepper Powder",28.3,kg,"Quezon Agricultural Producers Coop","Warehouse Inbound Team","Authorized supplier stock replenishment"
2026-02-19,RM-055,"White Pepper Powder",21.66,kg,"Quezon Agricultural Producers Coop","Warehouse Inbound Team","Authorized supplier stock replenishment"
2026-02-24,RM-055,"White Pepper Powder",21.66,kg,"Quezon Agricultural Producers Coop","Warehouse Inbound Team","Authorized supplier stock replenishment"
2026-03-01,RM-055,"White Pepper Powder",28.29,kg,"Quezon Agricultural Producers Coop","Warehouse Inbound Team","Authorized supplier stock replenishment"
2026-03-06,RM-055,"White Pepper Powder",26.2,kg,"Quezon Agricultural Producers Coop","Warehouse Inbound Team","Authorized supplier stock replenishment"
2026-03-11,RM-055,"White Pepper Powder",20.23,kg,"Quezon Agricultural Producers Coop","Warehouse Inbound Team","Authorized supplier stock replenishment"
2026-03-16,RM-055,"White Pepper Powder",24.21,kg,"Quezon Agricultural Producers Coop","Warehouse Inbound Team","Authorized supplier stock replenishment"
2026-03-21,RM-055,"White Pepper Powder",28.92,kg,"Quezon Agricultural Producers Coop","Warehouse Inbound Team","Authorized supplier stock replenishment"
2026-03-26,RM-055,"White Pepper Powder",23.44,kg,"Quezon Agricultural Producers Coop","Warehouse Inbound Team","Authorized supplier stock replenishment"
2026-03-31,RM-055,"White Pepper Powder",20.47,kg,"Quezon Agricultural Producers Coop","Warehouse Inbound Team","Authorized supplier stock replenishment"
2026-04-05,RM-055,"White Pepper Powder",26.89,kg,"Quezon Agricultural Producers Coop","Warehouse Inbound Team","Authorized supplier stock replenishment"
2026-04-10,RM-055,"White Pepper Powder",27.83,kg,"Quezon Agricultural Producers Coop","Warehouse Inbound Team","Authorized supplier stock replenishment"
2026-04-15,RM-055,"White Pepper Powder",21.11,kg,"Quezon Agricultural Producers Coop","Warehouse Inbound Team","Authorized supplier stock replenishment"
2026-04-20,RM-055,"White Pepper Powder",22.31,kg,"Quezon Agricultural Producers Coop","Warehouse Inbound Team","Authorized supplier stock replenishment"
2026-04-25,RM-055,"White Pepper Powder",28.64,kg,"Quezon Agricultural Producers Coop","Warehouse Inbound Team","Authorized supplier stock replenishment"
2026-04-30,RM-055,"White Pepper Powder",25.44,kg,"Quezon Agricultural Producers Coop","Warehouse Inbound Team","Authorized supplier stock replenishment"
2026-05-05,RM-055,"White Pepper Powder",20.11,kg,"Quezon Agricultural Producers Coop","Warehouse Inbound Team","Authorized supplier stock replenishment"
2026-05-10,RM-055,"White Pepper Powder",25.01,kg,"Quezon Agricultural Producers Coop","Warehouse Inbound Team","Authorized supplier stock replenishment"
2026-05-15,RM-055,"White Pepper Powder",28.78,kg,"Quezon Agricultural Producers Coop","Warehouse Inbound Team","Authorized supplier stock replenishment"
2026-05-20,RM-055,"White Pepper Powder",22.69,kg,"Quezon Agricultural Producers Coop","Warehouse Inbound Team","Authorized supplier stock replenishment"
2026-05-25,RM-055,"White Pepper Powder",20.85,kg,"Quezon Agricultural Producers Coop","Warehouse Inbound Team","Authorized supplier stock replenishment"
2026-05-30,RM-055,"White Pepper Powder",27.52,kg,"Quezon Agricultural Producers Coop","Warehouse Inbound Team","Authorized supplier stock replenishment"
2026-06-04,RM-055,"White Pepper Powder",27.25,kg,"Quezon Agricultural Producers Coop","Warehouse Inbound Team","Authorized supplier stock replenishment"
2026-06-09,RM-055,"White Pepper Powder",20.66,kg,"Quezon Agricultural Producers Coop","Warehouse Inbound Team","Authorized supplier stock replenishment"
2026-06-14,RM-055,"White Pepper Powder",23.03,kg,"Quezon Agricultural Producers Coop","Warehouse Inbound Team","Authorized supplier stock replenishment"
2026-06-19,RM-055,"White Pepper Powder",28.86,kg,"Quezon Agricultural Producers Coop","Warehouse Inbound Team","Authorized supplier stock replenishment"
2026-06-24,RM-055,"White Pepper Powder",24.65,kg,"Quezon Agricultural Producers Coop","Warehouse Inbound Team","Authorized supplier stock replenishment"
2026-06-29,RM-055,"White Pepper Powder",20.15,kg,"Quezon Agricultural Producers Coop","Warehouse Inbound Team","Authorized supplier stock replenishment"
2026-07-04,RM-055,"White Pepper Powder",25.79,kg,"Quezon Agricultural Producers Coop","Warehouse Inbound Team","Authorized supplier stock replenishment"
2026-07-09,RM-055,"White Pepper Powder",28.5,kg,"Quezon Agricultural Producers Coop","Warehouse Inbound Team","Authorized supplier stock replenishment"
2026-07-14,RM-055,"White Pepper Powder",22,kg,"Quezon Agricultural Producers Coop","Warehouse Inbound Team","Authorized supplier stock replenishment"
2026-07-19,RM-055,"White Pepper Powder",21.35,kg,"Quezon Agricultural Producers Coop","Warehouse Inbound Team","Authorized supplier stock replenishment"
2026-07-24,RM-055,"White Pepper Powder",28.06,kg,"Quezon Agricultural Producers Coop","Warehouse Inbound Team","Authorized supplier stock replenishment"
2026-07-29,RM-055,"White Pepper Powder",26.58,kg,"Quezon Agricultural Producers Coop","Warehouse Inbound Team","Authorized supplier stock replenishment"
2026-08-03,RM-055,"White Pepper Powder",20.34,kg,"Quezon Agricultural Producers Coop","Warehouse Inbound Team","Authorized supplier stock replenishment"
2026-08-08,RM-055,"White Pepper Powder",23.8,kg,"Quezon Agricultural Producers Coop","Warehouse Inbound Team","Authorized supplier stock replenishment"
2026-08-13,RM-055,"White Pepper Powder",28.94,kg,"Quezon Agricultural Producers Coop","Warehouse Inbound Team","Authorized supplier stock replenishment"
2026-08-18,RM-055,"White Pepper Powder",23.85,kg,"Quezon Agricultural Producers Coop","Warehouse Inbound Team","Authorized supplier stock replenishment"
2026-08-23,RM-055,"White Pepper Powder",20.32,kg,"Quezon Agricultural Producers Coop","Warehouse Inbound Team","Authorized supplier stock replenishment"
2026-08-28,RM-055,"White Pepper Powder",26.53,kg,"Quezon Agricultural Producers Coop","Warehouse Inbound Team","Authorized supplier stock replenishment"
2026-09-02,RM-055,"White Pepper Powder",28.09,kg,"Quezon Agricultural Producers Coop","Warehouse Inbound Team","Authorized supplier stock replenishment"
2026-01-02,RM-056,"Whole Black Peppercorns",32.47,kg,"Southern Luzon Ingredients Supply","Warehouse Inbound Team","Authorized supplier stock replenishment"
2026-01-08,RM-056,"Whole Black Peppercorns",25.75,kg,"Southern Luzon Ingredients Supply","Warehouse Inbound Team","Authorized supplier stock replenishment"
2026-01-14,RM-056,"Whole Black Peppercorns",32.13,kg,"Southern Luzon Ingredients Supply","Warehouse Inbound Team","Authorized supplier stock replenishment"
2026-01-20,RM-056,"Whole Black Peppercorns",36.82,kg,"Southern Luzon Ingredients Supply","Warehouse Inbound Team","Authorized supplier stock replenishment"
2026-01-26,RM-056,"Whole Black Peppercorns",28.96,kg,"Southern Luzon Ingredients Supply","Warehouse Inbound Team","Authorized supplier stock replenishment"
2026-02-01,RM-056,"Whole Black Peppercorns",26.76,kg,"Southern Luzon Ingredients Supply","Warehouse Inbound Team","Authorized supplier stock replenishment"
2026-02-07,RM-056,"Whole Black Peppercorns",35.32,kg,"Southern Luzon Ingredients Supply","Warehouse Inbound Team","Authorized supplier stock replenishment"
2026-02-13,RM-056,"Whole Black Peppercorns",34.8,kg,"Southern Luzon Ingredients Supply","Warehouse Inbound Team","Authorized supplier stock replenishment"
2026-02-19,RM-056,"Whole Black Peppercorns",26.41,kg,"Southern Luzon Ingredients Supply","Warehouse Inbound Team","Authorized supplier stock replenishment"
2026-02-25,RM-056,"Whole Black Peppercorns",29.59,kg,"Southern Luzon Ingredients Supply","Warehouse Inbound Team","Authorized supplier stock replenishment"
2026-03-03,RM-056,"Whole Black Peppercorns",36.98,kg,"Southern Luzon Ingredients Supply","Warehouse Inbound Team","Authorized supplier stock replenishment"
2026-03-09,RM-056,"Whole Black Peppercorns",31.45,kg,"Southern Luzon Ingredients Supply","Warehouse Inbound Team","Authorized supplier stock replenishment"
2026-03-15,RM-056,"Whole Black Peppercorns",25.82,kg,"Southern Luzon Ingredients Supply","Warehouse Inbound Team","Authorized supplier stock replenishment"
2026-03-21,RM-056,"Whole Black Peppercorns",33.13,kg,"Southern Luzon Ingredients Supply","Warehouse Inbound Team","Authorized supplier stock replenishment"
2026-03-27,RM-056,"Whole Black Peppercorns",36.45,kg,"Southern Luzon Ingredients Supply","Warehouse Inbound Team","Authorized supplier stock replenishment"
2026-04-02,RM-056,"Whole Black Peppercorns",28.08,kg,"Southern Luzon Ingredients Supply","Warehouse Inbound Team","Authorized supplier stock replenishment"
2026-04-08,RM-056,"Whole Black Peppercorns",27.42,kg,"Southern Luzon Ingredients Supply","Warehouse Inbound Team","Authorized supplier stock replenishment"
2026-04-14,RM-056,"Whole Black Peppercorns",35.99,kg,"Southern Luzon Ingredients Supply","Warehouse Inbound Team","Authorized supplier stock replenishment"
2026-04-20,RM-056,"Whole Black Peppercorns",33.94,kg,"Southern Luzon Ingredients Supply","Warehouse Inbound Team","Authorized supplier stock replenishment"
2026-04-26,RM-056,"Whole Black Peppercorns",26.01,kg,"Southern Luzon Ingredients Supply","Warehouse Inbound Team","Authorized supplier stock replenishment"
2026-05-02,RM-056,"Whole Black Peppercorns",23.85,kg,"Southern Luzon Ingredients Supply","Warehouse Inbound Team","Authorized supplier stock replenishment"
2026-05-08,RM-056,"Whole Black Peppercorns",28.9,kg,"Southern Luzon Ingredients Supply","Warehouse Inbound Team","Authorized supplier stock replenishment"
2026-05-14,RM-056,"Whole Black Peppercorns",23.74,kg,"Southern Luzon Ingredients Supply","Warehouse Inbound Team","Authorized supplier stock replenishment"
2026-05-20,RM-056,"Whole Black Peppercorns",20.33,kg,"Southern Luzon Ingredients Supply","Warehouse Inbound Team","Authorized supplier stock replenishment"
2026-05-26,RM-056,"Whole Black Peppercorns",26.57,kg,"Southern Luzon Ingredients Supply","Warehouse Inbound Team","Authorized supplier stock replenishment"
2026-06-01,RM-056,"Whole Black Peppercorns",28.01,kg,"Southern Luzon Ingredients Supply","Warehouse Inbound Team","Authorized supplier stock replenishment"
2026-06-07,RM-056,"Whole Black Peppercorns",21.31,kg,"Southern Luzon Ingredients Supply","Warehouse Inbound Team","Authorized supplier stock replenishment"
2026-06-13,RM-056,"Whole Black Peppercorns",22,kg,"Southern Luzon Ingredients Supply","Warehouse Inbound Team","Authorized supplier stock replenishment"
2026-06-19,RM-056,"Whole Black Peppercorns",28.48,kg,"Southern Luzon Ingredients Supply","Warehouse Inbound Team","Authorized supplier stock replenishment"
2026-06-25,RM-056,"Whole Black Peppercorns",25.73,kg,"Southern Luzon Ingredients Supply","Warehouse Inbound Team","Authorized supplier stock replenishment"
2026-07-01,RM-056,"Whole Black Peppercorns",20.12,kg,"Southern Luzon Ingredients Supply","Warehouse Inbound Team","Authorized supplier stock replenishment"
2026-07-07,RM-056,"Whole Black Peppercorns",24.65,kg,"Southern Luzon Ingredients Supply","Warehouse Inbound Team","Authorized supplier stock replenishment"
2026-07-13,RM-056,"Whole Black Peppercorns",28.82,kg,"Southern Luzon Ingredients Supply","Warehouse Inbound Team","Authorized supplier stock replenishment"
2026-07-19,RM-056,"Whole Black Peppercorns",22.97,kg,"Southern Luzon Ingredients Supply","Warehouse Inbound Team","Authorized supplier stock replenishment"
2026-07-25,RM-056,"Whole Black Peppercorns",20.65,kg,"Southern Luzon Ingredients Supply","Warehouse Inbound Team","Authorized supplier stock replenishment"
2026-07-31,RM-056,"Whole Black Peppercorns",27.24,kg,"Southern Luzon Ingredients Supply","Warehouse Inbound Team","Authorized supplier stock replenishment"
2026-08-06,RM-056,"Whole Black Peppercorns",27.47,kg,"Southern Luzon Ingredients Supply","Warehouse Inbound Team","Authorized supplier stock replenishment"
2026-08-12,RM-056,"Whole Black Peppercorns",20.81,kg,"Southern Luzon Ingredients Supply","Warehouse Inbound Team","Authorized supplier stock replenishment"
2026-08-18,RM-056,"Whole Black Peppercorns",22.69,kg,"Southern Luzon Ingredients Supply","Warehouse Inbound Team","Authorized supplier stock replenishment"
2026-08-24,RM-056,"Whole Black Peppercorns",28.75,kg,"Southern Luzon Ingredients Supply","Warehouse Inbound Team","Authorized supplier stock replenishment"
2026-08-30,RM-056,"Whole Black Peppercorns",24.95,kg,"Southern Luzon Ingredients Supply","Warehouse Inbound Team","Authorized supplier stock replenishment"
2026-01-02,RM-057,"Muscovado Brown Sugar",218.37,kg,"Quezon Agricultural Producers Coop","Warehouse Inbound Team","Authorized supplier stock replenishment"
2026-01-07,RM-057,"Muscovado Brown Sugar",285.87,kg,"Quezon Agricultural Producers Coop","Warehouse Inbound Team","Authorized supplier stock replenishment"
2026-01-12,RM-057,"Muscovado Brown Sugar",299.92,kg,"Quezon Agricultural Producers Coop","Warehouse Inbound Team","Authorized supplier stock replenishment"
2026-01-17,RM-057,"Muscovado Brown Sugar",227.96,kg,"Quezon Agricultural Producers Coop","Warehouse Inbound Team","Authorized supplier stock replenishment"
2026-01-22,RM-057,"Muscovado Brown Sugar",236.73,kg,"Quezon Agricultural Producers Coop","Warehouse Inbound Team","Authorized supplier stock replenishment"
2026-01-27,RM-057,"Muscovado Brown Sugar",305.91,kg,"Quezon Agricultural Producers Coop","Warehouse Inbound Team","Authorized supplier stock replenishment"
2026-02-01,RM-057,"Muscovado Brown Sugar",275.2,kg,"Quezon Agricultural Producers Coop","Warehouse Inbound Team","Authorized supplier stock replenishment"
2026-02-06,RM-057,"Muscovado Brown Sugar",215.76,kg,"Quezon Agricultural Producers Coop","Warehouse Inbound Team","Authorized supplier stock replenishment"
2026-02-11,RM-057,"Muscovado Brown Sugar",265.31,kg,"Quezon Agricultural Producers Coop","Warehouse Inbound Team","Authorized supplier stock replenishment"
2026-02-16,RM-057,"Muscovado Brown Sugar",309.04,kg,"Quezon Agricultural Producers Coop","Warehouse Inbound Team","Authorized supplier stock replenishment"
2026-02-21,RM-057,"Muscovado Brown Sugar",245.63,kg,"Quezon Agricultural Producers Coop","Warehouse Inbound Team","Authorized supplier stock replenishment"
2026-02-26,RM-057,"Muscovado Brown Sugar",222,kg,"Quezon Agricultural Producers Coop","Warehouse Inbound Team","Authorized supplier stock replenishment"
2026-03-03,RM-057,"Muscovado Brown Sugar",292.91,kg,"Quezon Agricultural Producers Coop","Warehouse Inbound Team","Authorized supplier stock replenishment"
2026-03-08,RM-057,"Muscovado Brown Sugar",294.05,kg,"Quezon Agricultural Producers Coop","Warehouse Inbound Team","Authorized supplier stock replenishment"
2026-03-13,RM-057,"Muscovado Brown Sugar",222.78,kg,"Quezon Agricultural Producers Coop","Warehouse Inbound Team","Authorized supplier stock replenishment"
2026-03-18,RM-057,"Muscovado Brown Sugar",244.24,kg,"Quezon Agricultural Producers Coop","Warehouse Inbound Team","Authorized supplier stock replenishment"
2026-03-23,RM-057,"Muscovado Brown Sugar",308.7,kg,"Quezon Agricultural Producers Coop","Warehouse Inbound Team","Authorized supplier stock replenishment"
2026-03-28,RM-057,"Muscovado Brown Sugar",266.81,kg,"Quezon Agricultural Producers Coop","Warehouse Inbound Team","Authorized supplier stock replenishment"
2026-04-02,RM-057,"Muscovado Brown Sugar",215.63,kg,"Quezon Agricultural Producers Coop","Warehouse Inbound Team","Authorized supplier stock replenishment"
2026-04-07,RM-057,"Muscovado Brown Sugar",273.75,kg,"Quezon Agricultural Producers Coop","Warehouse Inbound Team","Authorized supplier stock replenishment"
2026-04-12,RM-057,"Muscovado Brown Sugar",306.5,kg,"Quezon Agricultural Producers Coop","Warehouse Inbound Team","Authorized supplier stock replenishment"
2026-04-17,RM-057,"Muscovado Brown Sugar",238,kg,"Quezon Agricultural Producers Coop","Warehouse Inbound Team","Authorized supplier stock replenishment"
2026-04-22,RM-057,"Muscovado Brown Sugar",226.96,kg,"Quezon Agricultural Producers Coop","Warehouse Inbound Team","Authorized supplier stock replenishment"
2026-04-27,RM-057,"Muscovado Brown Sugar",298.97,kg,"Quezon Agricultural Producers Coop","Warehouse Inbound Team","Authorized supplier stock replenishment"
2026-05-02,RM-057,"Muscovado Brown Sugar",287.17,kg,"Quezon Agricultural Producers Coop","Warehouse Inbound Team","Authorized supplier stock replenishment"
2026-05-07,RM-057,"Muscovado Brown Sugar",218.91,kg,"Quezon Agricultural Producers Coop","Warehouse Inbound Team","Authorized supplier stock replenishment"
2026-05-12,RM-057,"Muscovado Brown Sugar",252.35,kg,"Quezon Agricultural Producers Coop","Warehouse Inbound Team","Authorized supplier stock replenishment"
2026-05-17,RM-057,"Muscovado Brown Sugar",310.01,kg,"Quezon Agricultural Producers Coop","Warehouse Inbound Team","Authorized supplier stock replenishment"
2026-05-22,RM-057,"Muscovado Brown Sugar",258.28,kg,"Quezon Agricultural Producers Coop","Warehouse Inbound Team","Authorized supplier stock replenishment"
2026-05-27,RM-057,"Muscovado Brown Sugar",217.02,kg,"Quezon Agricultural Producers Coop","Warehouse Inbound Team","Authorized supplier stock replenishment"
2026-06-01,RM-057,"Muscovado Brown Sugar",281.83,kg,"Quezon Agricultural Producers Coop","Warehouse Inbound Team","Authorized supplier stock replenishment"
2026-06-06,RM-057,"Muscovado Brown Sugar",302.54,kg,"Quezon Agricultural Producers Coop","Warehouse Inbound Team","Authorized supplier stock replenishment"
2026-06-11,RM-057,"Muscovado Brown Sugar",231.17,kg,"Quezon Agricultural Producers Coop","Warehouse Inbound Team","Authorized supplier stock replenishment"
2026-06-16,RM-057,"Muscovado Brown Sugar",233.09,kg,"Quezon Agricultural Producers Coop","Warehouse Inbound Team","Authorized supplier stock replenishment"
2026-06-21,RM-057,"Muscovado Brown Sugar",303.85,kg,"Quezon Agricultural Producers Coop","Warehouse Inbound Team","Authorized supplier stock replenishment"
2026-06-26,RM-057,"Muscovado Brown Sugar",279.5,kg,"Quezon Agricultural Producers Coop","Warehouse Inbound Team","Authorized supplier stock replenishment"
2026-07-01,RM-057,"Muscovado Brown Sugar",216.45,kg,"Quezon Agricultural Producers Coop","Warehouse Inbound Team","Authorized supplier stock replenishment"
2026-07-06,RM-057,"Muscovado Brown Sugar",260.8,kg,"Quezon Agricultural Producers Coop","Warehouse Inbound Team","Authorized supplier stock replenishment"
2026-07-11,RM-057,"Muscovado Brown Sugar",309.78,kg,"Quezon Agricultural Producers Coop","Warehouse Inbound Team","Authorized supplier stock replenishment"
2026-07-16,RM-057,"Muscovado Brown Sugar",249.91,kg,"Quezon Agricultural Producers Coop","Warehouse Inbound Team","Authorized supplier stock replenishment"
2026-07-21,RM-057,"Muscovado Brown Sugar",219.91,kg,"Quezon Agricultural Producers Coop","Warehouse Inbound Team","Authorized supplier stock replenishment"
2026-07-26,RM-057,"Muscovado Brown Sugar",289.29,kg,"Quezon Agricultural Producers Coop","Warehouse Inbound Team","Authorized supplier stock replenishment"
2026-07-31,RM-057,"Muscovado Brown Sugar",297.29,kg,"Quezon Agricultural Producers Coop","Warehouse Inbound Team","Authorized supplier stock replenishment"
2026-08-05,RM-057,"Muscovado Brown Sugar",225.37,kg,"Quezon Agricultural Producers Coop","Warehouse Inbound Team","Authorized supplier stock replenishment"
2026-08-10,RM-057,"Muscovado Brown Sugar",240.17,kg,"Quezon Agricultural Producers Coop","Warehouse Inbound Team","Authorized supplier stock replenishment"
2026-08-15,RM-057,"Muscovado Brown Sugar",307.4,kg,"Quezon Agricultural Producers Coop","Warehouse Inbound Team","Authorized supplier stock replenishment"
2026-08-20,RM-057,"Muscovado Brown Sugar",271.28,kg,"Quezon Agricultural Producers Coop","Warehouse Inbound Team","Authorized supplier stock replenishment"
2026-08-25,RM-057,"Muscovado Brown Sugar",215.51,kg,"Quezon Agricultural Producers Coop","Warehouse Inbound Team","Authorized supplier stock replenishment"
2026-08-30,RM-057,"Muscovado Brown Sugar",269.31,kg,"Quezon Agricultural Producers Coop","Warehouse Inbound Team","Authorized supplier stock replenishment"
2026-01-04,RM-058,"Panutsa Cane Sugar",222.71,kg,"Southern Luzon Ingredients Supply","Warehouse Inbound Team","Authorized supplier stock replenishment"
2026-01-10,RM-058,"Panutsa Cane Sugar",212.93,kg,"Southern Luzon Ingredients Supply","Warehouse Inbound Team","Authorized supplier stock replenishment"
2026-01-16,RM-058,"Panutsa Cane Sugar",162.51,kg,"Southern Luzon Ingredients Supply","Warehouse Inbound Team","Authorized supplier stock replenishment"
2026-01-22,RM-058,"Panutsa Cane Sugar",188.27,kg,"Southern Luzon Ingredients Supply","Warehouse Inbound Team","Authorized supplier stock replenishment"
2026-01-28,RM-058,"Panutsa Cane Sugar",230.52,kg,"Southern Luzon Ingredients Supply","Warehouse Inbound Team","Authorized supplier stock replenishment"
2026-02-03,RM-058,"Panutsa Cane Sugar",191.36,kg,"Southern Luzon Ingredients Supply","Warehouse Inbound Team","Authorized supplier stock replenishment"
2026-02-09,RM-058,"Panutsa Cane Sugar",161.53,kg,"Southern Luzon Ingredients Supply","Warehouse Inbound Team","Authorized supplier stock replenishment"
2026-02-15,RM-058,"Panutsa Cane Sugar",210.15,kg,"Southern Luzon Ingredients Supply","Warehouse Inbound Team","Authorized supplier stock replenishment"
2026-02-21,RM-058,"Panutsa Cane Sugar",224.57,kg,"Southern Luzon Ingredients Supply","Warehouse Inbound Team","Authorized supplier stock replenishment"
2026-02-27,RM-058,"Panutsa Cane Sugar",171.38,kg,"Southern Luzon Ingredients Supply","Warehouse Inbound Team","Authorized supplier stock replenishment"
2026-03-05,RM-058,"Panutsa Cane Sugar",173.82,kg,"Southern Luzon Ingredients Supply","Warehouse Inbound Team","Authorized supplier stock replenishment"
2026-03-11,RM-058,"Panutsa Cane Sugar",226.24,kg,"Southern Luzon Ingredients Supply","Warehouse Inbound Team","Authorized supplier stock replenishment"
2026-03-17,RM-058,"Panutsa Cane Sugar",207.17,kg,"Southern Luzon Ingredients Supply","Warehouse Inbound Team","Authorized supplier stock replenishment"
2026-03-23,RM-058,"Panutsa Cane Sugar",160.8,kg,"Southern Luzon Ingredients Supply","Warehouse Inbound Team","Authorized supplier stock replenishment"
2026-03-29,RM-058,"Panutsa Cane Sugar",194.57,kg,"Southern Luzon Ingredients Supply","Warehouse Inbound Team","Authorized supplier stock replenishment"
2026-04-04,RM-058,"Panutsa Cane Sugar",230.23,kg,"Southern Luzon Ingredients Supply","Warehouse Inbound Team","Authorized supplier stock replenishment"
2026-04-10,RM-058,"Panutsa Cane Sugar",185.16,kg,"Southern Luzon Ingredients Supply","Warehouse Inbound Team","Authorized supplier stock replenishment"
2026-04-16,RM-058,"Panutsa Cane Sugar",163.79,kg,"Southern Luzon Ingredients Supply","Warehouse Inbound Team","Authorized supplier stock replenishment"
2026-04-22,RM-058,"Panutsa Cane Sugar",215.64,kg,"Southern Luzon Ingredients Supply","Warehouse Inbound Team","Authorized supplier stock replenishment"
2026-04-28,RM-058,"Panutsa Cane Sugar",220.57,kg,"Southern Luzon Ingredients Supply","Warehouse Inbound Team","Authorized supplier stock replenishment"
2026-05-04,RM-058,"Panutsa Cane Sugar",130.38,kg,"Southern Luzon Ingredients Supply","Warehouse Inbound Team","Authorized supplier stock replenishment"
2026-05-10,RM-058,"Panutsa Cane Sugar",139.74,kg,"Southern Luzon Ingredients Supply","Warehouse Inbound Team","Authorized supplier stock replenishment"
2026-05-16,RM-058,"Panutsa Cane Sugar",178.44,kg,"Southern Luzon Ingredients Supply","Warehouse Inbound Team","Authorized supplier stock replenishment"
2026-05-22,RM-058,"Panutsa Cane Sugar",156.81,kg,"Southern Luzon Ingredients Supply","Warehouse Inbound Team","Authorized supplier stock replenishment"
2026-05-28,RM-058,"Panutsa Cane Sugar",124.97,kg,"Southern Luzon Ingredients Supply","Warehouse Inbound Team","Authorized supplier stock replenishment"
2026-06-03,RM-058,"Panutsa Cane Sugar",156.7,kg,"Southern Luzon Ingredients Supply","Warehouse Inbound Team","Authorized supplier stock replenishment"
2026-06-09,RM-058,"Panutsa Cane Sugar",178.47,kg,"Southern Luzon Ingredients Supply","Warehouse Inbound Team","Authorized supplier stock replenishment"
2026-06-15,RM-058,"Panutsa Cane Sugar",139.84,kg,"Southern Luzon Ingredients Supply","Warehouse Inbound Team","Authorized supplier stock replenishment"
2026-06-21,RM-058,"Panutsa Cane Sugar",130.31,kg,"Southern Luzon Ingredients Supply","Warehouse Inbound Team","Authorized supplier stock replenishment"
2026-06-27,RM-058,"Panutsa Cane Sugar",171.97,kg,"Southern Luzon Ingredients Supply","Warehouse Inbound Team","Authorized supplier stock replenishment"
2026-07-03,RM-058,"Panutsa Cane Sugar",168.29,kg,"Southern Luzon Ingredients Supply","Warehouse Inbound Team","Authorized supplier stock replenishment"
2026-07-09,RM-058,"Panutsa Cane Sugar",127.8,kg,"Southern Luzon Ingredients Supply","Warehouse Inbound Team","Authorized supplier stock replenishment"
2026-07-15,RM-058,"Panutsa Cane Sugar",144.32,kg,"Southern Luzon Ingredients Supply","Warehouse Inbound Team","Authorized supplier stock replenishment"
2026-07-21,RM-058,"Panutsa Cane Sugar",179.57,kg,"Southern Luzon Ingredients Supply","Warehouse Inbound Team","Authorized supplier stock replenishment"
2026-07-27,RM-058,"Panutsa Cane Sugar",151.88,kg,"Southern Luzon Ingredients Supply","Warehouse Inbound Team","Authorized supplier stock replenishment"
2026-08-02,RM-058,"Panutsa Cane Sugar",125.41,kg,"Southern Luzon Ingredients Supply","Warehouse Inbound Team","Authorized supplier stock replenishment"
2026-08-08,RM-058,"Panutsa Cane Sugar",161.49,kg,"Southern Luzon Ingredients Supply","Warehouse Inbound Team","Authorized supplier stock replenishment"
2026-08-14,RM-058,"Panutsa Cane Sugar",176.52,kg,"Southern Luzon Ingredients Supply","Warehouse Inbound Team","Authorized supplier stock replenishment"
2026-08-20,RM-058,"Panutsa Cane Sugar",135.67,kg,"Southern Luzon Ingredients Supply","Warehouse Inbound Team","Authorized supplier stock replenishment"
2026-08-26,RM-058,"Panutsa Cane Sugar",133.59,kg,"Southern Luzon Ingredients Supply","Warehouse Inbound Team","Authorized supplier stock replenishment"
2026-09-01,RM-058,"Panutsa Cane Sugar",175.1,kg,"Southern Luzon Ingredients Supply","Warehouse Inbound Team","Authorized supplier stock replenishment"
2026-01-05,RM-059,"Refined White Sugar",804.32,kg,"Quezon Agricultural Producers Coop","Warehouse Inbound Team","Authorized supplier stock replenishment"
2026-01-11,RM-059,"Refined White Sugar",643.17,kg,"Quezon Agricultural Producers Coop","Warehouse Inbound Team","Authorized supplier stock replenishment"
2026-01-17,RM-059,"Refined White Sugar",809.09,kg,"Quezon Agricultural Producers Coop","Warehouse Inbound Team","Authorized supplier stock replenishment"
2026-01-23,RM-059,"Refined White Sugar",917.63,kg,"Quezon Agricultural Producers Coop","Warehouse Inbound Team","Authorized supplier stock replenishment"
2026-01-29,RM-059,"Refined White Sugar",717.3,kg,"Quezon Agricultural Producers Coop","Warehouse Inbound Team","Authorized supplier stock replenishment"
2026-02-04,RM-059,"Refined White Sugar",672.27,kg,"Quezon Agricultural Producers Coop","Warehouse Inbound Team","Authorized supplier stock replenishment"
2026-02-10,RM-059,"Refined White Sugar",886.88,kg,"Quezon Agricultural Producers Coop","Warehouse Inbound Team","Authorized supplier stock replenishment"
2026-02-16,RM-059,"Refined White Sugar",863.86,kg,"Quezon Agricultural Producers Coop","Warehouse Inbound Team","Authorized supplier stock replenishment"
2026-02-22,RM-059,"Refined White Sugar",656.55,kg,"Quezon Agricultural Producers Coop","Warehouse Inbound Team","Authorized supplier stock replenishment"
2026-02-28,RM-059,"Refined White Sugar",745.3,kg,"Quezon Agricultural Producers Coop","Warehouse Inbound Team","Authorized supplier stock replenishment"
2026-03-06,RM-059,"Refined White Sugar",924.47,kg,"Quezon Agricultural Producers Coop","Warehouse Inbound Team","Authorized supplier stock replenishment"
2026-03-12,RM-059,"Refined White Sugar",778.92,kg,"Quezon Agricultural Producers Coop","Warehouse Inbound Team","Authorized supplier stock replenishment"
2026-03-18,RM-059,"Refined White Sugar",645.89,kg,"Quezon Agricultural Producers Coop","Warehouse Inbound Team","Authorized supplier stock replenishment"
2026-03-24,RM-059,"Refined White Sugar",833.63,kg,"Quezon Agricultural Producers Coop","Warehouse Inbound Team","Authorized supplier stock replenishment"
2026-03-30,RM-059,"Refined White Sugar",907.13,kg,"Quezon Agricultural Producers Coop","Warehouse Inbound Team","Authorized supplier stock replenishment"
2026-04-05,RM-059,"Refined White Sugar",696.09,kg,"Quezon Agricultural Producers Coop","Warehouse Inbound Team","Authorized supplier stock replenishment"
2026-04-11,RM-059,"Refined White Sugar",689.5,kg,"Quezon Agricultural Producers Coop","Warehouse Inbound Team","Authorized supplier stock replenishment"
2026-04-17,RM-059,"Refined White Sugar",902.63,kg,"Quezon Agricultural Producers Coop","Warehouse Inbound Team","Authorized supplier stock replenishment"
2026-04-23,RM-059,"Refined White Sugar",841.64,kg,"Quezon Agricultural Producers Coop","Warehouse Inbound Team","Authorized supplier stock replenishment"
2026-04-29,RM-059,"Refined White Sugar",647.85,kg,"Quezon Agricultural Producers Coop","Warehouse Inbound Team","Authorized supplier stock replenishment"
2026-05-05,RM-059,"Refined White Sugar",600.82,kg,"Quezon Agricultural Producers Coop","Warehouse Inbound Team","Authorized supplier stock replenishment"
2026-05-11,RM-059,"Refined White Sugar",721.7,kg,"Quezon Agricultural Producers Coop","Warehouse Inbound Team","Authorized supplier stock replenishment"
2026-05-17,RM-059,"Refined White Sugar",587.87,kg,"Quezon Agricultural Producers Coop","Warehouse Inbound Team","Authorized supplier stock replenishment"
2026-05-23,RM-059,"Refined White Sugar",509.43,kg,"Quezon Agricultural Producers Coop","Warehouse Inbound Team","Authorized supplier stock replenishment"
2026-05-29,RM-059,"Refined White Sugar",668.12,kg,"Quezon Agricultural Producers Coop","Warehouse Inbound Team","Authorized supplier stock replenishment"
2026-06-04,RM-059,"Refined White Sugar",696.25,kg,"Quezon Agricultural Producers Coop","Warehouse Inbound Team","Authorized supplier stock replenishment"
2026-06-10,RM-059,"Refined White Sugar",528.64,kg,"Quezon Agricultural Producers Coop","Warehouse Inbound Team","Authorized supplier stock replenishment"
2026-06-16,RM-059,"Refined White Sugar",553.65,kg,"Quezon Agricultural Producers Coop","Warehouse Inbound Team","Authorized supplier stock replenishment"
2026-06-22,RM-059,"Refined White Sugar",713.34,kg,"Quezon Agricultural Producers Coop","Warehouse Inbound Team","Authorized supplier stock replenishment"
2026-06-28,RM-059,"Refined White Sugar",637.69,kg,"Quezon Agricultural Producers Coop","Warehouse Inbound Team","Authorized supplier stock replenishment"
2026-07-04,RM-059,"Refined White Sugar",501.99,kg,"Quezon Agricultural Producers Coop","Warehouse Inbound Team","Authorized supplier stock replenishment"
2026-07-10,RM-059,"Refined White Sugar",620.66,kg,"Quezon Agricultural Producers Coop","Warehouse Inbound Team","Authorized supplier stock replenishment"
2026-07-16,RM-059,"Refined White Sugar",718.74,kg,"Quezon Agricultural Producers Coop","Warehouse Inbound Team","Authorized supplier stock replenishment"
2026-07-22,RM-059,"Refined White Sugar",568.97,kg,"Quezon Agricultural Producers Coop","Warehouse Inbound Team","Authorized supplier stock replenishment"
2026-07-28,RM-059,"Refined White Sugar",518.38,kg,"Quezon Agricultural Producers Coop","Warehouse Inbound Team","Authorized supplier stock replenishment"
2026-08-03,RM-059,"Refined White Sugar",684.19,kg,"Quezon Agricultural Producers Coop","Warehouse Inbound Team","Authorized supplier stock replenishment"
2026-08-09,RM-059,"Refined White Sugar",682.21,kg,"Quezon Agricultural Producers Coop","Warehouse Inbound Team","Authorized supplier stock replenishment"
2026-08-15,RM-059,"Refined White Sugar",517.03,kg,"Quezon Agricultural Producers Coop","Warehouse Inbound Team","Authorized supplier stock replenishment"
2026-08-21,RM-059,"Refined White Sugar",571.38,kg,"Quezon Agricultural Producers Coop","Warehouse Inbound Team","Authorized supplier stock replenishment"
2026-08-27,RM-059,"Refined White Sugar",719.33,kg,"Quezon Agricultural Producers Coop","Warehouse Inbound Team","Authorized supplier stock replenishment"
2026-09-02,RM-059,"Refined White Sugar",618.06,kg,"Quezon Agricultural Producers Coop","Warehouse Inbound Team","Authorized supplier stock replenishment"