material_id,date_consumed,raw_material_name,unit,quantity_consumed
RM001,2025-01-01,Chiton,kg,16.91
RM001,2025-01-02,Chiton,kg,21.81
RM001,2025-01-03,Chiton,kg,21.11
RM001,2025-01-04,Chiton,kg,22.09
RM001,2025-01-05,Chiton,kg,22.22
RM001,2025-01-06,Chiton,kg,17.59
RM001,2025-01-07,Chiton,kg,15.53
RM001,2025-01-08,Chiton,kg,18.85
RM001,2025-01-09,Chiton,kg,22.81
RM001,2025-01-10,Chiton,kg,21.66
RM001,2025-01-11,Chiton,kg,26.28
RM001,2025-01-12,Chiton,kg,15.76
RM001,2025-01-13,Chiton,kg,16.87
RM001,2025-01-14,Chiton,kg,15.98
RM001,2025-01-15,Chiton,kg,16.94
RM001,2025-01-16,Chiton,kg,19.28
RM001,2025-01-17,Chiton,kg,19.94
RM001,2025-01-18,Chiton,kg,19.3
RM001,2025-01-19,Chiton,kg,20.34
RM001,2025-01-20,Chiton,kg,15.7
RM001,2025-01-21,Chiton,kg,15.0
RM001,2025-01-22,Chiton,kg,16.35
RM001,2025-01-23,Chiton,kg,18.95
RM001,2025-01-24,Chiton,kg,19.99
RM001,2025-01-25,Chiton,kg,20.21
RM001,2025-01-26,Chiton,kg,17.78
RM001,2025-01-27,Chiton,kg,13.7
RM001,2025-01-28,Chiton,kg,16.35
RM001,2025-01-29,Chiton,kg,16.82
RM001,2025-01-30,Chiton,kg,19.16
RM001,2025-01-31,Chiton,kg,19.51
RM001,2025-02-01,Chiton,kg,23.65
RM001,2025-02-02,Chiton,kg,19.98
RM001,2025-02-03,Chiton,kg,16.39
RM001,2025-02-04,Chiton,kg,18.24
RM001,2025-02-05,Chiton,kg,20.36
RM001,2025-02-06,Chiton,kg,19.59
RM001,2025-02-07,Chiton,kg,21.84
RM001,2025-02-08,Chiton,kg,23.11
RM001,2025-02-09,Chiton,kg,21.95
RM001,2025-02-10,Chiton,kg,15.39
RM001,2025-02-11,Chiton,kg,18.58
RM001,2025-02-12,Chiton,kg,19.16
RM001,2025-02-13,Chiton,kg,17.67
RM001,2025-02-14,Chiton,kg,17.52
RM001,2025-02-15,Chiton,kg,21.03
RM001,2025-02-16,Chiton,kg,17.26
RM001,2025-02-17,Chiton,kg,13.37
RM001,2025-02-18,Chiton,kg,17.71
RM001,2025-02-19,Chiton,kg,19.35
RM001,2025-02-20,Chiton,kg,15.6
RM001,2025-02-21,Chiton,kg,19.59
RM001,2025-02-22,Chiton,kg,16.2
RM001,2025-02-23,Chiton,kg,16.98
RM001,2025-02-24,Chiton,kg,15.55
RM001,2025-02-25,Chiton,kg,16.33
RM001,2025-02-26,Chiton,kg,16.68
RM001,2025-02-27,Chiton,kg,19.92
RM001,2025-02-28,Chiton,kg,20.5
RM001,2025-03-01,Chiton,kg,22.38
RM001,2025-03-02,Chiton,kg,20.72
RM001,2025-03-03,Chiton,kg,15.84
RM001,2025-03-04,Chiton,kg,19.75
RM001,2025-03-05,Chiton,kg,17.07
RM001,2025-03-06,Chiton,kg,19.27
RM001,2025-03-07,Chiton,kg,22.62
RM001,2025-03-08,Chiton,kg,21.41
RM001,2025-03-09,Chiton,kg,21.11
RM001,2025-03-10,Chiton,kg,17.26
RM001,2025-03-11,Chiton,kg,17.03
RM001,2025-03-12,Chiton,kg,21.9
RM001,2025-03-13,Chiton,kg,21.09
RM001,2025-03-14,Chiton,kg,21.22
RM001,2025-03-15,Chiton,kg,22.27
RM001,2025-03-16,Chiton,kg,20.78
RM001,2025-03-17,Chiton,kg,14.54
RM001,2025-03-18,Chiton,kg,16.09
RM001,2025-03-19,Chiton,kg,16.95
RM001,2025-03-20,Chiton,kg,15.4
RM001,2025-03-21,Chiton,kg,19.78
RM001,2025-03-22,Chiton,kg,21.52
RM001,2025-03-23,Chiton,kg,17.16
RM001,2025-03-24,Chiton,kg,15.39
RM001,2025-03-25,Chiton,kg,14.09
RM001,2025-03-26,Chiton,kg,19.8
RM001,2025-03-27,Chiton,kg,16.19
RM001,2025-03-28,Chiton,kg,17.44
RM001,2025-03-29,Chiton,kg,19.61
RM001,2025-03-30,Chiton,kg,20.57
RM001,2025-03-31,Chiton,kg,14.66
RM001,2025-04-01,Chiton,kg,17.39
RM001,2025-04-02,Chiton,kg,19.07
RM001,2025-04-03,Chiton,kg,18.6
RM001,2025-04-04,Chiton,kg,23.02
RM001,2025-04-05,Chiton,kg,21.6
RM001,2025-04-06,Chiton,kg,20.45
RM001,2025-04-07,Chiton,kg,17.75
RM001,2025-04-08,Chiton,kg,17.99
RM001,2025-04-09,Chiton,kg,19.51
RM001,2025-04-10,Chiton,kg,18.57
RM001,2025-04-11,Chiton,kg,21.17
RM001,2025-04-12,Chiton,kg,21.19
RM001,2025-04-13,Chiton,kg,17.95
RM001,2025-04-14,Chiton,kg,15.41
RM001,2025-04-15,Chiton,kg,18.55
RM001,2025-04-16,Chiton,kg,16.92
RM001,2025-04-17,Chiton,kg,20.43
RM001,2025-04-18,Chiton,kg,21.1
RM001,2025-04-19,Chiton,kg,20.67
RM001,2025-04-20,Chiton,kg,20.67
RM001,2025-04-21,Chiton,kg,14.31
RM001,2025-04-22,Chiton,kg,18.41
RM001,2025-04-23,Chiton,kg,15.8
RM001,2025-04-24,Chiton,kg,17.55
RM001,2025-04-25,Chiton,kg,18.22
RM001,2025-04-26,Chiton,kg,18.9
RM001,2025-04-27,Chiton,kg,19.11
RM001,2025-04-28,Chiton,kg,14.23
RM001,2025-04-29,Chiton,kg,16.95
RM001,2025-04-30,Chiton,kg,17.26
RM001,2025-05-01,Chiton,kg,20.66
RM001,2025-05-02,Chiton,kg,20.8
RM001,2025-05-03,Chiton,kg,23.12
RM001,2025-05-04,Chiton,kg,19.76
RM001,2025-05-05,Chiton,kg,15.19
RM001,2025-05-06,Chiton,kg,18.37
RM001,2025-05-07,Chiton,kg,17.81
RM001,2025-05-08,Chiton,kg,18.69
RM001,2025-05-09,Chiton,kg,22.32
RM001,2025-05-10,Chiton,kg,23.81
RM001,2025-05-11,Chiton,kg,22.02
RM001,2025-05-12,Chiton,kg,15.3
RM001,2025-05-13,Chiton,kg,20.45
RM001,2025-05-14,Chiton,kg,19.82
RM001,2025-05-15,Chiton,kg,19.12
RM001,2025-05-16,Chiton,kg,20.58
RM001,2025-05-17,Chiton,kg,19.94
RM001,2025-05-18,Chiton,kg,21.09
RM001,2025-05-19,Chiton,kg,16.99
RM001,2025-05-20,Chiton,kg,17.79
RM001,2025-05-21,Chiton,kg,17.67
RM001,2025-05-22,Chiton,kg,18.18
RM001,2025-05-23,Chiton,kg,17.77
RM001,2025-05-24,Chiton,kg,19.97
RM001,2025-05-25,Chiton,kg,18.92
RM001,2025-05-26,Chiton,kg,12.89
RM001,2025-05-27,Chiton,kg,17.83
RM001,2025-05-28,Chiton,kg,17.59
RM001,2025-05-29,Chiton,kg,18.43
RM001,2025-05-30,Chiton,kg,21.45
RM001,2025-05-31,Chiton,kg,19.62
RM001,2025-06-01,Chiton,kg,20.63
RM001,2025-06-02,Chiton,kg,16.93
RM001,2025-06-03,Chiton,kg,16.44
RM001,2025-06-04,Chiton,kg,17.98
RM001,2025-06-05,Chiton,kg,20.41
RM001,2025-06-06,Chiton,kg,21.28
RM001,2025-06-07,Chiton,kg,23.13
RM001,2025-06-08,Chiton,kg,17.72
RM001,2025-06-09,Chiton,kg,18.45
RM001,2025-06-10,Chiton,kg,19.16
RM001,2025-06-11,Chiton,kg,18.72
RM001,2025-06-12,Chiton,kg,18.08
RM001,2025-06-13,Chiton,kg,22.06
RM001,2025-06-14,Chiton,kg,23.8
RM001,2025-06-15,Chiton,kg,20.72
RM001,2025-06-16,Chiton,kg,12.68
RM001,2025-06-17,Chiton,kg,18.21
RM001,2025-06-18,Chiton,kg,17.96
RM001,2025-06-19,Chiton,kg,19.34
RM001,2025-06-20,Chiton,kg,18.28
RM001,2025-06-21,Chiton,kg,16.42
RM001,2025-06-22,Chiton,kg,17.89
RM001,2025-06-23,Chiton,kg,16.64
RM001,2025-06-24,Chiton,kg,15.43
RM001,2025-06-25,Chiton,kg,15.51
RM001,2025-06-26,Chiton,kg,19.33
RM001,2025-06-27,Chiton,kg,19.43
RM001,2025-06-28,Chiton,kg,22.34
RM001,2025-06-29,Chiton,kg,20.56
RM001,2025-06-30,Chiton,kg,16.6
RM001,2025-07-01,Chiton,kg,17.22
RM001,2025-07-02,Chiton,kg,18.22
RM001,2025-07-03,Chiton,kg,16.23
RM001,2025-07-04,Chiton,kg,21.55
RM001,2025-07-05,Chiton,kg,23.83
RM001,2025-07-06,Chiton,kg,21.99
RM001,2025-07-07,Chiton,kg,16.58
RM001,2025-07-08,Chiton,kg,18.93
RM001,2025-07-09,Chiton,kg,17.69
RM001,2025-07-10,Chiton,kg,20.63
RM001,2025-07-11,Chiton,kg,20.5
RM001,2025-07-12,Chiton,kg,19.49
RM001,2025-07-13,Chiton,kg,19.59
RM001,2025-07-14,Chiton,kg,15.76
RM001,2025-07-15,Chiton,kg,16.97
RM001,2025-07-16,Chiton,kg,17.81
RM001,2025-07-17,Chiton,kg,18.84
RM001,2025-07-18,Chiton,kg,18.64
RM001,2025-07-19,Chiton,kg,19.62
RM001,2025-07-20,Chiton,kg,19.03
RM001,2025-07-21,Chiton,kg,14.72
RM001,2025-07-22,Chiton,kg,17.99
RM001,2025-07-23,Chiton,kg,17.1
RM001,2025-07-24,Chiton,kg,17.24
RM001,2025-07-25,Chiton,kg,19.9
RM001,2025-07-26,Chiton,kg,21.82
RM001,2025-07-27,Chiton,kg,17.98
RM001,2025-07-28,Chiton,kg,15.52
RM001,2025-07-29,Chiton,kg,15.81
RM001,2025-07-30,Chiton,kg,18.45
RM001,2025-07-31,Chiton,kg,18.63
RM001,2025-08-01,Chiton,kg,22.91
RM001,2025-08-02,Chiton,kg,20.69
RM001,2025-08-03,Chiton,kg,18.94
RM001,2025-08-04,Chiton,kg,15.63
RM001,2025-08-05,Chiton,kg,15.64
RM001,2025-08-06,Chiton,kg,19.26
RM001,2025-08-07,Chiton,kg,21.49
RM001,2025-08-08,Chiton,kg,20.42
RM001,2025-08-09,Chiton,kg,25.53
RM001,2025-08-10,Chiton,kg,18.96
RM001,2025-08-11,Chiton,kg,15.54
RM001,2025-08-12,Chiton,kg,17.96
RM001,2025-08-13,Chiton,kg,16.47
RM001,2025-08-14,Chiton,kg,18.99
RM001,2025-08-15,Chiton,kg,20.84
RM001,2025-08-16,Chiton,kg,20.7
RM001,2025-08-17,Chiton,kg,18.49
RM001,2025-08-18,Chiton,kg,15.33
RM001,2025-08-19,Chiton,kg,15.92
RM001,2025-08-20,Chiton,kg,16.87
RM001,2025-08-21,Chiton,kg,17.51
RM001,2025-08-22,Chiton,kg,18.82
RM001,2025-08-23,Chiton,kg,21.1
RM001,2025-08-24,Chiton,kg,15.68
RM001,2025-08-25,Chiton,kg,14.82
RM001,2025-08-26,Chiton,kg,18.22
RM001,2025-08-27,Chiton,kg,18.17
RM001,2025-08-28,Chiton,kg,19.38
RM001,2025-08-29,Chiton,kg,23.11
RM001,2025-08-30,Chiton,kg,19.74
RM001,2025-08-31,Chiton,kg,19.8
RM001,2025-09-01,Chiton,kg,15.86
RM001,2025-09-02,Chiton,kg,19.58
RM001,2025-09-03,Chiton,kg,14.49
RM001,2025-09-04,Chiton,kg,19.57
RM001,2025-09-05,Chiton,kg,21.56
RM001,2025-09-06,Chiton,kg,24.86
RM001,2025-09-07,Chiton,kg,19.94
RM001,2025-09-08,Chiton,kg,17.3
RM001,2025-09-09,Chiton,kg,18.61
RM001,2025-09-10,Chiton,kg,17.72
RM001,2025-09-11,Chiton,kg,17.97
RM001,2025-09-12,Chiton,kg,21.63
RM001,2025-09-13,Chiton,kg,19.9
RM001,2025-09-14,Chiton,kg,18.84
RM001,2025-09-15,Chiton,kg,16.9
RM001,2025-09-16,Chiton,kg,18.06
RM001,2025-09-17,Chiton,kg,18.27
RM001,2025-09-18,Chiton,kg,18.69
RM001,2025-09-19,Chiton,kg,21.65
RM001,2025-09-20,Chiton,kg,20.6
RM001,2025-09-21,Chiton,kg,18.18
RM001,2025-09-22,Chiton,kg,13.41
RM001,2025-09-23,Chiton,kg,13.4
RM001,2025-09-24,Chiton,kg,16.15
RM001,2025-09-25,Chiton,kg,19.02
RM001,2025-09-26,Chiton,kg,19.07
RM001,2025-09-27,Chiton,kg,20.52
RM001,2025-09-28,Chiton,kg,16.78
RM001,2025-09-29,Chiton,kg,15.73
RM001,2025-09-30,Chiton,kg,18.51
RM001,2025-10-01,Chiton,kg,20.27
RM001,2025-10-02,Chiton,kg,16.43
RM001,2025-10-03,Chiton,kg,19.01
RM001,2025-10-04,Chiton,kg,23.41
RM001,2025-10-05,Chiton,kg,17.37
RM001,2025-10-06,Chiton,kg,17.16
RM001,2025-10-07,Chiton,kg,18.82
RM001,2025-10-08,Chiton,kg,18.08
RM001,2025-10-09,Chiton,kg,18.42
RM001,2025-10-10,Chiton,kg,22.19
RM001,2025-10-11,Chiton,kg,25.42
RM001,2025-10-12,Chiton,kg,20.14
RM001,2025-10-13,Chiton,kg,16.48
RM001,2025-10-14,Chiton,kg,17.37
RM001,2025-10-15,Chiton,kg,21.09
RM001,2025-10-16,Chiton,kg,18.01
RM001,2025-10-17,Chiton,kg,18.61
RM001,2025-10-18,Chiton,kg,21.7
RM001,2025-10-19,Chiton,kg,16.75
RM001,2025-10-20,Chiton,kg,13.98
RM001,2025-10-21,Chiton,kg,16.11
RM001,2025-10-22,Chiton,kg,17.03
RM001,2025-10-23,Chiton,kg,19.75
RM001,2025-10-24,Chiton,kg,18.6
RM001,2025-10-25,Chiton,kg,19.58
RM001,2025-10-26,Chiton,kg,16.76
RM001,2025-10-27,Chiton,kg,14.23
RM001,2025-10-28,Chiton,kg,16.8
RM001,2025-10-29,Chiton,kg,16.32
RM001,2025-10-30,Chiton,kg,19.43
RM001,2025-10-31,Chiton,kg,19.18
RM001,2025-11-01,Chiton,kg,21.4
RM001,2025-11-02,Chiton,kg,20.13
RM001,2025-11-03,Chiton,kg,14.99
RM001,2025-11-04,Chiton,kg,16.61
RM001,2025-11-05,Chiton,kg,20.99
RM001,2025-11-06,Chiton,kg,18.88
RM001,2025-11-07,Chiton,kg,22.63
RM001,2025-11-08,Chiton,kg,22.21
RM001,2025-11-09,Chiton,kg,21.07
RM001,2025-11-10,Chiton,kg,17.84
RM001,2025-11-11,Chiton,kg,17.08
RM001,2025-11-12,Chiton,kg,16.44
RM001,2025-11-13,Chiton,kg,18.86
RM001,2025-11-14,Chiton,kg,19.47
RM001,2025-11-15,Chiton,kg,21.47
RM001,2025-11-16,Chiton,kg,22.2
RM001,2025-11-17,Chiton,kg,15.83
RM001,2025-11-18,Chiton,kg,18.14
RM001,2025-11-19,Chiton,kg,16.86
RM001,2025-11-20,Chiton,kg,21.11
RM001,2025-11-21,Chiton,kg,19.48
RM001,2025-11-22,Chiton,kg,19.08
RM001,2025-11-23,Chiton,kg,18.34
RM001,2025-11-24,Chiton,kg,15.01
RM001,2025-11-25,Chiton,kg,17.92
RM001,2025-11-26,Chiton,kg,18.07
RM001,2025-11-27,Chiton,kg,17.69
RM001,2025-11-28,Chiton,kg,19.49
RM001,2025-11-29,Chiton,kg,20.88
RM001,2025-11-30,Chiton,kg,18.35
RM001,2025-12-01,Chiton,kg,15.44
RM001,2025-12-02,Chiton,kg,16.54
RM001,2025-12-03,Chiton,kg,19.17
RM001,2025-12-04,Chiton,kg,20.53
RM001,2025-12-05,Chiton,kg,22.85
RM001,2025-12-06,Chiton,kg,21.84
RM001,2025-12-07,Chiton,kg,19.63
RM001,2025-12-08,Chiton,kg,14.75
RM001,2025-12-09,Chiton,kg,18.82
RM001,2025-12-10,Chiton,kg,16.38
RM001,2025-12-11,Chiton,kg,19.72
RM001,2025-12-12,Chiton,kg,21.14
RM001,2025-12-13,Chiton,kg,20.86
RM001,2025-12-14,Chiton,kg,20.75
RM001,2025-12-15,Chiton,kg,16.05
RM001,2025-12-16,Chiton,kg,17.18
RM001,2025-12-17,Chiton,kg,16.72
RM001,2025-12-18,Chiton,kg,18.95
RM001,2025-12-19,Chiton,kg,21.74
RM001,2025-12-20,Chiton,kg,21.04
RM001,2025-12-21,Chiton,kg,21.25
RM001,2025-12-22,Chiton,kg,14.21
RM001,2025-12-23,Chiton,kg,14.89
RM001,2025-12-24,Chiton,kg,16.48
RM001,2025-12-25,Chiton,kg,18.55
RM001,2025-12-26,Chiton,kg,19.3
RM001,2025-12-27,Chiton,kg,21.08
RM001,2025-12-28,Chiton,kg,20.63
RM001,2025-12-29,Chiton,kg,14.35
RM001,2025-12-30,Chiton,kg,16.71
RM001,2025-12-31,Chiton,kg,16.24
RM001,2026-01-01,Chiton,kg,20.4
RM001,2026-01-02,Chiton,kg,21.46
RM001,2026-01-03,Chiton,kg,23.18
RM001,2026-01-04,Chiton,kg,21.09
RM001,2026-01-05,Chiton,kg,17.08
RM001,2026-01-06,Chiton,kg,18.04
RM001,2026-01-07,Chiton,kg,17.99
RM001,2026-01-08,Chiton,kg,18.1
RM001,2026-01-09,Chiton,kg,20.12
RM001,2026-01-10,Chiton,kg,25.0
RM001,2026-01-11,Chiton,kg,19.67
RM001,2026-01-12,Chiton,kg,17.39
RM001,2026-01-13,Chiton,kg,17.94
RM001,2026-01-14,Chiton,kg,19.36
RM001,2026-01-15,Chiton,kg,20.48
RM001,2026-01-16,Chiton,kg,17.96
RM001,2026-01-17,Chiton,kg,22.12
RM001,2026-01-18,Chiton,kg,19.67
RM001,2026-01-19,Chiton,kg,12.66
RM001,2026-01-20,Chiton,kg,16.92
RM001,2026-01-21,Chiton,kg,18.03
RM001,2026-01-22,Chiton,kg,18.77
RM001,2026-01-23,Chiton,kg,21.12
RM001,2026-01-24,Chiton,kg,20.46
RM001,2026-01-25,Chiton,kg,16.2
RM001,2026-01-26,Chiton,kg,16.67
RM001,2026-01-27,Chiton,kg,17.74
RM001,2026-01-28,Chiton,kg,19.03
RM001,2026-01-29,Chiton,kg,22.07
RM001,2026-01-30,Chiton,kg,20.59
RM001,2026-01-31,Chiton,kg,21.81
RM001,2026-02-01,Chiton,kg,20.23
RM001,2026-02-02,Chiton,kg,17.11
RM001,2026-02-03,Chiton,kg,18.27
RM001,2026-02-04,Chiton,kg,18.23
RM001,2026-02-05,Chiton,kg,20.46
RM001,2026-02-06,Chiton,kg,21.52
RM001,2026-02-07,Chiton,kg,24.1
RM001,2026-02-08,Chiton,kg,19.0
RM001,2026-02-09,Chiton,kg,18.87
RM001,2026-02-10,Chiton,kg,18.6
RM001,2026-02-11,Chiton,kg,20.19
RM001,2026-02-12,Chiton,kg,19.81
RM001,2026-02-13,Chiton,kg,18.67
RM001,2026-02-14,Chiton,kg,21.75
RM001,2026-02-15,Chiton,kg,18.74
RM001,2026-02-16,Chiton,kg,15.41
RM001,2026-02-17,Chiton,kg,15.07
RM001,2026-02-18,Chiton,kg,17.94
RM001,2026-02-19,Chiton,kg,19.64
RM001,2026-02-20,Chiton,kg,17.7
RM001,2026-02-21,Chiton,kg,20.96
RM001,2026-02-22,Chiton,kg,19.92
RM001,2026-02-23,Chiton,kg,15.23
RM001,2026-02-24,Chiton,kg,16.61
RM001,2026-02-25,Chiton,kg,16.35
RM001,2026-02-26,Chiton,kg,20.4
RM001,2026-02-27,Chiton,kg,19.88
RM001,2026-02-28,Chiton,kg,20.28
RM001,2026-03-01,Chiton,kg,19.59
RM001,2026-03-02,Chiton,kg,16.09
RM001,2026-03-03,Chiton,kg,19.21
RM001,2026-03-04,Chiton,kg,16.53
RM001,2026-03-05,Chiton,kg,20.14
RM001,2026-03-06,Chiton,kg,19.97
RM001,2026-03-07,Chiton,kg,22.46
RM001,2026-03-08,Chiton,kg,20.79
RM001,2026-03-09,Chiton,kg,16.22
RM001,2026-03-10,Chiton,kg,19.5
RM001,2026-03-11,Chiton,kg,19.77
RM001,2026-03-12,Chiton,kg,18.21
RM001,2026-03-13,Chiton,kg,22.13
RM001,2026-03-14,Chiton,kg,21.52
RM001,2026-03-15,Chiton,kg,18.67
RM001,2026-03-16,Chiton,kg,15.13
RM001,2026-03-17,Chiton,kg,18.34
RM001,2026-03-18,Chiton,kg,17.75
RM001,2026-03-19,Chiton,kg,18.46
RM001,2026-03-20,Chiton,kg,18.13
RM001,2026-03-21,Chiton,kg,22.33
RM001,2026-03-22,Chiton,kg,19.72
RM001,2026-03-23,Chiton,kg,15.1
RM001,2026-03-24,Chiton,kg,15.48
RM001,2026-03-25,Chiton,kg,19.01
RM001,2026-03-26,Chiton,kg,17.64
RM001,2026-03-27,Chiton,kg,19.92
RM001,2026-03-28,Chiton,kg,19.48
RM001,2026-03-29,Chiton,kg,16.25
RM001,2026-03-30,Chiton,kg,14.05
RM001,2026-03-31,Chiton,kg,16.69
RM001,2026-04-01,Chiton,kg,17.39
RM001,2026-04-02,Chiton,kg,20.85
RM001,2026-04-03,Chiton,kg,20.07
RM001,2026-04-04,Chiton,kg,20.71
RM001,2026-04-05,Chiton,kg,20.64
RM001,2026-04-06,Chiton,kg,16.36
RM001,2026-04-07,Chiton,kg,19.88
RM001,2026-04-08,Chiton,kg,16.72
RM001,2026-04-09,Chiton,kg,19.94
RM001,2026-04-10,Chiton,kg,22.0
RM001,2026-04-11,Chiton,kg,24.7
RM001,2026-04-12,Chiton,kg,19.97
RM001,2026-04-13,Chiton,kg,20.98
RM001,2026-04-14,Chiton,kg,19.35
RM001,2026-04-15,Chiton,kg,16.69
RM001,2026-04-16,Chiton,kg,18.17
RM001,2026-04-17,Chiton,kg,22.64
RM001,2026-04-18,Chiton,kg,20.05
RM001,2026-04-19,Chiton,kg,19.16
RM001,2026-04-20,Chiton,kg,17.43
RM001,2026-04-21,Chiton,kg,17.62
RM001,2026-04-22,Chiton,kg,15.96
RM001,2026-04-23,Chiton,kg,17.84
RM001,2026-04-24,Chiton,kg,17.65
RM001,2026-04-25,Chiton,kg,22.03
RM001,2026-04-26,Chiton,kg,16.79
RM001,2026-04-27,Chiton,kg,16.37
RM001,2026-04-28,Chiton,kg,14.7
RM001,2026-04-29,Chiton,kg,16.17
RM001,2026-04-30,Chiton,kg,17.69
RM001,2026-05-01,Chiton,kg,18.35
RM001,2026-05-02,Chiton,kg,20.53
RM001,2026-05-03,Chiton,kg,20.53
RM001,2026-05-04,Chiton,kg,16.35
RM001,2026-05-05,Chiton,kg,18.34
RM001,2026-05-06,Chiton,kg,18.01
RM001,2026-05-07,Chiton,kg,20.76
RM001,2026-05-08,Chiton,kg,18.53
RM001,2026-05-09,Chiton,kg,23.48
RM001,2026-05-10,Chiton,kg,21.67
RM001,2026-05-11,Chiton,kg,14.95
RM001,2026-05-12,Chiton,kg,17.38
RM001,2026-05-13,Chiton,kg,19.32
RM001,2026-05-14,Chiton,kg,19.12
RM001,2026-05-15,Chiton,kg,21.04
RM001,2026-05-16,Chiton,kg,24.04
RM001,2026-05-17,Chiton,kg,19.31
RM001,2026-05-18,Chiton,kg,15.17
RM001,2026-05-19,Chiton,kg,15.66
RM001,2026-05-20,Chiton,kg,14.37
RM001,2026-05-21,Chiton,kg,18.11
RM001,2026-05-22,Chiton,kg,17.82
RM001,2026-05-23,Chiton,kg,18.45
RM001,2026-05-24,Chiton,kg,18.23
RM001,2026-05-25,Chiton,kg,13.43
RM001,2026-05-26,Chiton,kg,16.16
RM001,2026-05-27,Chiton,kg,16.96
RM001,2026-05-28,Chiton,kg,16.66
RM001,2026-05-29,Chiton,kg,18.04
RM001,2026-05-30,Chiton,kg,23.7
RM001,2026-05-31,Chiton,kg,17.03
RM001,2026-06-01,Chiton,kg,13.9
RM001,2026-06-02,Chiton,kg,16.12
RM001,2026-06-03,Chiton,kg,19.68
RM001,2026-06-04,Chiton,kg,18.09
RM001,2026-06-05,Chiton,kg,21.77
RM001,2026-06-06,Chiton,kg,22.37
RM001,2026-06-07,Chiton,kg,19.62
RM001,2026-06-08,Chiton,kg,16.59
RM001,2026-06-09,Chiton,kg,18.8
RM001,2026-06-10,Chiton,kg,17.74
RM001,2026-06-11,Chiton,kg,20.4
RM001,2026-06-12,Chiton,kg,19.08
RM001,2026-06-13,Chiton,kg,22.52
RM001,2026-06-14,Chiton,kg,23.15
RM001,2026-06-15,Chiton,kg,17.57
RM001,2026-06-16,Chiton,kg,17.32
RM001,2026-06-17,Chiton,kg,16.66
RM001,2026-06-18,Chiton,kg,17.68
RM001,2026-06-19,Chiton,kg,19.18
RM001,2026-06-20,Chiton,kg,19.0
RM001,2026-06-21,Chiton,kg,16.44
RM001,2026-06-22,Chiton,kg,14.29
RM001,2026-06-23,Chiton,kg,17.67
RM001,2026-06-24,Chiton,kg,14.07
RM001,2026-06-25,Chiton,kg,18.32
RM001,2026-06-26,Chiton,kg,21.07
RM001,2026-06-27,Chiton,kg,17.0
RM001,2026-06-28,Chiton,kg,17.36
RM001,2026-06-29,Chiton,kg,14.18
RM001,2026-06-30,Chiton,kg,19.51
RM001,2026-07-01,Chiton,kg,18.53
RM001,2026-07-02,Chiton,kg,20.24
RM001,2026-07-03,Chiton,kg,22.51
RM001,2026-07-04,Chiton,kg,20.94
RM001,2026-07-05,Chiton,kg,20.72
RM001,2026-07-06,Chiton,kg,14.6
RM001,2026-07-07,Chiton,kg,17.76
RM001,2026-07-08,Chiton,kg,18.64
RM001,2026-07-09,Chiton,kg,21.53
RM001,2026-07-10,Chiton,kg,20.46
RM001,2026-07-11,Chiton,kg,23.47
RM001,2026-07-12,Chiton,kg,21.27
RM001,2026-07-13,Chiton,kg,16.83
RM001,2026-07-14,Chiton,kg,17.97
RM001,2026-07-15,Chiton,kg,20.0
RM001,2026-07-16,Chiton,kg,20.19
RM001,2026-07-17,Chiton,kg,18.96
RM001,2026-07-18,Chiton,kg,19.35
RM001,2026-07-19,Chiton,kg,19.1
RM001,2026-07-20,Chiton,kg,13.7
RM001,2026-07-21,Chiton,kg,16.08
RM001,2026-07-22,Chiton,kg,18.18
RM001,2026-07-23,Chiton,kg,15.72
RM001,2026-07-24,Chiton,kg,20.49
RM001,2026-07-25,Chiton,kg,21.02
RM001,2026-07-26,Chiton,kg,18.46
RM001,2026-07-27,Chiton,kg,16.2
RM001,2026-07-28,Chiton,kg,15.54
RM001,2026-07-29,Chiton,kg,13.26
RM001,2026-07-30,Chiton,kg,20.82
RM001,2026-07-31,Chiton,kg,20.02
RM001,2026-08-01,Chiton,kg,21.13
RM001,2026-08-02,Chiton,kg,20.17
RM001,2026-08-03,Chiton,kg,18.53
RM001,2026-08-04,Chiton,kg,17.29
RM001,2026-08-05,Chiton,kg,16.22
RM001,2026-08-06,Chiton,kg,22.62
RM001,2026-08-07,Chiton,kg,23.28
RM001,2026-08-08,Chiton,kg,25.3
RM001,2026-08-09,Chiton,kg,21.6
RM002,2025-01-01,Salt,kg,4.3
RM002,2025-01-02,Salt,kg,6.09
RM002,2025-01-03,Salt,kg,6.86
RM002,2025-01-04,Salt,kg,6.27
RM002,2025-01-05,Salt,kg,6.23
RM002,2025-01-06,Salt,kg,5.05
RM002,2025-01-07,Salt,kg,5.33
RM002,2025-01-08,Salt,kg,5.18
RM002,2025-01-09,Salt,kg,5.17
RM002,2025-01-10,Salt,kg,6.29
RM002,2025-01-11,Salt,kg,5.61
RM002,2025-01-12,Salt,kg,5.75
RM002,2025-01-13,Salt,kg,4.84
RM002,2025-01-14,Salt,kg,4.81
RM002,2025-01-15,Salt,kg,4.52
RM002,2025-01-16,Salt,kg,4.92
RM002,2025-01-17,Salt,kg,4.94
RM002,2025-01-18,Salt,kg,6.92
RM002,2025-01-19,Salt,kg,5.91
RM002,2025-01-20,Salt,kg,4.04
RM002,2025-01-21,Salt,kg,4.35
RM002,2025-01-22,Salt,kg,4.79
RM002,2025-01-23,Salt,kg,4.97
RM002,2025-01-24,Salt,kg,5.91
RM002,2025-01-25,Salt,kg,5.96
RM002,2025-01-26,Salt,kg,4.85
RM002,2025-01-27,Salt,kg,3.97
RM002,2025-01-28,Salt,kg,4.03
RM002,2025-01-29,Salt,kg,5.35
RM002,2025-01-30,Salt,kg,5.19
RM002,2025-01-31,Salt,kg,6.55
RM002,2025-02-01,Salt,kg,6.59
RM002,2025-02-02,Salt,kg,5.37
RM002,2025-02-03,Salt,kg,4.47
RM002,2025-02-04,Salt,kg,4.94
RM002,2025-02-05,Salt,kg,4.89
RM002,2025-02-06,Salt,kg,6.05
RM002,2025-02-07,Salt,kg,5.65
RM002,2025-02-08,Salt,kg,5.48
RM002,2025-02-09,Salt,kg,6.41
RM002,2025-02-10,Salt,kg,4.88
RM002,2025-02-11,Salt,kg,5.0
RM002,2025-02-12,Salt,kg,4.58
RM002,2025-02-13,Salt,kg,5.29
RM002,2025-02-14,Salt,kg,5.29
RM002,2025-02-15,Salt,kg,5.22
RM002,2025-02-16,Salt,kg,5.46
RM002,2025-02-17,Salt,kg,4.06
RM002,2025-02-18,Salt,kg,4.57
RM002,2025-02-19,Salt,kg,3.87
RM002,2025-02-20,Salt,kg,4.65
RM002,2025-02-21,Salt,kg,5.08
RM002,2025-02-22,Salt,kg,5.48
RM002,2025-02-23,Salt,kg,5.95
RM002,2025-02-24,Salt,kg,3.61
RM002,2025-02-25,Salt,kg,4.78
RM002,2025-02-26,Salt,kg,4.58
RM002,2025-02-27,Salt,kg,5.35
RM002,2025-02-28,Salt,kg,5.84
RM002,2025-03-01,Salt,kg,5.16
RM002,2025-03-02,Salt,kg,5.38
RM002,2025-03-03,Salt,kg,4.82
RM002,2025-03-04,Salt,kg,5.07
RM002,2025-03-05,Salt,kg,4.99
RM002,2025-03-06,Salt,kg,5.2
RM002,2025-03-07,Salt,kg,4.98
RM002,2025-03-08,Salt,kg,7.32
RM002,2025-03-09,Salt,kg,5.7
RM002,2025-03-10,Salt,kg,4.67
RM002,2025-03-11,Salt,kg,4.77
RM002,2025-03-12,Salt,kg,4.93
RM002,2025-03-13,Salt,kg,5.62
RM002,2025-03-14,Salt,kg,6.24
RM002,2025-03-15,Salt,kg,5.89
RM002,2025-03-16,Salt,kg,5.46
RM002,2025-03-17,Salt,kg,4.65
RM002,2025-03-18,Salt,kg,4.73
RM002,2025-03-19,Salt,kg,5.22
RM002,2025-03-20,Salt,kg,5.22
RM002,2025-03-21,Salt,kg,5.98
RM002,2025-03-22,Salt,kg,5.42
RM002,2025-03-23,Salt,kg,5.28
RM002,2025-03-24,Salt,kg,4.03
RM002,2025-03-25,Salt,kg,4.36
RM002,2025-03-26,Salt,kg,4.82
RM002,2025-03-27,Salt,kg,5.35
RM002,2025-03-28,Salt,kg,5.14
RM002,2025-03-29,Salt,kg,5.79
RM002,2025-03-30,Salt,kg,5.67
RM002,2025-03-31,Salt,kg,4.69
RM002,2025-04-01,Salt,kg,5.36
RM002,2025-04-02,Salt,kg,5.29
RM002,2025-04-03,Salt,kg,5.7
RM002,2025-04-04,Salt,kg,5.46
RM002,2025-04-05,Salt,kg,6.43
RM002,2025-04-06,Salt,kg,6.31
RM002,2025-04-07,Salt,kg,4.55
RM002,2025-04-08,Salt,kg,5.74
RM002,2025-04-09,Salt,kg,5.23
RM002,2025-04-10,Salt,kg,4.94
RM002,2025-04-11,Salt,kg,5.73
RM002,2025-04-12,Salt,kg,6.45
RM002,2025-04-13,Salt,kg,5.49
RM002,2025-04-14,Salt,kg,3.91
RM002,2025-04-15,Salt,kg,4.86
RM002,2025-04-16,Salt,kg,5.33
RM002,2025-04-17,Salt,kg,5.88
RM002,2025-04-18,Salt,kg,6.41
RM002,2025-04-19,Salt,kg,5.68
RM002,2025-04-20,Salt,kg,4.44
RM002,2025-04-21,Salt,kg,3.53
RM002,2025-04-22,Salt,kg,3.74
RM002,2025-04-23,Salt,kg,5.07
RM002,2025-04-24,Salt,kg,5.02
RM002,2025-04-25,Salt,kg,4.58
RM002,2025-04-26,Salt,kg,6.08
RM002,2025-04-27,Salt,kg,4.59
RM002,2025-04-28,Salt,kg,4.11
RM002,2025-04-29,Salt,kg,4.88
RM002,2025-04-30,Salt,kg,4.54
RM002,2025-05-01,Salt,kg,5.41
RM002,2025-05-02,Salt,kg,5.27
RM002,2025-05-03,Salt,kg,6.29
RM002,2025-05-04,Salt,kg,5.02
RM002,2025-05-05,Salt,kg,4.67
RM002,2025-05-06,Salt,kg,4.82
RM002,2025-05-07,Salt,kg,5.21
RM002,2025-05-08,Salt,kg,5.68
RM002,2025-05-09,Salt,kg,6.23
RM002,2025-05-10,Salt,kg,5.78
RM002,2025-05-11,Salt,kg,5.85
RM002,2025-05-12,Salt,kg,4.53
RM002,2025-05-13,Salt,kg,4.31
RM002,2025-05-14,Salt,kg,5.24
RM002,2025-05-15,Salt,kg,5.26
RM002,2025-05-16,Salt,kg,6.03
RM002,2025-05-17,Salt,kg,5.83
RM002,2025-05-18,Salt,kg,4.53
RM002,2025-05-19,Salt,kg,4.37
RM002,2025-05-20,Salt,kg,5.2
RM002,2025-05-21,Salt,kg,4.78
RM002,2025-05-22,Salt,kg,4.07
RM002,2025-05-23,Salt,kg,5.2
RM002,2025-05-24,Salt,kg,5.3
RM002,2025-05-25,Salt,kg,5.18
RM002,2025-05-26,Salt,kg,3.8
RM002,2025-05-27,Salt,kg,4.89
RM002,2025-05-28,Salt,kg,5.27
RM002,2025-05-29,Salt,kg,4.88
RM002,2025-05-30,Salt,kg,5.56
RM002,2025-05-31,Salt,kg,6.41
RM002,2025-06-01,Salt,kg,5.64
RM002,2025-06-02,Salt,kg,4.48
RM002,2025-06-03,Salt,kg,4.79
RM002,2025-06-04,Salt,kg,5.25
RM002,2025-06-05,Salt,kg,5.36
RM002,2025-06-06,Salt,kg,6.0
RM002,2025-06-07,Salt,kg,7.05
RM002,2025-06-08,Salt,kg,6.34
RM002,2025-06-09,Salt,kg,4.82
RM002,2025-06-10,Salt,kg,4.7
RM002,2025-06-11,Salt,kg,5.28
RM002,2025-06-12,Salt,kg,5.21
RM002,2025-06-13,Salt,kg,6.36
RM002,2025-06-14,Salt,kg,6.72
RM002,2025-06-15,Salt,kg,5.53
RM002,2025-06-16,Salt,kg,3.83
RM002,2025-06-17,Salt,kg,5.09
RM002,2025-06-18,Salt,kg,5.88
RM002,2025-06-19,Salt,kg,5.26
RM002,2025-06-20,Salt,kg,5.82
RM002,2025-06-21,Salt,kg,5.79
RM002,2025-06-22,Salt,kg,4.93
RM002,2025-06-23,Salt,kg,4.01
RM002,2025-06-24,Salt,kg,3.75
RM002,2025-06-25,Salt,kg,4.97
RM002,2025-06-26,Salt,kg,5.0
RM002,2025-06-27,Salt,kg,5.43
RM002,2025-06-28,Salt,kg,5.62
RM002,2025-06-29,Salt,kg,5.34
RM002,2025-06-30,Salt,kg,3.95
RM002,2025-07-01,Salt,kg,5.16
RM002,2025-07-02,Salt,kg,5.03
RM002,2025-07-03,Salt,kg,5.38
RM002,2025-07-04,Salt,kg,5.56
RM002,2025-07-05,Salt,kg,6.68
RM002,2025-07-06,Salt,kg,6.02
RM002,2025-07-07,Salt,kg,5.15
RM002,2025-07-08,Salt,kg,4.28
RM002,2025-07-09,Salt,kg,5.44
RM002,2025-07-10,Salt,kg,5.02
RM002,2025-07-11,Salt,kg,6.16
RM002,2025-07-12,Salt,kg,6.16
RM002,2025-07-13,Salt,kg,6.1
RM002,2025-07-14,Salt,kg,4.72
RM002,2025-07-15,Salt,kg,4.95
RM002,2025-07-16,Salt,kg,5.11
RM002,2025-07-17,Salt,kg,6.04
RM002,2025-07-18,Salt,kg,5.08
RM002,2025-07-19,Salt,kg,4.74
RM002,2025-07-20,Salt,kg,5.44
RM002,2025-07-21,Salt,kg,4.02
RM002,2025-07-22,Salt,kg,4.81
RM002,2025-07-23,Salt,kg,4.68
RM002,2025-07-24,Salt,kg,5.49
RM002,2025-07-25,Salt,kg,4.82
RM002,2025-07-26,Salt,kg,5.64
RM002,2025-07-27,Salt,kg,4.3
RM002,2025-07-28,Salt,kg,4.82
RM002,2025-07-29,Salt,kg,4.6
RM002,2025-07-30,Salt,kg,4.45
RM002,2025-07-31,Salt,kg,4.9
RM002,2025-08-01,Salt,kg,5.75
RM002,2025-08-02,Salt,kg,5.67
RM002,2025-08-03,Salt,kg,6.37
RM002,2025-08-04,Salt,kg,4.35
RM002,2025-08-05,Salt,kg,4.46
RM002,2025-08-06,Salt,kg,4.91
RM002,2025-08-07,Salt,kg,5.4
RM002,2025-08-08,Salt,kg,6.06
RM002,2025-08-09,Salt,kg,6.16
RM002,2025-08-10,Salt,kg,5.17
RM002,2025-08-11,Salt,kg,4.32
RM002,2025-08-12,Salt,kg,5.33
RM002,2025-08-13,Salt,kg,5.22
RM002,2025-08-14,Salt,kg,5.05
RM002,2025-08-15,Salt,kg,4.89
RM002,2025-08-16,Salt,kg,6.09
RM002,2025-08-17,Salt,kg,5.4
RM002,2025-08-18,Salt,kg,4.73
RM002,2025-08-19,Salt,kg,5.65
RM002,2025-08-20,Salt,kg,4.51
RM002,2025-08-21,Salt,kg,5.08
RM002,2025-08-22,Salt,kg,5.56
RM002,2025-08-23,Salt,kg,5.4
RM002,2025-08-24,Salt,kg,5.69
RM002,2025-08-25,Salt,kg,3.13
RM002,2025-08-26,Salt,kg,4.41
RM002,2025-08-27,Salt,kg,5.03
RM002,2025-08-28,Salt,kg,4.82
RM002,2025-08-29,Salt,kg,5.6
RM002,2025-08-30,Salt,kg,6.15
RM002,2025-08-31,Salt,kg,5.51
RM002,2025-09-01,Salt,kg,5.13
RM002,2025-09-02,Salt,kg,4.17
RM002,2025-09-03,Salt,kg,5.23
RM002,2025-09-04,Salt,kg,5.7
RM002,2025-09-05,Salt,kg,6.45
RM002,2025-09-06,Salt,kg,6.97
RM002,2025-09-07,Salt,kg,5.51
RM002,2025-09-08,Salt,kg,4.17
RM002,2025-09-09,Salt,kg,4.32
RM002,2025-09-10,Salt,kg,5.24
RM002,2025-09-11,Salt,kg,5.25
RM002,2025-09-12,Salt,kg,6.29
RM002,2025-09-13,Salt,kg,5.9
RM002,2025-09-14,Salt,kg,5.91
RM002,2025-09-15,Salt,kg,4.45
RM002,2025-09-16,Salt,kg,5.45
RM002,2025-09-17,Salt,kg,4.33
RM002,2025-09-18,Salt,kg,4.93
RM002,2025-09-19,Salt,kg,5.02
RM002,2025-09-20,Salt,kg,5.91
RM002,2025-09-21,Salt,kg,4.8
RM002,2025-09-22,Salt,kg,4.11
RM002,2025-09-23,Salt,kg,5.11
RM002,2025-09-24,Salt,kg,4.62
RM002,2025-09-25,Salt,kg,5.39
RM002,2025-09-26,Salt,kg,5.25
RM002,2025-09-27,Salt,kg,6.45
RM002,2025-09-28,Salt,kg,5.5
RM002,2025-09-29,Salt,kg,4.14
RM002,2025-09-30,Salt,kg,4.94
RM002,2025-10-01,Salt,kg,3.98
RM002,2025-10-02,Salt,kg,4.88
RM002,2025-10-03,Salt,kg,5.64
RM002,2025-10-04,Salt,kg,6.7
RM002,2025-10-05,Salt,kg,6.3
RM002,2025-10-06,Salt,kg,4.63
RM002,2025-10-07,Salt,kg,5.23
RM002,2025-10-08,Salt,kg,5.11
RM002,2025-10-09,Salt,kg,5.47
RM002,2025-10-10,Salt,kg,5.74
RM002,2025-10-11,Salt,kg,5.42
RM002,2025-10-12,Salt,kg,6.53
RM002,2025-10-13,Salt,kg,4.28
RM002,2025-10-14,Salt,kg,5.06
RM002,2025-10-15,Salt,kg,5.11
RM002,2025-10-16,Salt,kg,5.71
RM002,2025-10-17,Salt,kg,6.29
RM002,2025-10-18,Salt,kg,5.5
RM002,2025-10-19,Salt,kg,5.62
RM002,2025-10-20,Salt,kg,4.79
RM002,2025-10-21,Salt,kg,4.71
RM002,2025-10-22,Salt,kg,5.36
RM002,2025-10-23,Salt,kg,5.61
RM002,2025-10-24,Salt,kg,5.85
RM002,2025-10-25,Salt,kg,5.61
RM002,2025-10-26,Salt,kg,5.77
RM002,2025-10-27,Salt,kg,4.32
RM002,2025-10-28,Salt,kg,4.9
RM002,2025-10-29,Salt,kg,4.28
RM002,2025-10-30,Salt,kg,5.23
RM002,2025-10-31,Salt,kg,5.9
RM002,2025-11-01,Salt,kg,6.07
RM002,2025-11-02,Salt,kg,5.2
RM002,2025-11-03,Salt,kg,4.87
RM002,2025-11-04,Salt,kg,5.08
RM002,2025-11-05,Salt,kg,5.74
RM002,2025-11-06,Salt,kg,6.78
RM002,2025-11-07,Salt,kg,6.05
RM002,2025-11-08,Salt,kg,5.85
RM002,2025-11-09,Salt,kg,6.22
RM002,2025-11-10,Salt,kg,4.1
RM002,2025-11-11,Salt,kg,5.64
RM002,2025-11-12,Salt,kg,5.01
RM002,2025-11-13,Salt,kg,5.45
RM002,2025-11-14,Salt,kg,5.93
RM002,2025-11-15,Salt,kg,6.1
RM002,2025-11-16,Salt,kg,5.36
RM002,2025-11-17,Salt,kg,4.23
RM002,2025-11-18,Salt,kg,4.52
RM002,2025-11-19,Salt,kg,4.77
RM002,2025-11-20,Salt,kg,4.87
RM002,2025-11-21,Salt,kg,5.18
RM002,2025-11-22,Salt,kg,6.0
RM002,2025-11-23,Salt,kg,5.5
RM002,2025-11-24,Salt,kg,4.88
RM002,2025-11-25,Salt,kg,4.47
RM002,2025-11-26,Salt,kg,4.94
RM002,2025-11-27,Salt,kg,5.24
RM002,2025-11-28,Salt,kg,5.67
RM002,2025-11-29,Salt,kg,6.95
RM002,2025-11-30,Salt,kg,5.35
RM002,2025-12-01,Salt,kg,4.71
RM002,2025-12-02,Salt,kg,5.03
RM002,2025-12-03,Salt,kg,4.91
RM002,2025-12-04,Salt,kg,5.22
RM002,2025-12-05,Salt,kg,6.61
RM002,2025-12-06,Salt,kg,6.38
RM002,2025-12-07,Salt,kg,5.73
RM002,2025-12-08,Salt,kg,3.78
RM002,2025-12-09,Salt,kg,5.43
RM002,2025-12-10,Salt,kg,5.92
RM002,2025-12-11,Salt,kg,6.31
RM002,2025-12-12,Salt,kg,5.05
RM002,2025-12-13,Salt,kg,6.41
RM002,2025-12-14,Salt,kg,5.85
RM002,2025-12-15,Salt,kg,4.51
RM002,2025-12-16,Salt,kg,4.96
RM002,2025-12-17,Salt,kg,4.94
RM002,2025-12-18,Salt,kg,5.16
RM002,2025-12-19,Salt,kg,5.87
RM002,2025-12-20,Salt,kg,5.24
RM002,2025-12-21,Salt,kg,5.91
RM002,2025-12-22,Salt,kg,3.99
RM002,2025-12-23,Salt,kg,4.21
RM002,2025-12-24,Salt,kg,4.84
RM002,2025-12-25,Salt,kg,5.32
RM002,2025-12-26,Salt,kg,4.87
RM002,2025-12-27,Salt,kg,5.62
RM002,2025-12-28,Salt,kg,4.61
RM002,2025-12-29,Salt,kg,4.58
RM002,2025-12-30,Salt,kg,5.04
RM002,2025-12-31,Salt,kg,5.29
RM002,2026-01-01,Salt,kg,5.66
RM002,2026-01-02,Salt,kg,5.99
RM002,2026-01-03,Salt,kg,6.54
RM002,2026-01-04,Salt,kg,5.7
RM002,2026-01-05,Salt,kg,4.91
RM002,2026-01-06,Salt,kg,4.58
RM002,2026-01-07,Salt,kg,5.16
RM002,2026-01-08,Salt,kg,5.26
RM002,2026-01-09,Salt,kg,5.96
RM002,2026-01-10,Salt,kg,5.99
RM002,2026-01-11,Salt,kg,5.68
RM002,2026-01-12,Salt,kg,4.14
RM002,2026-01-13,Salt,kg,4.9
RM002,2026-01-14,Salt,kg,5.12
RM002,2026-01-15,Salt,kg,5.08
RM002,2026-01-16,Salt,kg,5.55
RM002,2026-01-17,Salt,kg,5.24
RM002,2026-01-18,Salt,kg,5.5
RM002,2026-01-19,Salt,kg,4.35
RM002,2026-01-20,Salt,kg,4.44
RM002,2026-01-21,Salt,kg,5.0
RM002,2026-01-22,Salt,kg,4.67
RM002,2026-01-23,Salt,kg,5.26
RM002,2026-01-24,Salt,kg,5.68
RM002,2026-01-25,Salt,kg,5.21
RM002,2026-01-26,Salt,kg,3.77
RM002,2026-01-27,Salt,kg,4.44
RM002,2026-01-28,Salt,kg,4.88
RM002,2026-01-29,Salt,kg,5.29
RM002,2026-01-30,Salt,kg,5.14
RM002,2026-01-31,Salt,kg,6.01
RM002,2026-02-01,Salt,kg,5.74
RM002,2026-02-02,Salt,kg,4.38
RM002,2026-02-03,Salt,kg,5.39
RM002,2026-02-04,Salt,kg,6.18
RM002,2026-02-05,Salt,kg,5.86
RM002,2026-02-06,Salt,kg,5.8
RM002,2026-02-07,Salt,kg,7.76
RM002,2026-02-08,Salt,kg,4.56
RM002,2026-02-09,Salt,kg,4.65
RM002,2026-02-10,Salt,kg,4.95
RM002,2026-02-11,Salt,kg,4.7
RM002,2026-02-12,Salt,kg,5.33
RM002,2026-02-13,Salt,kg,5.36
RM002,2026-02-14,Salt,kg,5.63
RM002,2026-02-15,Salt,kg,5.15
RM002,2026-02-16,Salt,kg,3.72
RM002,2026-02-17,Salt,kg,4.73
RM002,2026-02-18,Salt,kg,4.85
RM002,2026-02-19,Salt,kg,4.52
RM002,2026-02-20,Salt,kg,4.93
RM002,2026-02-21,Salt,kg,5.59
RM002,2026-02-22,Salt,kg,5.33
RM002,2026-02-23,Salt,kg,3.93
RM002,2026-02-24,Salt,kg,5.08
RM002,2026-02-25,Salt,kg,4.32
RM002,2026-02-26,Salt,kg,5.89
RM002,2026-02-27,Salt,kg,5.55
RM002,2026-02-28,Salt,kg,6.17
RM002,2026-03-01,Salt,kg,5.15
RM002,2026-03-02,Salt,kg,4.33
RM002,2026-03-03,Salt,kg,5.02
RM002,2026-03-04,Salt,kg,4.61
RM002,2026-03-05,Salt,kg,5.0
RM002,2026-03-06,Salt,kg,5.44
RM002,2026-03-07,Salt,kg,5.7
RM002,2026-03-08,Salt,kg,5.73
RM002,2026-03-09,Salt,kg,3.94
RM002,2026-03-10,Salt,kg,5.2
RM002,2026-03-11,Salt,kg,5.21
RM002,2026-03-12,Salt,kg,5.75
RM002,2026-03-13,Salt,kg,5.98
RM002,2026-03-14,Salt,kg,6.58
RM002,2026-03-15,Salt,kg,5.69
RM002,2026-03-16,Salt,kg,4.23
RM002,2026-03-17,Salt,kg,5.03
RM002,2026-03-18,Salt,kg,5.28
RM002,2026-03-19,Salt,kg,5.31
RM002,2026-03-20,Salt,kg,4.87
RM002,2026-03-21,Salt,kg,5.5
RM002,2026-03-22,Salt,kg,5.68
RM002,2026-03-23,Salt,kg,4.26
RM002,2026-03-24,Salt,kg,3.91
RM002,2026-03-25,Salt,kg,4.66
RM002,2026-03-26,Salt,kg,5.04
RM002,2026-03-27,Salt,kg,5.16
RM002,2026-03-28,Salt,kg,6.0
RM002,2026-03-29,Salt,kg,4.56
RM002,2026-03-30,Salt,kg,4.39
RM002,2026-03-31,Salt,kg,4.56
RM002,2026-04-01,Salt,kg,4.82
RM002,2026-04-02,Salt,kg,5.5
RM002,2026-04-03,Salt,kg,5.19
RM002,2026-04-04,Salt,kg,6.32
RM002,2026-04-05,Salt,kg,5.93
RM002,2026-04-06,Salt,kg,5.04
RM002,2026-04-07,Salt,kg,4.87
RM002,2026-04-08,Salt,kg,4.89
RM002,2026-04-09,Salt,kg,5.89
RM002,2026-04-10,Salt,kg,5.75
RM002,2026-04-11,Salt,kg,6.35
RM002,2026-04-12,Salt,kg,5.47
RM002,2026-04-13,Salt,kg,4.11
RM002,2026-04-14,Salt,kg,5.17
RM002,2026-04-15,Salt,kg,4.97
RM002,2026-04-16,Salt,kg,5.27
RM002,2026-04-17,Salt,kg,5.19
RM002,2026-04-18,Salt,kg,5.95
RM002,2026-04-19,Salt,kg,4.9
RM002,2026-04-20,Salt,kg,3.9
RM002,2026-04-21,Salt,kg,4.21
RM002,2026-04-22,Salt,kg,4.61
RM002,2026-04-23,Salt,kg,4.41
RM002,2026-04-24,Salt,kg,6.05
RM002,2026-04-25,Salt,kg,5.01
RM002,2026-04-26,Salt,kg,4.44
RM002,2026-04-27,Salt,kg,4.12
RM002,2026-04-28,Salt,kg,4.26
RM002,2026-04-29,Salt,kg,5.76
RM002,2026-04-30,Salt,kg,5.83
RM002,2026-05-01,Salt,kg,6.52
RM002,2026-05-02,Salt,kg,6.26
RM002,2026-05-03,Salt,kg,6.56
RM002,2026-05-04,Salt,kg,4.41
RM002,2026-05-05,Salt,kg,4.78
RM002,2026-05-06,Salt,kg,5.41
RM002,2026-05-07,Salt,kg,6.11
RM002,2026-05-08,Salt,kg,6.76
RM002,2026-05-09,Salt,kg,5.74
RM002,2026-05-10,Salt,kg,5.79
RM002,2026-05-11,Salt,kg,4.75
RM002,2026-05-12,Salt,kg,5.87
RM002,2026-05-13,Salt,kg,4.87
RM002,2026-05-14,Salt,kg,5.53
RM002,2026-05-15,Salt,kg,4.8
RM002,2026-05-16,Salt,kg,6.09
RM002,2026-05-17,Salt,kg,5.56
RM002,2026-05-18,Salt,kg,4.54
RM002,2026-05-19,Salt,kg,5.09
RM002,2026-05-20,Salt,kg,4.86
RM002,2026-05-21,Salt,kg,5.35
RM002,2026-05-22,Salt,kg,5.97
RM002,2026-05-23,Salt,kg,5.38
RM002,2026-05-24,Salt,kg,4.63
RM002,2026-05-25,Salt,kg,4.33
RM002,2026-05-26,Salt,kg,3.83
RM002,2026-05-27,Salt,kg,4.73
RM002,2026-05-28,Salt,kg,5.08
RM002,2026-05-29,Salt,kg,4.93
RM002,2026-05-30,Salt,kg,5.33
RM002,2026-05-31,Salt,kg,4.89
RM002,2026-06-01,Salt,kg,5.0
RM002,2026-06-02,Salt,kg,5.01
RM002,2026-06-03,Salt,kg,5.06
RM002,2026-06-04,Salt,kg,5.77
RM002,2026-06-05,Salt,kg,6.17
RM002,2026-06-06,Salt,kg,6.61
RM002,2026-06-07,Salt,kg,5.91
RM002,2026-06-08,Salt,kg,4.6
RM002,2026-06-09,Salt,kg,4.84
RM002,2026-06-10,Salt,kg,5.28
RM002,2026-06-11,Salt,kg,4.83
RM002,2026-06-12,Salt,kg,5.97
RM002,2026-06-13,Salt,kg,6.34
RM002,2026-06-14,Salt,kg,5.89
RM002,2026-06-15,Salt,kg,4.28
RM002,2026-06-16,Salt,kg,5.39
RM002,2026-06-17,Salt,kg,4.91
RM002,2026-06-18,Salt,kg,4.65
RM002,2026-06-19,Salt,kg,5.38
RM002,2026-06-20,Salt,kg,5.07
RM002,2026-06-21,Salt,kg,4.57
RM002,2026-06-22,Salt,kg,3.84
RM002,2026-06-23,Salt,kg,4.57
RM002,2026-06-24,Salt,kg,4.5
RM002,2026-06-25,Salt,kg,4.9
RM002,2026-06-26,Salt,kg,5.28
RM002,2026-06-27,Salt,kg,5.32
RM002,2026-06-28,Salt,kg,5.44
RM002,2026-06-29,Salt,kg,4.01
RM002,2026-06-30,Salt,kg,4.64
RM002,2026-07-01,Salt,kg,5.45
RM002,2026-07-02,Salt,kg,4.91
RM002,2026-07-03,Salt,kg,6.03
RM002,2026-07-04,Salt,kg,6.9
RM002,2026-07-05,Salt,kg,5.4
RM002,2026-07-06,Salt,kg,4.15
RM002,2026-07-07,Salt,kg,4.33
RM002,2026-07-08,Salt,kg,5.22
RM002,2026-07-09,Salt,kg,5.92
RM002,2026-07-10,Salt,kg,5.34
RM002,2026-07-11,Salt,kg,6.42
RM002,2026-07-12,Salt,kg,5.67
RM002,2026-07-13,Salt,kg,4.54
RM002,2026-07-14,Salt,kg,5.87
RM002,2026-07-15,Salt,kg,5.26
RM002,2026-07-16,Salt,kg,5.03
RM002,2026-07-17,Salt,kg,6.02
RM002,2026-07-18,Salt,kg,6.93
RM002,2026-07-19,Salt,kg,5.36
RM002,2026-07-20,Salt,kg,4.73
RM002,2026-07-21,Salt,kg,4.6
RM002,2026-07-22,Salt,kg,5.06
RM002,2026-07-23,Salt,kg,5.06
RM002,2026-07-24,Salt,kg,5.04
RM002,2026-07-25,Salt,kg,5.32
RM002,2026-07-26,Salt,kg,5.15
RM002,2026-07-27,Salt,kg,4.54
RM002,2026-07-28,Salt,kg,4.48
RM002,2026-07-29,Salt,kg,4.51
RM002,2026-07-30,Salt,kg,5.11
RM002,2026-07-31,Salt,kg,6.27
RM002,2026-08-01,Salt,kg,6.26
RM002,2026-08-02,Salt,kg,5.32
RM002,2026-08-03,Salt,kg,4.37
RM002,2026-08-04,Salt,kg,5.06
RM002,2026-08-05,Salt,kg,5.26
RM002,2026-08-06,Salt,kg,5.19
RM002,2026-08-07,Salt,kg,6.12
RM002,2026-08-08,Salt,kg,6.56
RM002,2026-08-09,Salt,kg,5.92
RM003,2025-01-01,Ground Pepper,kg,1.13
RM003,2025-01-02,Ground Pepper,kg,1.37
RM003,2025-01-03,Ground Pepper,kg,1.24
RM003,2025-01-04,Ground Pepper,kg,1.41
RM003,2025-01-05,Ground Pepper,kg,1.32
RM003,2025-01-06,Ground Pepper,kg,1.19
RM003,2025-01-07,Ground Pepper,kg,1.27
RM003,2025-01-08,Ground Pepper,kg,1.08
RM003,2025-01-09,Ground Pepper,kg,1.34
RM003,2025-01-10,Ground Pepper,kg,1.48
RM003,2025-01-11,Ground Pepper,kg,1.38
RM003,2025-01-12,Ground Pepper,kg,1.15
RM003,2025-01-13,Ground Pepper,kg,0.97
RM003,2025-01-14,Ground Pepper,kg,1.12
RM003,2025-01-15,Ground Pepper,kg,1.22
RM003,2025-01-16,Ground Pepper,kg,1.18
RM003,2025-01-17,Ground Pepper,kg,1.33
RM003,2025-01-18,Ground Pepper,kg,1.23
RM003,2025-01-19,Ground Pepper,kg,1.11
RM003,2025-01-20,Ground Pepper,kg,0.93
RM003,2025-01-21,Ground Pepper,kg,0.95
RM003,2025-01-22,Ground Pepper,kg,1.16
RM003,2025-01-23,Ground Pepper,kg,1.12
RM003,2025-01-24,Ground Pepper,kg,1.19
RM003,2025-01-25,Ground Pepper,kg,1.26
RM003,2025-01-26,Ground Pepper,kg,1.23
RM003,2025-01-27,Ground Pepper,kg,1.07
RM003,2025-01-28,Ground Pepper,kg,1.14
RM003,2025-01-29,Ground Pepper,kg,1.43
RM003,2025-01-30,Ground Pepper,kg,1.22
RM003,2025-01-31,Ground Pepper,kg,1.49
RM003,2025-02-01,Ground Pepper,kg,1.54
RM003,2025-02-02,Ground Pepper,kg,1.4
RM003,2025-02-03,Ground Pepper,kg,0.95
RM003,2025-02-04,Ground Pepper,kg,1.15
RM003,2025-02-05,Ground Pepper,kg,1.33
RM003,2025-02-06,Ground Pepper,kg,1.34
RM003,2025-02-07,Ground Pepper,kg,1.41
RM003,2025-02-08,Ground Pepper,kg,1.44
RM003,2025-02-09,Ground Pepper,kg,1.34
RM003,2025-02-10,Ground Pepper,kg,1.11
RM003,2025-02-11,Ground Pepper,kg,1.12
RM003,2025-02-12,Ground Pepper,kg,1.08
RM003,2025-02-13,Ground Pepper,kg,1.26
RM003,2025-02-14,Ground Pepper,kg,1.23
RM003,2025-02-15,Ground Pepper,kg,1.57
RM003,2025-02-16,Ground Pepper,kg,1.19
RM003,2025-02-17,Ground Pepper,kg,1.04
RM003,2025-02-18,Ground Pepper,kg,1.17
RM003,2025-02-19,Ground Pepper,kg,1.21
RM003,2025-02-20,Ground Pepper,kg,1.1
RM003,2025-02-21,Ground Pepper,kg,1.43
RM003,2025-02-22,Ground Pepper,kg,1.45
RM003,2025-02-23,Ground Pepper,kg,1.2
RM003,2025-02-24,Ground Pepper,kg,1.0
RM003,2025-02-25,Ground Pepper,kg,1.17
RM003,2025-02-26,Ground Pepper,kg,1.04
RM003,2025-02-27,Ground Pepper,kg,1.18
RM003,2025-02-28,Ground Pepper,kg,1.39
RM003,2025-03-01,Ground Pepper,kg,1.33
RM003,2025-03-02,Ground Pepper,kg,1.26
RM003,2025-03-03,Ground Pepper,kg,1.09
RM003,2025-03-04,Ground Pepper,kg,1.04
RM003,2025-03-05,Ground Pepper,kg,1.12
RM003,2025-03-06,Ground Pepper,kg,1.2
RM003,2025-03-07,Ground Pepper,kg,1.51
RM003,2025-03-08,Ground Pepper,kg,1.65
RM003,2025-03-09,Ground Pepper,kg,1.4
RM003,2025-03-10,Ground Pepper,kg,1.13
RM003,2025-03-11,Ground Pepper,kg,1.03
RM003,2025-03-12,Ground Pepper,kg,1.25
RM003,2025-03-13,Ground Pepper,kg,1.39
RM003,2025-03-14,Ground Pepper,kg,1.28
RM003,2025-03-15,Ground Pepper,kg,1.39
RM003,2025-03-16,Ground Pepper,kg,1.2
RM003,2025-03-17,Ground Pepper,kg,1.06
RM003,2025-03-18,Ground Pepper,kg,1.07
RM003,2025-03-19,Ground Pepper,kg,1.33
RM003,2025-03-20,Ground Pepper,kg,1.25
RM003,2025-03-21,Ground Pepper,kg,1.24
RM003,2025-03-22,Ground Pepper,kg,1.46
RM003,2025-03-23,Ground Pepper,kg,1.17
RM003,2025-03-24,Ground Pepper,kg,1.02
RM003,2025-03-25,Ground Pepper,kg,1.17
RM003,2025-03-26,Ground Pepper,kg,1.0
RM003,2025-03-27,Ground Pepper,kg,1.36
RM003,2025-03-28,Ground Pepper,kg,1.29
RM003,2025-03-29,Ground Pepper,kg,1.5
RM003,2025-03-30,Ground Pepper,kg,1.36
RM003,2025-03-31,Ground Pepper,kg,0.94
RM003,2025-04-01,Ground Pepper,kg,1.21
RM003,2025-04-02,Ground Pepper,kg,1.12
RM003,2025-04-03,Ground Pepper,kg,1.36
RM003,2025-04-04,Ground Pepper,kg,1.58
RM003,2025-04-05,Ground Pepper,kg,1.25
RM003,2025-04-06,Ground Pepper,kg,1.48
RM003,2025-04-07,Ground Pepper,kg,1.19
RM003,2025-04-08,Ground Pepper,kg,1.26
RM003,2025-04-09,Ground Pepper,kg,1.45
RM003,2025-04-10,Ground Pepper,kg,1.3
RM003,2025-04-11,Ground Pepper,kg,1.43
RM003,2025-04-12,Ground Pepper,kg,1.5
RM003,2025-04-13,Ground Pepper,kg,1.31
RM003,2025-04-14,Ground Pepper,kg,1.05
RM003,2025-04-15,Ground Pepper,kg,1.26
RM003,2025-04-16,Ground Pepper,kg,1.14
RM003,2025-04-17,Ground Pepper,kg,1.17
RM003,2025-04-18,Ground Pepper,kg,1.25
RM003,2025-04-19,Ground Pepper,kg,1.31
RM003,2025-04-20,Ground Pepper,kg,1.27
RM003,2025-04-21,Ground Pepper,kg,0.94
RM003,2025-04-22,Ground Pepper,kg,1.03
RM003,2025-04-23,Ground Pepper,kg,0.92
RM003,2025-04-24,Ground Pepper,kg,1.17
RM003,2025-04-25,Ground Pepper,kg,1.31
RM003,2025-04-26,Ground Pepper,kg,1.39
RM003,2025-04-27,Ground Pepper,kg,1.11
RM003,2025-04-28,Ground Pepper,kg,0.92
RM003,2025-04-29,Ground Pepper,kg,1.0
RM003,2025-04-30,Ground Pepper,kg,1.19
RM003,2025-05-01,Ground Pepper,kg,1.08
RM003,2025-05-02,Ground Pepper,kg,1.25
RM003,2025-05-03,Ground Pepper,kg,1.82
RM003,2025-05-04,Ground Pepper,kg,1.35
RM003,2025-05-05,Ground Pepper,kg,1.05
RM003,2025-05-06,Ground Pepper,kg,1.19
RM003,2025-05-07,Ground Pepper,kg,1.27
RM003,2025-05-08,Ground Pepper,kg,1.49
RM003,2025-05-09,Ground Pepper,kg,1.5
RM003,2025-05-10,Ground Pepper,kg,1.51
RM003,2025-05-11,Ground Pepper,kg,1.48
RM003,2025-05-12,Ground Pepper,kg,1.07
RM003,2025-05-13,Ground Pepper,kg,1.19
RM003,2025-05-14,Ground Pepper,kg,1.19
RM003,2025-05-15,Ground Pepper,kg,1.33
RM003,2025-05-16,Ground Pepper,kg,1.33
RM003,2025-05-17,Ground Pepper,kg,1.4
RM003,2025-05-18,Ground Pepper,kg,1.35
RM003,2025-05-19,Ground Pepper,kg,1.01
RM003,2025-05-20,Ground Pepper,kg,1.11
RM003,2025-05-21,Ground Pepper,kg,0.91
RM003,2025-05-22,Ground Pepper,kg,1.15
RM003,2025-05-23,Ground Pepper,kg,1.24
RM003,2025-05-24,Ground Pepper,kg,1.51
RM003,2025-05-25,Ground Pepper,kg,1.03
RM003,2025-05-26,Ground Pepper,kg,1.05
RM003,2025-05-27,Ground Pepper,kg,1.15
RM003,2025-05-28,Ground Pepper,kg,1.15
RM003,2025-05-29,Ground Pepper,kg,1.2
RM003,2025-05-30,Ground Pepper,kg,1.34
RM003,2025-05-31,Ground Pepper,kg,1.58
RM003,2025-06-01,Ground Pepper,kg,1.44
RM003,2025-06-02,Ground Pepper,kg,1.11
RM003,2025-06-03,Ground Pepper,kg,1.29
RM003,2025-06-04,Ground Pepper,kg,1.38
RM003,2025-06-05,Ground Pepper,kg,1.19
RM003,2025-06-06,Ground Pepper,kg,1.47
RM003,2025-06-07,Ground Pepper,kg,1.46
RM003,2025-06-08,Ground Pepper,kg,1.39
RM003,2025-06-09,Ground Pepper,kg,1.17
RM003,2025-06-10,Ground Pepper,kg,1.13
RM003,2025-06-11,Ground Pepper,kg,1.31
RM003,2025-06-12,Ground Pepper,kg,1.36
RM003,2025-06-13,Ground Pepper,kg,1.35
RM003,2025-06-14,Ground Pepper,kg,1.45
RM003,2025-06-15,Ground Pepper,kg,1.31
RM003,2025-06-16,Ground Pepper,kg,1.12
RM003,2025-06-17,Ground Pepper,kg,1.17
RM003,2025-06-18,Ground Pepper,kg,1.17
RM003,2025-06-19,Ground Pepper,kg,1.31
RM003,2025-06-20,Ground Pepper,kg,1.28
RM003,2025-06-21,Ground Pepper,kg,1.39
RM003,2025-06-22,Ground Pepper,kg,1.24
RM003,2025-06-23,Ground Pepper,kg,0.96
RM003,2025-06-24,Ground Pepper,kg,0.94
RM003,2025-06-25,Ground Pepper,kg,1.09
RM003,2025-06-26,Ground Pepper,kg,1.22
RM003,2025-06-27,Ground Pepper,kg,1.32
RM003,2025-06-28,Ground Pepper,kg,1.48
RM003,2025-06-29,Ground Pepper,kg,1.37
RM003,2025-06-30,Ground Pepper,kg,1.08
RM003,2025-07-01,Ground Pepper,kg,1.19
RM003,2025-07-02,Ground Pepper,kg,1.29
RM003,2025-07-03,Ground Pepper,kg,1.35
RM003,2025-07-04,Ground Pepper,kg,1.51
RM003,2025-07-05,Ground Pepper,kg,1.76
RM003,2025-07-06,Ground Pepper,kg,1.17
RM003,2025-07-07,Ground Pepper,kg,1.06
RM003,2025-07-08,Ground Pepper,kg,1.26
RM003,2025-07-09,Ground Pepper,kg,1.18
RM003,2025-07-10,Ground Pepper,kg,1.4
RM003,2025-07-11,Ground Pepper,kg,1.34
RM003,2025-07-12,Ground Pepper,kg,1.52
RM003,2025-07-13,Ground Pepper,kg,1.34
RM003,2025-07-14,Ground Pepper,kg,1.07
RM003,2025-07-15,Ground Pepper,kg,1.12
RM003,2025-07-16,Ground Pepper,kg,1.16
RM003,2025-07-17,Ground Pepper,kg,1.25
RM003,2025-07-18,Ground Pepper,kg,1.42
RM003,2025-07-19,Ground Pepper,kg,1.25
RM003,2025-07-20,Ground Pepper,kg,1.3
RM003,2025-07-21,Ground Pepper,kg,0.82
RM003,2025-07-22,Ground Pepper,kg,0.88
RM003,2025-07-23,Ground Pepper,kg,1.23
RM003,2025-07-24,Ground Pepper,kg,1.13
RM003,2025-07-25,Ground Pepper,kg,1.26
RM003,2025-07-26,Ground Pepper,kg,1.35
RM003,2025-07-27,Ground Pepper,kg,1.19
RM003,2025-07-28,Ground Pepper,kg,0.96
RM003,2025-07-29,Ground Pepper,kg,1.15
RM003,2025-07-30,Ground Pepper,kg,1.11
RM003,2025-07-31,Ground Pepper,kg,1.24
RM003,2025-08-01,Ground Pepper,kg,1.34
RM003,2025-08-02,Ground Pepper,kg,1.64
RM003,2025-08-03,Ground Pepper,kg,1.2
RM003,2025-08-04,Ground Pepper,kg,1.16
RM003,2025-08-05,Ground Pepper,kg,1.14
RM003,2025-08-06,Ground Pepper,kg,1.24
RM003,2025-08-07,Ground Pepper,kg,1.55
RM003,2025-08-08,Ground Pepper,kg,1.35
RM003,2025-08-09,Ground Pepper,kg,1.63
RM003,2025-08-10,Ground Pepper,kg,1.14
RM003,2025-08-11,Ground Pepper,kg,1.0
RM003,2025-08-12,Ground Pepper,kg,1.13
RM003,2025-08-13,Ground Pepper,kg,1.26
RM003,2025-08-14,Ground Pepper,kg,1.1
RM003,2025-08-15,Ground Pepper,kg,1.4
RM003,2025-08-16,Ground Pepper,kg,1.34
RM003,2025-08-17,Ground Pepper,kg,1.17
RM003,2025-08-18,Ground Pepper,kg,1.11
RM003,2025-08-19,Ground Pepper,kg,1.15
RM003,2025-08-20,Ground Pepper,kg,1.04
RM003,2025-08-21,Ground Pepper,kg,1.16
RM003,2025-08-22,Ground Pepper,kg,1.27
RM003,2025-08-23,Ground Pepper,kg,1.4
RM003,2025-08-24,Ground Pepper,kg,1.4
RM003,2025-08-25,Ground Pepper,kg,0.87
RM003,2025-08-26,Ground Pepper,kg,1.28
RM003,2025-08-27,Ground Pepper,kg,1.12
RM003,2025-08-28,Ground Pepper,kg,1.22
RM003,2025-08-29,Ground Pepper,kg,1.23
RM003,2025-08-30,Ground Pepper,kg,1.43
RM003,2025-08-31,Ground Pepper,kg,1.22
RM003,2025-09-01,Ground Pepper,kg,1.06
RM003,2025-09-02,Ground Pepper,kg,1.2
RM003,2025-09-03,Ground Pepper,kg,1.25
RM003,2025-09-04,Ground Pepper,kg,1.64
RM003,2025-09-05,Ground Pepper,kg,1.56
RM003,2025-09-06,Ground Pepper,kg,1.55
RM003,2025-09-07,Ground Pepper,kg,1.38
RM003,2025-09-08,Ground Pepper,kg,1.27
RM003,2025-09-09,Ground Pepper,kg,1.31
RM003,2025-09-10,Ground Pepper,kg,1.23
RM003,2025-09-11,Ground Pepper,kg,1.29
RM003,2025-09-12,Ground Pepper,kg,1.58
RM003,2025-09-13,Ground Pepper,kg,1.62
RM003,2025-09-14,Ground Pepper,kg,1.4
RM003,2025-09-15,Ground Pepper,kg,1.07
RM003,2025-09-16,Ground Pepper,kg,1.14
RM003,2025-09-17,Ground Pepper,kg,1.05
RM003,2025-09-18,Ground Pepper,kg,1.17
RM003,2025-09-19,Ground Pepper,kg,1.27
RM003,2025-09-20,Ground Pepper,kg,1.29
RM003,2025-09-21,Ground Pepper,kg,1.06
RM003,2025-09-22,Ground Pepper,kg,1.01
RM003,2025-09-23,Ground Pepper,kg,1.1
RM003,2025-09-24,Ground Pepper,kg,1.11
RM003,2025-09-25,Ground Pepper,kg,1.21
RM003,2025-09-26,Ground Pepper,kg,1.33
RM003,2025-09-27,Ground Pepper,kg,1.39
RM003,2025-09-28,Ground Pepper,kg,1.29
RM003,2025-09-29,Ground Pepper,kg,1.05
RM003,2025-09-30,Ground Pepper,kg,1.23
RM003,2025-10-01,Ground Pepper,kg,1.22
RM003,2025-10-02,Ground Pepper,kg,1.41
RM003,2025-10-03,Ground Pepper,kg,1.37
RM003,2025-10-04,Ground Pepper,kg,1.7
RM003,2025-10-05,Ground Pepper,kg,1.28
RM003,2025-10-06,Ground Pepper,kg,1.27
RM003,2025-10-07,Ground Pepper,kg,1.26
RM003,2025-10-08,Ground Pepper,kg,1.3
RM003,2025-10-09,Ground Pepper,kg,1.31
RM003,2025-10-10,Ground Pepper,kg,1.23
RM003,2025-10-11,Ground Pepper,kg,1.6
RM003,2025-10-12,Ground Pepper,kg,1.46
RM003,2025-10-13,Ground Pepper,kg,1.1
RM003,2025-10-14,Ground Pepper,kg,1.23
RM003,2025-10-15,Ground Pepper,kg,1.17
RM003,2025-10-16,Ground Pepper,kg,1.21
RM003,2025-10-17,Ground Pepper,kg,1.12
RM003,2025-10-18,Ground Pepper,kg,1.39
RM003,2025-10-19,Ground Pepper,kg,1.25
RM003,2025-10-20,Ground Pepper,kg,0.96
RM003,2025-10-21,Ground Pepper,kg,1.02
RM003,2025-10-22,Ground Pepper,kg,1.43
RM003,2025-10-23,Ground Pepper,kg,1.04
RM003,2025-10-24,Ground Pepper,kg,1.37
RM003,2025-10-25,Ground Pepper,kg,1.43
RM003,2025-10-26,Ground Pepper,kg,1.45
RM003,2025-10-27,Ground Pepper,kg,1.14
RM003,2025-10-28,Ground Pepper,kg,1.08
RM003,2025-10-29,Ground Pepper,kg,1.1
RM003,2025-10-30,Ground Pepper,kg,1.29
RM003,2025-10-31,Ground Pepper,kg,1.4
RM003,2025-11-01,Ground Pepper,kg,1.48
RM003,2025-11-02,Ground Pepper,kg,1.26
RM003,2025-11-03,Ground Pepper,kg,1.09
RM003,2025-11-04,Ground Pepper,kg,1.5
RM003,2025-11-05,Ground Pepper,kg,1.33
RM003,2025-11-06,Ground Pepper,kg,1.17
RM003,2025-11-07,Ground Pepper,kg,1.39
RM003,2025-11-08,Ground Pepper,kg,1.75
RM003,2025-11-09,Ground Pepper,kg,1.49
RM003,2025-11-10,Ground Pepper,kg,1.03
RM003,2025-11-11,Ground Pepper,kg,1.0
RM003,2025-11-12,Ground Pepper,kg,1.32
RM003,2025-11-13,Ground Pepper,kg,1.31
RM003,2025-11-14,Ground Pepper,kg,1.23
RM003,2025-11-15,Ground Pepper,kg,1.6
RM003,2025-11-16,Ground Pepper,kg,1.29
RM003,2025-11-17,Ground Pepper,kg,1.04
RM003,2025-11-18,Ground Pepper,kg,1.11
RM003,2025-11-19,Ground Pepper,kg,1.15
RM003,2025-11-20,Ground Pepper,kg,1.24
RM003,2025-11-21,Ground Pepper,kg,1.18
RM003,2025-11-22,Ground Pepper,kg,1.4
RM003,2025-11-23,Ground Pepper,kg,1.19
RM003,2025-11-24,Ground Pepper,kg,1.04
RM003,2025-11-25,Ground Pepper,kg,1.06
RM003,2025-11-26,Ground Pepper,kg,0.99
RM003,2025-11-27,Ground Pepper,kg,1.38
RM003,2025-11-28,Ground Pepper,kg,1.32
RM003,2025-11-29,Ground Pepper,kg,1.19
RM003,2025-11-30,Ground Pepper,kg,1.24
RM003,2025-12-01,Ground Pepper,kg,1.0
RM003,2025-12-02,Ground Pepper,kg,1.12
RM003,2025-12-03,Ground Pepper,kg,1.36
RM003,2025-12-04,Ground Pepper,kg,1.37
RM003,2025-12-05,Ground Pepper,kg,1.31
RM003,2025-12-06,Ground Pepper,kg,1.53
RM003,2025-12-07,Ground Pepper,kg,1.42
RM003,2025-12-08,Ground Pepper,kg,1.15
RM003,2025-12-09,Ground Pepper,kg,1.18
RM003,2025-12-10,Ground Pepper,kg,1.11
RM003,2025-12-11,Ground Pepper,kg,1.54
RM003,2025-12-12,Ground Pepper,kg,1.25
RM003,2025-12-13,Ground Pepper,kg,1.39
RM003,2025-12-14,Ground Pepper,kg,1.39
RM003,2025-12-15,Ground Pepper,kg,1.04
RM003,2025-12-16,Ground Pepper,kg,1.23
RM003,2025-12-17,Ground Pepper,kg,1.2
RM003,2025-12-18,Ground Pepper,kg,1.26
RM003,2025-12-19,Ground Pepper,kg,1.33
RM003,2025-12-20,Ground Pepper,kg,1.51
RM003,2025-12-21,Ground Pepper,kg,1.26
RM003,2025-12-22,Ground Pepper,kg,1.02
RM003,2025-12-23,Ground Pepper,kg,1.17
RM003,2025-12-24,Ground Pepper,kg,1.27
RM003,2025-12-25,Ground Pepper,kg,1.25
RM003,2025-12-26,Ground Pepper,kg,1.24
RM003,2025-12-27,Ground Pepper,kg,1.34
RM003,2025-12-28,Ground Pepper,kg,1.25
RM003,2025-12-29,Ground Pepper,kg,1.15
RM003,2025-12-30,Ground Pepper,kg,1.23
RM003,2025-12-31,Ground Pepper,kg,1.26
RM003,2026-01-01,Ground Pepper,kg,1.4
RM003,2026-01-02,Ground Pepper,kg,1.44
RM003,2026-01-03,Ground Pepper,kg,1.39
RM003,2026-01-04,Ground Pepper,kg,1.27
RM003,2026-01-05,Ground Pepper,kg,1.09
RM003,2026-01-06,Ground Pepper,kg,1.24
RM003,2026-01-07,Ground Pepper,kg,1.2
RM003,2026-01-08,Ground Pepper,kg,1.15
RM003,2026-01-09,Ground Pepper,kg,1.39
RM003,2026-01-10,Ground Pepper,kg,1.44
RM003,2026-01-11,Ground Pepper,kg,1.26
RM003,2026-01-12,Ground Pepper,kg,0.98
RM003,2026-01-13,Ground Pepper,kg,1.07
RM003,2026-01-14,Ground Pepper,kg,1.05
RM003,2026-01-15,Ground Pepper,kg,1.25
RM003,2026-01-16,Ground Pepper,kg,1.25
RM003,2026-01-17,Ground Pepper,kg,1.29
RM003,2026-01-18,Ground Pepper,kg,1.36
RM003,2026-01-19,Ground Pepper,kg,1.05
RM003,2026-01-20,Ground Pepper,kg,1.13
RM003,2026-01-21,Ground Pepper,kg,1.2
RM003,2026-01-22,Ground Pepper,kg,1.21
RM003,2026-01-23,Ground Pepper,kg,1.25
RM003,2026-01-24,Ground Pepper,kg,1.34
RM003,2026-01-25,Ground Pepper,kg,1.28
RM003,2026-01-26,Ground Pepper,kg,1.05
RM003,2026-01-27,Ground Pepper,kg,1.21
RM003,2026-01-28,Ground Pepper,kg,1.34
RM003,2026-01-29,Ground Pepper,kg,1.37
RM003,2026-01-30,Ground Pepper,kg,1.38
RM003,2026-01-31,Ground Pepper,kg,1.6
RM003,2026-02-01,Ground Pepper,kg,1.35
RM003,2026-02-02,Ground Pepper,kg,0.95
RM003,2026-02-03,Ground Pepper,kg,1.06
RM003,2026-02-04,Ground Pepper,kg,1.3
RM003,2026-02-05,Ground Pepper,kg,1.57
RM003,2026-02-06,Ground Pepper,kg,1.48
RM003,2026-02-07,Ground Pepper,kg,1.47
RM003,2026-02-08,Ground Pepper,kg,1.43
RM003,2026-02-09,Ground Pepper,kg,1.24
RM003,2026-02-10,Ground Pepper,kg,1.14
RM003,2026-02-11,Ground Pepper,kg,1.25
RM003,2026-02-12,Ground Pepper,kg,1.29
RM003,2026-02-13,Ground Pepper,kg,1.36
RM003,2026-02-14,Ground Pepper,kg,1.39
RM003,2026-02-15,Ground Pepper,kg,1.26
RM003,2026-02-16,Ground Pepper,kg,1.09
RM003,2026-02-17,Ground Pepper,kg,1.02
RM003,2026-02-18,Ground Pepper,kg,1.23
RM003,2026-02-19,Ground Pepper,kg,1.27
RM003,2026-02-20,Ground Pepper,kg,1.22
RM003,2026-02-21,Ground Pepper,kg,1.26
RM003,2026-02-22,Ground Pepper,kg,1.06
RM003,2026-02-23,Ground Pepper,kg,0.88
RM003,2026-02-24,Ground Pepper,kg,0.96
RM003,2026-02-25,Ground Pepper,kg,1.09
RM003,2026-02-26,Ground Pepper,kg,1.2
RM003,2026-02-27,Ground Pepper,kg,1.27
RM003,2026-02-28,Ground Pepper,kg,1.63
RM003,2026-03-01,Ground Pepper,kg,1.28
RM003,2026-03-02,Ground Pepper,kg,1.09
RM003,2026-03-03,Ground Pepper,kg,1.28
RM003,2026-03-04,Ground Pepper,kg,1.3
RM003,2026-03-05,Ground Pepper,kg,1.21
RM003,2026-03-06,Ground Pepper,kg,1.52
RM003,2026-03-07,Ground Pepper,kg,1.57
RM003,2026-03-08,Ground Pepper,kg,1.51
RM003,2026-03-09,Ground Pepper,kg,1.04
RM003,2026-03-10,Ground Pepper,kg,1.12
RM003,2026-03-11,Ground Pepper,kg,1.18
RM003,2026-03-12,Ground Pepper,kg,1.34
RM003,2026-03-13,Ground Pepper,kg,1.48
RM003,2026-03-14,Ground Pepper,kg,1.48
RM003,2026-03-15,Ground Pepper,kg,1.35
RM003,2026-03-16,Ground Pepper,kg,1.03
RM003,2026-03-17,Ground Pepper,kg,1.05
RM003,2026-03-18,Ground Pepper,kg,1.23
RM003,2026-03-19,Ground Pepper,kg,1.12
RM003,2026-03-20,Ground Pepper,kg,1.32
RM003,2026-03-21,Ground Pepper,kg,1.44
RM003,2026-03-22,Ground Pepper,kg,1.37
RM003,2026-03-23,Ground Pepper,kg,1.06
RM003,2026-03-24,Ground Pepper,kg,1.07
RM003,2026-03-25,Ground Pepper,kg,1.21
RM003,2026-03-26,Ground Pepper,kg,1.25
RM003,2026-03-27,Ground Pepper,kg,1.27
RM003,2026-03-28,Ground Pepper,kg,1.49
RM003,2026-03-29,Ground Pepper,kg,1.27
RM003,2026-03-30,Ground Pepper,kg,1.02
RM003,2026-03-31,Ground Pepper,kg,1.2
RM003,2026-04-01,Ground Pepper,kg,1.16
RM003,2026-04-02,Ground Pepper,kg,1.46
RM003,2026-04-03,Ground Pepper,kg,1.28
RM003,2026-04-04,Ground Pepper,kg,1.54
RM003,2026-04-05,Ground Pepper,kg,1.35
RM003,2026-04-06,Ground Pepper,kg,1.21
RM003,2026-04-07,Ground Pepper,kg,1.22
RM003,2026-04-08,Ground Pepper,kg,1.12
RM003,2026-04-09,Ground Pepper,kg,1.25
RM003,2026-04-10,Ground Pepper,kg,1.54
RM003,2026-04-11,Ground Pepper,kg,1.61
RM003,2026-04-12,Ground Pepper,kg,1.25
RM003,2026-04-13,Ground Pepper,kg,1.15
RM003,2026-04-14,Ground Pepper,kg,1.12
RM003,2026-04-15,Ground Pepper,kg,1.17
RM003,2026-04-16,Ground Pepper,kg,1.19
RM003,2026-04-17,Ground Pepper,kg,1.31
RM003,2026-04-18,Ground Pepper,kg,1.45
RM003,2026-04-19,Ground Pepper,kg,1.03
RM003,2026-04-20,Ground Pepper,kg,1.01
RM003,2026-04-21,Ground Pepper,kg,1.19
RM003,2026-04-22,Ground Pepper,kg,1.1
RM003,2026-04-23,Ground Pepper,kg,1.09
RM003,2026-04-24,Ground Pepper,kg,1.16
RM003,2026-04-25,Ground Pepper,kg,1.14
RM003,2026-04-26,Ground Pepper,kg,1.14
RM003,2026-04-27,Ground Pepper,kg,1.13
RM003,2026-04-28,Ground Pepper,kg,0.96
RM003,2026-04-29,Ground Pepper,kg,1.19
RM003,2026-04-30,Ground Pepper,kg,1.25
RM003,2026-05-01,Ground Pepper,kg,1.34
RM003,2026-05-02,Ground Pepper,kg,1.59
RM003,2026-05-03,Ground Pepper,kg,1.43
RM003,2026-05-04,Ground Pepper,kg,1.08
RM003,2026-05-05,Ground Pepper,kg,1.11
RM003,2026-05-06,Ground Pepper,kg,1.34
RM003,2026-05-07,Ground Pepper,kg,1.46
RM003,2026-05-08,Ground Pepper,kg,1.54
RM003,2026-05-09,Ground Pepper,kg,1.49
RM003,2026-05-10,Ground Pepper,kg,1.3
RM003,2026-05-11,Ground Pepper,kg,1.28
RM003,2026-05-12,Ground Pepper,kg,1.24
RM003,2026-05-13,Ground Pepper,kg,1.35
RM003,2026-05-14,Ground Pepper,kg,1.29
RM003,2026-05-15,Ground Pepper,kg,1.3
RM003,2026-05-16,Ground Pepper,kg,1.36
RM003,2026-05-17,Ground Pepper,kg,1.3
RM003,2026-05-18,Ground Pepper,kg,1.02
RM003,2026-05-19,Ground Pepper,kg,1.08
RM003,2026-05-20,Ground Pepper,kg,0.98
RM003,2026-05-21,Ground Pepper,kg,1.23
RM003,2026-05-22,Ground Pepper,kg,1.21
RM003,2026-05-23,Ground Pepper,kg,1.34
RM003,2026-05-24,Ground Pepper,kg,1.24
RM003,2026-05-25,Ground Pepper,kg,0.87
RM003,2026-05-26,Ground Pepper,kg,1.07
RM003,2026-05-27,Ground Pepper,kg,1.1
RM003,2026-05-28,Ground Pepper,kg,1.05
RM003,2026-05-29,Ground Pepper,kg,1.34
RM003,2026-05-30,Ground Pepper,kg,1.61
RM003,2026-05-31,Ground Pepper,kg,1.24
RM003,2026-06-01,Ground Pepper,kg,1.12
RM003,2026-06-02,Ground Pepper,kg,1.17
RM003,2026-06-03,Ground Pepper,kg,1.38
RM003,2026-06-04,Ground Pepper,kg,1.29
RM003,2026-06-05,Ground Pepper,kg,1.46
RM003,2026-06-06,Ground Pepper,kg,1.39
RM003,2026-06-07,Ground Pepper,kg,1.3
RM003,2026-06-08,Ground Pepper,kg,1.15
RM003,2026-06-09,Ground Pepper,kg,1.22
RM003,2026-06-10,Ground Pepper,kg,1.32
RM003,2026-06-11,Ground Pepper,kg,1.37
RM003,2026-06-12,Ground Pepper,kg,1.37
RM003,2026-06-13,Ground Pepper,kg,1.5
RM003,2026-06-14,Ground Pepper,kg,1.29
RM003,2026-06-15,Ground Pepper,kg,0.98
RM003,2026-06-16,Ground Pepper,kg,1.26
RM003,2026-06-17,Ground Pepper,kg,1.26
RM003,2026-06-18,Ground Pepper,kg,1.28
RM003,2026-06-19,Ground Pepper,kg,1.27
RM003,2026-06-20,Ground Pepper,kg,1.42
RM003,2026-06-21,Ground Pepper,kg,1.31
RM003,2026-06-22,Ground Pepper,kg,0.97
RM003,2026-06-23,Ground Pepper,kg,0.95
RM003,2026-06-24,Ground Pepper,kg,1.23
RM003,2026-06-25,Ground Pepper,kg,1.16
RM003,2026-06-26,Ground Pepper,kg,1.55
RM003,2026-06-27,Ground Pepper,kg,1.34
RM003,2026-06-28,Ground Pepper,kg,1.37
RM003,2026-06-29,Ground Pepper,kg,1.18
RM003,2026-06-30,Ground Pepper,kg,1.12
RM003,2026-07-01,Ground Pepper,kg,1.33
RM003,2026-07-02,Ground Pepper,kg,1.32
RM003,2026-07-03,Ground Pepper,kg,1.47
RM003,2026-07-04,Ground Pepper,kg,1.5
RM003,2026-07-05,Ground Pepper,kg,1.41
RM003,2026-07-06,Ground Pepper,kg,1.09
RM003,2026-07-07,Ground Pepper,kg,1.32
RM003,2026-07-08,Ground Pepper,kg,1.24
RM003,2026-07-09,Ground Pepper,kg,1.44
RM003,2026-07-10,Ground Pepper,kg,1.43
RM003,2026-07-11,Ground Pepper,kg,1.57
RM003,2026-07-12,Ground Pepper,kg,1.24
RM003,2026-07-13,Ground Pepper,kg,1.13
RM003,2026-07-14,Ground Pepper,kg,1.2
RM003,2026-07-15,Ground Pepper,kg,1.32
RM003,2026-07-16,Ground Pepper,kg,1.32
RM003,2026-07-17,Ground Pepper,kg,1.31
RM003,2026-07-18,Ground Pepper,kg,1.44
RM003,2026-07-19,Ground Pepper,kg,1.22
RM003,2026-07-20,Ground Pepper,kg,0.99
RM003,2026-07-21,Ground Pepper,kg,1.14
RM003,2026-07-22,Ground Pepper,kg,1.17
RM003,2026-07-23,Ground Pepper,kg,1.2
RM003,2026-07-24,Ground Pepper,kg,1.23
RM003,2026-07-25,Ground Pepper,kg,1.33
RM003,2026-07-26,Ground Pepper,kg,1.11
RM003,2026-07-27,Ground Pepper,kg,1.01
RM003,2026-07-28,Ground Pepper,kg,0.96
RM003,2026-07-29,Ground Pepper,kg,1.4
RM003,2026-07-30,Ground Pepper,kg,1.23
RM003,2026-07-31,Ground Pepper,kg,1.41
RM003,2026-08-01,Ground Pepper,kg,1.64
RM003,2026-08-02,Ground Pepper,kg,1.45
RM003,2026-08-03,Ground Pepper,kg,1.09
RM003,2026-08-04,Ground Pepper,kg,1.18
RM003,2026-08-05,Ground Pepper,kg,1.32
RM003,2026-08-06,Ground Pepper,kg,1.45
RM003,2026-08-07,Ground Pepper,kg,1.32
RM003,2026-08-08,Ground Pepper,kg,1.49
RM003,2026-08-09,Ground Pepper,kg,1.33
RM004,2025-01-01,Crushed Garlic,kg,2.41
RM004,2025-01-02,Crushed Garlic,kg,2.95
RM004,2025-01-03,Crushed Garlic,kg,3.08
RM004,2025-01-04,Crushed Garlic,kg,3.36
RM004,2025-01-05,Crushed Garlic,kg,2.75
RM004,2025-01-06,Crushed Garlic,kg,2.25
RM004,2025-01-07,Crushed Garlic,kg,2.81
RM004,2025-01-08,Crushed Garlic,kg,2.8
RM004,2025-01-09,Crushed Garlic,kg,2.46
RM004,2025-01-10,Crushed Garlic,kg,2.83
RM004,2025-01-11,Crushed Garlic,kg,3.3
RM004,2025-01-12,Crushed Garlic,kg,2.4
RM004,2025-01-13,Crushed Garlic,kg,2.17
RM004,2025-01-14,Crushed Garlic,kg,2.33
RM004,2025-01-15,Crushed Garlic,kg,2.18
RM004,2025-01-16,Crushed Garlic,kg,2.42
RM004,2025-01-17,Crushed Garlic,kg,2.66
RM004,2025-01-18,Crushed Garlic,kg,2.87
RM004,2025-01-19,Crushed Garlic,kg,2.55
RM004,2025-01-20,Crushed Garlic,kg,1.82
RM004,2025-01-21,Crushed Garlic,kg,2.24
RM004,2025-01-22,Crushed Garlic,kg,2.75
RM004,2025-01-23,Crushed Garlic,kg,2.4
RM004,2025-01-24,Crushed Garlic,kg,2.75
RM004,2025-01-25,Crushed Garlic,kg,3.14
RM004,2025-01-26,Crushed Garlic,kg,2.84
RM004,2025-01-27,Crushed Garlic,kg,2.01
RM004,2025-01-28,Crushed Garlic,kg,2.3
RM004,2025-01-29,Crushed Garlic,kg,2.55
RM004,2025-01-30,Crushed Garlic,kg,2.49
RM004,2025-01-31,Crushed Garlic,kg,2.92
RM004,2025-02-01,Crushed Garlic,kg,3.22
RM004,2025-02-02,Crushed Garlic,kg,2.69
RM004,2025-02-03,Crushed Garlic,kg,2.53
RM004,2025-02-04,Crushed Garlic,kg,2.26
RM004,2025-02-05,Crushed Garlic,kg,2.63
RM004,2025-02-06,Crushed Garlic,kg,2.91
RM004,2025-02-07,Crushed Garlic,kg,2.89
RM004,2025-02-08,Crushed Garlic,kg,2.79
RM004,2025-02-09,Crushed Garlic,kg,2.78
RM004,2025-02-10,Crushed Garlic,kg,2.73
RM004,2025-02-11,Crushed Garlic,kg,2.45
RM004,2025-02-12,Crushed Garlic,kg,2.18
RM004,2025-02-13,Crushed Garlic,kg,2.88
RM004,2025-02-14,Crushed Garlic,kg,2.91
RM004,2025-02-15,Crushed Garlic,kg,3.12
RM004,2025-02-16,Crushed Garlic,kg,2.69
RM004,2025-02-17,Crushed Garlic,kg,2.35
RM004,2025-02-18,Crushed Garlic,kg,2.16
RM004,2025-02-19,Crushed Garlic,kg,2.36
RM004,2025-02-20,Crushed Garlic,kg,2.45
RM004,2025-02-21,Crushed Garlic,kg,2.34
RM004,2025-02-22,Crushed Garlic,kg,2.95
RM004,2025-02-23,Crushed Garlic,kg,2.53
RM004,2025-02-24,Crushed Garlic,kg,2.04
RM004,2025-02-25,Crushed Garlic,kg,2.41
RM004,2025-02-26,Crushed Garlic,kg,2.63
RM004,2025-02-27,Crushed Garlic,kg,2.26
RM004,2025-02-28,Crushed Garlic,kg,3.05
RM004,2025-03-01,Crushed Garlic,kg,2.76
RM004,2025-03-02,Crushed Garlic,kg,2.79
RM004,2025-03-03,Crushed Garlic,kg,2.47
RM004,2025-03-04,Crushed Garlic,kg,2.3
RM004,2025-03-05,Crushed Garlic,kg,2.32
RM004,2025-03-06,Crushed Garlic,kg,3.29
RM004,2025-03-07,Crushed Garlic,kg,3.15
RM004,2025-03-08,Crushed Garlic,kg,2.83
RM004,2025-03-09,Crushed Garlic,kg,3.1
RM004,2025-03-10,Crushed Garlic,kg,2.2
RM004,2025-03-11,Crushed Garlic,kg,2.61
RM004,2025-03-12,Crushed Garlic,kg,2.49
RM004,2025-03-13,Crushed Garlic,kg,2.51
RM004,2025-03-14,Crushed Garlic,kg,2.8
RM004,2025-03-15,Crushed Garlic,kg,3.22
RM004,2025-03-16,Crushed Garlic,kg,3.06
RM004,2025-03-17,Crushed Garlic,kg,2.17
RM004,2025-03-18,Crushed Garlic,kg,2.39
RM004,2025-03-19,Crushed Garlic,kg,2.45
RM004,2025-03-20,Crushed Garlic,kg,2.24
RM004,2025-03-21,Crushed Garlic,kg,2.37
RM004,2025-03-22,Crushed Garlic,kg,2.49
RM004,2025-03-23,Crushed Garlic,kg,2.2
RM004,2025-03-24,Crushed Garlic,kg,2.28
RM004,2025-03-25,Crushed Garlic,kg,2.01
RM004,2025-03-26,Crushed Garlic,kg,2.72
RM004,2025-03-27,Crushed Garlic,kg,2.67
RM004,2025-03-28,Crushed Garlic,kg,2.68
RM004,2025-03-29,Crushed Garlic,kg,3.27
RM004,2025-03-30,Crushed Garlic,kg,2.83
RM004,2025-03-31,Crushed Garlic,kg,2.33
RM004,2025-04-01,Crushed Garlic,kg,2.51
RM004,2025-04-02,Crushed Garlic,kg,2.44
RM004,2025-04-03,Crushed Garlic,kg,2.83
RM004,2025-04-04,Crushed Garlic,kg,2.77
RM004,2025-04-05,Crushed Garlic,kg,3.09
RM004,2025-04-06,Crushed Garlic,kg,2.79
RM004,2025-04-07,Crushed Garlic,kg,2.37
RM004,2025-04-08,Crushed Garlic,kg,2.79
RM004,2025-04-09,Crushed Garlic,kg,3.05
RM004,2025-04-10,Crushed Garlic,kg,2.45
RM004,2025-04-11,Crushed Garlic,kg,2.86
RM004,2025-04-12,Crushed Garlic,kg,3.03
RM004,2025-04-13,Crushed Garlic,kg,2.86
RM004,2025-04-14,Crushed Garlic,kg,2.34
RM004,2025-04-15,Crushed Garlic,kg,2.48
RM004,2025-04-16,Crushed Garlic,kg,2.39
RM004,2025-04-17,Crushed Garlic,kg,2.86
RM004,2025-04-18,Crushed Garlic,kg,3.02
RM004,2025-04-19,Crushed Garlic,kg,2.96
RM004,2025-04-20,Crushed Garlic,kg,2.22
RM004,2025-04-21,Crushed Garlic,kg,1.71
RM004,2025-04-22,Crushed Garlic,kg,2.24
RM004,2025-04-23,Crushed Garlic,kg,2.46
RM004,2025-04-24,Crushed Garlic,kg,2.38
RM004,2025-04-25,Crushed Garlic,kg,3.03
RM004,2025-04-26,Crushed Garlic,kg,3.08
RM004,2025-04-27,Crushed Garlic,kg,2.82
RM004,2025-04-28,Crushed Garlic,kg,2.13
RM004,2025-04-29,Crushed Garlic,kg,2.25
RM004,2025-04-30,Crushed Garlic,kg,2.61
RM004,2025-05-01,Crushed Garlic,kg,2.76
RM004,2025-05-02,Crushed Garlic,kg,3.06
RM004,2025-05-03,Crushed Garlic,kg,3.23
RM004,2025-05-04,Crushed Garlic,kg,2.92
RM004,2025-05-05,Crushed Garlic,kg,2.52
RM004,2025-05-06,Crushed Garlic,kg,2.34
RM004,2025-05-07,Crushed Garlic,kg,2.52
RM004,2025-05-08,Crushed Garlic,kg,2.33
RM004,2025-05-09,Crushed Garlic,kg,3.01
RM004,2025-05-10,Crushed Garlic,kg,3.42
RM004,2025-05-11,Crushed Garlic,kg,2.63
RM004,2025-05-12,Crushed Garlic,kg,2.22
RM004,2025-05-13,Crushed Garlic,kg,2.49
RM004,2025-05-14,Crushed Garlic,kg,2.86
RM004,2025-05-15,Crushed Garlic,kg,2.7
RM004,2025-05-16,Crushed Garlic,kg,2.76
RM004,2025-05-17,Crushed Garlic,kg,2.55
RM004,2025-05-18,Crushed Garlic,kg,2.74
RM004,2025-05-19,Crushed Garlic,kg,1.77
RM004,2025-05-20,Crushed Garlic,kg,1.99
RM004,2025-05-21,Crushed Garlic,kg,2.21
RM004,2025-05-22,Crushed Garlic,kg,2.35
RM004,2025-05-23,Crushed Garlic,kg,2.59
RM004,2025-05-24,Crushed Garlic,kg,2.92
RM004,2025-05-25,Crushed Garlic,kg,2.59
RM004,2025-05-26,Crushed Garlic,kg,2.24
RM004,2025-05-27,Crushed Garlic,kg,2.36
RM004,2025-05-28,Crushed Garlic,kg,2.45
RM004,2025-05-29,Crushed Garlic,kg,2.75
RM004,2025-05-30,Crushed Garlic,kg,3.01
RM004,2025-05-31,Crushed Garlic,kg,3.33
RM004,2025-06-01,Crushed Garlic,kg,2.7
RM004,2025-06-02,Crushed Garlic,kg,1.73
RM004,2025-06-03,Crushed Garlic,kg,2.33
RM004,2025-06-04,Crushed Garlic,kg,3.02
RM004,2025-06-05,Crushed Garlic,kg,2.84
RM004,2025-06-06,Crushed Garlic,kg,2.78
RM004,2025-06-07,Crushed Garlic,kg,3.16
RM004,2025-06-08,Crushed Garlic,kg,2.77
RM004,2025-06-09,Crushed Garlic,kg,2.22
RM004,2025-06-10,Crushed Garlic,kg,2.17
RM004,2025-06-11,Crushed Garlic,kg,2.41
RM004,2025-06-12,Crushed Garlic,kg,2.41
RM004,2025-06-13,Crushed Garlic,kg,2.88
RM004,2025-06-14,Crushed Garlic,kg,2.99
RM004,2025-06-15,Crushed Garlic,kg,2.48
RM004,2025-06-16,Crushed Garlic,kg,1.96
RM004,2025-06-17,Crushed Garlic,kg,2.55
RM004,2025-06-18,Crushed Garlic,kg,2.77
RM004,2025-06-19,Crushed Garlic,kg,2.56
RM004,2025-06-20,Crushed Garlic,kg,2.54
RM004,2025-06-21,Crushed Garlic,kg,2.79
RM004,2025-06-22,Crushed Garlic,kg,2.81
RM004,2025-06-23,Crushed Garlic,kg,2.09
RM004,2025-06-24,Crushed Garlic,kg,2.63
RM004,2025-06-25,Crushed Garlic,kg,2.31
RM004,2025-06-26,Crushed Garlic,kg,2.55
RM004,2025-06-27,Crushed Garlic,kg,2.91
RM004,2025-06-28,Crushed Garlic,kg,3.31
RM004,2025-06-29,Crushed Garlic,kg,2.93
RM004,2025-06-30,Crushed Garlic,kg,2.2
RM004,2025-07-01,Crushed Garlic,kg,2.7
RM004,2025-07-02,Crushed Garlic,kg,2.5
RM004,2025-07-03,Crushed Garlic,kg,2.42
RM004,2025-07-04,Crushed Garlic,kg,2.72
RM004,2025-07-05,Crushed Garlic,kg,3.48
RM004,2025-07-06,Crushed Garlic,kg,2.76
RM004,2025-07-07,Crushed Garlic,kg,1.93
RM004,2025-07-08,Crushed Garlic,kg,2.55
RM004,2025-07-09,Crushed Garlic,kg,2.89
RM004,2025-07-10,Crushed Garlic,kg,2.87
RM004,2025-07-11,Crushed Garlic,kg,3.02
RM004,2025-07-12,Crushed Garlic,kg,3.01
RM004,2025-07-13,Crushed Garlic,kg,2.83
RM004,2025-07-14,Crushed Garlic,kg,1.99
RM004,2025-07-15,Crushed Garlic,kg,2.26
RM004,2025-07-16,Crushed Garlic,kg,2.59
RM004,2025-07-17,Crushed Garlic,kg,2.32
RM004,2025-07-18,Crushed Garlic,kg,2.87
RM004,2025-07-19,Crushed Garlic,kg,2.64
RM004,2025-07-20,Crushed Garlic,kg,2.33
RM004,2025-07-21,Crushed Garlic,kg,2.26
RM004,2025-07-22,Crushed Garlic,kg,2.43
RM004,2025-07-23,Crushed Garlic,kg,2.37
RM004,2025-07-24,Crushed Garlic,kg,2.31
RM004,2025-07-25,Crushed Garlic,kg,2.66
RM004,2025-07-26,Crushed Garlic,kg,2.83
RM004,2025-07-27,Crushed Garlic,kg,2.54
RM004,2025-07-28,Crushed Garlic,kg,2.17
RM004,2025-07-29,Crushed Garlic,kg,2.47
RM004,2025-07-30,Crushed Garlic,kg,2.46
RM004,2025-07-31,Crushed Garlic,kg,2.97
RM004,2025-08-01,Crushed Garlic,kg,2.84
RM004,2025-08-02,Crushed Garlic,kg,3.16
RM004,2025-08-03,Crushed Garlic,kg,2.64
RM004,2025-08-04,Crushed Garlic,kg,1.97
RM004,2025-08-05,Crushed Garlic,kg,2.61
RM004,2025-08-06,Crushed Garlic,kg,2.72
RM004,2025-08-07,Crushed Garlic,kg,2.81
RM004,2025-08-08,Crushed Garlic,kg,2.53
RM004,2025-08-09,Crushed Garlic,kg,3.42
RM004,2025-08-10,Crushed Garlic,kg,2.6
RM004,2025-08-11,Crushed Garlic,kg,2.34
RM004,2025-08-12,Crushed Garlic,kg,2.12
RM004,2025-08-13,Crushed Garlic,kg,2.45
RM004,2025-08-14,Crushed Garlic,kg,2.9
RM004,2025-08-15,Crushed Garlic,kg,2.74
RM004,2025-08-16,Crushed Garlic,kg,2.78
RM004,2025-08-17,Crushed Garlic,kg,2.49
RM004,2025-08-18,Crushed Garlic,kg,2.4
RM004,2025-08-19,Crushed Garlic,kg,2.02
RM004,2025-08-20,Crushed Garlic,kg,2.39
RM004,2025-08-21,Crushed Garlic,kg,2.26
RM004,2025-08-22,Crushed Garlic,kg,2.22
RM004,2025-08-23,Crushed Garlic,kg,2.93
RM004,2025-08-24,Crushed Garlic,kg,2.27
RM004,2025-08-25,Crushed Garlic,kg,2.02
RM004,2025-08-26,Crushed Garlic,kg,2.3
RM004,2025-08-27,Crushed Garlic,kg,2.36
RM004,2025-08-28,Crushed Garlic,kg,2.3
RM004,2025-08-29,Crushed Garlic,kg,3.33
RM004,2025-08-30,Crushed Garlic,kg,3.27
RM004,2025-08-31,Crushed Garlic,kg,2.92
RM004,2025-09-01,Crushed Garlic,kg,2.33
RM004,2025-09-02,Crushed Garlic,kg,2.52
RM004,2025-09-03,Crushed Garlic,kg,2.46
RM004,2025-09-04,Crushed Garlic,kg,2.9
RM004,2025-09-05,Crushed Garlic,kg,3.23
RM004,2025-09-06,Crushed Garlic,kg,3.18
RM004,2025-09-07,Crushed Garlic,kg,2.59
RM004,2025-09-08,Crushed Garlic,kg,2.12
RM004,2025-09-09,Crushed Garlic,kg,2.17
RM004,2025-09-10,Crushed Garlic,kg,2.66
RM004,2025-09-11,Crushed Garlic,kg,3.23
RM004,2025-09-12,Crushed Garlic,kg,2.55
RM004,2025-09-13,Crushed Garlic,kg,3.19
RM004,2025-09-14,Crushed Garlic,kg,2.62
RM004,2025-09-15,Crushed Garlic,kg,2.38
RM004,2025-09-16,Crushed Garlic,kg,2.62
RM004,2025-09-17,Crushed Garlic,kg,2.42
RM004,2025-09-18,Crushed Garlic,kg,2.37
RM004,2025-09-19,Crushed Garlic,kg,2.43
RM004,2025-09-20,Crushed Garlic,kg,2.62
RM004,2025-09-21,Crushed Garlic,kg,1.99
RM004,2025-09-22,Crushed Garlic,kg,2.03
RM004,2025-09-23,Crushed Garlic,kg,2.23
RM004,2025-09-24,Crushed Garlic,kg,2.4
RM004,2025-09-25,Crushed Garlic,kg,2.74
RM004,2025-09-26,Crushed Garlic,kg,2.59
RM004,2025-09-27,Crushed Garlic,kg,3.46
RM004,2025-09-28,Crushed Garlic,kg,2.74
RM004,2025-09-29,Crushed Garlic,kg,2.4
RM004,2025-09-30,Crushed Garlic,kg,2.46
RM004,2025-10-01,Crushed Garlic,kg,2.97
RM004,2025-10-02,Crushed Garlic,kg,3.13
RM004,2025-10-03,Crushed Garlic,kg,3.36
RM004,2025-10-04,Crushed Garlic,kg,3.35
RM004,2025-10-05,Crushed Garlic,kg,2.6
RM004,2025-10-06,Crushed Garlic,kg,2.67
RM004,2025-10-07,Crushed Garlic,kg,2.58
RM004,2025-10-08,Crushed Garlic,kg,3.06
RM004,2025-10-09,Crushed Garlic,kg,3.12
RM004,2025-10-10,Crushed Garlic,kg,2.86
RM004,2025-10-11,Crushed Garlic,kg,2.79
RM004,2025-10-12,Crushed Garlic,kg,2.83
RM004,2025-10-13,Crushed Garlic,kg,2.09
RM004,2025-10-14,Crushed Garlic,kg,2.44
RM004,2025-10-15,Crushed Garlic,kg,2.71
RM004,2025-10-16,Crushed Garlic,kg,2.33
RM004,2025-10-17,Crushed Garlic,kg,2.72
RM004,2025-10-18,Crushed Garlic,kg,2.77
RM004,2025-10-19,Crushed Garlic,kg,2.43
RM004,2025-10-20,Crushed Garlic,kg,2.22
RM004,2025-10-21,Crushed Garlic,kg,2.58
RM004,2025-10-22,Crushed Garlic,kg,2.48
RM004,2025-10-23,Crushed Garlic,kg,2.68
RM004,2025-10-24,Crushed Garlic,kg,2.9
RM004,2025-10-25,Crushed Garlic,kg,2.93
RM004,2025-10-26,Crushed Garlic,kg,2.54
RM004,2025-10-27,Crushed Garlic,kg,2.27
RM004,2025-10-28,Crushed Garlic,kg,2.02
RM004,2025-10-29,Crushed Garlic,kg,2.44
RM004,2025-10-30,Crushed Garlic,kg,2.79
RM004,2025-10-31,Crushed Garlic,kg,3.18
RM004,2025-11-01,Crushed Garlic,kg,3.06
RM004,2025-11-02,Crushed Garlic,kg,2.43
RM004,2025-11-03,Crushed Garlic,kg,1.96
RM004,2025-11-04,Crushed Garlic,kg,2.18
RM004,2025-11-05,Crushed Garlic,kg,2.79
RM004,2025-11-06,Crushed Garlic,kg,2.72
RM004,2025-11-07,Crushed Garlic,kg,2.83
RM004,2025-11-08,Crushed Garlic,kg,3.09
RM004,2025-11-09,Crushed Garlic,kg,3.15
RM004,2025-11-10,Crushed Garlic,kg,2.26
RM004,2025-11-11,Crushed Garlic,kg,2.86
RM004,2025-11-12,Crushed Garlic,kg,2.34
RM004,2025-11-13,Crushed Garlic,kg,2.77
RM004,2025-11-14,Crushed Garlic,kg,2.81
RM004,2025-11-15,Crushed Garlic,kg,2.7
RM004,2025-11-16,Crushed Garlic,kg,2.5
RM004,2025-11-17,Crushed Garlic,kg,2.42
RM004,2025-11-18,Crushed Garlic,kg,2.17
RM004,2025-11-19,Crushed Garlic,kg,2.36
RM004,2025-11-20,Crushed Garlic,kg,2.33
RM004,2025-11-21,Crushed Garlic,kg,2.39
RM004,2025-11-22,Crushed Garlic,kg,2.63
RM004,2025-11-23,Crushed Garlic,kg,2.52
RM004,2025-11-24,Crushed Garlic,kg,1.89
RM004,2025-11-25,Crushed Garlic,kg,2.31
RM004,2025-11-26,Crushed Garlic,kg,2.46
RM004,2025-11-27,Crushed Garlic,kg,2.66
RM004,2025-11-28,Crushed Garlic,kg,2.65
RM004,2025-11-29,Crushed Garlic,kg,3.26
RM004,2025-11-30,Crushed Garlic,kg,2.61
RM004,2025-12-01,Crushed Garlic,kg,2.67
RM004,2025-12-02,Crushed Garlic,kg,2.79
RM004,2025-12-03,Crushed Garlic,kg,2.46
RM004,2025-12-04,Crushed Garlic,kg,2.49
RM004,2025-12-05,Crushed Garlic,kg,2.69
RM004,2025-12-06,Crushed Garlic,kg,2.93
RM004,2025-12-07,Crushed Garlic,kg,2.8
RM004,2025-12-08,Crushed Garlic,kg,2.62
RM004,2025-12-09,Crushed Garlic,kg,2.46
RM004,2025-12-10,Crushed Garlic,kg,2.58
RM004,2025-12-11,Crushed Garlic,kg,2.67
RM004,2025-12-12,Crushed Garlic,kg,3.06
RM004,2025-12-13,Crushed Garlic,kg,3.18
RM004,2025-12-14,Crushed Garlic,kg,2.81
RM004,2025-12-15,Crushed Garlic,kg,2.26
RM004,2025-12-16,Crushed Garlic,kg,2.4
RM004,2025-12-17,Crushed Garlic,kg,2.46
RM004,2025-12-18,Crushed Garlic,kg,2.6
RM004,2025-12-19,Crushed Garlic,kg,2.67
RM004,2025-12-20,Crushed Garlic,kg,2.84
RM004,2025-12-21,Crushed Garlic,kg,2.26
RM004,2025-12-22,Crushed Garlic,kg,2.17
RM004,2025-12-23,Crushed Garlic,kg,2.24
RM004,2025-12-24,Crushed Garlic,kg,2.31
RM004,2025-12-25,Crushed Garlic,kg,2.71
RM004,2025-12-26,Crushed Garlic,kg,2.25
RM004,2025-12-27,Crushed Garlic,kg,2.82
RM004,2025-12-28,Crushed Garlic,kg,2.91
RM004,2025-12-29,Crushed Garlic,kg,1.97
RM004,2025-12-30,Crushed Garlic,kg,2.17
RM004,2025-12-31,Crushed Garlic,kg,2.51
RM004,2026-01-01,Crushed Garlic,kg,3.26
RM004,2026-01-02,Crushed Garlic,kg,2.81
RM004,2026-01-03,Crushed Garlic,kg,2.97
RM004,2026-01-04,Crushed Garlic,kg,2.94
RM004,2026-01-05,Crushed Garlic,kg,2.35
RM004,2026-01-06,Crushed Garlic,kg,2.61
RM004,2026-01-07,Crushed Garlic,kg,3.14
RM004,2026-01-08,Crushed Garlic,kg,2.74
RM004,2026-01-09,Crushed Garlic,kg,3.48
RM004,2026-01-10,Crushed Garlic,kg,3.23
RM004,2026-01-11,Crushed Garlic,kg,2.57
RM004,2026-01-12,Crushed Garlic,kg,2.39
RM004,2026-01-13,Crushed Garlic,kg,2.48
RM004,2026-01-14,Crushed Garlic,kg,2.8
RM004,2026-01-15,Crushed Garlic,kg,2.56
RM004,2026-01-16,Crushed Garlic,kg,2.59
RM004,2026-01-17,Crushed Garlic,kg,2.91
RM004,2026-01-18,Crushed Garlic,kg,2.36
RM004,2026-01-19,Crushed Garlic,kg,2.07
RM004,2026-01-20,Crushed Garlic,kg,2.22
RM004,2026-01-21,Crushed Garlic,kg,2.23
RM004,2026-01-22,Crushed Garlic,kg,2.2
RM004,2026-01-23,Crushed Garlic,kg,2.84
RM004,2026-01-24,Crushed Garlic,kg,2.91
RM004,2026-01-25,Crushed Garlic,kg,2.82
RM004,2026-01-26,Crushed Garlic,kg,1.99
RM004,2026-01-27,Crushed Garlic,kg,2.85
RM004,2026-01-28,Crushed Garlic,kg,2.44
RM004,2026-01-29,Crushed Garlic,kg,3.01
RM004,2026-01-30,Crushed Garlic,kg,2.8
RM004,2026-01-31,Crushed Garlic,kg,3.18
RM004,2026-02-01,Crushed Garlic,kg,2.76
RM004,2026-02-02,Crushed Garlic,kg,2.24
RM004,2026-02-03,Crushed Garlic,kg,2.58
RM004,2026-02-04,Crushed Garlic,kg,2.48
RM004,2026-02-05,Crushed Garlic,kg,2.73
RM004,2026-02-06,Crushed Garlic,kg,3.2
RM004,2026-02-07,Crushed Garlic,kg,3.19
RM004,2026-02-08,Crushed Garlic,kg,3.02
RM004,2026-02-09,Crushed Garlic,kg,1.91
RM004,2026-02-10,Crushed Garlic,kg,2.51
RM004,2026-02-11,Crushed Garlic,kg,2.58
RM004,2026-02-12,Crushed Garlic,kg,2.26
RM004,2026-02-13,Crushed Garlic,kg,3.12
RM004,2026-02-14,Crushed Garlic,kg,2.87
RM004,2026-02-15,Crushed Garlic,kg,2.53
RM004,2026-02-16,Crushed Garlic,kg,2.37
RM004,2026-02-17,Crushed Garlic,kg,2.57
RM004,2026-02-18,Crushed Garlic,kg,2.13
RM004,2026-02-19,Crushed Garlic,kg,2.29
RM004,2026-02-20,Crushed Garlic,kg,2.44
RM004,2026-02-21,Crushed Garlic,kg,2.7
RM004,2026-02-22,Crushed Garlic,kg,2.75
RM004,2026-02-23,Crushed Garlic,kg,2.07
RM004,2026-02-24,Crushed Garlic,kg,2.24
RM004,2026-02-25,Crushed Garlic,kg,2.17
RM004,2026-02-26,Crushed Garlic,kg,2.82
RM004,2026-02-27,Crushed Garlic,kg,2.8
RM004,2026-02-28,Crushed Garlic,kg,2.79
RM004,2026-03-01,Crushed Garlic,kg,2.68
RM004,2026-03-02,Crushed Garlic,kg,2.06
RM004,2026-03-03,Crushed Garlic,kg,2.45
RM004,2026-03-04,Crushed Garlic,kg,2.46
RM004,2026-03-05,Crushed Garlic,kg,2.58
RM004,2026-03-06,Crushed Garlic,kg,2.75
RM004,2026-03-07,Crushed Garlic,kg,3.33
RM004,2026-03-08,Crushed Garlic,kg,2.94
RM004,2026-03-09,Crushed Garlic,kg,2.14
RM004,2026-03-10,Crushed Garlic,kg,2.74
RM004,2026-03-11,Crushed Garlic,kg,2.76
RM004,2026-03-12,Crushed Garlic,kg,2.72
RM004,2026-03-13,Crushed Garlic,kg,2.71
RM004,2026-03-14,Crushed Garlic,kg,3.04
RM004,2026-03-15,Crushed Garlic,kg,3.0
RM004,2026-03-16,Crushed Garlic,kg,2.23
RM004,2026-03-17,Crushed Garlic,kg,2.57
RM004,2026-03-18,Crushed Garlic,kg,2.17
RM004,2026-03-19,Crushed Garlic,kg,2.72
RM004,2026-03-20,Crushed Garlic,kg,2.6
RM004,2026-03-21,Crushed Garlic,kg,3.29
RM004,2026-03-22,Crushed Garlic,kg,2.39
RM004,2026-03-23,Crushed Garlic,kg,2.28
RM004,2026-03-24,Crushed Garlic,kg,2.23
RM004,2026-03-25,Crushed Garlic,kg,2.15
RM004,2026-03-26,Crushed Garlic,kg,2.31
RM004,2026-03-27,Crushed Garlic,kg,2.48
RM004,2026-03-28,Crushed Garlic,kg,3.12
RM004,2026-03-29,Crushed Garlic,kg,2.97
RM004,2026-03-30,Crushed Garlic,kg,2.16
RM004,2026-03-31,Crushed Garlic,kg,2.5
RM004,2026-04-01,Crushed Garlic,kg,2.8
RM004,2026-04-02,Crushed Garlic,kg,2.63
RM004,2026-04-03,Crushed Garlic,kg,2.56
RM004,2026-04-04,Crushed Garlic,kg,3.3
RM004,2026-04-05,Crushed Garlic,kg,2.93
RM004,2026-04-06,Crushed Garlic,kg,1.96
RM004,2026-04-07,Crushed Garlic,kg,2.53
RM004,2026-04-08,Crushed Garlic,kg,2.43
RM004,2026-04-09,Crushed Garlic,kg,2.47
RM004,2026-04-10,Crushed Garlic,kg,2.98
RM004,2026-04-11,Crushed Garlic,kg,3.12
RM004,2026-04-12,Crushed Garlic,kg,2.51
RM004,2026-04-13,Crushed Garlic,kg,2.27
RM004,2026-04-14,Crushed Garlic,kg,2.57
RM004,2026-04-15,Crushed Garlic,kg,2.48
RM004,2026-04-16,Crushed Garlic,kg,2.73
RM004,2026-04-17,Crushed Garlic,kg,2.7
RM004,2026-04-18,Crushed Garlic,kg,2.78
RM004,2026-04-19,Crushed Garlic,kg,2.86
RM004,2026-04-20,Crushed Garlic,kg,2.14
RM004,2026-04-21,Crushed Garlic,kg,2.39
RM004,2026-04-22,Crushed Garlic,kg,2.09
RM004,2026-04-23,Crushed Garlic,kg,2.59
RM004,2026-04-24,Crushed Garlic,kg,2.8
RM004,2026-04-25,Crushed Garlic,kg,2.71
RM004,2026-04-26,Crushed Garlic,kg,2.71
RM004,2026-04-27,Crushed Garlic,kg,1.89
RM004,2026-04-28,Crushed Garlic,kg,2.45
RM004,2026-04-29,Crushed Garlic,kg,2.29
RM004,2026-04-30,Crushed Garlic,kg,2.46
RM004,2026-05-01,Crushed Garlic,kg,2.91
RM004,2026-05-02,Crushed Garlic,kg,3.08
RM004,2026-05-03,Crushed Garlic,kg,2.78
RM004,2026-05-04,Crushed Garlic,kg,2.49
RM004,2026-05-05,Crushed Garlic,kg,2.62
RM004,2026-05-06,Crushed Garlic,kg,2.35
RM004,2026-05-07,Crushed Garlic,kg,2.6
RM004,2026-05-08,Crushed Garlic,kg,2.91
RM004,2026-05-09,Crushed Garlic,kg,3.2
RM004,2026-05-10,Crushed Garlic,kg,2.74
RM004,2026-05-11,Crushed Garlic,kg,2.32
RM004,2026-05-12,Crushed Garlic,kg,2.4
RM004,2026-05-13,Crushed Garlic,kg,2.57
RM004,2026-05-14,Crushed Garlic,kg,2.62
RM004,2026-05-15,Crushed Garlic,kg,3.18
RM004,2026-05-16,Crushed Garlic,kg,2.98
RM004,2026-05-17,Crushed Garlic,kg,2.81
RM004,2026-05-18,Crushed Garlic,kg,2.27
RM004,2026-05-19,Crushed Garlic,kg,2.63
RM004,2026-05-20,Crushed Garlic,kg,2.39
RM004,2026-05-21,Crushed Garlic,kg,2.44
RM004,2026-05-22,Crushed Garlic,kg,3.04
RM004,2026-05-23,Crushed Garlic,kg,2.76
RM004,2026-05-24,Crushed Garlic,kg,2.71
RM004,2026-05-25,Crushed Garlic,kg,2.17
RM004,2026-05-26,Crushed Garlic,kg,2.36
RM004,2026-05-27,Crushed Garlic,kg,2.41
RM004,2026-05-28,Crushed Garlic,kg,2.46
RM004,2026-05-29,Crushed Garlic,kg,2.5
RM004,2026-05-30,Crushed Garlic,kg,3.1
RM004,2026-05-31,Crushed Garlic,kg,2.87
RM004,2026-06-01,Crushed Garlic,kg,2.57
RM004,2026-06-02,Crushed Garlic,kg,2.2
RM004,2026-06-03,Crushed Garlic,kg,2.36
RM004,2026-06-04,Crushed Garlic,kg,2.52
RM004,2026-06-05,Crushed Garlic,kg,2.91
RM004,2026-06-06,Crushed Garlic,kg,3.8
RM004,2026-06-07,Crushed Garlic,kg,2.87
RM004,2026-06-08,Crushed Garlic,kg,2.59
RM004,2026-06-09,Crushed Garlic,kg,2.68
RM004,2026-06-10,Crushed Garlic,kg,2.98
RM004,2026-06-11,Crushed Garlic,kg,2.79
RM004,2026-06-12,Crushed Garlic,kg,2.92
RM004,2026-06-13,Crushed Garlic,kg,2.76
RM004,2026-06-14,Crushed Garlic,kg,2.7
RM004,2026-06-15,Crushed Garlic,kg,2.22
RM004,2026-06-16,Crushed Garlic,kg,2.07
RM004,2026-06-17,Crushed Garlic,kg,2.49
RM004,2026-06-18,Crushed Garlic,kg,2.58
RM004,2026-06-19,Crushed Garlic,kg,2.72
RM004,2026-06-20,Crushed Garlic,kg,2.85
RM004,2026-06-21,Crushed Garlic,kg,2.8
RM004,2026-06-22,Crushed Garlic,kg,2.1
RM004,2026-06-23,Crushed Garlic,kg,2.11
RM004,2026-06-24,Crushed Garlic,kg,2.38
RM004,2026-06-25,Crushed Garlic,kg,2.34
RM004,2026-06-26,Crushed Garlic,kg,2.92
RM004,2026-06-27,Crushed Garlic,kg,3.08
RM004,2026-06-28,Crushed Garlic,kg,2.4
RM004,2026-06-29,Crushed Garlic,kg,1.99
RM004,2026-06-30,Crushed Garlic,kg,2.48
RM004,2026-07-01,Crushed Garlic,kg,2.51
RM004,2026-07-02,Crushed Garlic,kg,2.88
RM004,2026-07-03,Crushed Garlic,kg,2.78
RM004,2026-07-04,Crushed Garlic,kg,3.24
RM004,2026-07-05,Crushed Garlic,kg,2.94
RM004,2026-07-06,Crushed Garlic,kg,2.46
RM004,2026-07-07,Crushed Garlic,kg,2.09
RM004,2026-07-08,Crushed Garlic,kg,2.61
RM004,2026-07-09,Crushed Garlic,kg,2.6
RM004,2026-07-10,Crushed Garlic,kg,2.71
RM004,2026-07-11,Crushed Garlic,kg,3.09
RM004,2026-07-12,Crushed Garlic,kg,2.85
RM004,2026-07-13,Crushed Garlic,kg,2.19
RM004,2026-07-14,Crushed Garlic,kg,2.89
RM004,2026-07-15,Crushed Garlic,kg,2.34
RM004,2026-07-16,Crushed Garlic,kg,2.34
RM004,2026-07-17,Crushed Garlic,kg,3.1
RM004,2026-07-18,Crushed Garlic,kg,2.74
RM004,2026-07-19,Crushed Garlic,kg,2.6
RM004,2026-07-20,Crushed Garlic,kg,2.21
RM004,2026-07-21,Crushed Garlic,kg,2.32
RM004,2026-07-22,Crushed Garlic,kg,2.26
RM004,2026-07-23,Crushed Garlic,kg,2.81
RM004,2026-07-24,Crushed Garlic,kg,2.82
RM004,2026-07-25,Crushed Garlic,kg,2.53
RM004,2026-07-26,Crushed Garlic,kg,2.7
RM004,2026-07-27,Crushed Garlic,kg,2.09
RM004,2026-07-28,Crushed Garlic,kg,2.51
RM004,2026-07-29,Crushed Garlic,kg,2.43
RM004,2026-07-30,Crushed Garlic,kg,2.84
RM004,2026-07-31,Crushed Garlic,kg,2.75
RM004,2026-08-01,Crushed Garlic,kg,3.44
RM004,2026-08-02,Crushed Garlic,kg,2.75
RM004,2026-08-03,Crushed Garlic,kg,2.45
RM004,2026-08-04,Crushed Garlic,kg,2.33
RM004,2026-08-05,Crushed Garlic,kg,2.73
RM004,2026-08-06,Crushed Garlic,kg,2.43
RM004,2026-08-07,Crushed Garlic,kg,2.21
RM004,2026-08-08,Crushed Garlic,kg,3.06
RM004,2026-08-09,Crushed Garlic,kg,2.56
RM005,2025-01-01,Optional Spices or Flavorings,kg,0.93
RM005,2025-01-02,Optional Spices or Flavorings,kg,0.81
RM005,2025-01-03,Optional Spices or Flavorings,kg,1.07
RM005,2025-01-04,Optional Spices or Flavorings,kg,0.98
RM005,2025-01-05,Optional Spices or Flavorings,kg,1.01
RM005,2025-01-06,Optional Spices or Flavorings,kg,0.81
RM005,2025-01-07,Optional Spices or Flavorings,kg,0.85
RM005,2025-01-08,Optional Spices or Flavorings,kg,0.78
RM005,2025-01-09,Optional Spices or Flavorings,kg,0.95
RM005,2025-01-10,Optional Spices or Flavorings,kg,0.87
RM005,2025-01-11,Optional Spices or Flavorings,kg,0.99
RM005,2025-01-12,Optional Spices or Flavorings,kg,0.95
RM005,2025-01-13,Optional Spices or Flavorings,kg,0.78
RM005,2025-01-14,Optional Spices or Flavorings,kg,0.78
RM005,2025-01-15,Optional Spices or Flavorings,kg,0.87
RM005,2025-01-16,Optional Spices or Flavorings,kg,0.76
RM005,2025-01-17,Optional Spices or Flavorings,kg,0.78
RM005,2025-01-18,Optional Spices or Flavorings,kg,0.82
RM005,2025-01-19,Optional Spices or Flavorings,kg,0.83
RM005,2025-01-20,Optional Spices or Flavorings,kg,0.62
RM005,2025-01-21,Optional Spices or Flavorings,kg,0.76
RM005,2025-01-22,Optional Spices or Flavorings,kg,0.79
RM005,2025-01-23,Optional Spices or Flavorings,kg,0.81
RM005,2025-01-24,Optional Spices or Flavorings,kg,0.84
RM005,2025-01-25,Optional Spices or Flavorings,kg,0.85
RM005,2025-01-26,Optional Spices or Flavorings,kg,0.86
RM005,2025-01-27,Optional Spices or Flavorings,kg,0.66
RM005,2025-01-28,Optional Spices or Flavorings,kg,0.76
RM005,2025-01-29,Optional Spices or Flavorings,kg,0.9
RM005,2025-01-30,Optional Spices or Flavorings,kg,0.97
RM005,2025-01-31,Optional Spices or Flavorings,kg,1.01
RM005,2025-02-01,Optional Spices or Flavorings,kg,0.99
RM005,2025-02-02,Optional Spices or Flavorings,kg,0.96
RM005,2025-02-03,Optional Spices or Flavorings,kg,0.57
RM005,2025-02-04,Optional Spices or Flavorings,kg,0.79
RM005,2025-02-05,Optional Spices or Flavorings,kg,0.71
RM005,2025-02-06,Optional Spices or Flavorings,kg,0.91
RM005,2025-02-07,Optional Spices or Flavorings,kg,1.02
RM005,2025-02-08,Optional Spices or Flavorings,kg,0.91
RM005,2025-02-09,Optional Spices or Flavorings,kg,0.85
RM005,2025-02-10,Optional Spices or Flavorings,kg,0.74
RM005,2025-02-11,Optional Spices or Flavorings,kg,0.72
RM005,2025-02-12,Optional Spices or Flavorings,kg,0.71
RM005,2025-02-13,Optional Spices or Flavorings,kg,0.87
RM005,2025-02-14,Optional Spices or Flavorings,kg,0.87
RM005,2025-02-15,Optional Spices or Flavorings,kg,0.89
RM005,2025-02-16,Optional Spices or Flavorings,kg,0.77
RM005,2025-02-17,Optional Spices or Flavorings,kg,0.67
RM005,2025-02-18,Optional Spices or Flavorings,kg,0.65
RM005,2025-02-19,Optional Spices or Flavorings,kg,0.84
RM005,2025-02-20,Optional Spices or Flavorings,kg,0.82
RM005,2025-02-21,Optional Spices or Flavorings,kg,0.83
RM005,2025-02-22,Optional Spices or Flavorings,kg,0.94
RM005,2025-02-23,Optional Spices or Flavorings,kg,0.84
RM005,2025-02-24,Optional Spices or Flavorings,kg,0.74
RM005,2025-02-25,Optional Spices or Flavorings,kg,0.8
RM005,2025-02-26,Optional Spices or Flavorings,kg,0.73
RM005,2025-02-27,Optional Spices or Flavorings,kg,0.91
RM005,2025-02-28,Optional Spices or Flavorings,kg,0.99
RM005,2025-03-01,Optional Spices or Flavorings,kg,0.98
RM005,2025-03-02,Optional Spices or Flavorings,kg,0.94
RM005,2025-03-03,Optional Spices or Flavorings,kg,0.74
RM005,2025-03-04,Optional Spices or Flavorings,kg,0.8
RM005,2025-03-05,Optional Spices or Flavorings,kg,0.85
RM005,2025-03-06,Optional Spices or Flavorings,kg,0.95
RM005,2025-03-07,Optional Spices or Flavorings,kg,0.99
RM005,2025-03-08,Optional Spices or Flavorings,kg,1.03
RM005,2025-03-09,Optional Spices or Flavorings,kg,1.11
RM005,2025-03-10,Optional Spices or Flavorings,kg,0.75
RM005,2025-03-11,Optional Spices or Flavorings,kg,0.7
RM005,2025-03-12,Optional Spices or Flavorings,kg,0.85
RM005,2025-03-13,Optional Spices or Flavorings,kg,0.84
RM005,2025-03-14,Optional Spices or Flavorings,kg,1.05
RM005,2025-03-15,Optional Spices or Flavorings,kg,0.9
RM005,2025-03-16,Optional Spices or Flavorings,kg,0.85
RM005,2025-03-17,Optional Spices or Flavorings,kg,0.62
RM005,2025-03-18,Optional Spices or Flavorings,kg,0.82
RM005,2025-03-19,Optional Spices or Flavorings,kg,0.67
RM005,2025-03-20,Optional Spices or Flavorings,kg,0.84
RM005,2025-03-21,Optional Spices or Flavorings,kg,0.74
RM005,2025-03-22,Optional Spices or Flavorings,kg,0.89
RM005,2025-03-23,Optional Spices or Flavorings,kg,0.9
RM005,2025-03-24,Optional Spices or Flavorings,kg,0.69
RM005,2025-03-25,Optional Spices or Flavorings,kg,0.75
RM005,2025-03-26,Optional Spices or Flavorings,kg,0.71
RM005,2025-03-27,Optional Spices or Flavorings,kg,0.85
RM005,2025-03-28,Optional Spices or Flavorings,kg,0.83
RM005,2025-03-29,Optional Spices or Flavorings,kg,0.9
RM005,2025-03-30,Optional Spices or Flavorings,kg,0.83
RM005,2025-03-31,Optional Spices or Flavorings,kg,0.69
RM005,2025-04-01,Optional Spices or Flavorings,kg,0.87
RM005,2025-04-02,Optional Spices or Flavorings,kg,0.88
RM005,2025-04-03,Optional Spices or Flavorings,kg,0.92
RM005,2025-04-04,Optional Spices or Flavorings,kg,0.96
RM005,2025-04-05,Optional Spices or Flavorings,kg,1.13
RM005,2025-04-06,Optional Spices or Flavorings,kg,0.92
RM005,2025-04-07,Optional Spices or Flavorings,kg,0.75
RM005,2025-04-08,Optional Spices or Flavorings,kg,0.77
RM005,2025-04-09,Optional Spices or Flavorings,kg,0.83
RM005,2025-04-10,Optional Spices or Flavorings,kg,0.86
RM005,2025-04-11,Optional Spices or Flavorings,kg,0.95
RM005,2025-04-12,Optional Spices or Flavorings,kg,1.04
RM005,2025-04-13,Optional Spices or Flavorings,kg,0.91
RM005,2025-04-14,Optional Spices or Flavorings,kg,0.69
RM005,2025-04-15,Optional Spices or Flavorings,kg,0.76
RM005,2025-04-16,Optional Spices or Flavorings,kg,0.76
RM005,2025-04-17,Optional Spices or Flavorings,kg,0.85
RM005,2025-04-18,Optional Spices or Flavorings,kg,0.94
RM005,2025-04-19,Optional Spices or Flavorings,kg,0.87
RM005,2025-04-20,Optional Spices or Flavorings,kg,0.78
RM005,2025-04-21,Optional Spices or Flavorings,kg,0.65
RM005,2025-04-22,Optional Spices or Flavorings,kg,0.69
RM005,2025-04-23,Optional Spices or Flavorings,kg,0.69
RM005,2025-04-24,Optional Spices or Flavorings,kg,0.77
RM005,2025-04-25,Optional Spices or Flavorings,kg,0.76
RM005,2025-04-26,Optional Spices or Flavorings,kg,0.95
RM005,2025-04-27,Optional Spices or Flavorings,kg,0.93
RM005,2025-04-28,Optional Spices or Flavorings,kg,0.72
RM005,2025-04-29,Optional Spices or Flavorings,kg,0.65
RM005,2025-04-30,Optional Spices or Flavorings,kg,0.77
RM005,2025-05-01,Optional Spices or Flavorings,kg,0.93
RM005,2025-05-02,Optional Spices or Flavorings,kg,0.95
RM005,2025-05-03,Optional Spices or Flavorings,kg,0.95
RM005,2025-05-04,Optional Spices or Flavorings,kg,0.95
RM005,2025-05-05,Optional Spices or Flavorings,kg,0.79
RM005,2025-05-06,Optional Spices or Flavorings,kg,0.84
RM005,2025-05-07,Optional Spices or Flavorings,kg,0.7
RM005,2025-05-08,Optional Spices or Flavorings,kg,0.87
RM005,2025-05-09,Optional Spices or Flavorings,kg,0.96
RM005,2025-05-10,Optional Spices or Flavorings,kg,0.97
RM005,2025-05-11,Optional Spices or Flavorings,kg,0.9
RM005,2025-05-12,Optional Spices or Flavorings,kg,0.81
RM005,2025-05-13,Optional Spices or Flavorings,kg,0.69
RM005,2025-05-14,Optional Spices or Flavorings,kg,0.81
RM005,2025-05-15,Optional Spices or Flavorings,kg,0.74
RM005,2025-05-16,Optional Spices or Flavorings,kg,0.77
RM005,2025-05-17,Optional Spices or Flavorings,kg,0.89
RM005,2025-05-18,Optional Spices or Flavorings,kg,0.84
RM005,2025-05-19,Optional Spices or Flavorings,kg,0.75
RM005,2025-05-20,Optional Spices or Flavorings,kg,0.6
RM005,2025-05-21,Optional Spices or Flavorings,kg,0.85
RM005,2025-05-22,Optional Spices or Flavorings,kg,0.77
RM005,2025-05-23,Optional Spices or Flavorings,kg,0.91
RM005,2025-05-24,Optional Spices or Flavorings,kg,0.81
RM005,2025-05-25,Optional Spices or Flavorings,kg,0.67
RM005,2025-05-26,Optional Spices or Flavorings,kg,0.67
RM005,2025-05-27,Optional Spices or Flavorings,kg,0.81
RM005,2025-05-28,Optional Spices or Flavorings,kg,0.8
RM005,2025-05-29,Optional Spices or Flavorings,kg,0.96
RM005,2025-05-30,Optional Spices or Flavorings,kg,0.89
RM005,2025-05-31,Optional Spices or Flavorings,kg,1.01
RM005,2025-06-01,Optional Spices or Flavorings,kg,0.89
RM005,2025-06-02,Optional Spices or Flavorings,kg,0.6
RM005,2025-06-03,Optional Spices or Flavorings,kg,0.84
RM005,2025-06-04,Optional Spices or Flavorings,kg,0.85
RM005,2025-06-05,Optional Spices or Flavorings,kg,0.82
RM005,2025-06-06,Optional Spices or Flavorings,kg,0.94
RM005,2025-06-07,Optional Spices or Flavorings,kg,0.92
RM005,2025-06-08,Optional Spices or Flavorings,kg,0.9
RM005,2025-06-09,Optional Spices or Flavorings,kg,0.7
RM005,2025-06-10,Optional Spices or Flavorings,kg,0.76
RM005,2025-06-11,Optional Spices or Flavorings,kg,0.76
RM005,2025-06-12,Optional Spices or Flavorings,kg,0.75
RM005,2025-06-13,Optional Spices or Flavorings,kg,0.86
RM005,2025-06-14,Optional Spices or Flavorings,kg,0.92
RM005,2025-06-15,Optional Spices or Flavorings,kg,0.9
RM005,2025-06-16,Optional Spices or Flavorings,kg,0.64
RM005,2025-06-17,Optional Spices or Flavorings,kg,0.73
RM005,2025-06-18,Optional Spices or Flavorings,kg,0.77
RM005,2025-06-19,Optional Spices or Flavorings,kg,0.71
RM005,2025-06-20,Optional Spices or Flavorings,kg,0.7
RM005,2025-06-21,Optional Spices or Flavorings,kg,0.88
RM005,2025-06-22,Optional Spices or Flavorings,kg,0.81
RM005,2025-06-23,Optional Spices or Flavorings,kg,0.72
RM005,2025-06-24,Optional Spices or Flavorings,kg,0.66
RM005,2025-06-25,Optional Spices or Flavorings,kg,0.7
RM005,2025-06-26,Optional Spices or Flavorings,kg,0.86
RM005,2025-06-27,Optional Spices or Flavorings,kg,0.89
RM005,2025-06-28,Optional Spices or Flavorings,kg,0.92
RM005,2025-06-29,Optional Spices or Flavorings,kg,0.87
RM005,2025-06-30,Optional Spices or Flavorings,kg,0.69
RM005,2025-07-01,Optional Spices or Flavorings,kg,0.86
RM005,2025-07-02,Optional Spices or Flavorings,kg,0.81
RM005,2025-07-03,Optional Spices or Flavorings,kg,0.94
RM005,2025-07-04,Optional Spices or Flavorings,kg,0.96
RM005,2025-07-05,Optional Spices or Flavorings,kg,0.94
RM005,2025-07-06,Optional Spices or Flavorings,kg,0.83
RM005,2025-07-07,Optional Spices or Flavorings,kg,0.75
RM005,2025-07-08,Optional Spices or Flavorings,kg,0.84
RM005,2025-07-09,Optional Spices or Flavorings,kg,0.73
RM005,2025-07-10,Optional Spices or Flavorings,kg,0.83
RM005,2025-07-11,Optional Spices or Flavorings,kg,0.8
RM005,2025-07-12,Optional Spices or Flavorings,kg,1.08
RM005,2025-07-13,Optional Spices or Flavorings,kg,0.94
RM005,2025-07-14,Optional Spices or Flavorings,kg,0.66
RM005,2025-07-15,Optional Spices or Flavorings,kg,0.81
RM005,2025-07-16,Optional Spices or Flavorings,kg,0.76
RM005,2025-07-17,Optional Spices or Flavorings,kg,0.84
RM005,2025-07-18,Optional Spices or Flavorings,kg,0.97
RM005,2025-07-19,Optional Spices or Flavorings,kg,1.0
RM005,2025-07-20,Optional Spices or Flavorings,kg,0.85
RM005,2025-07-21,Optional Spices or Flavorings,kg,0.7
RM005,2025-07-22,Optional Spices or Flavorings,kg,0.69
RM005,2025-07-23,Optional Spices or Flavorings,kg,0.74
RM005,2025-07-24,Optional Spices or Flavorings,kg,0.82
RM005,2025-07-25,Optional Spices or Flavorings,kg,0.88
RM005,2025-07-26,Optional Spices or Flavorings,kg,1.08
RM005,2025-07-27,Optional Spices or Flavorings,kg,0.82
RM005,2025-07-28,Optional Spices or Flavorings,kg,0.7
RM005,2025-07-29,Optional Spices or Flavorings,kg,0.76
RM005,2025-07-30,Optional Spices or Flavorings,kg,0.68
RM005,2025-07-31,Optional Spices or Flavorings,kg,0.8
RM005,2025-08-01,Optional Spices or Flavorings,kg,1.07
RM005,2025-08-02,Optional Spices or Flavorings,kg,1.02
RM005,2025-08-03,Optional Spices or Flavorings,kg,0.93
RM005,2025-08-04,Optional Spices or Flavorings,kg,0.72
RM005,2025-08-05,Optional Spices or Flavorings,kg,0.74
RM005,2025-08-06,Optional Spices or Flavorings,kg,0.87
RM005,2025-08-07,Optional Spices or Flavorings,kg,0.96
RM005,2025-08-08,Optional Spices or Flavorings,kg,1.04
RM005,2025-08-09,Optional Spices or Flavorings,kg,1.06
RM005,2025-08-10,Optional Spices or Flavorings,kg,0.92
RM005,2025-08-11,Optional Spices or Flavorings,kg,0.78
RM005,2025-08-12,Optional Spices or Flavorings,kg,0.84
RM005,2025-08-13,Optional Spices or Flavorings,kg,0.81
RM005,2025-08-14,Optional Spices or Flavorings,kg,0.97
RM005,2025-08-15,Optional Spices or Flavorings,kg,0.88
RM005,2025-08-16,Optional Spices or Flavorings,kg,0.95
RM005,2025-08-17,Optional Spices or Flavorings,kg,0.84
RM005,2025-08-18,Optional Spices or Flavorings,kg,0.63
RM005,2025-08-19,Optional Spices or Flavorings,kg,0.85
RM005,2025-08-20,Optional Spices or Flavorings,kg,0.74
RM005,2025-08-21,Optional Spices or Flavorings,kg,0.78
RM005,2025-08-22,Optional Spices or Flavorings,kg,0.9
RM005,2025-08-23,Optional Spices or Flavorings,kg,0.94
RM005,2025-08-24,Optional Spices or Flavorings,kg,0.78
RM005,2025-08-25,Optional Spices or Flavorings,kg,0.65
RM005,2025-08-26,Optional Spices or Flavorings,kg,0.72
RM005,2025-08-27,Optional Spices or Flavorings,kg,0.75
RM005,2025-08-28,Optional Spices or Flavorings,kg,0.78
RM005,2025-08-29,Optional Spices or Flavorings,kg,0.83
RM005,2025-08-30,Optional Spices or Flavorings,kg,1.01
RM005,2025-08-31,Optional Spices or Flavorings,kg,0.9
RM005,2025-09-01,Optional Spices or Flavorings,kg,0.76
RM005,2025-09-02,Optional Spices or Flavorings,kg,0.78
RM005,2025-09-03,Optional Spices or Flavorings,kg,0.76
RM005,2025-09-04,Optional Spices or Flavorings,kg,0.98
RM005,2025-09-05,Optional Spices or Flavorings,kg,0.95
RM005,2025-09-06,Optional Spices or Flavorings,kg,0.89
RM005,2025-09-07,Optional Spices or Flavorings,kg,0.97
RM005,2025-09-08,Optional Spices or Flavorings,kg,0.71
RM005,2025-09-09,Optional Spices or Flavorings,kg,0.7
RM005,2025-09-10,Optional Spices or Flavorings,kg,0.82
RM005,2025-09-11,Optional Spices or Flavorings,kg,0.89
RM005,2025-09-12,Optional Spices or Flavorings,kg,1.02
RM005,2025-09-13,Optional Spices or Flavorings,kg,1.07
RM005,2025-09-14,Optional Spices or Flavorings,kg,0.86
RM005,2025-09-15,Optional Spices or Flavorings,kg,0.75
RM005,2025-09-16,Optional Spices or Flavorings,kg,0.66
RM005,2025-09-17,Optional Spices or Flavorings,kg,0.8
RM005,2025-09-18,Optional Spices or Flavorings,kg,0.7
RM005,2025-09-19,Optional Spices or Flavorings,kg,0.82
RM005,2025-09-20,Optional Spices or Flavorings,kg,0.88
RM005,2025-09-21,Optional Spices or Flavorings,kg,0.8
RM005,2025-09-22,Optional Spices or Flavorings,kg,0.7
RM005,2025-09-23,Optional Spices or Flavorings,kg,0.64
RM005,2025-09-24,Optional Spices or Flavorings,kg,0.75
RM005,2025-09-25,Optional Spices or Flavorings,kg,0.86
RM005,2025-09-26,Optional Spices or Flavorings,kg,0.85
RM005,2025-09-27,Optional Spices or Flavorings,kg,1.04
RM005,2025-09-28,Optional Spices or Flavorings,kg,0.94
RM005,2025-09-29,Optional Spices or Flavorings,kg,0.71
RM005,2025-09-30,Optional Spices or Flavorings,kg,0.73
RM005,2025-10-01,Optional Spices or Flavorings,kg,0.83
RM005,2025-10-02,Optional Spices or Flavorings,kg,0.89
RM005,2025-10-03,Optional Spices or Flavorings,kg,1.0
RM005,2025-10-04,Optional Spices or Flavorings,kg,1.08
RM005,2025-10-05,Optional Spices or Flavorings,kg,0.92
RM005,2025-10-06,Optional Spices or Flavorings,kg,0.81
RM005,2025-10-07,Optional Spices or Flavorings,kg,0.75
RM005,2025-10-08,Optional Spices or Flavorings,kg,0.77
RM005,2025-10-09,Optional Spices or Flavorings,kg,0.79
RM005,2025-10-10,Optional Spices or Flavorings,kg,0.94
RM005,2025-10-11,Optional Spices or Flavorings,kg,0.91
RM005,2025-10-12,Optional Spices or Flavorings,kg,0.87
RM005,2025-10-13,Optional Spices or Flavorings,kg,0.77
RM005,2025-10-14,Optional Spices or Flavorings,kg,0.71
RM005,2025-10-15,Optional Spices or Flavorings,kg,0.7
RM005,2025-10-16,Optional Spices or Flavorings,kg,0.8
RM005,2025-10-17,Optional Spices or Flavorings,kg,0.98
RM005,2025-10-18,Optional Spices or Flavorings,kg,0.92
RM005,2025-10-19,Optional Spices or Flavorings,kg,0.89
RM005,2025-10-20,Optional Spices or Flavorings,kg,0.69
RM005,2025-10-21,Optional Spices or Flavorings,kg,0.73
RM005,2025-10-22,Optional Spices or Flavorings,kg,0.8
RM005,2025-10-23,Optional Spices or Flavorings,kg,0.79
RM005,2025-10-24,Optional Spices or Flavorings,kg,0.83
RM005,2025-10-25,Optional Spices or Flavorings,kg,1.02
RM005,2025-10-26,Optional Spices or Flavorings,kg,0.91
RM005,2025-10-27,Optional Spices or Flavorings,kg,0.72
RM005,2025-10-28,Optional Spices or Flavorings,kg,0.71
RM005,2025-10-29,Optional Spices or Flavorings,kg,0.81
RM005,2025-10-30,Optional Spices or Flavorings,kg,0.78
RM005,2025-10-31,Optional Spices or Flavorings,kg,0.94
RM005,2025-11-01,Optional Spices or Flavorings,kg,0.94
RM005,2025-11-02,Optional Spices or Flavorings,kg,0.93
RM005,2025-11-03,Optional Spices or Flavorings,kg,0.69
RM005,2025-11-04,Optional Spices or Flavorings,kg,0.74
RM005,2025-11-05,Optional Spices or Flavorings,kg,0.97
RM005,2025-11-06,Optional Spices or Flavorings,kg,0.85
RM005,2025-11-07,Optional Spices or Flavorings,kg,1.0
RM005,2025-11-08,Optional Spices or Flavorings,kg,0.98
RM005,2025-11-09,Optional Spices or Flavorings,kg,0.97
RM005,2025-11-10,Optional Spices or Flavorings,kg,0.65
RM005,2025-11-11,Optional Spices or Flavorings,kg,0.84
RM005,2025-11-12,Optional Spices or Flavorings,kg,0.74
RM005,2025-11-13,Optional Spices or Flavorings,kg,0.88
RM005,2025-11-14,Optional Spices or Flavorings,kg,0.94
RM005,2025-11-15,Optional Spices or Flavorings,kg,0.94
RM005,2025-11-16,Optional Spices or Flavorings,kg,0.85
RM005,2025-11-17,Optional Spices or Flavorings,kg,0.61
RM005,2025-11-18,Optional Spices or Flavorings,kg,0.8
RM005,2025-11-19,Optional Spices or Flavorings,kg,0.62
RM005,2025-11-20,Optional Spices or Flavorings,kg,0.84
RM005,2025-11-21,Optional Spices or Flavorings,kg,0.9
RM005,2025-11-22,Optional Spices or Flavorings,kg,0.94
RM005,2025-11-23,Optional Spices or Flavorings,kg,0.86
RM005,2025-11-24,Optional Spices or Flavorings,kg,0.6
RM005,2025-11-25,Optional Spices or Flavorings,kg,0.84
RM005,2025-11-26,Optional Spices or Flavorings,kg,0.88
RM005,2025-11-27,Optional Spices or Flavorings,kg,0.82
RM005,2025-11-28,Optional Spices or Flavorings,kg,0.81
RM005,2025-11-29,Optional Spices or Flavorings,kg,1.0
RM005,2025-11-30,Optional Spices or Flavorings,kg,0.88
RM005,2025-12-01,Optional Spices or Flavorings,kg,0.74
RM005,2025-12-02,Optional Spices or Flavorings,kg,0.89
RM005,2025-12-03,Optional Spices or Flavorings,kg,0.82
RM005,2025-12-04,Optional Spices or Flavorings,kg,0.89
RM005,2025-12-05,Optional Spices or Flavorings,kg,0.92
RM005,2025-12-06,Optional Spices or Flavorings,kg,1.04
RM005,2025-12-07,Optional Spices or Flavorings,kg,0.86
RM005,2025-12-08,Optional Spices or Flavorings,kg,0.84
RM005,2025-12-09,Optional Spices or Flavorings,kg,0.78
RM005,2025-12-10,Optional Spices or Flavorings,kg,0.77
RM005,2025-12-11,Optional Spices or Flavorings,kg,0.8
RM005,2025-12-12,Optional Spices or Flavorings,kg,0.91
RM005,2025-12-13,Optional Spices or Flavorings,kg,0.89
RM005,2025-12-14,Optional Spices or Flavorings,kg,1.01
RM005,2025-12-15,Optional Spices or Flavorings,kg,0.66
RM005,2025-12-16,Optional Spices or Flavorings,kg,0.77
RM005,2025-12-17,Optional Spices or Flavorings,kg,0.78
RM005,2025-12-18,Optional Spices or Flavorings,kg,0.77
RM005,2025-12-19,Optional Spices or Flavorings,kg,0.98
RM005,2025-12-20,Optional Spices or Flavorings,kg,0.9
RM005,2025-12-21,Optional Spices or Flavorings,kg,0.72
RM005,2025-12-22,Optional Spices or Flavorings,kg,0.65
RM005,2025-12-23,Optional Spices or Flavorings,kg,0.69
RM005,2025-12-24,Optional Spices or Flavorings,kg,0.82
RM005,2025-12-25,Optional Spices or Flavorings,kg,0.81
RM005,2025-12-26,Optional Spices or Flavorings,kg,0.9
RM005,2025-12-27,Optional Spices or Flavorings,kg,1.01
RM005,2025-12-28,Optional Spices or Flavorings,kg,0.83
RM005,2025-12-29,Optional Spices or Flavorings,kg,0.68
RM005,2025-12-30,Optional Spices or Flavorings,kg,0.84
RM005,2025-12-31,Optional Spices or Flavorings,kg,0.83
RM005,2026-01-01,Optional Spices or Flavorings,kg,0.9
RM005,2026-01-02,Optional Spices or Flavorings,kg,0.88
RM005,2026-01-03,Optional Spices or Flavorings,kg,1.02
RM005,2026-01-04,Optional Spices or Flavorings,kg,1.01
RM005,2026-01-05,Optional Spices or Flavorings,kg,0.84
RM005,2026-01-06,Optional Spices or Flavorings,kg,0.87
RM005,2026-01-07,Optional Spices or Flavorings,kg,0.93
RM005,2026-01-08,Optional Spices or Flavorings,kg,0.85
RM005,2026-01-09,Optional Spices or Flavorings,kg,1.02
RM005,2026-01-10,Optional Spices or Flavorings,kg,0.91
RM005,2026-01-11,Optional Spices or Flavorings,kg,0.84
RM005,2026-01-12,Optional Spices or Flavorings,kg,0.79
RM005,2026-01-13,Optional Spices or Flavorings,kg,0.8
RM005,2026-01-14,Optional Spices or Flavorings,kg,0.82
RM005,2026-01-15,Optional Spices or Flavorings,kg,0.73
RM005,2026-01-16,Optional Spices or Flavorings,kg,0.79
RM005,2026-01-17,Optional Spices or Flavorings,kg,0.89
RM005,2026-01-18,Optional Spices or Flavorings,kg,0.8
RM005,2026-01-19,Optional Spices or Flavorings,kg,0.51
RM005,2026-01-20,Optional Spices or Flavorings,kg,0.68
RM005,2026-01-21,Optional Spices or Flavorings,kg,0.8
RM005,2026-01-22,Optional Spices or Flavorings,kg,0.81
RM005,2026-01-23,Optional Spices or Flavorings,kg,0.92
RM005,2026-01-24,Optional Spices or Flavorings,kg,0.91
RM005,2026-01-25,Optional Spices or Flavorings,kg,0.83
RM005,2026-01-26,Optional Spices or Flavorings,kg,0.6
RM005,2026-01-27,Optional Spices or Flavorings,kg,0.76
RM005,2026-01-28,Optional Spices or Flavorings,kg,0.88
RM005,2026-01-29,Optional Spices or Flavorings,kg,0.87
RM005,2026-01-30,Optional Spices or Flavorings,kg,0.83
RM005,2026-01-31,Optional Spices or Flavorings,kg,1.01
RM005,2026-02-01,Optional Spices or Flavorings,kg,1.0
RM005,2026-02-02,Optional Spices or Flavorings,kg,0.8
RM005,2026-02-03,Optional Spices or Flavorings,kg,0.81
RM005,2026-02-04,Optional Spices or Flavorings,kg,0.95
RM005,2026-02-05,Optional Spices or Flavorings,kg,0.99
RM005,2026-02-06,Optional Spices or Flavorings,kg,0.91
RM005,2026-02-07,Optional Spices or Flavorings,kg,1.09
RM005,2026-02-08,Optional Spices or Flavorings,kg,0.91
RM005,2026-02-09,Optional Spices or Flavorings,kg,0.8
RM005,2026-02-10,Optional Spices or Flavorings,kg,0.77
RM005,2026-02-11,Optional Spices or Flavorings,kg,0.72
RM005,2026-02-12,Optional Spices or Flavorings,kg,0.86
RM005,2026-02-13,Optional Spices or Flavorings,kg,0.8
RM005,2026-02-14,Optional Spices or Flavorings,kg,0.93
RM005,2026-02-15,Optional Spices or Flavorings,kg,0.8
RM005,2026-02-16,Optional Spices or Flavorings,kg,0.66
RM005,2026-02-17,Optional Spices or Flavorings,kg,0.72
RM005,2026-02-18,Optional Spices or Flavorings,kg,0.71
RM005,2026-02-19,Optional Spices or Flavorings,kg,0.78
RM005,2026-02-20,Optional Spices or Flavorings,kg,0.84
RM005,2026-02-21,Optional Spices or Flavorings,kg,0.89
RM005,2026-02-22,Optional Spices or Flavorings,kg,0.77
RM005,2026-02-23,Optional Spices or Flavorings,kg,0.67
RM005,2026-02-24,Optional Spices or Flavorings,kg,0.83
RM005,2026-02-25,Optional Spices or Flavorings,kg,0.86
RM005,2026-02-26,Optional Spices or Flavorings,kg,0.81
RM005,2026-02-27,Optional Spices or Flavorings,kg,0.92
RM005,2026-02-28,Optional Spices or Flavorings,kg,0.94
RM005,2026-03-01,Optional Spices or Flavorings,kg,0.77
RM005,2026-03-02,Optional Spices or Flavorings,kg,0.7
RM005,2026-03-03,Optional Spices or Flavorings,kg,0.83
RM005,2026-03-04,Optional Spices or Flavorings,kg,0.85
RM005,2026-03-05,Optional Spices or Flavorings,kg,0.85
RM005,2026-03-06,Optional Spices or Flavorings,kg,1.01
RM005,2026-03-07,Optional Spices or Flavorings,kg,1.13
RM005,2026-03-08,Optional Spices or Flavorings,kg,0.9
RM005,2026-03-09,Optional Spices or Flavorings,kg,0.75
RM005,2026-03-10,Optional Spices or Flavorings,kg,0.86
RM005,2026-03-11,Optional Spices or Flavorings,kg,0.78
RM005,2026-03-12,Optional Spices or Flavorings,kg,0.93
RM005,2026-03-13,Optional Spices or Flavorings,kg,0.91
RM005,2026-03-14,Optional Spices or Flavorings,kg,0.89
RM005,2026-03-15,Optional Spices or Flavorings,kg,0.72
RM005,2026-03-16,Optional Spices or Flavorings,kg,0.63
RM005,2026-03-17,Optional Spices or Flavorings,kg,0.77
RM005,2026-03-18,Optional Spices or Flavorings,kg,0.74
RM005,2026-03-19,Optional Spices or Flavorings,kg,0.73
RM005,2026-03-20,Optional Spices or Flavorings,kg,0.79
RM005,2026-03-21,Optional Spices or Flavorings,kg,0.89
RM005,2026-03-22,Optional Spices or Flavorings,kg,0.84
RM005,2026-03-23,Optional Spices or Flavorings,kg,0.63
RM005,2026-03-24,Optional Spices or Flavorings,kg,0.77
RM005,2026-03-25,Optional Spices or Flavorings,kg,0.76
RM005,2026-03-26,Optional Spices or Flavorings,kg,0.75
RM005,2026-03-27,Optional Spices or Flavorings,kg,0.95
RM005,2026-03-28,Optional Spices or Flavorings,kg,0.88
RM005,2026-03-29,Optional Spices or Flavorings,kg,0.93
RM005,2026-03-30,Optional Spices or Flavorings,kg,0.68
RM005,2026-03-31,Optional Spices or Flavorings,kg,0.73
RM005,2026-04-01,Optional Spices or Flavorings,kg,0.87
RM005,2026-04-02,Optional Spices or Flavorings,kg,0.82
RM005,2026-04-03,Optional Spices or Flavorings,kg,0.87
RM005,2026-04-04,Optional Spices or Flavorings,kg,1.02
RM005,2026-04-05,Optional Spices or Flavorings,kg,0.75
RM005,2026-04-06,Optional Spices or Flavorings,kg,0.67
RM005,2026-04-07,Optional Spices or Flavorings,kg,0.85
RM005,2026-04-08,Optional Spices or Flavorings,kg,0.8
RM005,2026-04-09,Optional Spices or Flavorings,kg,0.79
RM005,2026-04-10,Optional Spices or Flavorings,kg,0.82
RM005,2026-04-11,Optional Spices or Flavorings,kg,1.07
RM005,2026-04-12,Optional Spices or Flavorings,kg,0.89
RM005,2026-04-13,Optional Spices or Flavorings,kg,0.66
RM005,2026-04-14,Optional Spices or Flavorings,kg,0.75
RM005,2026-04-15,Optional Spices or Flavorings,kg,0.84
RM005,2026-04-16,Optional Spices or Flavorings,kg,0.81
RM005,2026-04-17,Optional Spices or Flavorings,kg,0.92
RM005,2026-04-18,Optional Spices or Flavorings,kg,0.97
RM005,2026-04-19,Optional Spices or Flavorings,kg,0.88
RM005,2026-04-20,Optional Spices or Flavorings,kg,0.68
RM005,2026-04-21,Optional Spices or Flavorings,kg,0.78
RM005,2026-04-22,Optional Spices or Flavorings,kg,0.82
RM005,2026-04-23,Optional Spices or Flavorings,kg,0.76
RM005,2026-04-24,Optional Spices or Flavorings,kg,0.84
RM005,2026-04-25,Optional Spices or Flavorings,kg,0.8
RM005,2026-04-26,Optional Spices or Flavorings,kg,0.74
RM005,2026-04-27,Optional Spices or Flavorings,kg,0.71
RM005,2026-04-28,Optional Spices or Flavorings,kg,0.72
RM005,2026-04-29,Optional Spices or Flavorings,kg,0.89
RM005,2026-04-30,Optional Spices or Flavorings,kg,0.87
RM005,2026-05-01,Optional Spices or Flavorings,kg,0.94
RM005,2026-05-02,Optional Spices or Flavorings,kg,1.05
RM005,2026-05-03,Optional Spices or Flavorings,kg,0.93
RM005,2026-05-04,Optional Spices or Flavorings,kg,0.74
RM005,2026-05-05,Optional Spices or Flavorings,kg,0.76
RM005,2026-05-06,Optional Spices or Flavorings,kg,0.9
RM005,2026-05-07,Optional Spices or Flavorings,kg,0.79
RM005,2026-05-08,Optional Spices or Flavorings,kg,1.01
RM005,2026-05-09,Optional Spices or Flavorings,kg,1.06
RM005,2026-05-10,Optional Spices or Flavorings,kg,0.85
RM005,2026-05-11,Optional Spices or Flavorings,kg,0.67
RM005,2026-05-12,Optional Spices or Flavorings,kg,0.77
RM005,2026-05-13,Optional Spices or Flavorings,kg,0.81
RM005,2026-05-14,Optional Spices or Flavorings,kg,0.94
RM005,2026-05-15,Optional Spices or Flavorings,kg,0.96
RM005,2026-05-16,Optional Spices or Flavorings,kg,0.82
RM005,2026-05-17,Optional Spices or Flavorings,kg,0.87
RM005,2026-05-18,Optional Spices or Flavorings,kg,0.73
RM005,2026-05-19,Optional Spices or Flavorings,kg,0.72
RM005,2026-05-20,Optional Spices or Flavorings,kg,0.77
RM005,2026-05-21,Optional Spices or Flavorings,kg,0.8
RM005,2026-05-22,Optional Spices or Flavorings,kg,0.82
RM005,2026-05-23,Optional Spices or Flavorings,kg,0.92
RM005,2026-05-24,Optional Spices or Flavorings,kg,0.84
RM005,2026-05-25,Optional Spices or Flavorings,kg,0.6
RM005,2026-05-26,Optional Spices or Flavorings,kg,0.74
RM005,2026-05-27,Optional Spices or Flavorings,kg,0.84
RM005,2026-05-28,Optional Spices or Flavorings,kg,0.72
RM005,2026-05-29,Optional Spices or Flavorings,kg,0.87
RM005,2026-05-30,Optional Spices or Flavorings,kg,0.93
RM005,2026-05-31,Optional Spices or Flavorings,kg,0.93
RM005,2026-06-01,Optional Spices or Flavorings,kg,0.73
RM005,2026-06-02,Optional Spices or Flavorings,kg,0.84
RM005,2026-06-03,Optional Spices or Flavorings,kg,0.84
RM005,2026-06-04,Optional Spices or Flavorings,kg,0.78
RM005,2026-06-05,Optional Spices or Flavorings,kg,1.0
RM005,2026-06-06,Optional Spices or Flavorings,kg,1.02
RM005,2026-06-07,Optional Spices or Flavorings,kg,0.91
RM005,2026-06-08,Optional Spices or Flavorings,kg,0.73
RM005,2026-06-09,Optional Spices or Flavorings,kg,0.8
RM005,2026-06-10,Optional Spices or Flavorings,kg,0.93
RM005,2026-06-11,Optional Spices or Flavorings,kg,0.95
RM005,2026-06-12,Optional Spices or Flavorings,kg,0.86
RM005,2026-06-13,Optional Spices or Flavorings,kg,1.03
RM005,2026-06-14,Optional Spices or Flavorings,kg,0.94
RM005,2026-06-15,Optional Spices or Flavorings,kg,0.67
RM005,2026-06-16,Optional Spices or Flavorings,kg,0.75
RM005,2026-06-17,Optional Spices or Flavorings,kg,0.79
RM005,2026-06-18,Optional Spices or Flavorings,kg,0.82
RM005,2026-06-19,Optional Spices or Flavorings,kg,0.87
RM005,2026-06-20,Optional Spices or Flavorings,kg,0.98
RM005,2026-06-21,Optional Spices or Flavorings,kg,0.91
RM005,2026-06-22,Optional Spices or Flavorings,kg,0.61
RM005,2026-06-23,Optional Spices or Flavorings,kg,0.81
RM005,2026-06-24,Optional Spices or Flavorings,kg,0.79
RM005,2026-06-25,Optional Spices or Flavorings,kg,0.71
RM005,2026-06-26,Optional Spices or Flavorings,kg,0.87
RM005,2026-06-27,Optional Spices or Flavorings,kg,1.06
RM005,2026-06-28,Optional Spices or Flavorings,kg,0.87
RM005,2026-06-29,Optional Spices or Flavorings,kg,0.78
RM005,2026-06-30,Optional Spices or Flavorings,kg,0.75
RM005,2026-07-01,Optional Spices or Flavorings,kg,0.83
RM005,2026-07-02,Optional Spices or Flavorings,kg,0.83
RM005,2026-07-03,Optional Spices or Flavorings,kg,0.91
RM005,2026-07-04,Optional Spices or Flavorings,kg,0.89
RM005,2026-07-05,Optional Spices or Flavorings,kg,0.95
RM005,2026-07-06,Optional Spices or Flavorings,kg,0.82
RM005,2026-07-07,Optional Spices or Flavorings,kg,0.87
RM005,2026-07-08,Optional Spices or Flavorings,kg,0.88
RM005,2026-07-09,Optional Spices or Flavorings,kg,1.04
RM005,2026-07-10,Optional Spices or Flavorings,kg,0.97
RM005,2026-07-11,Optional Spices or Flavorings,kg,0.97
RM005,2026-07-12,Optional Spices or Flavorings,kg,0.97
RM005,2026-07-13,Optional Spices or Flavorings,kg,0.79
RM005,2026-07-14,Optional Spices or Flavorings,kg,0.72
RM005,2026-07-15,Optional Spices or Flavorings,kg,0.6
RM005,2026-07-16,Optional Spices or Flavorings,kg,0.78
RM005,2026-07-17,Optional Spices or Flavorings,kg,0.79
RM005,2026-07-18,Optional Spices or Flavorings,kg,0.94
RM005,2026-07-19,Optional Spices or Flavorings,kg,0.76
RM005,2026-07-20,Optional Spices or Flavorings,kg,0.64
RM005,2026-07-21,Optional Spices or Flavorings,kg,0.66
RM005,2026-07-22,Optional Spices or Flavorings,kg,0.74
RM005,2026-07-23,Optional Spices or Flavorings,kg,0.77
RM005,2026-07-24,Optional Spices or Flavorings,kg,0.84
RM005,2026-07-25,Optional Spices or Flavorings,kg,1.06
RM005,2026-07-26,Optional Spices or Flavorings,kg,0.79
RM005,2026-07-27,Optional Spices or Flavorings,kg,0.62
RM005,2026-07-28,Optional Spices or Flavorings,kg,0.78
RM005,2026-07-29,Optional Spices or Flavorings,kg,0.78
RM005,2026-07-30,Optional Spices or Flavorings,kg,0.75
RM005,2026-07-31,Optional Spices or Flavorings,kg,0.81
RM005,2026-08-01,Optional Spices or Flavorings,kg,0.99
RM005,2026-08-02,Optional Spices or Flavorings,kg,0.96
RM005,2026-08-03,Optional Spices or Flavorings,kg,0.73
RM005,2026-08-04,Optional Spices or Flavorings,kg,0.78
RM005,2026-08-05,Optional Spices or Flavorings,kg,0.84
RM005,2026-08-06,Optional Spices or Flavorings,kg,0.89
RM005,2026-08-07,Optional Spices or Flavorings,kg,0.97
RM005,2026-08-08,Optional Spices or Flavorings,kg,0.9
RM005,2026-08-09,Optional Spices or Flavorings,kg,0.94
RM006,2025-01-01,Cooking Oil,L,15.52
RM006,2025-01-02,Cooking Oil,L,13.7
RM006,2025-01-03,Cooking Oil,L,14.06
RM006,2025-01-04,Cooking Oil,L,14.77
RM006,2025-01-05,Cooking Oil,L,12.24
RM006,2025-01-06,Cooking Oil,L,9.42
RM006,2025-01-07,Cooking Oil,L,11.27
RM006,2025-01-08,Cooking Oil,L,11.75
RM006,2025-01-09,Cooking Oil,L,13.52
RM006,2025-01-10,Cooking Oil,L,12.43
RM006,2025-01-11,Cooking Oil,L,15.13
RM006,2025-01-12,Cooking Oil,L,12.86
RM006,2025-01-13,Cooking Oil,L,11.39
RM006,2025-01-14,Cooking Oil,L,12.84
RM006,2025-01-15,Cooking Oil,L,11.23
RM006,2025-01-16,Cooking Oil,L,12.48
RM006,2025-01-17,Cooking Oil,L,11.3
RM006,2025-01-18,Cooking Oil,L,14.2
RM006,2025-01-19,Cooking Oil,L,14.48
RM006,2025-01-20,Cooking Oil,L,9.71
RM006,2025-01-21,Cooking Oil,L,11.18
RM006,2025-01-22,Cooking Oil,L,11.38
RM006,2025-01-23,Cooking Oil,L,12.16
RM006,2025-01-24,Cooking Oil,L,14.07
RM006,2025-01-25,Cooking Oil,L,11.9
RM006,2025-01-26,Cooking Oil,L,12.57
RM006,2025-01-27,Cooking Oil,L,10.58
RM006,2025-01-28,Cooking Oil,L,11.84
RM006,2025-01-29,Cooking Oil,L,11.04
RM006,2025-01-30,Cooking Oil,L,12.72
RM006,2025-01-31,Cooking Oil,L,14.88
RM006,2025-02-01,Cooking Oil,L,14.6
RM006,2025-02-02,Cooking Oil,L,13.77
RM006,2025-02-03,Cooking Oil,L,12.9
RM006,2025-02-04,Cooking Oil,L,10.65
RM006,2025-02-05,Cooking Oil,L,14.92
RM006,2025-02-06,Cooking Oil,L,15.37
RM006,2025-02-07,Cooking Oil,L,14.1
RM006,2025-02-08,Cooking Oil,L,12.93
RM006,2025-02-09,Cooking Oil,L,11.87
RM006,2025-02-10,Cooking Oil,L,11.81
RM006,2025-02-11,Cooking Oil,L,11.85
RM006,2025-02-12,Cooking Oil,L,11.37
RM006,2025-02-13,Cooking Oil,L,12.5
RM006,2025-02-14,Cooking Oil,L,13.29
RM006,2025-02-15,Cooking Oil,L,12.54
RM006,2025-02-16,Cooking Oil,L,11.45
RM006,2025-02-17,Cooking Oil,L,9.17
RM006,2025-02-18,Cooking Oil,L,10.82
RM006,2025-02-19,Cooking Oil,L,10.74
RM006,2025-02-20,Cooking Oil,L,11.48
RM006,2025-02-21,Cooking Oil,L,13.16
RM006,2025-02-22,Cooking Oil,L,15.81
RM006,2025-02-23,Cooking Oil,L,13.35
RM006,2025-02-24,Cooking Oil,L,10.04
RM006,2025-02-25,Cooking Oil,L,11.49
RM006,2025-02-26,Cooking Oil,L,11.78
RM006,2025-02-27,Cooking Oil,L,13.17
RM006,2025-02-28,Cooking Oil,L,14.01
RM006,2025-03-01,Cooking Oil,L,14.95
RM006,2025-03-02,Cooking Oil,L,12.38
RM006,2025-03-03,Cooking Oil,L,11.69
RM006,2025-03-04,Cooking Oil,L,11.57
RM006,2025-03-05,Cooking Oil,L,12.7
RM006,2025-03-06,Cooking Oil,L,14.6
RM006,2025-03-07,Cooking Oil,L,13.71
RM006,2025-03-08,Cooking Oil,L,14.39
RM006,2025-03-09,Cooking Oil,L,12.1
RM006,2025-03-10,Cooking Oil,L,10.29
RM006,2025-03-11,Cooking Oil,L,11.92
RM006,2025-03-12,Cooking Oil,L,11.18
RM006,2025-03-13,Cooking Oil,L,11.45
RM006,2025-03-14,Cooking Oil,L,14.7
RM006,2025-03-15,Cooking Oil,L,15.02
RM006,2025-03-16,Cooking Oil,L,10.94
RM006,2025-03-17,Cooking Oil,L,11.1
RM006,2025-03-18,Cooking Oil,L,11.7
RM006,2025-03-19,Cooking Oil,L,10.91
RM006,2025-03-20,Cooking Oil,L,11.42
RM006,2025-03-21,Cooking Oil,L,11.95
RM006,2025-03-22,Cooking Oil,L,13.3
RM006,2025-03-23,Cooking Oil,L,12.78
RM006,2025-03-24,Cooking Oil,L,8.52
RM006,2025-03-25,Cooking Oil,L,10.92
RM006,2025-03-26,Cooking Oil,L,13.2
RM006,2025-03-27,Cooking Oil,L,13.77
RM006,2025-03-28,Cooking Oil,L,11.99
RM006,2025-03-29,Cooking Oil,L,15.51
RM006,2025-03-30,Cooking Oil,L,13.74
RM006,2025-03-31,Cooking Oil,L,10.35
RM006,2025-04-01,Cooking Oil,L,12.9
RM006,2025-04-02,Cooking Oil,L,12.78
RM006,2025-04-03,Cooking Oil,L,12.89
RM006,2025-04-04,Cooking Oil,L,15.55
RM006,2025-04-05,Cooking Oil,L,14.11
RM006,2025-04-06,Cooking Oil,L,13.88
RM006,2025-04-07,Cooking Oil,L,11.42
RM006,2025-04-08,Cooking Oil,L,11.79
RM006,2025-04-09,Cooking Oil,L,12.45
RM006,2025-04-10,Cooking Oil,L,12.58
RM006,2025-04-11,Cooking Oil,L,15.21
RM006,2025-04-12,Cooking Oil,L,13.94
RM006,2025-04-13,Cooking Oil,L,12.34
RM006,2025-04-14,Cooking Oil,L,9.05
RM006,2025-04-15,Cooking Oil,L,11.23
RM006,2025-04-16,Cooking Oil,L,12.3
RM006,2025-04-17,Cooking Oil,L,11.25
RM006,2025-04-18,Cooking Oil,L,12.12
RM006,2025-04-19,Cooking Oil,L,15.45
RM006,2025-04-20,Cooking Oil,L,12.83
RM006,2025-04-21,Cooking Oil,L,9.93
RM006,2025-04-22,Cooking Oil,L,10.31
RM006,2025-04-23,Cooking Oil,L,11.67
RM006,2025-04-24,Cooking Oil,L,10.78
RM006,2025-04-25,Cooking Oil,L,12.58
RM006,2025-04-26,Cooking Oil,L,14.92
RM006,2025-04-27,Cooking Oil,L,11.15
RM006,2025-04-28,Cooking Oil,L,10.76
RM006,2025-04-29,Cooking Oil,L,11.33
RM006,2025-04-30,Cooking Oil,L,12.03
RM006,2025-05-01,Cooking Oil,L,11.33
RM006,2025-05-02,Cooking Oil,L,14.46
RM006,2025-05-03,Cooking Oil,L,15.34
RM006,2025-05-04,Cooking Oil,L,14.44
RM006,2025-05-05,Cooking Oil,L,11.59
RM006,2025-05-06,Cooking Oil,L,12.67
RM006,2025-05-07,Cooking Oil,L,13.11
RM006,2025-05-08,Cooking Oil,L,12.88
RM006,2025-05-09,Cooking Oil,L,13.23
RM006,2025-05-10,Cooking Oil,L,14.24
RM006,2025-05-11,Cooking Oil,L,14.52
RM006,2025-05-12,Cooking Oil,L,11.11
RM006,2025-05-13,Cooking Oil,L,12.08
RM006,2025-05-14,Cooking Oil,L,12.17
RM006,2025-05-15,Cooking Oil,L,12.11
RM006,2025-05-16,Cooking Oil,L,12.19
RM006,2025-05-17,Cooking Oil,L,13.8
RM006,2025-05-18,Cooking Oil,L,13.17
RM006,2025-05-19,Cooking Oil,L,10.17
RM006,2025-05-20,Cooking Oil,L,12.31
RM006,2025-05-21,Cooking Oil,L,11.05
RM006,2025-05-22,Cooking Oil,L,11.57
RM006,2025-05-23,Cooking Oil,L,13.14
RM006,2025-05-24,Cooking Oil,L,14.92
RM006,2025-05-25,Cooking Oil,L,12.29
RM006,2025-05-26,Cooking Oil,L,8.38
RM006,2025-05-27,Cooking Oil,L,12.13
RM006,2025-05-28,Cooking Oil,L,12.55
RM006,2025-05-29,Cooking Oil,L,12.78
RM006,2025-05-30,Cooking Oil,L,13.94
RM006,2025-05-31,Cooking Oil,L,16.14
RM006,2025-06-01,Cooking Oil,L,13.65
RM006,2025-06-02,Cooking Oil,L,11.2
RM006,2025-06-03,Cooking Oil,L,10.07
RM006,2025-06-04,Cooking Oil,L,12.77
RM006,2025-06-05,Cooking Oil,L,13.83
RM006,2025-06-06,Cooking Oil,L,13.62
RM006,2025-06-07,Cooking Oil,L,14.83
RM006,2025-06-08,Cooking Oil,L,11.63
RM006,2025-06-09,Cooking Oil,L,9.88
RM006,2025-06-10,Cooking Oil,L,11.6
RM006,2025-06-11,Cooking Oil,L,11.82
RM006,2025-06-12,Cooking Oil,L,15.24
RM006,2025-06-13,Cooking Oil,L,13.99
RM006,2025-06-14,Cooking Oil,L,13.5
RM006,2025-06-15,Cooking Oil,L,13.02
RM006,2025-06-16,Cooking Oil,L,10.97
RM006,2025-06-17,Cooking Oil,L,10.48
RM006,2025-06-18,Cooking Oil,L,12.72
RM006,2025-06-19,Cooking Oil,L,11.73
RM006,2025-06-20,Cooking Oil,L,14.15
RM006,2025-06-21,Cooking Oil,L,10.83
RM006,2025-06-22,Cooking Oil,L,12.44
RM006,2025-06-23,Cooking Oil,L,9.84
RM006,2025-06-24,Cooking Oil,L,10.33
RM006,2025-06-25,Cooking Oil,L,11.13
RM006,2025-06-26,Cooking Oil,L,12.61
RM006,2025-06-27,Cooking Oil,L,12.46
RM006,2025-06-28,Cooking Oil,L,14.93
RM006,2025-06-29,Cooking Oil,L,13.59
RM006,2025-06-30,Cooking Oil,L,10.95
RM006,2025-07-01,Cooking Oil,L,12.14
RM006,2025-07-02,Cooking Oil,L,12.4
RM006,2025-07-03,Cooking Oil,L,13.46
RM006,2025-07-04,Cooking Oil,L,15.59
RM006,2025-07-05,Cooking Oil,L,18.65
RM006,2025-07-06,Cooking Oil,L,12.52
RM006,2025-07-07,Cooking Oil,L,11.86
RM006,2025-07-08,Cooking Oil,L,13.49
RM006,2025-07-09,Cooking Oil,L,13.58
RM006,2025-07-10,Cooking Oil,L,12.9
RM006,2025-07-11,Cooking Oil,L,15.09
RM006,2025-07-12,Cooking Oil,L,14.62
RM006,2025-07-13,Cooking Oil,L,13.68
RM006,2025-07-14,Cooking Oil,L,9.88
RM006,2025-07-15,Cooking Oil,L,12.23
RM006,2025-07-16,Cooking Oil,L,11.61
RM006,2025-07-17,Cooking Oil,L,13.39
RM006,2025-07-18,Cooking Oil,L,12.25
RM006,2025-07-19,Cooking Oil,L,12.8
RM006,2025-07-20,Cooking Oil,L,12.24
RM006,2025-07-21,Cooking Oil,L,10.74
RM006,2025-07-22,Cooking Oil,L,9.53
RM006,2025-07-23,Cooking Oil,L,11.71
RM006,2025-07-24,Cooking Oil,L,12.32
RM006,2025-07-25,Cooking Oil,L,12.05
RM006,2025-07-26,Cooking Oil,L,12.92
RM006,2025-07-27,Cooking Oil,L,11.94
RM006,2025-07-28,Cooking Oil,L,10.6
RM006,2025-07-29,Cooking Oil,L,13.1
RM006,2025-07-30,Cooking Oil,L,10.43
RM006,2025-07-31,Cooking Oil,L,12.59
RM006,2025-08-01,Cooking Oil,L,14.57
RM006,2025-08-02,Cooking Oil,L,13.31
RM006,2025-08-03,Cooking Oil,L,12.03
RM006,2025-08-04,Cooking Oil,L,11.37
RM006,2025-08-05,Cooking Oil,L,12.04
RM006,2025-08-06,Cooking Oil,L,12.64
RM006,2025-08-07,Cooking Oil,L,12.39
RM006,2025-08-08,Cooking Oil,L,16.32
RM006,2025-08-09,Cooking Oil,L,13.35
RM006,2025-08-10,Cooking Oil,L,12.8
RM006,2025-08-11,Cooking Oil,L,12.26
RM006,2025-08-12,Cooking Oil,L,12.79
RM006,2025-08-13,Cooking Oil,L,12.75
RM006,2025-08-14,Cooking Oil,L,13.33
RM006,2025-08-15,Cooking Oil,L,13.25
RM006,2025-08-16,Cooking Oil,L,12.75
RM006,2025-08-17,Cooking Oil,L,12.93
RM006,2025-08-18,Cooking Oil,L,10.37
RM006,2025-08-19,Cooking Oil,L,10.02
RM006,2025-08-20,Cooking Oil,L,11.2
RM006,2025-08-21,Cooking Oil,L,11.72
RM006,2025-08-22,Cooking Oil,L,13.47
RM006,2025-08-23,Cooking Oil,L,14.44
RM006,2025-08-24,Cooking Oil,L,12.48
RM006,2025-08-25,Cooking Oil,L,8.48
RM006,2025-08-26,Cooking Oil,L,10.95
RM006,2025-08-27,Cooking Oil,L,11.4
RM006,2025-08-28,Cooking Oil,L,12.13
RM006,2025-08-29,Cooking Oil,L,14.32
RM006,2025-08-30,Cooking Oil,L,15.74
RM006,2025-08-31,Cooking Oil,L,13.7
RM006,2025-09-01,Cooking Oil,L,10.54
RM006,2025-09-02,Cooking Oil,L,12.72
RM006,2025-09-03,Cooking Oil,L,12.2
RM006,2025-09-04,Cooking Oil,L,11.77
RM006,2025-09-05,Cooking Oil,L,15.16
RM006,2025-09-06,Cooking Oil,L,15.63
RM006,2025-09-07,Cooking Oil,L,14.94
RM006,2025-09-08,Cooking Oil,L,11.14
RM006,2025-09-09,Cooking Oil,L,13.14
RM006,2025-09-10,Cooking Oil,L,14.67
RM006,2025-09-11,Cooking Oil,L,12.26
RM006,2025-09-12,Cooking Oil,L,13.07
RM006,2025-09-13,Cooking Oil,L,12.84
RM006,2025-09-14,Cooking Oil,L,13.67
RM006,2025-09-15,Cooking Oil,L,12.63
RM006,2025-09-16,Cooking Oil,L,10.49
RM006,2025-09-17,Cooking Oil,L,10.89
RM006,2025-09-18,Cooking Oil,L,13.95
RM006,2025-09-19,Cooking Oil,L,11.4
RM006,2025-09-20,Cooking Oil,L,13.39
RM006,2025-09-21,Cooking Oil,L,11.68
RM006,2025-09-22,Cooking Oil,L,10.35
RM006,2025-09-23,Cooking Oil,L,11.75
RM006,2025-09-24,Cooking Oil,L,10.33
RM006,2025-09-25,Cooking Oil,L,12.41
RM006,2025-09-26,Cooking Oil,L,14.14
RM006,2025-09-27,Cooking Oil,L,14.88
RM006,2025-09-28,Cooking Oil,L,12.37
RM006,2025-09-29,Cooking Oil,L,9.79
RM006,2025-09-30,Cooking Oil,L,13.64
RM006,2025-10-01,Cooking Oil,L,12.83
RM006,2025-10-02,Cooking Oil,L,13.95
RM006,2025-10-03,Cooking Oil,L,14.16
RM006,2025-10-04,Cooking Oil,L,15.74
RM006,2025-10-05,Cooking Oil,L,14.53
RM006,2025-10-06,Cooking Oil,L,10.63
RM006,2025-10-07,Cooking Oil,L,13.06
RM006,2025-10-08,Cooking Oil,L,13.19
RM006,2025-10-09,Cooking Oil,L,14.22
RM006,2025-10-10,Cooking Oil,L,15.16
RM006,2025-10-11,Cooking Oil,L,16.59
RM006,2025-10-12,Cooking Oil,L,13.53
RM006,2025-10-13,Cooking Oil,L,10.26
RM006,2025-10-14,Cooking Oil,L,11.74
RM006,2025-10-15,Cooking Oil,L,13.74
RM006,2025-10-16,Cooking Oil,L,12.84
RM006,2025-10-17,Cooking Oil,L,15.02
RM006,2025-10-18,Cooking Oil,L,12.33
RM006,2025-10-19,Cooking Oil,L,11.96
RM006,2025-10-20,Cooking Oil,L,9.11
RM006,2025-10-21,Cooking Oil,L,9.75
RM006,2025-10-22,Cooking Oil,L,12.12
RM006,2025-10-23,Cooking Oil,L,11.74
RM006,2025-10-24,Cooking Oil,L,11.94
RM006,2025-10-25,Cooking Oil,L,9.93
RM006,2025-10-26,Cooking Oil,L,12.34
RM006,2025-10-27,Cooking Oil,L,9.96
RM006,2025-10-28,Cooking Oil,L,11.51
RM006,2025-10-29,Cooking Oil,L,12.04
RM006,2025-10-30,Cooking Oil,L,11.66
RM006,2025-10-31,Cooking Oil,L,14.15
RM006,2025-11-01,Cooking Oil,L,14.1
RM006,2025-11-02,Cooking Oil,L,13.17
RM006,2025-11-03,Cooking Oil,L,11.66
RM006,2025-11-04,Cooking Oil,L,11.91
RM006,2025-11-05,Cooking Oil,L,12.15
RM006,2025-11-06,Cooking Oil,L,13.8
RM006,2025-11-07,Cooking Oil,L,15.12
RM006,2025-11-08,Cooking Oil,L,15.62
RM006,2025-11-09,Cooking Oil,L,14.91
RM006,2025-11-10,Cooking Oil,L,11.34
RM006,2025-11-11,Cooking Oil,L,13.2
RM006,2025-11-12,Cooking Oil,L,10.18
RM006,2025-11-13,Cooking Oil,L,11.89
RM006,2025-11-14,Cooking Oil,L,12.51
RM006,2025-11-15,Cooking Oil,L,15.85
RM006,2025-11-16,Cooking Oil,L,12.21
RM006,2025-11-17,Cooking Oil,L,10.57
RM006,2025-11-18,Cooking Oil,L,10.66
RM006,2025-11-19,Cooking Oil,L,11.36
RM006,2025-11-20,Cooking Oil,L,11.63
RM006,2025-11-21,Cooking Oil,L,10.66
RM006,2025-11-22,Cooking Oil,L,12.27
RM006,2025-11-23,Cooking Oil,L,11.3
RM006,2025-11-24,Cooking Oil,L,11.04
RM006,2025-11-25,Cooking Oil,L,8.29
RM006,2025-11-26,Cooking Oil,L,11.22
RM006,2025-11-27,Cooking Oil,L,12.26
RM006,2025-11-28,Cooking Oil,L,13.88
RM006,2025-11-29,Cooking Oil,L,15.15
RM006,2025-11-30,Cooking Oil,L,12.77
RM006,2025-12-01,Cooking Oil,L,10.11
RM006,2025-12-02,Cooking Oil,L,12.18
RM006,2025-12-03,Cooking Oil,L,11.62
RM006,2025-12-04,Cooking Oil,L,12.56
RM006,2025-12-05,Cooking Oil,L,14.15
RM006,2025-12-06,Cooking Oil,L,17.9
RM006,2025-12-07,Cooking Oil,L,13.36
RM006,2025-12-08,Cooking Oil,L,12.63
RM006,2025-12-09,Cooking Oil,L,12.01
RM006,2025-12-10,Cooking Oil,L,12.73
RM006,2025-12-11,Cooking Oil,L,12.05
RM006,2025-12-12,Cooking Oil,L,13.51
RM006,2025-12-13,Cooking Oil,L,13.33
RM006,2025-12-14,Cooking Oil,L,12.7
RM006,2025-12-15,Cooking Oil,L,10.0
RM006,2025-12-16,Cooking Oil,L,10.55
RM006,2025-12-17,Cooking Oil,L,10.9
RM006,2025-12-18,Cooking Oil,L,11.18
RM006,2025-12-19,Cooking Oil,L,13.43
RM006,2025-12-20,Cooking Oil,L,13.8
RM006,2025-12-21,Cooking Oil,L,11.33
RM006,2025-12-22,Cooking Oil,L,9.68
RM006,2025-12-23,Cooking Oil,L,10.81
RM006,2025-12-24,Cooking Oil,L,10.9
RM006,2025-12-25,Cooking Oil,L,11.85
RM006,2025-12-26,Cooking Oil,L,12.81
RM006,2025-12-27,Cooking Oil,L,15.33
RM006,2025-12-28,Cooking Oil,L,11.0
RM006,2025-12-29,Cooking Oil,L,10.53
RM006,2025-12-30,Cooking Oil,L,11.84
RM006,2025-12-31,Cooking Oil,L,12.69
RM006,2026-01-01,Cooking Oil,L,11.68
RM006,2026-01-02,Cooking Oil,L,14.09
RM006,2026-01-03,Cooking Oil,L,16.66
RM006,2026-01-04,Cooking Oil,L,13.98
RM006,2026-01-05,Cooking Oil,L,10.75
RM006,2026-01-06,Cooking Oil,L,11.02
RM006,2026-01-07,Cooking Oil,L,13.56
RM006,2026-01-08,Cooking Oil,L,12.44
RM006,2026-01-09,Cooking Oil,L,14.4
RM006,2026-01-10,Cooking Oil,L,15.56
RM006,2026-01-11,Cooking Oil,L,12.71
RM006,2026-01-12,Cooking Oil,L,10.36
RM006,2026-01-13,Cooking Oil,L,10.46
RM006,2026-01-14,Cooking Oil,L,10.84
RM006,2026-01-15,Cooking Oil,L,12.31
RM006,2026-01-16,Cooking Oil,L,11.77
RM006,2026-01-17,Cooking Oil,L,12.72
RM006,2026-01-18,Cooking Oil,L,10.79
RM006,2026-01-19,Cooking Oil,L,9.08
RM006,2026-01-20,Cooking Oil,L,11.45
RM006,2026-01-21,Cooking Oil,L,12.16
RM006,2026-01-22,Cooking Oil,L,11.28
RM006,2026-01-23,Cooking Oil,L,12.09
RM006,2026-01-24,Cooking Oil,L,13.7
RM006,2026-01-25,Cooking Oil,L,12.28
RM006,2026-01-26,Cooking Oil,L,12.34
RM006,2026-01-27,Cooking Oil,L,12.09
RM006,2026-01-28,Cooking Oil,L,11.15
RM006,2026-01-29,Cooking Oil,L,12.27
RM006,2026-01-30,Cooking Oil,L,12.72
RM006,2026-01-31,Cooking Oil,L,15.1
RM006,2026-02-01,Cooking Oil,L,13.78
RM006,2026-02-02,Cooking Oil,L,10.8
RM006,2026-02-03,Cooking Oil,L,11.65
RM006,2026-02-04,Cooking Oil,L,12.83
RM006,2026-02-05,Cooking Oil,L,13.03
RM006,2026-02-06,Cooking Oil,L,13.36
RM006,2026-02-07,Cooking Oil,L,13.67
RM006,2026-02-08,Cooking Oil,L,12.25
RM006,2026-02-09,Cooking Oil,L,11.27
RM006,2026-02-10,Cooking Oil,L,10.69
RM006,2026-02-11,Cooking Oil,L,10.78
RM006,2026-02-12,Cooking Oil,L,12.43
RM006,2026-02-13,Cooking Oil,L,12.45
RM006,2026-02-14,Cooking Oil,L,14.38
RM006,2026-02-15,Cooking Oil,L,11.72
RM006,2026-02-16,Cooking Oil,L,8.84
RM006,2026-02-17,Cooking Oil,L,10.08
RM006,2026-02-18,Cooking Oil,L,10.84
RM006,2026-02-19,Cooking Oil,L,11.24
RM006,2026-02-20,Cooking Oil,L,12.64
RM006,2026-02-21,Cooking Oil,L,13.56
RM006,2026-02-22,Cooking Oil,L,12.94
RM006,2026-02-23,Cooking Oil,L,9.36
RM006,2026-02-24,Cooking Oil,L,10.56
RM006,2026-02-25,Cooking Oil,L,12.2
RM006,2026-02-26,Cooking Oil,L,14.63
RM006,2026-02-27,Cooking Oil,L,12.47
RM006,2026-02-28,Cooking Oil,L,13.49
RM006,2026-03-01,Cooking Oil,L,12.37
RM006,2026-03-02,Cooking Oil,L,11.37
RM006,2026-03-03,Cooking Oil,L,12.02
RM006,2026-03-04,Cooking Oil,L,13.01
RM006,2026-03-05,Cooking Oil,L,13.01
RM006,2026-03-06,Cooking Oil,L,14.58
RM006,2026-03-07,Cooking Oil,L,12.64
RM006,2026-03-08,Cooking Oil,L,13.35
RM006,2026-03-09,Cooking Oil,L,10.7
RM006,2026-03-10,Cooking Oil,L,13.59
RM006,2026-03-11,Cooking Oil,L,12.79
RM006,2026-03-12,Cooking Oil,L,13.08
RM006,2026-03-13,Cooking Oil,L,11.68
RM006,2026-03-14,Cooking Oil,L,15.15
RM006,2026-03-15,Cooking Oil,L,13.19
RM006,2026-03-16,Cooking Oil,L,10.84
RM006,2026-03-17,Cooking Oil,L,10.81
RM006,2026-03-18,Cooking Oil,L,11.41
RM006,2026-03-19,Cooking Oil,L,12.33
RM006,2026-03-20,Cooking Oil,L,13.75
RM006,2026-03-21,Cooking Oil,L,15.95
RM006,2026-03-22,Cooking Oil,L,10.37
RM006,2026-03-23,Cooking Oil,L,10.02
RM006,2026-03-24,Cooking Oil,L,11.73
RM006,2026-03-25,Cooking Oil,L,11.61
RM006,2026-03-26,Cooking Oil,L,10.26
RM006,2026-03-27,Cooking Oil,L,14.56
RM006,2026-03-28,Cooking Oil,L,14.39
RM006,2026-03-29,Cooking Oil,L,15.2
RM006,2026-03-30,Cooking Oil,L,10.62
RM006,2026-03-31,Cooking Oil,L,14.09
RM006,2026-04-01,Cooking Oil,L,14.16
RM006,2026-04-02,Cooking Oil,L,14.64
RM006,2026-04-03,Cooking Oil,L,15.54
RM006,2026-04-04,Cooking Oil,L,14.99
RM006,2026-04-05,Cooking Oil,L,13.48
RM006,2026-04-06,Cooking Oil,L,10.24
RM006,2026-04-07,Cooking Oil,L,13.73
RM006,2026-04-08,Cooking Oil,L,12.19
RM006,2026-04-09,Cooking Oil,L,11.88
RM006,2026-04-10,Cooking Oil,L,14.14
RM006,2026-04-11,Cooking Oil,L,13.57
RM006,2026-04-12,Cooking Oil,L,14.02
RM006,2026-04-13,Cooking Oil,L,11.15
RM006,2026-04-14,Cooking Oil,L,10.34
RM006,2026-04-15,Cooking Oil,L,12.59
RM006,2026-04-16,Cooking Oil,L,11.51
RM006,2026-04-17,Cooking Oil,L,12.72
RM006,2026-04-18,Cooking Oil,L,14.23
RM006,2026-04-19,Cooking Oil,L,15.4
RM006,2026-04-20,Cooking Oil,L,8.9
RM006,2026-04-21,Cooking Oil,L,13.47
RM006,2026-04-22,Cooking Oil,L,11.11
RM006,2026-04-23,Cooking Oil,L,12.74
RM006,2026-04-24,Cooking Oil,L,13.59
RM006,2026-04-25,Cooking Oil,L,14.3
RM006,2026-04-26,Cooking Oil,L,14.49
RM006,2026-04-27,Cooking Oil,L,11.62
RM006,2026-04-28,Cooking Oil,L,11.52
RM006,2026-04-29,Cooking Oil,L,13.02
RM006,2026-04-30,Cooking Oil,L,13.35
RM006,2026-05-01,Cooking Oil,L,13.71
RM006,2026-05-02,Cooking Oil,L,17.01
RM006,2026-05-03,Cooking Oil,L,12.92
RM006,2026-05-04,Cooking Oil,L,10.7
RM006,2026-05-05,Cooking Oil,L,11.81
RM006,2026-05-06,Cooking Oil,L,14.33
RM006,2026-05-07,Cooking Oil,L,14.9
RM006,2026-05-08,Cooking Oil,L,13.09
RM006,2026-05-09,Cooking Oil,L,15.51
RM006,2026-05-10,Cooking Oil,L,14.7
RM006,2026-05-11,Cooking Oil,L,9.43
RM006,2026-05-12,Cooking Oil,L,11.51
RM006,2026-05-13,Cooking Oil,L,12.61
RM006,2026-05-14,Cooking Oil,L,11.3
RM006,2026-05-15,Cooking Oil,L,11.77
RM006,2026-05-16,Cooking Oil,L,15.0
RM006,2026-05-17,Cooking Oil,L,11.76
RM006,2026-05-18,Cooking Oil,L,10.37
RM006,2026-05-19,Cooking Oil,L,11.2
RM006,2026-05-20,Cooking Oil,L,12.36
RM006,2026-05-21,Cooking Oil,L,10.7
RM006,2026-05-22,Cooking Oil,L,13.21
RM006,2026-05-23,Cooking Oil,L,12.36
RM006,2026-05-24,Cooking Oil,L,11.26
RM006,2026-05-25,Cooking Oil,L,11.12
RM006,2026-05-26,Cooking Oil,L,10.58
RM006,2026-05-27,Cooking Oil,L,11.25
RM006,2026-05-28,Cooking Oil,L,11.4
RM006,2026-05-29,Cooking Oil,L,13.21
RM006,2026-05-30,Cooking Oil,L,13.82
RM006,2026-05-31,Cooking Oil,L,12.46
RM006,2026-06-01,Cooking Oil,L,10.41
RM006,2026-06-02,Cooking Oil,L,12.4
RM006,2026-06-03,Cooking Oil,L,12.81
RM006,2026-06-04,Cooking Oil,L,14.02
RM006,2026-06-05,Cooking Oil,L,16.29
RM006,2026-06-06,Cooking Oil,L,16.01
RM006,2026-06-07,Cooking Oil,L,13.15
RM006,2026-06-08,Cooking Oil,L,11.29
RM006,2026-06-09,Cooking Oil,L,10.78
RM006,2026-06-10,Cooking Oil,L,11.2
RM006,2026-06-11,Cooking Oil,L,12.55
RM006,2026-06-12,Cooking Oil,L,15.06
RM006,2026-06-13,Cooking Oil,L,15.12
RM006,2026-06-14,Cooking Oil,L,12.62
RM006,2026-06-15,Cooking Oil,L,11.63
RM006,2026-06-16,Cooking Oil,L,10.99
RM006,2026-06-17,Cooking Oil,L,12.3
RM006,2026-06-18,Cooking Oil,L,12.36
RM006,2026-06-19,Cooking Oil,L,12.22
RM006,2026-06-20,Cooking Oil,L,13.36
RM006,2026-06-21,Cooking Oil,L,11.88
RM006,2026-06-22,Cooking Oil,L,10.05
RM006,2026-06-23,Cooking Oil,L,11.5
RM006,2026-06-24,Cooking Oil,L,10.66
RM006,2026-06-25,Cooking Oil,L,11.99
RM006,2026-06-26,Cooking Oil,L,13.95
RM006,2026-06-27,Cooking Oil,L,14.29
RM006,2026-06-28,Cooking Oil,L,11.51
RM006,2026-06-29,Cooking Oil,L,11.17
RM006,2026-06-30,Cooking Oil,L,14.12
RM006,2026-07-01,Cooking Oil,L,11.43
RM006,2026-07-02,Cooking Oil,L,14.14
RM006,2026-07-03,Cooking Oil,L,13.76
RM006,2026-07-04,Cooking Oil,L,15.12
RM006,2026-07-05,Cooking Oil,L,14.29
RM006,2026-07-06,Cooking Oil,L,10.96
RM006,2026-07-07,Cooking Oil,L,12.04
RM006,2026-07-08,Cooking Oil,L,13.56
RM006,2026-07-09,Cooking Oil,L,14.58
RM006,2026-07-10,Cooking Oil,L,14.41
RM006,2026-07-11,Cooking Oil,L,15.48
RM006,2026-07-12,Cooking Oil,L,12.52
RM006,2026-07-13,Cooking Oil,L,11.42
RM006,2026-07-14,Cooking Oil,L,11.97
RM006,2026-07-15,Cooking Oil,L,13.33
RM006,2026-07-16,Cooking Oil,L,12.8
RM006,2026-07-17,Cooking Oil,L,12.17
RM006,2026-07-18,Cooking Oil,L,13.08
RM006,2026-07-19,Cooking Oil,L,13.88
RM006,2026-07-20,Cooking Oil,L,10.18
RM006,2026-07-21,Cooking Oil,L,10.39
RM006,2026-07-22,Cooking Oil,L,10.86
RM006,2026-07-23,Cooking Oil,L,12.63
RM006,2026-07-24,Cooking Oil,L,11.77
RM006,2026-07-25,Cooking Oil,L,15.63
RM006,2026-07-26,Cooking Oil,L,13.95
RM006,2026-07-27,Cooking Oil,L,9.46
RM006,2026-07-28,Cooking Oil,L,10.28
RM006,2026-07-29,Cooking Oil,L,10.64
RM006,2026-07-30,Cooking Oil,L,12.64
RM006,2026-07-31,Cooking Oil,L,15.46
RM006,2026-08-01,Cooking Oil,L,16.53
RM006,2026-08-02,Cooking Oil,L,12.57
RM006,2026-08-03,Cooking Oil,L,10.14
RM006,2026-08-04,Cooking Oil,L,12.48
RM006,2026-08-05,Cooking Oil,L,12.59
RM006,2026-08-06,Cooking Oil,L,12.72
RM006,2026-08-07,Cooking Oil,L,13.87
RM006,2026-08-08,Cooking Oil,L,15.27
RM006,2026-08-09,Cooking Oil,L,15.89
RM007,2025-01-01,Small Shrimp,kg,6.99
RM007,2025-01-02,Small Shrimp,kg,8.42
RM007,2025-01-03,Small Shrimp,kg,7.57
RM007,2025-01-04,Small Shrimp,kg,7.46
RM007,2025-01-05,Small Shrimp,kg,8.74
RM007,2025-01-06,Small Shrimp,kg,6.27
RM007,2025-01-07,Small Shrimp,kg,6.52
RM007,2025-01-08,Small Shrimp,kg,7.52
RM007,2025-01-09,Small Shrimp,kg,6.46
RM007,2025-01-10,Small Shrimp,kg,8.79
RM007,2025-01-11,Small Shrimp,kg,9.13
RM007,2025-01-12,Small Shrimp,kg,7.7
RM007,2025-01-13,Small Shrimp,kg,5.69
RM007,2025-01-14,Small Shrimp,kg,6.13
RM007,2025-01-15,Small Shrimp,kg,7.38
RM007,2025-01-16,Small Shrimp,kg,6.62
RM007,2025-01-17,Small Shrimp,kg,8.35
RM007,2025-01-18,Small Shrimp,kg,7.88
RM007,2025-01-19,Small Shrimp,kg,7.12
RM007,2025-01-20,Small Shrimp,kg,5.54
RM007,2025-01-21,Small Shrimp,kg,6.86
RM007,2025-01-22,Small Shrimp,kg,7.22
RM007,2025-01-23,Small Shrimp,kg,7.6
RM007,2025-01-24,Small Shrimp,kg,8.39
RM007,2025-01-25,Small Shrimp,kg,7.04
RM007,2025-01-26,Small Shrimp,kg,7.64
RM007,2025-01-27,Small Shrimp,kg,6.6
RM007,2025-01-28,Small Shrimp,kg,7.15
RM007,2025-01-29,Small Shrimp,kg,7.17
RM007,2025-01-30,Small Shrimp,kg,7.8
RM007,2025-01-31,Small Shrimp,kg,8.18
RM007,2025-02-01,Small Shrimp,kg,8.53
RM007,2025-02-02,Small Shrimp,kg,8.06
RM007,2025-02-03,Small Shrimp,kg,6.27
RM007,2025-02-04,Small Shrimp,kg,6.36
RM007,2025-02-05,Small Shrimp,kg,8.07
RM007,2025-02-06,Small Shrimp,kg,7.59
RM007,2025-02-07,Small Shrimp,kg,8.04
RM007,2025-02-08,Small Shrimp,kg,6.95
RM007,2025-02-09,Small Shrimp,kg,7.3
RM007,2025-02-10,Small Shrimp,kg,5.8
RM007,2025-02-11,Small Shrimp,kg,7.04
RM007,2025-02-12,Small Shrimp,kg,7.42
RM007,2025-02-13,Small Shrimp,kg,7.85
RM007,2025-02-14,Small Shrimp,kg,7.52
RM007,2025-02-15,Small Shrimp,kg,8.48
RM007,2025-02-16,Small Shrimp,kg,6.6
RM007,2025-02-17,Small Shrimp,kg,6.49
RM007,2025-02-18,Small Shrimp,kg,6.42
RM007,2025-02-19,Small Shrimp,kg,6.62
RM007,2025-02-20,Small Shrimp,kg,6.77
RM007,2025-02-21,Small Shrimp,kg,8.24
RM007,2025-02-22,Small Shrimp,kg,7.84
RM007,2025-02-23,Small Shrimp,kg,7.59
RM007,2025-02-24,Small Shrimp,kg,6.22
RM007,2025-02-25,Small Shrimp,kg,7.12
RM007,2025-02-26,Small Shrimp,kg,7.37
RM007,2025-02-27,Small Shrimp,kg,7.09
RM007,2025-02-28,Small Shrimp,kg,7.92
RM007,2025-03-01,Small Shrimp,kg,9.72
RM007,2025-03-02,Small Shrimp,kg,7.79
RM007,2025-03-03,Small Shrimp,kg,6.83
RM007,2025-03-04,Small Shrimp,kg,7.72
RM007,2025-03-05,Small Shrimp,kg,7.14
RM007,2025-03-06,Small Shrimp,kg,8.64
RM007,2025-03-07,Small Shrimp,kg,8.4
RM007,2025-03-08,Small Shrimp,kg,8.82
RM007,2025-03-09,Small Shrimp,kg,7.62
RM007,2025-03-10,Small Shrimp,kg,6.05
RM007,2025-03-11,Small Shrimp,kg,7.51
RM007,2025-03-12,Small Shrimp,kg,7.35
RM007,2025-03-13,Small Shrimp,kg,7.07
RM007,2025-03-14,Small Shrimp,kg,6.97
RM007,2025-03-15,Small Shrimp,kg,8.28
RM007,2025-03-16,Small Shrimp,kg,7.39
RM007,2025-03-17,Small Shrimp,kg,5.87
RM007,2025-03-18,Small Shrimp,kg,7.23
RM007,2025-03-19,Small Shrimp,kg,6.49
RM007,2025-03-20,Small Shrimp,kg,6.73
RM007,2025-03-21,Small Shrimp,kg,6.95
RM007,2025-03-22,Small Shrimp,kg,6.98
RM007,2025-03-23,Small Shrimp,kg,7.21
RM007,2025-03-24,Small Shrimp,kg,5.19
RM007,2025-03-25,Small Shrimp,kg,5.23
RM007,2025-03-26,Small Shrimp,kg,5.37
RM007,2025-03-27,Small Shrimp,kg,7.07
RM007,2025-03-28,Small Shrimp,kg,7.31
RM007,2025-03-29,Small Shrimp,kg,8.76
RM007,2025-03-30,Small Shrimp,kg,8.36
RM007,2025-03-31,Small Shrimp,kg,6.66
RM007,2025-04-01,Small Shrimp,kg,6.77
RM007,2025-04-02,Small Shrimp,kg,6.78
RM007,2025-04-03,Small Shrimp,kg,7.53
RM007,2025-04-04,Small Shrimp,kg,8.56
RM007,2025-04-05,Small Shrimp,kg,8.86
RM007,2025-04-06,Small Shrimp,kg,7.38
RM007,2025-04-07,Small Shrimp,kg,6.52
RM007,2025-04-08,Small Shrimp,kg,7.06
RM007,2025-04-09,Small Shrimp,kg,7.33
RM007,2025-04-10,Small Shrimp,kg,7.51
RM007,2025-04-11,Small Shrimp,kg,7.57
RM007,2025-04-12,Small Shrimp,kg,9.18
RM007,2025-04-13,Small Shrimp,kg,8.83
RM007,2025-04-14,Small Shrimp,kg,5.67
RM007,2025-04-15,Small Shrimp,kg,6.36
RM007,2025-04-16,Small Shrimp,kg,6.31
RM007,2025-04-17,Small Shrimp,kg,6.46
RM007,2025-04-18,Small Shrimp,kg,7.06
RM007,2025-04-19,Small Shrimp,kg,7.71
RM007,2025-04-20,Small Shrimp,kg,6.62
RM007,2025-04-21,Small Shrimp,kg,6.78
RM007,2025-04-22,Small Shrimp,kg,5.65
RM007,2025-04-23,Small Shrimp,kg,6.93
RM007,2025-04-24,Small Shrimp,kg,7.62
RM007,2025-04-25,Small Shrimp,kg,7.72
RM007,2025-04-26,Small Shrimp,kg,8.32
RM007,2025-04-27,Small Shrimp,kg,7.39
RM007,2025-04-28,Small Shrimp,kg,6.03
RM007,2025-04-29,Small Shrimp,kg,6.44
RM007,2025-04-30,Small Shrimp,kg,7.59
RM007,2025-05-01,Small Shrimp,kg,8.03
RM007,2025-05-02,Small Shrimp,kg,9.23
RM007,2025-05-03,Small Shrimp,kg,9.33
RM007,2025-05-04,Small Shrimp,kg,7.46
RM007,2025-05-05,Small Shrimp,kg,6.35
RM007,2025-05-06,Small Shrimp,kg,6.44
RM007,2025-05-07,Small Shrimp,kg,7.53
RM007,2025-05-08,Small Shrimp,kg,8.26
RM007,2025-05-09,Small Shrimp,kg,8.8
RM007,2025-05-10,Small Shrimp,kg,8.5
RM007,2025-05-11,Small Shrimp,kg,6.68
RM007,2025-05-12,Small Shrimp,kg,6.44
RM007,2025-05-13,Small Shrimp,kg,6.37
RM007,2025-05-14,Small Shrimp,kg,6.48
RM007,2025-05-15,Small Shrimp,kg,7.43
RM007,2025-05-16,Small Shrimp,kg,8.45
RM007,2025-05-17,Small Shrimp,kg,8.28
RM007,2025-05-18,Small Shrimp,kg,8.57
RM007,2025-05-19,Small Shrimp,kg,6.42
RM007,2025-05-20,Small Shrimp,kg,6.3
RM007,2025-05-21,Small Shrimp,kg,6.84
RM007,2025-05-22,Small Shrimp,kg,7.52
RM007,2025-05-23,Small Shrimp,kg,6.83
RM007,2025-05-24,Small Shrimp,kg,8.09
RM007,2025-05-25,Small Shrimp,kg,7.4
RM007,2025-05-26,Small Shrimp,kg,5.33
RM007,2025-05-27,Small Shrimp,kg,5.61
RM007,2025-05-28,Small Shrimp,kg,6.97
RM007,2025-05-29,Small Shrimp,kg,7.85
RM007,2025-05-30,Small Shrimp,kg,6.6
RM007,2025-05-31,Small Shrimp,kg,9.62
RM007,2025-06-01,Small Shrimp,kg,7.81
RM007,2025-06-02,Small Shrimp,kg,6.21
RM007,2025-06-03,Small Shrimp,kg,7.43
RM007,2025-06-04,Small Shrimp,kg,7.68
RM007,2025-06-05,Small Shrimp,kg,8.4
RM007,2025-06-06,Small Shrimp,kg,8.44
RM007,2025-06-07,Small Shrimp,kg,10.02
RM007,2025-06-08,Small Shrimp,kg,8.96
RM007,2025-06-09,Small Shrimp,kg,6.39
RM007,2025-06-10,Small Shrimp,kg,7.62
RM007,2025-06-11,Small Shrimp,kg,7.21
RM007,2025-06-12,Small Shrimp,kg,7.19
RM007,2025-06-13,Small Shrimp,kg,6.65
RM007,2025-06-14,Small Shrimp,kg,8.3
RM007,2025-06-15,Small Shrimp,kg,7.23
RM007,2025-06-16,Small Shrimp,kg,5.31
RM007,2025-06-17,Small Shrimp,kg,6.17
RM007,2025-06-18,Small Shrimp,kg,6.57
RM007,2025-06-19,Small Shrimp,kg,7.07
RM007,2025-06-20,Small Shrimp,kg,7.33
RM007,2025-06-21,Small Shrimp,kg,8.31
RM007,2025-06-22,Small Shrimp,kg,7.14
RM007,2025-06-23,Small Shrimp,kg,5.83
RM007,2025-06-24,Small Shrimp,kg,6.91
RM007,2025-06-25,Small Shrimp,kg,6.62
RM007,2025-06-26,Small Shrimp,kg,7.35
RM007,2025-06-27,Small Shrimp,kg,8.13
RM007,2025-06-28,Small Shrimp,kg,7.25
RM007,2025-06-29,Small Shrimp,kg,7.43
RM007,2025-06-30,Small Shrimp,kg,6.47
RM007,2025-07-01,Small Shrimp,kg,7.01
RM007,2025-07-02,Small Shrimp,kg,7.25
RM007,2025-07-03,Small Shrimp,kg,7.92
RM007,2025-07-04,Small Shrimp,kg,8.06
RM007,2025-07-05,Small Shrimp,kg,9.22
RM007,2025-07-06,Small Shrimp,kg,7.12
RM007,2025-07-07,Small Shrimp,kg,5.36
RM007,2025-07-08,Small Shrimp,kg,7.11
RM007,2025-07-09,Small Shrimp,kg,7.91
RM007,2025-07-10,Small Shrimp,kg,7.66
RM007,2025-07-11,Small Shrimp,kg,7.04
RM007,2025-07-12,Small Shrimp,kg,7.5
RM007,2025-07-13,Small Shrimp,kg,6.82
RM007,2025-07-14,Small Shrimp,kg,6.28
RM007,2025-07-15,Small Shrimp,kg,6.2
RM007,2025-07-16,Small Shrimp,kg,6.79
RM007,2025-07-17,Small Shrimp,kg,7.22
RM007,2025-07-18,Small Shrimp,kg,7.95
RM007,2025-07-19,Small Shrimp,kg,7.72
RM007,2025-07-20,Small Shrimp,kg,6.52
RM007,2025-07-21,Small Shrimp,kg,5.65
RM007,2025-07-22,Small Shrimp,kg,5.92
RM007,2025-07-23,Small Shrimp,kg,6.57
RM007,2025-07-24,Small Shrimp,kg,7.06
RM007,2025-07-25,Small Shrimp,kg,7.42
RM007,2025-07-26,Small Shrimp,kg,8.18
RM007,2025-07-27,Small Shrimp,kg,7.13
RM007,2025-07-28,Small Shrimp,kg,6.1
RM007,2025-07-29,Small Shrimp,kg,6.18
RM007,2025-07-30,Small Shrimp,kg,7.52
RM007,2025-07-31,Small Shrimp,kg,7.69
RM007,2025-08-01,Small Shrimp,kg,8.37
RM007,2025-08-02,Small Shrimp,kg,7.92
RM007,2025-08-03,Small Shrimp,kg,8.4
RM007,2025-08-04,Small Shrimp,kg,6.78
RM007,2025-08-05,Small Shrimp,kg,8.03
RM007,2025-08-06,Small Shrimp,kg,7.28
RM007,2025-08-07,Small Shrimp,kg,7.39
RM007,2025-08-08,Small Shrimp,kg,7.9
RM007,2025-08-09,Small Shrimp,kg,8.81
RM007,2025-08-10,Small Shrimp,kg,7.54
RM007,2025-08-11,Small Shrimp,kg,5.53
RM007,2025-08-12,Small Shrimp,kg,6.52
RM007,2025-08-13,Small Shrimp,kg,6.72
RM007,2025-08-14,Small Shrimp,kg,6.83
RM007,2025-08-15,Small Shrimp,kg,7.59
RM007,2025-08-16,Small Shrimp,kg,7.93
RM007,2025-08-17,Small Shrimp,kg,7.37
RM007,2025-08-18,Small Shrimp,kg,5.3
RM007,2025-08-19,Small Shrimp,kg,6.46
RM007,2025-08-20,Small Shrimp,kg,6.48
RM007,2025-08-21,Small Shrimp,kg,6.67
RM007,2025-08-22,Small Shrimp,kg,6.9
RM007,2025-08-23,Small Shrimp,kg,7.39
RM007,2025-08-24,Small Shrimp,kg,6.69
RM007,2025-08-25,Small Shrimp,kg,6.5
RM007,2025-08-26,Small Shrimp,kg,7.85
RM007,2025-08-27,Small Shrimp,kg,6.75
RM007,2025-08-28,Small Shrimp,kg,7.43
RM007,2025-08-29,Small Shrimp,kg,7.0
RM007,2025-08-30,Small Shrimp,kg,8.55
RM007,2025-08-31,Small Shrimp,kg,6.94
RM007,2025-09-01,Small Shrimp,kg,6.0
RM007,2025-09-02,Small Shrimp,kg,7.03
RM007,2025-09-03,Small Shrimp,kg,6.71
RM007,2025-09-04,Small Shrimp,kg,7.86
RM007,2025-09-05,Small Shrimp,kg,8.65
RM007,2025-09-06,Small Shrimp,kg,9.87
RM007,2025-09-07,Small Shrimp,kg,7.83
RM007,2025-09-08,Small Shrimp,kg,6.47
RM007,2025-09-09,Small Shrimp,kg,7.4
RM007,2025-09-10,Small Shrimp,kg,7.26
RM007,2025-09-11,Small Shrimp,kg,7.22
RM007,2025-09-12,Small Shrimp,kg,8.92
RM007,2025-09-13,Small Shrimp,kg,8.0
RM007,2025-09-14,Small Shrimp,kg,7.53
RM007,2025-09-15,Small Shrimp,kg,5.91
RM007,2025-09-16,Small Shrimp,kg,6.37
RM007,2025-09-17,Small Shrimp,kg,6.08
RM007,2025-09-18,Small Shrimp,kg,6.69
RM007,2025-09-19,Small Shrimp,kg,7.65
RM007,2025-09-20,Small Shrimp,kg,6.71
RM007,2025-09-21,Small Shrimp,kg,7.51
RM007,2025-09-22,Small Shrimp,kg,6.02
RM007,2025-09-23,Small Shrimp,kg,7.56
RM007,2025-09-24,Small Shrimp,kg,6.02
RM007,2025-09-25,Small Shrimp,kg,6.53
RM007,2025-09-26,Small Shrimp,kg,7.01
RM007,2025-09-27,Small Shrimp,kg,8.39
RM007,2025-09-28,Small Shrimp,kg,7.43
RM007,2025-09-29,Small Shrimp,kg,6.81
RM007,2025-09-30,Small Shrimp,kg,7.32
RM007,2025-10-01,Small Shrimp,kg,8.05
RM007,2025-10-02,Small Shrimp,kg,8.6
RM007,2025-10-03,Small Shrimp,kg,8.62
RM007,2025-10-04,Small Shrimp,kg,8.5
RM007,2025-10-05,Small Shrimp,kg,7.31
RM007,2025-10-06,Small Shrimp,kg,6.26
RM007,2025-10-07,Small Shrimp,kg,6.53
RM007,2025-10-08,Small Shrimp,kg,8.68
RM007,2025-10-09,Small Shrimp,kg,6.26
RM007,2025-10-10,Small Shrimp,kg,7.76
RM007,2025-10-11,Small Shrimp,kg,8.68
RM007,2025-10-12,Small Shrimp,kg,8.42
RM007,2025-10-13,Small Shrimp,kg,6.19
RM007,2025-10-14,Small Shrimp,kg,6.23
RM007,2025-10-15,Small Shrimp,kg,7.05
RM007,2025-10-16,Small Shrimp,kg,6.42
RM007,2025-10-17,Small Shrimp,kg,7.69
RM007,2025-10-18,Small Shrimp,kg,7.56
RM007,2025-10-19,Small Shrimp,kg,7.81
RM007,2025-10-20,Small Shrimp,kg,5.89
RM007,2025-10-21,Small Shrimp,kg,6.98
RM007,2025-10-22,Small Shrimp,kg,6.13
RM007,2025-10-23,Small Shrimp,kg,8.28
RM007,2025-10-24,Small Shrimp,kg,6.96
RM007,2025-10-25,Small Shrimp,kg,8.08
RM007,2025-10-26,Small Shrimp,kg,7.85
RM007,2025-10-27,Small Shrimp,kg,6.18
RM007,2025-10-28,Small Shrimp,kg,5.35
RM007,2025-10-29,Small Shrimp,kg,6.82
RM007,2025-10-30,Small Shrimp,kg,7.15
RM007,2025-10-31,Small Shrimp,kg,7.31
RM007,2025-11-01,Small Shrimp,kg,8.41
RM007,2025-11-02,Small Shrimp,kg,8.25
RM007,2025-11-03,Small Shrimp,kg,5.93
RM007,2025-11-04,Small Shrimp,kg,7.56
RM007,2025-11-05,Small Shrimp,kg,8.05
RM007,2025-11-06,Small Shrimp,kg,8.16
RM007,2025-11-07,Small Shrimp,kg,7.46
RM007,2025-11-08,Small Shrimp,kg,9.0
RM007,2025-11-09,Small Shrimp,kg,8.61
RM007,2025-11-10,Small Shrimp,kg,6.29
RM007,2025-11-11,Small Shrimp,kg,6.54
RM007,2025-11-12,Small Shrimp,kg,6.86
RM007,2025-11-13,Small Shrimp,kg,7.77
RM007,2025-11-14,Small Shrimp,kg,7.13
RM007,2025-11-15,Small Shrimp,kg,8.44
RM007,2025-11-16,Small Shrimp,kg,7.26
RM007,2025-11-17,Small Shrimp,kg,5.74
RM007,2025-11-18,Small Shrimp,kg,6.63
RM007,2025-11-19,Small Shrimp,kg,7.11
RM007,2025-11-20,Small Shrimp,kg,6.8
RM007,2025-11-21,Small Shrimp,kg,7.9
RM007,2025-11-22,Small Shrimp,kg,8.19
RM007,2025-11-23,Small Shrimp,kg,7.4
RM007,2025-11-24,Small Shrimp,kg,4.76
RM007,2025-11-25,Small Shrimp,kg,6.8
RM007,2025-11-26,Small Shrimp,kg,7.01
RM007,2025-11-27,Small Shrimp,kg,6.78
RM007,2025-11-28,Small Shrimp,kg,8.13
RM007,2025-11-29,Small Shrimp,kg,8.47
RM007,2025-11-30,Small Shrimp,kg,8.38
RM007,2025-12-01,Small Shrimp,kg,6.04
RM007,2025-12-02,Small Shrimp,kg,6.64
RM007,2025-12-03,Small Shrimp,kg,7.26
RM007,2025-12-04,Small Shrimp,kg,6.1
RM007,2025-12-05,Small Shrimp,kg,8.89
RM007,2025-12-06,Small Shrimp,kg,8.78
RM007,2025-12-07,Small Shrimp,kg,8.17
RM007,2025-12-08,Small Shrimp,kg,6.9
RM007,2025-12-09,Small Shrimp,kg,7.67
RM007,2025-12-10,Small Shrimp,kg,7.36
RM007,2025-12-11,Small Shrimp,kg,6.82
RM007,2025-12-12,Small Shrimp,kg,8.23
RM007,2025-12-13,Small Shrimp,kg,7.83
RM007,2025-12-14,Small Shrimp,kg,6.65
RM007,2025-12-15,Small Shrimp,kg,5.62
RM007,2025-12-16,Small Shrimp,kg,6.27
RM007,2025-12-17,Small Shrimp,kg,6.73
RM007,2025-12-18,Small Shrimp,kg,7.41
RM007,2025-12-19,Small Shrimp,kg,7.15
RM007,2025-12-20,Small Shrimp,kg,8.92
RM007,2025-12-21,Small Shrimp,kg,7.18
RM007,2025-12-22,Small Shrimp,kg,6.49
RM007,2025-12-23,Small Shrimp,kg,6.78
RM007,2025-12-24,Small Shrimp,kg,6.64
RM007,2025-12-25,Small Shrimp,kg,7.83
RM007,2025-12-26,Small Shrimp,kg,6.88
RM007,2025-12-27,Small Shrimp,kg,8.56
RM007,2025-12-28,Small Shrimp,kg,6.98
RM007,2025-12-29,Small Shrimp,kg,6.15
RM007,2025-12-30,Small Shrimp,kg,6.72
RM007,2025-12-31,Small Shrimp,kg,6.54
RM007,2026-01-01,Small Shrimp,kg,7.91
RM007,2026-01-02,Small Shrimp,kg,7.95
RM007,2026-01-03,Small Shrimp,kg,9.22
RM007,2026-01-04,Small Shrimp,kg,6.95
RM007,2026-01-05,Small Shrimp,kg,6.95
RM007,2026-01-06,Small Shrimp,kg,7.12
RM007,2026-01-07,Small Shrimp,kg,7.88
RM007,2026-01-08,Small Shrimp,kg,7.62
RM007,2026-01-09,Small Shrimp,kg,7.82
RM007,2026-01-10,Small Shrimp,kg,9.04
RM007,2026-01-11,Small Shrimp,kg,7.51
RM007,2026-01-12,Small Shrimp,kg,5.07
RM007,2026-01-13,Small Shrimp,kg,7.54
RM007,2026-01-14,Small Shrimp,kg,6.95
RM007,2026-01-15,Small Shrimp,kg,7.51
RM007,2026-01-16,Small Shrimp,kg,7.33
RM007,2026-01-17,Small Shrimp,kg,7.28
RM007,2026-01-18,Small Shrimp,kg,6.8
RM007,2026-01-19,Small Shrimp,kg,6.08
RM007,2026-01-20,Small Shrimp,kg,6.36
RM007,2026-01-21,Small Shrimp,kg,6.13
RM007,2026-01-22,Small Shrimp,kg,6.93
RM007,2026-01-23,Small Shrimp,kg,8.17
RM007,2026-01-24,Small Shrimp,kg,8.37
RM007,2026-01-25,Small Shrimp,kg,7.1
RM007,2026-01-26,Small Shrimp,kg,6.61
RM007,2026-01-27,Small Shrimp,kg,6.78
RM007,2026-01-28,Small Shrimp,kg,7.86
RM007,2026-01-29,Small Shrimp,kg,7.72
RM007,2026-01-30,Small Shrimp,kg,8.13
RM007,2026-01-31,Small Shrimp,kg,8.01
RM007,2026-02-01,Small Shrimp,kg,7.65
RM007,2026-02-02,Small Shrimp,kg,5.71
RM007,2026-02-03,Small Shrimp,kg,8.82
RM007,2026-02-04,Small Shrimp,kg,7.58
RM007,2026-02-05,Small Shrimp,kg,7.75
RM007,2026-02-06,Small Shrimp,kg,9.62
RM007,2026-02-07,Small Shrimp,kg,9.12
RM007,2026-02-08,Small Shrimp,kg,8.28
RM007,2026-02-09,Small Shrimp,kg,6.75
RM007,2026-02-10,Small Shrimp,kg,7.35
RM007,2026-02-11,Small Shrimp,kg,7.81
RM007,2026-02-12,Small Shrimp,kg,6.78
RM007,2026-02-13,Small Shrimp,kg,8.69
RM007,2026-02-14,Small Shrimp,kg,7.48
RM007,2026-02-15,Small Shrimp,kg,6.32
RM007,2026-02-16,Small Shrimp,kg,6.37
RM007,2026-02-17,Small Shrimp,kg,6.14
RM007,2026-02-18,Small Shrimp,kg,7.32
RM007,2026-02-19,Small Shrimp,kg,6.77
RM007,2026-02-20,Small Shrimp,kg,7.42
RM007,2026-02-21,Small Shrimp,kg,8.58
RM007,2026-02-22,Small Shrimp,kg,6.69
RM007,2026-02-23,Small Shrimp,kg,6.61
RM007,2026-02-24,Small Shrimp,kg,6.1
RM007,2026-02-25,Small Shrimp,kg,7.26
RM007,2026-02-26,Small Shrimp,kg,7.5
RM007,2026-02-27,Small Shrimp,kg,7.85
RM007,2026-02-28,Small Shrimp,kg,9.03
RM007,2026-03-01,Small Shrimp,kg,8.1
RM007,2026-03-02,Small Shrimp,kg,6.38
RM007,2026-03-03,Small Shrimp,kg,7.16
RM007,2026-03-04,Small Shrimp,kg,8.33
RM007,2026-03-05,Small Shrimp,kg,6.7
RM007,2026-03-06,Small Shrimp,kg,7.98
RM007,2026-03-07,Small Shrimp,kg,8.93
RM007,2026-03-08,Small Shrimp,kg,8.39
RM007,2026-03-09,Small Shrimp,kg,7.18
RM007,2026-03-10,Small Shrimp,kg,6.29
RM007,2026-03-11,Small Shrimp,kg,7.15
RM007,2026-03-12,Small Shrimp,kg,9.02
RM007,2026-03-13,Small Shrimp,kg,9.09
RM007,2026-03-14,Small Shrimp,kg,8.13
RM007,2026-03-15,Small Shrimp,kg,7.72
RM007,2026-03-16,Small Shrimp,kg,6.21
RM007,2026-03-17,Small Shrimp,kg,7.1
RM007,2026-03-18,Small Shrimp,kg,6.72
RM007,2026-03-19,Small Shrimp,kg,6.49
RM007,2026-03-20,Small Shrimp,kg,7.76
RM007,2026-03-21,Small Shrimp,kg,7.68
RM007,2026-03-22,Small Shrimp,kg,7.09
RM007,2026-03-23,Small Shrimp,kg,5.66
RM007,2026-03-24,Small Shrimp,kg,6.79
RM007,2026-03-25,Small Shrimp,kg,6.71
RM007,2026-03-26,Small Shrimp,kg,7.05
RM007,2026-03-27,Small Shrimp,kg,8.19
RM007,2026-03-28,Small Shrimp,kg,7.66
RM007,2026-03-29,Small Shrimp,kg,7.66
RM007,2026-03-30,Small Shrimp,kg,6.84
RM007,2026-03-31,Small Shrimp,kg,7.27
RM007,2026-04-01,Small Shrimp,kg,6.63
RM007,2026-04-02,Small Shrimp,kg,6.26
RM007,2026-04-03,Small Shrimp,kg,7.06
RM007,2026-04-04,Small Shrimp,kg,8.99
RM007,2026-04-05,Small Shrimp,kg,7.65
RM007,2026-04-06,Small Shrimp,kg,7.42
RM007,2026-04-07,Small Shrimp,kg,8.2
RM007,2026-04-08,Small Shrimp,kg,6.73
RM007,2026-04-09,Small Shrimp,kg,8.0
RM007,2026-04-10,Small Shrimp,kg,7.65
RM007,2026-04-11,Small Shrimp,kg,8.2
RM007,2026-04-12,Small Shrimp,kg,7.16
RM007,2026-04-13,Small Shrimp,kg,5.25
RM007,2026-04-14,Small Shrimp,kg,6.02
RM007,2026-04-15,Small Shrimp,kg,7.52
RM007,2026-04-16,Small Shrimp,kg,6.86
RM007,2026-04-17,Small Shrimp,kg,7.92
RM007,2026-04-18,Small Shrimp,kg,7.88
RM007,2026-04-19,Small Shrimp,kg,7.5
RM007,2026-04-20,Small Shrimp,kg,5.94
RM007,2026-04-21,Small Shrimp,kg,6.62
RM007,2026-04-22,Small Shrimp,kg,6.5
RM007,2026-04-23,Small Shrimp,kg,7.52
RM007,2026-04-24,Small Shrimp,kg,7.51
RM007,2026-04-25,Small Shrimp,kg,7.52
RM007,2026-04-26,Small Shrimp,kg,7.91
RM007,2026-04-27,Small Shrimp,kg,6.05
RM007,2026-04-28,Small Shrimp,kg,6.79
RM007,2026-04-29,Small Shrimp,kg,7.44
RM007,2026-04-30,Small Shrimp,kg,7.76
RM007,2026-05-01,Small Shrimp,kg,7.02
RM007,2026-05-02,Small Shrimp,kg,7.84
RM007,2026-05-03,Small Shrimp,kg,7.94
RM007,2026-05-04,Small Shrimp,kg,5.86
RM007,2026-05-05,Small Shrimp,kg,8.02
RM007,2026-05-06,Small Shrimp,kg,7.43
RM007,2026-05-07,Small Shrimp,kg,8.18
RM007,2026-05-08,Small Shrimp,kg,7.66
RM007,2026-05-09,Small Shrimp,kg,8.13
RM007,2026-05-10,Small Shrimp,kg,7.57
RM007,2026-05-11,Small Shrimp,kg,6.33
RM007,2026-05-12,Small Shrimp,kg,7.58
RM007,2026-05-13,Small Shrimp,kg,6.36
RM007,2026-05-14,Small Shrimp,kg,7.9
RM007,2026-05-15,Small Shrimp,kg,7.68
RM007,2026-05-16,Small Shrimp,kg,8.11
RM007,2026-05-17,Small Shrimp,kg,8.02
RM007,2026-05-18,Small Shrimp,kg,5.9
RM007,2026-05-19,Small Shrimp,kg,6.8
RM007,2026-05-20,Small Shrimp,kg,6.55
RM007,2026-05-21,Small Shrimp,kg,5.94
RM007,2026-05-22,Small Shrimp,kg,6.65
RM007,2026-05-23,Small Shrimp,kg,9.09
RM007,2026-05-24,Small Shrimp,kg,7.41
RM007,2026-05-25,Small Shrimp,kg,5.78
RM007,2026-05-26,Small Shrimp,kg,5.93
RM007,2026-05-27,Small Shrimp,kg,6.49
RM007,2026-05-28,Small Shrimp,kg,7.13
RM007,2026-05-29,Small Shrimp,kg,7.76
RM007,2026-05-30,Small Shrimp,kg,9.39
RM007,2026-05-31,Small Shrimp,kg,8.57
RM007,2026-06-01,Small Shrimp,kg,6.78
RM007,2026-06-02,Small Shrimp,kg,6.71
RM007,2026-06-03,Small Shrimp,kg,7.45
RM007,2026-06-04,Small Shrimp,kg,7.09
RM007,2026-06-05,Small Shrimp,kg,8.71
RM007,2026-06-06,Small Shrimp,kg,8.78
RM007,2026-06-07,Small Shrimp,kg,8.04
RM007,2026-06-08,Small Shrimp,kg,6.21
RM007,2026-06-09,Small Shrimp,kg,7.22
RM007,2026-06-10,Small Shrimp,kg,7.34
RM007,2026-06-11,Small Shrimp,kg,7.39
RM007,2026-06-12,Small Shrimp,kg,7.98
RM007,2026-06-13,Small Shrimp,kg,6.85
RM007,2026-06-14,Small Shrimp,kg,7.48
RM007,2026-06-15,Small Shrimp,kg,5.77
RM007,2026-06-16,Small Shrimp,kg,6.94
RM007,2026-06-17,Small Shrimp,kg,6.92
RM007,2026-06-18,Small Shrimp,kg,6.67
RM007,2026-06-19,Small Shrimp,kg,7.36
RM007,2026-06-20,Small Shrimp,kg,7.87
RM007,2026-06-21,Small Shrimp,kg,6.28
RM007,2026-06-22,Small Shrimp,kg,5.11
RM007,2026-06-23,Small Shrimp,kg,5.95
RM007,2026-06-24,Small Shrimp,kg,7.06
RM007,2026-06-25,Small Shrimp,kg,7.11
RM007,2026-06-26,Small Shrimp,kg,7.46
RM007,2026-06-27,Small Shrimp,kg,9.6
RM007,2026-06-28,Small Shrimp,kg,7.58
RM007,2026-06-29,Small Shrimp,kg,5.96
RM007,2026-06-30,Small Shrimp,kg,6.9
RM007,2026-07-01,Small Shrimp,kg,7.17
RM007,2026-07-02,Small Shrimp,kg,7.66
RM007,2026-07-03,Small Shrimp,kg,8.72
RM007,2026-07-04,Small Shrimp,kg,9.17
RM007,2026-07-05,Small Shrimp,kg,8.13
RM007,2026-07-06,Small Shrimp,kg,6.98
RM007,2026-07-07,Small Shrimp,kg,6.49
RM007,2026-07-08,Small Shrimp,kg,6.63
RM007,2026-07-09,Small Shrimp,kg,7.03
RM007,2026-07-10,Small Shrimp,kg,8.54
RM007,2026-07-11,Small Shrimp,kg,9.25
RM007,2026-07-12,Small Shrimp,kg,7.79
RM007,2026-07-13,Small Shrimp,kg,6.65
RM007,2026-07-14,Small Shrimp,kg,6.72
RM007,2026-07-15,Small Shrimp,kg,6.14
RM007,2026-07-16,Small Shrimp,kg,7.63
RM007,2026-07-17,Small Shrimp,kg,6.98
RM007,2026-07-18,Small Shrimp,kg,7.88
RM007,2026-07-19,Small Shrimp,kg,7.46
RM007,2026-07-20,Small Shrimp,kg,6.28
RM007,2026-07-21,Small Shrimp,kg,6.49
RM007,2026-07-22,Small Shrimp,kg,6.48
RM007,2026-07-23,Small Shrimp,kg,7.03
RM007,2026-07-24,Small Shrimp,kg,7.39
RM007,2026-07-25,Small Shrimp,kg,7.69
RM007,2026-07-26,Small Shrimp,kg,7.46
RM007,2026-07-27,Small Shrimp,kg,5.85
RM007,2026-07-28,Small Shrimp,kg,6.24
RM007,2026-07-29,Small Shrimp,kg,8.76
RM007,2026-07-30,Small Shrimp,kg,7.48
RM007,2026-07-31,Small Shrimp,kg,8.74
RM007,2026-08-01,Small Shrimp,kg,7.88
RM007,2026-08-02,Small Shrimp,kg,8.38
RM007,2026-08-03,Small Shrimp,kg,6.66
RM007,2026-08-04,Small Shrimp,kg,6.28
RM007,2026-08-05,Small Shrimp,kg,6.8
RM007,2026-08-06,Small Shrimp,kg,7.02
RM007,2026-08-07,Small Shrimp,kg,8.91
RM007,2026-08-08,Small Shrimp,kg,8.36
RM007,2026-08-09,Small Shrimp,kg,6.73
RM008,2025-01-01,Garlic,kg,3.13
RM008,2025-01-02,Garlic,kg,3.02
RM008,2025-01-03,Garlic,kg,3.24
RM008,2025-01-04,Garlic,kg,4.21
RM008,2025-01-05,Garlic,kg,2.85
RM008,2025-01-06,Garlic,kg,2.78
RM008,2025-01-07,Garlic,kg,3.0
RM008,2025-01-08,Garlic,kg,3.41
RM008,2025-01-09,Garlic,kg,3.31
RM008,2025-01-10,Garlic,kg,3.75
RM008,2025-01-11,Garlic,kg,3.61
RM008,2025-01-12,Garlic,kg,3.03
RM008,2025-01-13,Garlic,kg,2.11
RM008,2025-01-14,Garlic,kg,2.35
RM008,2025-01-15,Garlic,kg,2.96
RM008,2025-01-16,Garlic,kg,3.09
RM008,2025-01-17,Garlic,kg,3.01
RM008,2025-01-18,Garlic,kg,3.37
RM008,2025-01-19,Garlic,kg,2.87
RM008,2025-01-20,Garlic,kg,2.64
RM008,2025-01-21,Garlic,kg,2.25
RM008,2025-01-22,Garlic,kg,2.77
RM008,2025-01-23,Garlic,kg,2.96
RM008,2025-01-24,Garlic,kg,2.98
RM008,2025-01-25,Garlic,kg,3.53
RM008,2025-01-26,Garlic,kg,3.21
RM008,2025-01-27,Garlic,kg,2.78
RM008,2025-01-28,Garlic,kg,3.03
RM008,2025-01-29,Garlic,kg,3.12
RM008,2025-01-30,Garlic,kg,3.18
RM008,2025-01-31,Garlic,kg,3.84
RM008,2025-02-01,Garlic,kg,3.53
RM008,2025-02-02,Garlic,kg,3.0
RM008,2025-02-03,Garlic,kg,2.99
RM008,2025-02-04,Garlic,kg,2.94
RM008,2025-02-05,Garlic,kg,3.23
RM008,2025-02-06,Garlic,kg,3.46
RM008,2025-02-07,Garlic,kg,3.49
RM008,2025-02-08,Garlic,kg,3.54
RM008,2025-02-09,Garlic,kg,3.55
RM008,2025-02-10,Garlic,kg,2.45
RM008,2025-02-11,Garlic,kg,3.02
RM008,2025-02-12,Garlic,kg,2.98
RM008,2025-02-13,Garlic,kg,3.47
RM008,2025-02-14,Garlic,kg,3.27
RM008,2025-02-15,Garlic,kg,3.24
RM008,2025-02-16,Garlic,kg,2.74
RM008,2025-02-17,Garlic,kg,2.79
RM008,2025-02-18,Garlic,kg,2.69
RM008,2025-02-19,Garlic,kg,2.95
RM008,2025-02-20,Garlic,kg,3.29
RM008,2025-02-21,Garlic,kg,3.31
RM008,2025-02-22,Garlic,kg,3.1
RM008,2025-02-23,Garlic,kg,3.34
RM008,2025-02-24,Garlic,kg,2.68
RM008,2025-02-25,Garlic,kg,2.37
RM008,2025-02-26,Garlic,kg,3.09
RM008,2025-02-27,Garlic,kg,2.88
RM008,2025-02-28,Garlic,kg,3.45
RM008,2025-03-01,Garlic,kg,4.04
RM008,2025-03-02,Garlic,kg,3.33
RM008,2025-03-03,Garlic,kg,3.05
RM008,2025-03-04,Garlic,kg,2.75
RM008,2025-03-05,Garlic,kg,2.82
RM008,2025-03-06,Garlic,kg,3.29
RM008,2025-03-07,Garlic,kg,3.75
RM008,2025-03-08,Garlic,kg,4.15
RM008,2025-03-09,Garlic,kg,3.47
RM008,2025-03-10,Garlic,kg,2.34
RM008,2025-03-11,Garlic,kg,2.77
RM008,2025-03-12,Garlic,kg,3.09
RM008,2025-03-13,Garlic,kg,3.02
RM008,2025-03-14,Garlic,kg,3.31
RM008,2025-03-15,Garlic,kg,3.83
RM008,2025-03-16,Garlic,kg,2.89
RM008,2025-03-17,Garlic,kg,2.52
RM008,2025-03-18,Garlic,kg,2.66
RM008,2025-03-19,Garlic,kg,2.89
RM008,2025-03-20,Garlic,kg,3.33
RM008,2025-03-21,Garlic,kg,2.96
RM008,2025-03-22,Garlic,kg,4.06
RM008,2025-03-23,Garlic,kg,3.1
RM008,2025-03-24,Garlic,kg,2.06
RM008,2025-03-25,Garlic,kg,3.33
RM008,2025-03-26,Garlic,kg,2.8
RM008,2025-03-27,Garlic,kg,3.5
RM008,2025-03-28,Garlic,kg,3.48
RM008,2025-03-29,Garlic,kg,3.76
RM008,2025-03-30,Garlic,kg,3.14
RM008,2025-03-31,Garlic,kg,2.74
RM008,2025-04-01,Garlic,kg,2.96
RM008,2025-04-02,Garlic,kg,3.14
RM008,2025-04-03,Garlic,kg,3.42
RM008,2025-04-04,Garlic,kg,3.55
RM008,2025-04-05,Garlic,kg,3.35
RM008,2025-04-06,Garlic,kg,3.03
RM008,2025-04-07,Garlic,kg,2.58
RM008,2025-04-08,Garlic,kg,3.15
RM008,2025-04-09,Garlic,kg,2.83
RM008,2025-04-10,Garlic,kg,3.06
RM008,2025-04-11,Garlic,kg,3.54
RM008,2025-04-12,Garlic,kg,3.72
RM008,2025-04-13,Garlic,kg,3.34
RM008,2025-04-14,Garlic,kg,3.0
RM008,2025-04-15,Garlic,kg,3.03
RM008,2025-04-16,Garlic,kg,2.79
RM008,2025-04-17,Garlic,kg,3.21
RM008,2025-04-18,Garlic,kg,3.41
RM008,2025-04-19,Garlic,kg,3.4
RM008,2025-04-20,Garlic,kg,3.01
RM008,2025-04-21,Garlic,kg,2.04
RM008,2025-04-22,Garlic,kg,2.49
RM008,2025-04-23,Garlic,kg,2.86
RM008,2025-04-24,Garlic,kg,3.37
RM008,2025-04-25,Garlic,kg,3.54
RM008,2025-04-26,Garlic,kg,3.17
RM008,2025-04-27,Garlic,kg,3.0
RM008,2025-04-28,Garlic,kg,3.11
RM008,2025-04-29,Garlic,kg,2.85
RM008,2025-04-30,Garlic,kg,3.06
RM008,2025-05-01,Garlic,kg,3.31
RM008,2025-05-02,Garlic,kg,3.67
RM008,2025-05-03,Garlic,kg,3.47
RM008,2025-05-04,Garlic,kg,3.11
RM008,2025-05-05,Garlic,kg,2.83
RM008,2025-05-06,Garlic,kg,3.21
RM008,2025-05-07,Garlic,kg,3.14
RM008,2025-05-08,Garlic,kg,3.34
RM008,2025-05-09,Garlic,kg,3.78
RM008,2025-05-10,Garlic,kg,3.39
RM008,2025-05-11,Garlic,kg,3.09
RM008,2025-05-12,Garlic,kg,2.73
RM008,2025-05-13,Garlic,kg,2.86
RM008,2025-05-14,Garlic,kg,2.73
RM008,2025-05-15,Garlic,kg,2.93
RM008,2025-05-16,Garlic,kg,3.45
RM008,2025-05-17,Garlic,kg,3.48
RM008,2025-05-18,Garlic,kg,3.11
RM008,2025-05-19,Garlic,kg,2.46
RM008,2025-05-20,Garlic,kg,2.67
RM008,2025-05-21,Garlic,kg,3.03
RM008,2025-05-22,Garlic,kg,3.06
RM008,2025-05-23,Garlic,kg,3.25
RM008,2025-05-24,Garlic,kg,3.52
RM008,2025-05-25,Garlic,kg,3.69
RM008,2025-05-26,Garlic,kg,2.62
RM008,2025-05-27,Garlic,kg,3.07
RM008,2025-05-28,Garlic,kg,3.08
RM008,2025-05-29,Garlic,kg,3.0
RM008,2025-05-30,Garlic,kg,3.21
RM008,2025-05-31,Garlic,kg,3.8
RM008,2025-06-01,Garlic,kg,3.62
RM008,2025-06-02,Garlic,kg,3.07
RM008,2025-06-03,Garlic,kg,3.48
RM008,2025-06-04,Garlic,kg,3.05
RM008,2025-06-05,Garlic,kg,3.64
RM008,2025-06-06,Garlic,kg,2.99
RM008,2025-06-07,Garlic,kg,3.98
RM008,2025-06-08,Garlic,kg,3.77
RM008,2025-06-09,Garlic,kg,2.4
RM008,2025-06-10,Garlic,kg,2.38
RM008,2025-06-11,Garlic,kg,3.01
RM008,2025-06-12,Garlic,kg,3.41
RM008,2025-06-13,Garlic,kg,3.18
RM008,2025-06-14,Garlic,kg,3.33
RM008,2025-06-15,Garlic,kg,3.45
RM008,2025-06-16,Garlic,kg,2.47
RM008,2025-06-17,Garlic,kg,3.04
RM008,2025-06-18,Garlic,kg,3.23
RM008,2025-06-19,Garlic,kg,2.74
RM008,2025-06-20,Garlic,kg,3.4
RM008,2025-06-21,Garlic,kg,3.71
RM008,2025-06-22,Garlic,kg,2.97
RM008,2025-06-23,Garlic,kg,2.41
RM008,2025-06-24,Garlic,kg,2.9
RM008,2025-06-25,Garlic,kg,2.88
RM008,2025-06-26,Garlic,kg,3.54
RM008,2025-06-27,Garlic,kg,3.18
RM008,2025-06-28,Garlic,kg,3.93
RM008,2025-06-29,Garlic,kg,3.62
RM008,2025-06-30,Garlic,kg,2.72
RM008,2025-07-01,Garlic,kg,3.16
RM008,2025-07-02,Garlic,kg,2.9
RM008,2025-07-03,Garlic,kg,3.72
RM008,2025-07-04,Garlic,kg,3.55
RM008,2025-07-05,Garlic,kg,3.68
RM008,2025-07-06,Garlic,kg,3.61
RM008,2025-07-07,Garlic,kg,2.9
RM008,2025-07-08,Garlic,kg,3.08
RM008,2025-07-09,Garlic,kg,3.24
RM008,2025-07-10,Garlic,kg,3.28
RM008,2025-07-11,Garlic,kg,3.36
RM008,2025-07-12,Garlic,kg,3.41
RM008,2025-07-13,Garlic,kg,3.3
RM008,2025-07-14,Garlic,kg,2.85
RM008,2025-07-15,Garlic,kg,2.61
RM008,2025-07-16,Garlic,kg,2.91
RM008,2025-07-17,Garlic,kg,3.03
RM008,2025-07-18,Garlic,kg,3.4
RM008,2025-07-19,Garlic,kg,3.29
RM008,2025-07-20,Garlic,kg,3.18
RM008,2025-07-21,Garlic,kg,2.75
RM008,2025-07-22,Garlic,kg,2.87
RM008,2025-07-23,Garlic,kg,2.55
RM008,2025-07-24,Garlic,kg,2.99
RM008,2025-07-25,Garlic,kg,3.23
RM008,2025-07-26,Garlic,kg,3.7
RM008,2025-07-27,Garlic,kg,3.1
RM008,2025-07-28,Garlic,kg,2.61
RM008,2025-07-29,Garlic,kg,2.87
RM008,2025-07-30,Garlic,kg,2.71
RM008,2025-07-31,Garlic,kg,2.9
RM008,2025-08-01,Garlic,kg,3.21
RM008,2025-08-02,Garlic,kg,3.13
RM008,2025-08-03,Garlic,kg,3.34
RM008,2025-08-04,Garlic,kg,2.87
RM008,2025-08-05,Garlic,kg,3.24
RM008,2025-08-06,Garlic,kg,3.0
RM008,2025-08-07,Garlic,kg,3.3
RM008,2025-08-08,Garlic,kg,3.66
RM008,2025-08-09,Garlic,kg,4.1
RM008,2025-08-10,Garlic,kg,3.45
RM008,2025-08-11,Garlic,kg,2.95
RM008,2025-08-12,Garlic,kg,2.77
RM008,2025-08-13,Garlic,kg,2.57
RM008,2025-08-14,Garlic,kg,3.16
RM008,2025-08-15,Garlic,kg,3.15
RM008,2025-08-16,Garlic,kg,3.65
RM008,2025-08-17,Garlic,kg,2.92
RM008,2025-08-18,Garlic,kg,2.3
RM008,2025-08-19,Garlic,kg,3.23
RM008,2025-08-20,Garlic,kg,2.59
RM008,2025-08-21,Garlic,kg,3.14
RM008,2025-08-22,Garlic,kg,3.43
RM008,2025-08-23,Garlic,kg,3.47
RM008,2025-08-24,Garlic,kg,3.32
RM008,2025-08-25,Garlic,kg,2.45
RM008,2025-08-26,Garlic,kg,3.11
RM008,2025-08-27,Garlic,kg,2.78
RM008,2025-08-28,Garlic,kg,3.24
RM008,2025-08-29,Garlic,kg,3.56
RM008,2025-08-30,Garlic,kg,3.48
RM008,2025-08-31,Garlic,kg,3.41
RM008,2025-09-01,Garlic,kg,2.43
RM008,2025-09-02,Garlic,kg,3.2
RM008,2025-09-03,Garlic,kg,3.0
RM008,2025-09-04,Garlic,kg,3.03
RM008,2025-09-05,Garlic,kg,3.27
RM008,2025-09-06,Garlic,kg,3.63
RM008,2025-09-07,Garlic,kg,3.42
RM008,2025-09-08,Garlic,kg,2.53
RM008,2025-09-09,Garlic,kg,2.44
RM008,2025-09-10,Garlic,kg,3.56
RM008,2025-09-11,Garlic,kg,3.3
RM008,2025-09-12,Garlic,kg,3.07
RM008,2025-09-13,Garlic,kg,3.26
RM008,2025-09-14,Garlic,kg,2.82
RM008,2025-09-15,Garlic,kg,2.63
RM008,2025-09-16,Garlic,kg,2.88
RM008,2025-09-17,Garlic,kg,3.33
RM008,2025-09-18,Garlic,kg,3.52
RM008,2025-09-19,Garlic,kg,3.3
RM008,2025-09-20,Garlic,kg,3.68
RM008,2025-09-21,Garlic,kg,3.04
RM008,2025-09-22,Garlic,kg,2.63
RM008,2025-09-23,Garlic,kg,2.77
RM008,2025-09-24,Garlic,kg,3.15
RM008,2025-09-25,Garlic,kg,2.95
RM008,2025-09-26,Garlic,kg,3.51
RM008,2025-09-27,Garlic,kg,3.34
RM008,2025-09-28,Garlic,kg,3.49
RM008,2025-09-29,Garlic,kg,2.49
RM008,2025-09-30,Garlic,kg,2.9
RM008,2025-10-01,Garlic,kg,3.04
RM008,2025-10-02,Garlic,kg,3.29
RM008,2025-10-03,Garlic,kg,3.61
RM008,2025-10-04,Garlic,kg,3.67
RM008,2025-10-05,Garlic,kg,3.57
RM008,2025-10-06,Garlic,kg,2.23
RM008,2025-10-07,Garlic,kg,2.83
RM008,2025-10-08,Garlic,kg,3.3
RM008,2025-10-09,Garlic,kg,3.24
RM008,2025-10-10,Garlic,kg,3.17
RM008,2025-10-11,Garlic,kg,2.87
RM008,2025-10-12,Garlic,kg,3.3
RM008,2025-10-13,Garlic,kg,2.41
RM008,2025-10-14,Garlic,kg,2.56
RM008,2025-10-15,Garlic,kg,2.72
RM008,2025-10-16,Garlic,kg,3.23
RM008,2025-10-17,Garlic,kg,2.99
RM008,2025-10-18,Garlic,kg,3.76
RM008,2025-10-19,Garlic,kg,3.08
RM008,2025-10-20,Garlic,kg,2.29
RM008,2025-10-21,Garlic,kg,2.98
RM008,2025-10-22,Garlic,kg,2.73
RM008,2025-10-23,Garlic,kg,2.97
RM008,2025-10-24,Garlic,kg,3.23
RM008,2025-10-25,Garlic,kg,3.9
RM008,2025-10-26,Garlic,kg,3.09
RM008,2025-10-27,Garlic,kg,2.52
RM008,2025-10-28,Garlic,kg,2.61
RM008,2025-10-29,Garlic,kg,3.13
RM008,2025-10-30,Garlic,kg,3.07
RM008,2025-10-31,Garlic,kg,3.77
RM008,2025-11-01,Garlic,kg,3.5
RM008,2025-11-02,Garlic,kg,3.57
RM008,2025-11-03,Garlic,kg,2.76
RM008,2025-11-04,Garlic,kg,2.91
RM008,2025-11-05,Garlic,kg,3.21
RM008,2025-11-06,Garlic,kg,3.44
RM008,2025-11-07,Garlic,kg,3.18
RM008,2025-11-08,Garlic,kg,3.53
RM008,2025-11-09,Garlic,kg,3.09
RM008,2025-11-10,Garlic,kg,3.0
RM008,2025-11-11,Garlic,kg,2.85
RM008,2025-11-12,Garlic,kg,2.68
RM008,2025-11-13,Garlic,kg,3.05
RM008,2025-11-14,Garlic,kg,3.42
RM008,2025-11-15,Garlic,kg,3.56
RM008,2025-11-16,Garlic,kg,3.1
RM008,2025-11-17,Garlic,kg,2.31
RM008,2025-11-18,Garlic,kg,2.88
RM008,2025-11-19,Garlic,kg,2.98
RM008,2025-11-20,Garlic,kg,2.8
RM008,2025-11-21,Garlic,kg,3.14
RM008,2025-11-22,Garlic,kg,2.96
RM008,2025-11-23,Garlic,kg,2.73
RM008,2025-11-24,Garlic,kg,2.39
RM008,2025-11-25,Garlic,kg,2.79
RM008,2025-11-26,Garlic,kg,3.03
RM008,2025-11-27,Garlic,kg,3.14
RM008,2025-11-28,Garlic,kg,3.57
RM008,2025-11-29,Garlic,kg,3.93
RM008,2025-11-30,Garlic,kg,3.27
RM008,2025-12-01,Garlic,kg,2.58
RM008,2025-12-02,Garlic,kg,3.23
RM008,2025-12-03,Garlic,kg,3.36
RM008,2025-12-04,Garlic,kg,3.24
RM008,2025-12-05,Garlic,kg,3.62
RM008,2025-12-06,Garlic,kg,3.95
RM008,2025-12-07,Garlic,kg,2.98
RM008,2025-12-08,Garlic,kg,2.64
RM008,2025-12-09,Garlic,kg,2.74
RM008,2025-12-10,Garlic,kg,3.15
RM008,2025-12-11,Garlic,kg,3.37
RM008,2025-12-12,Garlic,kg,3.4
RM008,2025-12-13,Garlic,kg,3.53
RM008,2025-12-14,Garlic,kg,3.11
RM008,2025-12-15,Garlic,kg,2.26
RM008,2025-12-16,Garlic,kg,2.93
RM008,2025-12-17,Garlic,kg,2.98
RM008,2025-12-18,Garlic,kg,2.85
RM008,2025-12-19,Garlic,kg,3.24
RM008,2025-12-20,Garlic,kg,4.05
RM008,2025-12-21,Garlic,kg,3.47
RM008,2025-12-22,Garlic,kg,2.52
RM008,2025-12-23,Garlic,kg,2.84
RM008,2025-12-24,Garlic,kg,2.78
RM008,2025-12-25,Garlic,kg,3.53
RM008,2025-12-26,Garlic,kg,2.86
RM008,2025-12-27,Garlic,kg,4.01
RM008,2025-12-28,Garlic,kg,3.19
RM008,2025-12-29,Garlic,kg,3.31
RM008,2025-12-30,Garlic,kg,3.23
RM008,2025-12-31,Garlic,kg,3.24
RM008,2026-01-01,Garlic,kg,2.92
RM008,2026-01-02,Garlic,kg,3.55
RM008,2026-01-03,Garlic,kg,3.58
RM008,2026-01-04,Garlic,kg,3.48
RM008,2026-01-05,Garlic,kg,2.56
RM008,2026-01-06,Garlic,kg,2.94
RM008,2026-01-07,Garlic,kg,2.84
RM008,2026-01-08,Garlic,kg,3.56
RM008,2026-01-09,Garlic,kg,3.32
RM008,2026-01-10,Garlic,kg,3.9
RM008,2026-01-11,Garlic,kg,2.76
RM008,2026-01-12,Garlic,kg,2.76
RM008,2026-01-13,Garlic,kg,2.99
RM008,2026-01-14,Garlic,kg,2.38
RM008,2026-01-15,Garlic,kg,3.12
RM008,2026-01-16,Garlic,kg,2.93
RM008,2026-01-17,Garlic,kg,3.35
RM008,2026-01-18,Garlic,kg,3.12
RM008,2026-01-19,Garlic,kg,2.35
RM008,2026-01-20,Garlic,kg,2.79
RM008,2026-01-21,Garlic,kg,2.27
RM008,2026-01-22,Garlic,kg,2.74
RM008,2026-01-23,Garlic,kg,3.42
RM008,2026-01-24,Garlic,kg,3.06
RM008,2026-01-25,Garlic,kg,3.26
RM008,2026-01-26,Garlic,kg,2.87
RM008,2026-01-27,Garlic,kg,2.64
RM008,2026-01-28,Garlic,kg,3.17
RM008,2026-01-29,Garlic,kg,3.22
RM008,2026-01-30,Garlic,kg,3.79
RM008,2026-01-31,Garlic,kg,3.84
RM008,2026-02-01,Garlic,kg,3.25
RM008,2026-02-02,Garlic,kg,2.48
RM008,2026-02-03,Garlic,kg,3.05
RM008,2026-02-04,Garlic,kg,2.84
RM008,2026-02-05,Garlic,kg,3.39
RM008,2026-02-06,Garlic,kg,3.42
RM008,2026-02-07,Garlic,kg,3.93
RM008,2026-02-08,Garlic,kg,2.95
RM008,2026-02-09,Garlic,kg,2.57
RM008,2026-02-10,Garlic,kg,2.99
RM008,2026-02-11,Garlic,kg,2.65
RM008,2026-02-12,Garlic,kg,2.83
RM008,2026-02-13,Garlic,kg,3.22
RM008,2026-02-14,Garlic,kg,3.47
RM008,2026-02-15,Garlic,kg,3.39
RM008,2026-02-16,Garlic,kg,2.65
RM008,2026-02-17,Garlic,kg,2.47
RM008,2026-02-18,Garlic,kg,2.7
RM008,2026-02-19,Garlic,kg,2.81
RM008,2026-02-20,Garlic,kg,3.38
RM008,2026-02-21,Garlic,kg,3.23
RM008,2026-02-22,Garlic,kg,3.55
RM008,2026-02-23,Garlic,kg,2.45
RM008,2026-02-24,Garlic,kg,2.77
RM008,2026-02-25,Garlic,kg,3.13
RM008,2026-02-26,Garlic,kg,3.25
RM008,2026-02-27,Garlic,kg,3.26
RM008,2026-02-28,Garlic,kg,4.09
RM008,2026-03-01,Garlic,kg,3.45
RM008,2026-03-02,Garlic,kg,2.92
RM008,2026-03-03,Garlic,kg,3.08
RM008,2026-03-04,Garlic,kg,2.96
RM008,2026-03-05,Garlic,kg,3.33
RM008,2026-03-06,Garlic,kg,3.6
RM008,2026-03-07,Garlic,kg,3.82
RM008,2026-03-08,Garlic,kg,3.28
RM008,2026-03-09,Garlic,kg,2.7
RM008,2026-03-10,Garlic,kg,3.27
RM008,2026-03-11,Garlic,kg,2.8
RM008,2026-03-12,Garlic,kg,3.2
RM008,2026-03-13,Garlic,kg,3.49
RM008,2026-03-14,Garlic,kg,3.86
RM008,2026-03-15,Garlic,kg,3.35
RM008,2026-03-16,Garlic,kg,2.52
RM008,2026-03-17,Garlic,kg,2.77
RM008,2026-03-18,Garlic,kg,2.43
RM008,2026-03-19,Garlic,kg,2.78
RM008,2026-03-20,Garlic,kg,3.6
RM008,2026-03-21,Garlic,kg,3.65
RM008,2026-03-22,Garlic,kg,3.08
RM008,2026-03-23,Garlic,kg,2.34
RM008,2026-03-24,Garlic,kg,2.9
RM008,2026-03-25,Garlic,kg,2.72
RM008,2026-03-26,Garlic,kg,3.13
RM008,2026-03-27,Garlic,kg,2.96
RM008,2026-03-28,Garlic,kg,3.8
RM008,2026-03-29,Garlic,kg,3.34
RM008,2026-03-30,Garlic,kg,2.99
RM008,2026-03-31,Garlic,kg,3.44
RM008,2026-04-01,Garlic,kg,2.89
RM008,2026-04-02,Garlic,kg,3.18
RM008,2026-04-03,Garlic,kg,3.31
RM008,2026-04-04,Garlic,kg,4.39
RM008,2026-04-05,Garlic,kg,3.74
RM008,2026-04-06,Garlic,kg,3.39
RM008,2026-04-07,Garlic,kg,3.11
RM008,2026-04-08,Garlic,kg,3.14
RM008,2026-04-09,Garlic,kg,3.34
RM008,2026-04-10,Garlic,kg,2.95
RM008,2026-04-11,Garlic,kg,4.11
RM008,2026-04-12,Garlic,kg,3.37
RM008,2026-04-13,Garlic,kg,2.08
RM008,2026-04-14,Garlic,kg,2.3
RM008,2026-04-15,Garlic,kg,3.49
RM008,2026-04-16,Garlic,kg,2.79
RM008,2026-04-17,Garlic,kg,3.47
RM008,2026-04-18,Garlic,kg,3.05
RM008,2026-04-19,Garlic,kg,3.31
RM008,2026-04-20,Garlic,kg,2.6
RM008,2026-04-21,Garlic,kg,2.49
RM008,2026-04-22,Garlic,kg,2.62
RM008,2026-04-23,Garlic,kg,2.77
RM008,2026-04-24,Garlic,kg,2.98
RM008,2026-04-25,Garlic,kg,3.69
RM008,2026-04-26,Garlic,kg,3.32
RM008,2026-04-27,Garlic,kg,2.88
RM008,2026-04-28,Garlic,kg,2.61
RM008,2026-04-29,Garlic,kg,3.17
RM008,2026-04-30,Garlic,kg,3.31
RM008,2026-05-01,Garlic,kg,3.78
RM008,2026-05-02,Garlic,kg,4.2
RM008,2026-05-03,Garlic,kg,3.36
RM008,2026-05-04,Garlic,kg,2.96
RM008,2026-05-05,Garlic,kg,3.03
RM008,2026-05-06,Garlic,kg,3.33
RM008,2026-05-07,Garlic,kg,3.74
RM008,2026-05-08,Garlic,kg,3.02
RM008,2026-05-09,Garlic,kg,3.02
RM008,2026-05-10,Garlic,kg,3.03
RM008,2026-05-11,Garlic,kg,2.78
RM008,2026-05-12,Garlic,kg,2.91
RM008,2026-05-13,Garlic,kg,2.82
RM008,2026-05-14,Garlic,kg,3.32
RM008,2026-05-15,Garlic,kg,3.13
RM008,2026-05-16,Garlic,kg,2.92
RM008,2026-05-17,Garlic,kg,3.15
RM008,2026-05-18,Garlic,kg,2.45
RM008,2026-05-19,Garlic,kg,2.76
RM008,2026-05-20,Garlic,kg,2.36
RM008,2026-05-21,Garlic,kg,2.9
RM008,2026-05-22,Garlic,kg,3.58
RM008,2026-05-23,Garlic,kg,3.37
RM008,2026-05-24,Garlic,kg,3.11
RM008,2026-05-25,Garlic,kg,2.83
RM008,2026-05-26,Garlic,kg,2.62
RM008,2026-05-27,Garlic,kg,2.95
RM008,2026-05-28,Garlic,kg,3.23
RM008,2026-05-29,Garlic,kg,3.65
RM008,2026-05-30,Garlic,kg,3.59
RM008,2026-05-31,Garlic,kg,3.27
RM008,2026-06-01,Garlic,kg,2.93
RM008,2026-06-02,Garlic,kg,3.1
RM008,2026-06-03,Garlic,kg,3.48
RM008,2026-06-04,Garlic,kg,3.38
RM008,2026-06-05,Garlic,kg,3.64
RM008,2026-06-06,Garlic,kg,3.57
RM008,2026-06-07,Garlic,kg,3.51
RM008,2026-06-08,Garlic,kg,3.15
RM008,2026-06-09,Garlic,kg,3.42
RM008,2026-06-10,Garlic,kg,2.8
RM008,2026-06-11,Garlic,kg,2.82
RM008,2026-06-12,Garlic,kg,3.4
RM008,2026-06-13,Garlic,kg,4.12
RM008,2026-06-14,Garlic,kg,3.53
RM008,2026-06-15,Garlic,kg,2.39
RM008,2026-06-16,Garlic,kg,2.69
RM008,2026-06-17,Garlic,kg,2.57
RM008,2026-06-18,Garlic,kg,2.99
RM008,2026-06-19,Garlic,kg,3.03
RM008,2026-06-20,Garlic,kg,3.47
RM008,2026-06-21,Garlic,kg,2.57
RM008,2026-06-22,Garlic,kg,2.39
RM008,2026-06-23,Garlic,kg,2.42
RM008,2026-06-24,Garlic,kg,2.86
RM008,2026-06-25,Garlic,kg,3.07
RM008,2026-06-26,Garlic,kg,3.14
RM008,2026-06-27,Garlic,kg,3.6
RM008,2026-06-28,Garlic,kg,2.76
RM008,2026-06-29,Garlic,kg,2.7
RM008,2026-06-30,Garlic,kg,3.1
RM008,2026-07-01,Garlic,kg,3.35
RM008,2026-07-02,Garlic,kg,3.28
RM008,2026-07-03,Garlic,kg,3.42
RM008,2026-07-04,Garlic,kg,3.63
RM008,2026-07-05,Garlic,kg,3.68
RM008,2026-07-06,Garlic,kg,2.93
RM008,2026-07-07,Garlic,kg,2.83
RM008,2026-07-08,Garlic,kg,2.89
RM008,2026-07-09,Garlic,kg,3.37
RM008,2026-07-10,Garlic,kg,3.01
RM008,2026-07-11,Garlic,kg,3.84
RM008,2026-07-12,Garlic,kg,3.17
RM008,2026-07-13,Garlic,kg,2.57
RM008,2026-07-14,Garlic,kg,2.95
RM008,2026-07-15,Garlic,kg,3.13
RM008,2026-07-16,Garlic,kg,3.07
RM008,2026-07-17,Garlic,kg,2.94
RM008,2026-07-18,Garlic,kg,3.24
RM008,2026-07-19,Garlic,kg,3.35
RM008,2026-07-20,Garlic,kg,2.64
RM008,2026-07-21,Garlic,kg,2.73
RM008,2026-07-22,Garlic,kg,2.63
RM008,2026-07-23,Garlic,kg,2.91
RM008,2026-07-24,Garlic,kg,3.47
RM008,2026-07-25,Garlic,kg,3.89
RM008,2026-07-26,Garlic,kg,3.2
RM008,2026-07-27,Garlic,kg,2.74
RM008,2026-07-28,Garlic,kg,2.78
RM008,2026-07-29,Garlic,kg,2.8
RM008,2026-07-30,Garlic,kg,3.18
RM008,2026-07-31,Garlic,kg,3.71
RM008,2026-08-01,Garlic,kg,3.77
RM008,2026-08-02,Garlic,kg,3.27
RM008,2026-08-03,Garlic,kg,2.85
RM008,2026-08-04,Garlic,kg,2.59
RM008,2026-08-05,Garlic,kg,2.81
RM008,2026-08-06,Garlic,kg,3.3
RM008,2026-08-07,Garlic,kg,3.93
RM008,2026-08-08,Garlic,kg,3.33
RM008,2026-08-09,Garlic,kg,3.1
RM009,2025-01-01,Onion,kg,6.71
RM009,2025-01-02,Onion,kg,5.45
RM009,2025-01-03,Onion,kg,6.48
RM009,2025-01-04,Onion,kg,7.85
RM009,2025-01-05,Onion,kg,6.1
RM009,2025-01-06,Onion,kg,5.47
RM009,2025-01-07,Onion,kg,5.99
RM009,2025-01-08,Onion,kg,6.15
RM009,2025-01-09,Onion,kg,6.41
RM009,2025-01-10,Onion,kg,7.16
RM009,2025-01-11,Onion,kg,6.8
RM009,2025-01-12,Onion,kg,6.18
RM009,2025-01-13,Onion,kg,5.24
RM009,2025-01-14,Onion,kg,6.0
RM009,2025-01-15,Onion,kg,5.03
RM009,2025-01-16,Onion,kg,5.89
RM009,2025-01-17,Onion,kg,6.08
RM009,2025-01-18,Onion,kg,6.53
RM009,2025-01-19,Onion,kg,6.33
RM009,2025-01-20,Onion,kg,5.82
RM009,2025-01-21,Onion,kg,5.8
RM009,2025-01-22,Onion,kg,5.36
RM009,2025-01-23,Onion,kg,6.38
RM009,2025-01-24,Onion,kg,6.24
RM009,2025-01-25,Onion,kg,7.28
RM009,2025-01-26,Onion,kg,6.49
RM009,2025-01-27,Onion,kg,5.86
RM009,2025-01-28,Onion,kg,5.38
RM009,2025-01-29,Onion,kg,6.95
RM009,2025-01-30,Onion,kg,7.36
RM009,2025-01-31,Onion,kg,6.95
RM009,2025-02-01,Onion,kg,7.78
RM009,2025-02-02,Onion,kg,7.16
RM009,2025-02-03,Onion,kg,5.16
RM009,2025-02-04,Onion,kg,5.68
RM009,2025-02-05,Onion,kg,6.66
RM009,2025-02-06,Onion,kg,7.83
RM009,2025-02-07,Onion,kg,6.81
RM009,2025-02-08,Onion,kg,6.3
RM009,2025-02-09,Onion,kg,6.18
RM009,2025-02-10,Onion,kg,5.56
RM009,2025-02-11,Onion,kg,5.52
RM009,2025-02-12,Onion,kg,5.78
RM009,2025-02-13,Onion,kg,5.34
RM009,2025-02-14,Onion,kg,6.65
RM009,2025-02-15,Onion,kg,7.42
RM009,2025-02-16,Onion,kg,6.0
RM009,2025-02-17,Onion,kg,5.93
RM009,2025-02-18,Onion,kg,5.55
RM009,2025-02-19,Onion,kg,5.78
RM009,2025-02-20,Onion,kg,5.52
RM009,2025-02-21,Onion,kg,5.78
RM009,2025-02-22,Onion,kg,7.9
RM009,2025-02-23,Onion,kg,6.69
RM009,2025-02-24,Onion,kg,5.5
RM009,2025-02-25,Onion,kg,5.65
RM009,2025-02-26,Onion,kg,6.36
RM009,2025-02-27,Onion,kg,6.2
RM009,2025-02-28,Onion,kg,6.61
RM009,2025-03-01,Onion,kg,7.09
RM009,2025-03-02,Onion,kg,6.85
RM009,2025-03-03,Onion,kg,5.4
RM009,2025-03-04,Onion,kg,5.83
RM009,2025-03-05,Onion,kg,6.47
RM009,2025-03-06,Onion,kg,6.33
RM009,2025-03-07,Onion,kg,7.61
RM009,2025-03-08,Onion,kg,7.07
RM009,2025-03-09,Onion,kg,6.25
RM009,2025-03-10,Onion,kg,6.14
RM009,2025-03-11,Onion,kg,5.17
RM009,2025-03-12,Onion,kg,4.98
RM009,2025-03-13,Onion,kg,6.58
RM009,2025-03-14,Onion,kg,6.35
RM009,2025-03-15,Onion,kg,7.27
RM009,2025-03-16,Onion,kg,6.15
RM009,2025-03-17,Onion,kg,5.67
RM009,2025-03-18,Onion,kg,5.09
RM009,2025-03-19,Onion,kg,5.09
RM009,2025-03-20,Onion,kg,5.65
RM009,2025-03-21,Onion,kg,5.9
RM009,2025-03-22,Onion,kg,6.18
RM009,2025-03-23,Onion,kg,6.8
RM009,2025-03-24,Onion,kg,5.03
RM009,2025-03-25,Onion,kg,6.18
RM009,2025-03-26,Onion,kg,6.31
RM009,2025-03-27,Onion,kg,5.96
RM009,2025-03-28,Onion,kg,7.68
RM009,2025-03-29,Onion,kg,7.37
RM009,2025-03-30,Onion,kg,6.31
RM009,2025-03-31,Onion,kg,6.03
RM009,2025-04-01,Onion,kg,6.0
RM009,2025-04-02,Onion,kg,5.72
RM009,2025-04-03,Onion,kg,7.11
RM009,2025-04-04,Onion,kg,8.36
RM009,2025-04-05,Onion,kg,7.65
RM009,2025-04-06,Onion,kg,7.31
RM009,2025-04-07,Onion,kg,5.7
RM009,2025-04-08,Onion,kg,6.29
RM009,2025-04-09,Onion,kg,5.59
RM009,2025-04-10,Onion,kg,6.25
RM009,2025-04-11,Onion,kg,6.58
RM009,2025-04-12,Onion,kg,6.85
RM009,2025-04-13,Onion,kg,5.65
RM009,2025-04-14,Onion,kg,4.74
RM009,2025-04-15,Onion,kg,6.0
RM009,2025-04-16,Onion,kg,5.85
RM009,2025-04-17,Onion,kg,5.88
RM009,2025-04-18,Onion,kg,6.33
RM009,2025-04-19,Onion,kg,7.14
RM009,2025-04-20,Onion,kg,6.9
RM009,2025-04-21,Onion,kg,4.71
RM009,2025-04-22,Onion,kg,5.19
RM009,2025-04-23,Onion,kg,5.84
RM009,2025-04-24,Onion,kg,6.72
RM009,2025-04-25,Onion,kg,7.29
RM009,2025-04-26,Onion,kg,6.04
RM009,2025-04-27,Onion,kg,5.61
RM009,2025-04-28,Onion,kg,4.33
RM009,2025-04-29,Onion,kg,6.47
RM009,2025-04-30,Onion,kg,6.29
RM009,2025-05-01,Onion,kg,6.58
RM009,2025-05-02,Onion,kg,7.32
RM009,2025-05-03,Onion,kg,7.23
RM009,2025-05-04,Onion,kg,6.48
RM009,2025-05-05,Onion,kg,5.56
RM009,2025-05-06,Onion,kg,6.31
RM009,2025-05-07,Onion,kg,6.69
RM009,2025-05-08,Onion,kg,7.35
RM009,2025-05-09,Onion,kg,6.66
RM009,2025-05-10,Onion,kg,7.84
RM009,2025-05-11,Onion,kg,7.55
RM009,2025-05-12,Onion,kg,5.67
RM009,2025-05-13,Onion,kg,5.66
RM009,2025-05-14,Onion,kg,5.79
RM009,2025-05-15,Onion,kg,6.71
RM009,2025-05-16,Onion,kg,6.03
RM009,2025-05-17,Onion,kg,7.02
RM009,2025-05-18,Onion,kg,6.91
RM009,2025-05-19,Onion,kg,5.42
RM009,2025-05-20,Onion,kg,6.12
RM009,2025-05-21,Onion,kg,5.98
RM009,2025-05-22,Onion,kg,5.81
RM009,2025-05-23,Onion,kg,6.77
RM009,2025-05-24,Onion,kg,5.91
RM009,2025-05-25,Onion,kg,6.79
RM009,2025-05-26,Onion,kg,4.81
RM009,2025-05-27,Onion,kg,5.87
RM009,2025-05-28,Onion,kg,6.98
RM009,2025-05-29,Onion,kg,6.74
RM009,2025-05-30,Onion,kg,7.12
RM009,2025-05-31,Onion,kg,7.37
RM009,2025-06-01,Onion,kg,6.3
RM009,2025-06-02,Onion,kg,5.71
RM009,2025-06-03,Onion,kg,5.53
RM009,2025-06-04,Onion,kg,6.67
RM009,2025-06-05,Onion,kg,7.12
RM009,2025-06-06,Onion,kg,6.81
RM009,2025-06-07,Onion,kg,7.38
RM009,2025-06-08,Onion,kg,7.12
RM009,2025-06-09,Onion,kg,4.94
RM009,2025-06-10,Onion,kg,6.83
RM009,2025-06-11,Onion,kg,5.71
RM009,2025-06-12,Onion,kg,6.7
RM009,2025-06-13,Onion,kg,6.57
RM009,2025-06-14,Onion,kg,6.93
RM009,2025-06-15,Onion,kg,5.6
RM009,2025-06-16,Onion,kg,4.93
RM009,2025-06-17,Onion,kg,5.89
RM009,2025-06-18,Onion,kg,5.01
RM009,2025-06-19,Onion,kg,5.6
RM009,2025-06-20,Onion,kg,6.82
RM009,2025-06-21,Onion,kg,7.06
RM009,2025-06-22,Onion,kg,6.24
RM009,2025-06-23,Onion,kg,4.6
RM009,2025-06-24,Onion,kg,5.76
RM009,2025-06-25,Onion,kg,6.33
RM009,2025-06-26,Onion,kg,7.33
RM009,2025-06-27,Onion,kg,6.93
RM009,2025-06-28,Onion,kg,6.6
RM009,2025-06-29,Onion,kg,7.42
RM009,2025-06-30,Onion,kg,5.76
RM009,2025-07-01,Onion,kg,6.38
RM009,2025-07-02,Onion,kg,5.89
RM009,2025-07-03,Onion,kg,6.4
RM009,2025-07-04,Onion,kg,6.61
RM009,2025-07-05,Onion,kg,7.89
RM009,2025-07-06,Onion,kg,7.21
RM009,2025-07-07,Onion,kg,5.32
RM009,2025-07-08,Onion,kg,5.77
RM009,2025-07-09,Onion,kg,5.94
RM009,2025-07-10,Onion,kg,6.32
RM009,2025-07-11,Onion,kg,6.65
RM009,2025-07-12,Onion,kg,8.18
RM009,2025-07-13,Onion,kg,6.23
RM009,2025-07-14,Onion,kg,4.9
RM009,2025-07-15,Onion,kg,5.96
RM009,2025-07-16,Onion,kg,6.35
RM009,2025-07-17,Onion,kg,6.52
RM009,2025-07-18,Onion,kg,7.32
RM009,2025-07-19,Onion,kg,6.56
RM009,2025-07-20,Onion,kg,6.02
RM009,2025-07-21,Onion,kg,5.21
RM009,2025-07-22,Onion,kg,5.47
RM009,2025-07-23,Onion,kg,5.57
RM009,2025-07-24,Onion,kg,5.78
RM009,2025-07-25,Onion,kg,6.24
RM009,2025-07-26,Onion,kg,7.0
RM009,2025-07-27,Onion,kg,6.47
RM009,2025-07-28,Onion,kg,4.58
RM009,2025-07-29,Onion,kg,5.57
RM009,2025-07-30,Onion,kg,6.16
RM009,2025-07-31,Onion,kg,6.73
RM009,2025-08-01,Onion,kg,7.46
RM009,2025-08-02,Onion,kg,8.22
RM009,2025-08-03,Onion,kg,6.64
RM009,2025-08-04,Onion,kg,6.08
RM009,2025-08-05,Onion,kg,6.73
RM009,2025-08-06,Onion,kg,7.25
RM009,2025-08-07,Onion,kg,6.38
RM009,2025-08-08,Onion,kg,6.86
RM009,2025-08-09,Onion,kg,8.04
RM009,2025-08-10,Onion,kg,6.38
RM009,2025-08-11,Onion,kg,4.73
RM009,2025-08-12,Onion,kg,4.98
RM009,2025-08-13,Onion,kg,5.35
RM009,2025-08-14,Onion,kg,6.14
RM009,2025-08-15,Onion,kg,6.7
RM009,2025-08-16,Onion,kg,6.54
RM009,2025-08-17,Onion,kg,6.42
RM009,2025-08-18,Onion,kg,5.74
RM009,2025-08-19,Onion,kg,5.27
RM009,2025-08-20,Onion,kg,5.33
RM009,2025-08-21,Onion,kg,5.93
RM009,2025-08-22,Onion,kg,6.06
RM009,2025-08-23,Onion,kg,7.51
RM009,2025-08-24,Onion,kg,6.54
RM009,2025-08-25,Onion,kg,6.44
RM009,2025-08-26,Onion,kg,6.85
RM009,2025-08-27,Onion,kg,6.22
RM009,2025-08-28,Onion,kg,6.52
RM009,2025-08-29,Onion,kg,6.78
RM009,2025-08-30,Onion,kg,7.86
RM009,2025-08-31,Onion,kg,6.92
RM009,2025-09-01,Onion,kg,5.34
RM009,2025-09-02,Onion,kg,6.56
RM009,2025-09-03,Onion,kg,6.25
RM009,2025-09-04,Onion,kg,5.92
RM009,2025-09-05,Onion,kg,7.3
RM009,2025-09-06,Onion,kg,6.43
RM009,2025-09-07,Onion,kg,7.34
RM009,2025-09-08,Onion,kg,4.98
RM009,2025-09-09,Onion,kg,4.91
RM009,2025-09-10,Onion,kg,6.07
RM009,2025-09-11,Onion,kg,6.81
RM009,2025-09-12,Onion,kg,7.49
RM009,2025-09-13,Onion,kg,7.0
RM009,2025-09-14,Onion,kg,6.78
RM009,2025-09-15,Onion,kg,4.85
RM009,2025-09-16,Onion,kg,4.54
RM009,2025-09-17,Onion,kg,5.86
RM009,2025-09-18,Onion,kg,6.56
RM009,2025-09-19,Onion,kg,7.22
RM009,2025-09-20,Onion,kg,6.63
RM009,2025-09-21,Onion,kg,5.78
RM009,2025-09-22,Onion,kg,5.18
RM009,2025-09-23,Onion,kg,5.03
RM009,2025-09-24,Onion,kg,6.04
RM009,2025-09-25,Onion,kg,5.98
RM009,2025-09-26,Onion,kg,6.72
RM009,2025-09-27,Onion,kg,6.96
RM009,2025-09-28,Onion,kg,6.27
RM009,2025-09-29,Onion,kg,5.72
RM009,2025-09-30,Onion,kg,5.18
RM009,2025-10-01,Onion,kg,6.65
RM009,2025-10-02,Onion,kg,6.86
RM009,2025-10-03,Onion,kg,6.73
RM009,2025-10-04,Onion,kg,7.41
RM009,2025-10-05,Onion,kg,6.84
RM009,2025-10-06,Onion,kg,5.64
RM009,2025-10-07,Onion,kg,6.32
RM009,2025-10-08,Onion,kg,6.48
RM009,2025-10-09,Onion,kg,6.6
RM009,2025-10-10,Onion,kg,6.6
RM009,2025-10-11,Onion,kg,7.55
RM009,2025-10-12,Onion,kg,5.31
RM009,2025-10-13,Onion,kg,5.01
RM009,2025-10-14,Onion,kg,6.04
RM009,2025-10-15,Onion,kg,5.56
RM009,2025-10-16,Onion,kg,6.71
RM009,2025-10-17,Onion,kg,7.17
RM009,2025-10-18,Onion,kg,7.13
RM009,2025-10-19,Onion,kg,6.48
RM009,2025-10-20,Onion,kg,4.68
RM009,2025-10-21,Onion,kg,5.32
RM009,2025-10-22,Onion,kg,5.2
RM009,2025-10-23,Onion,kg,5.35
RM009,2025-10-24,Onion,kg,7.04
RM009,2025-10-25,Onion,kg,7.46
RM009,2025-10-26,Onion,kg,5.84
RM009,2025-10-27,Onion,kg,4.89
RM009,2025-10-28,Onion,kg,5.97
RM009,2025-10-29,Onion,kg,7.2
RM009,2025-10-30,Onion,kg,7.21
RM009,2025-10-31,Onion,kg,6.5
RM009,2025-11-01,Onion,kg,8.19
RM009,2025-11-02,Onion,kg,6.85
RM009,2025-11-03,Onion,kg,6.88
RM009,2025-11-04,Onion,kg,5.15
RM009,2025-11-05,Onion,kg,6.23
RM009,2025-11-06,Onion,kg,7.34
RM009,2025-11-07,Onion,kg,5.83
RM009,2025-11-08,Onion,kg,7.7
RM009,2025-11-09,Onion,kg,7.1
RM009,2025-11-10,Onion,kg,5.29
RM009,2025-11-11,Onion,kg,6.35
RM009,2025-11-12,Onion,kg,5.47
RM009,2025-11-13,Onion,kg,5.13
RM009,2025-11-14,Onion,kg,6.13
RM009,2025-11-15,Onion,kg,7.05
RM009,2025-11-16,Onion,kg,6.06
RM009,2025-11-17,Onion,kg,5.44
RM009,2025-11-18,Onion,kg,5.3
RM009,2025-11-19,Onion,kg,6.03
RM009,2025-11-20,Onion,kg,4.57
RM009,2025-11-21,Onion,kg,6.73
RM009,2025-11-22,Onion,kg,7.34
RM009,2025-11-23,Onion,kg,5.29
RM009,2025-11-24,Onion,kg,5.38
RM009,2025-11-25,Onion,kg,6.89
RM009,2025-11-26,Onion,kg,4.87
RM009,2025-11-27,Onion,kg,6.31
RM009,2025-11-28,Onion,kg,6.91
RM009,2025-11-29,Onion,kg,6.09
RM009,2025-11-30,Onion,kg,6.94
RM009,2025-12-01,Onion,kg,5.39
RM009,2025-12-02,Onion,kg,5.82
RM009,2025-12-03,Onion,kg,5.84
RM009,2025-12-04,Onion,kg,6.17
RM009,2025-12-05,Onion,kg,7.31
RM009,2025-12-06,Onion,kg,7.51
RM009,2025-12-07,Onion,kg,6.81
RM009,2025-12-08,Onion,kg,5.7
RM009,2025-12-09,Onion,kg,5.89
RM009,2025-12-10,Onion,kg,6.48
RM009,2025-12-11,Onion,kg,6.42
RM009,2025-12-12,Onion,kg,6.54
RM009,2025-12-13,Onion,kg,7.51
RM009,2025-12-14,Onion,kg,7.36
RM009,2025-12-15,Onion,kg,4.86
RM009,2025-12-16,Onion,kg,5.57
RM009,2025-12-17,Onion,kg,6.38
RM009,2025-12-18,Onion,kg,5.63
RM009,2025-12-19,Onion,kg,6.2
RM009,2025-12-20,Onion,kg,7.54
RM009,2025-12-21,Onion,kg,6.43
RM009,2025-12-22,Onion,kg,5.24
RM009,2025-12-23,Onion,kg,5.27
RM009,2025-12-24,Onion,kg,6.66
RM009,2025-12-25,Onion,kg,6.48
RM009,2025-12-26,Onion,kg,7.04
RM009,2025-12-27,Onion,kg,8.61
RM009,2025-12-28,Onion,kg,6.53
RM009,2025-12-29,Onion,kg,5.65
RM009,2025-12-30,Onion,kg,5.86
RM009,2025-12-31,Onion,kg,7.05
RM009,2026-01-01,Onion,kg,6.49
RM009,2026-01-02,Onion,kg,7.05
RM009,2026-01-03,Onion,kg,6.4
RM009,2026-01-04,Onion,kg,7.22
RM009,2026-01-05,Onion,kg,5.37
RM009,2026-01-06,Onion,kg,6.54
RM009,2026-01-07,Onion,kg,5.61
RM009,2026-01-08,Onion,kg,5.54
RM009,2026-01-09,Onion,kg,6.36
RM009,2026-01-10,Onion,kg,7.18
RM009,2026-01-11,Onion,kg,6.05
RM009,2026-01-12,Onion,kg,5.36
RM009,2026-01-13,Onion,kg,5.35
RM009,2026-01-14,Onion,kg,5.79
RM009,2026-01-15,Onion,kg,7.43
RM009,2026-01-16,Onion,kg,6.75
RM009,2026-01-17,Onion,kg,7.41
RM009,2026-01-18,Onion,kg,6.25
RM009,2026-01-19,Onion,kg,5.42
RM009,2026-01-20,Onion,kg,5.17
RM009,2026-01-21,Onion,kg,4.95
RM009,2026-01-22,Onion,kg,5.64
RM009,2026-01-23,Onion,kg,7.54
RM009,2026-01-24,Onion,kg,7.84
RM009,2026-01-25,Onion,kg,5.89
RM009,2026-01-26,Onion,kg,5.26
RM009,2026-01-27,Onion,kg,5.99
RM009,2026-01-28,Onion,kg,6.3
RM009,2026-01-29,Onion,kg,5.82
RM009,2026-01-30,Onion,kg,7.22
RM009,2026-01-31,Onion,kg,7.53
RM009,2026-02-01,Onion,kg,6.95
RM009,2026-02-02,Onion,kg,5.83
RM009,2026-02-03,Onion,kg,7.0
RM009,2026-02-04,Onion,kg,7.06
RM009,2026-02-05,Onion,kg,6.37
RM009,2026-02-06,Onion,kg,7.26
RM009,2026-02-07,Onion,kg,7.03
RM009,2026-02-08,Onion,kg,6.47
RM009,2026-02-09,Onion,kg,4.49
RM009,2026-02-10,Onion,kg,6.04
RM009,2026-02-11,Onion,kg,6.51
RM009,2026-02-12,Onion,kg,6.01
RM009,2026-02-13,Onion,kg,6.59
RM009,2026-02-14,Onion,kg,7.68
RM009,2026-02-15,Onion,kg,5.07
RM009,2026-02-16,Onion,kg,5.75
RM009,2026-02-17,Onion,kg,6.1
RM009,2026-02-18,Onion,kg,5.83
RM009,2026-02-19,Onion,kg,5.85
RM009,2026-02-20,Onion,kg,5.88
RM009,2026-02-21,Onion,kg,6.89
RM009,2026-02-22,Onion,kg,6.83
RM009,2026-02-23,Onion,kg,5.23
RM009,2026-02-24,Onion,kg,5.56
RM009,2026-02-25,Onion,kg,5.58
RM009,2026-02-26,Onion,kg,6.19
RM009,2026-02-27,Onion,kg,6.76
RM009,2026-02-28,Onion,kg,7.63
RM009,2026-03-01,Onion,kg,6.51
RM009,2026-03-02,Onion,kg,5.53
RM009,2026-03-03,Onion,kg,6.11
RM009,2026-03-04,Onion,kg,6.41
RM009,2026-03-05,Onion,kg,6.49
RM009,2026-03-06,Onion,kg,7.17
RM009,2026-03-07,Onion,kg,7.66
RM009,2026-03-08,Onion,kg,6.81
RM009,2026-03-09,Onion,kg,5.16
RM009,2026-03-10,Onion,kg,6.39
RM009,2026-03-11,Onion,kg,5.31
RM009,2026-03-12,Onion,kg,7.68
RM009,2026-03-13,Onion,kg,6.4
RM009,2026-03-14,Onion,kg,6.28
RM009,2026-03-15,Onion,kg,6.7
RM009,2026-03-16,Onion,kg,5.24
RM009,2026-03-17,Onion,kg,5.58
RM009,2026-03-18,Onion,kg,5.69
RM009,2026-03-19,Onion,kg,7.09
RM009,2026-03-20,Onion,kg,6.06
RM009,2026-03-21,Onion,kg,7.3
RM009,2026-03-22,Onion,kg,5.84
RM009,2026-03-23,Onion,kg,5.39
RM009,2026-03-24,Onion,kg,5.06
RM009,2026-03-25,Onion,kg,5.96
RM009,2026-03-26,Onion,kg,6.53
RM009,2026-03-27,Onion,kg,7.77
RM009,2026-03-28,Onion,kg,8.68
RM009,2026-03-29,Onion,kg,6.93
RM009,2026-03-30,Onion,kg,5.12
RM009,2026-03-31,Onion,kg,6.14
RM009,2026-04-01,Onion,kg,6.31
RM009,2026-04-02,Onion,kg,7.65
RM009,2026-04-03,Onion,kg,7.08
RM009,2026-04-04,Onion,kg,8.1
RM009,2026-04-05,Onion,kg,7.1
RM009,2026-04-06,Onion,kg,6.34
RM009,2026-04-07,Onion,kg,6.56
RM009,2026-04-08,Onion,kg,7.13
RM009,2026-04-09,Onion,kg,6.25
RM009,2026-04-10,Onion,kg,7.1
RM009,2026-04-11,Onion,kg,6.79
RM009,2026-04-12,Onion,kg,5.72
RM009,2026-04-13,Onion,kg,5.86
RM009,2026-04-14,Onion,kg,5.82
RM009,2026-04-15,Onion,kg,5.29
RM009,2026-04-16,Onion,kg,5.75
RM009,2026-04-17,Onion,kg,6.62
RM009,2026-04-18,Onion,kg,7.31
RM009,2026-04-19,Onion,kg,5.63
RM009,2026-04-20,Onion,kg,5.18
RM009,2026-04-21,Onion,kg,5.4
RM009,2026-04-22,Onion,kg,5.32
RM009,2026-04-23,Onion,kg,6.25
RM009,2026-04-24,Onion,kg,5.33
RM009,2026-04-25,Onion,kg,7.36
RM009,2026-04-26,Onion,kg,7.03
RM009,2026-04-27,Onion,kg,5.39
RM009,2026-04-28,Onion,kg,5.85
RM009,2026-04-29,Onion,kg,5.95
RM009,2026-04-30,Onion,kg,6.21
RM009,2026-05-01,Onion,kg,7.47
RM009,2026-05-02,Onion,kg,7.81
RM009,2026-05-03,Onion,kg,7.25
RM009,2026-05-04,Onion,kg,5.58
RM009,2026-05-05,Onion,kg,6.4
RM009,2026-05-06,Onion,kg,5.57
RM009,2026-05-07,Onion,kg,6.54
RM009,2026-05-08,Onion,kg,6.97
RM009,2026-05-09,Onion,kg,7.17
RM009,2026-05-10,Onion,kg,7.28
RM009,2026-05-11,Onion,kg,5.47
RM009,2026-05-12,Onion,kg,5.49
RM009,2026-05-13,Onion,kg,6.29
RM009,2026-05-14,Onion,kg,5.88
RM009,2026-05-15,Onion,kg,7.03
RM009,2026-05-16,Onion,kg,7.31
RM009,2026-05-17,Onion,kg,5.86
RM009,2026-05-18,Onion,kg,5.17
RM009,2026-05-19,Onion,kg,5.45
RM009,2026-05-20,Onion,kg,6.18
RM009,2026-05-21,Onion,kg,6.33
RM009,2026-05-22,Onion,kg,6.31
RM009,2026-05-23,Onion,kg,7.52
RM009,2026-05-24,Onion,kg,6.93
RM009,2026-05-25,Onion,kg,5.7
RM009,2026-05-26,Onion,kg,5.14
RM009,2026-05-27,Onion,kg,6.62
RM009,2026-05-28,Onion,kg,5.69
RM009,2026-05-29,Onion,kg,6.55
RM009,2026-05-30,Onion,kg,7.15
RM009,2026-05-31,Onion,kg,5.5
RM009,2026-06-01,Onion,kg,5.17
RM009,2026-06-02,Onion,kg,5.99
RM009,2026-06-03,Onion,kg,6.01
RM009,2026-06-04,Onion,kg,6.06
RM009,2026-06-05,Onion,kg,6.95
RM009,2026-06-06,Onion,kg,7.06
RM009,2026-06-07,Onion,kg,6.42
RM009,2026-06-08,Onion,kg,5.5
RM009,2026-06-09,Onion,kg,6.81
RM009,2026-06-10,Onion,kg,5.99
RM009,2026-06-11,Onion,kg,5.93
RM009,2026-06-12,Onion,kg,6.68
RM009,2026-06-13,Onion,kg,6.61
RM009,2026-06-14,Onion,kg,7.58
RM009,2026-06-15,Onion,kg,5.11
RM009,2026-06-16,Onion,kg,5.15
RM009,2026-06-17,Onion,kg,5.6
RM009,2026-06-18,Onion,kg,5.75
RM009,2026-06-19,Onion,kg,5.62
RM009,2026-06-20,Onion,kg,7.3
RM009,2026-06-21,Onion,kg,6.09
RM009,2026-06-22,Onion,kg,5.18
RM009,2026-06-23,Onion,kg,5.47
RM009,2026-06-24,Onion,kg,6.34
RM009,2026-06-25,Onion,kg,5.82
RM009,2026-06-26,Onion,kg,6.18
RM009,2026-06-27,Onion,kg,7.61
RM009,2026-06-28,Onion,kg,7.36
RM009,2026-06-29,Onion,kg,4.69
RM009,2026-06-30,Onion,kg,5.89
RM009,2026-07-01,Onion,kg,6.25
RM009,2026-07-02,Onion,kg,7.16
RM009,2026-07-03,Onion,kg,7.13
RM009,2026-07-04,Onion,kg,8.06
RM009,2026-07-05,Onion,kg,7.0
RM009,2026-07-06,Onion,kg,6.19
RM009,2026-07-07,Onion,kg,6.24
RM009,2026-07-08,Onion,kg,5.99
RM009,2026-07-09,Onion,kg,6.47
RM009,2026-07-10,Onion,kg,6.56
RM009,2026-07-11,Onion,kg,8.06
RM009,2026-07-12,Onion,kg,6.61
RM009,2026-07-13,Onion,kg,4.81
RM009,2026-07-14,Onion,kg,5.01
RM009,2026-07-15,Onion,kg,5.46
RM009,2026-07-16,Onion,kg,5.49
RM009,2026-07-17,Onion,kg,7.52
RM009,2026-07-18,Onion,kg,7.51
RM009,2026-07-19,Onion,kg,5.61
RM009,2026-07-20,Onion,kg,4.95
RM009,2026-07-21,Onion,kg,5.66
RM009,2026-07-22,Onion,kg,5.74
RM009,2026-07-23,Onion,kg,6.91
RM009,2026-07-24,Onion,kg,7.26
RM009,2026-07-25,Onion,kg,6.26
RM009,2026-07-26,Onion,kg,6.45
RM009,2026-07-27,Onion,kg,5.58
RM009,2026-07-28,Onion,kg,5.34
RM009,2026-07-29,Onion,kg,5.67
RM009,2026-07-30,Onion,kg,6.11
RM009,2026-07-31,Onion,kg,6.82
RM009,2026-08-01,Onion,kg,6.67
RM009,2026-08-02,Onion,kg,6.25
RM009,2026-08-03,Onion,kg,5.48
RM009,2026-08-04,Onion,kg,6.18
RM009,2026-08-05,Onion,kg,6.49
RM009,2026-08-06,Onion,kg,6.67
RM009,2026-08-07,Onion,kg,6.81
RM009,2026-08-08,Onion,kg,7.22
RM009,2026-08-09,Onion,kg,5.19
RM010,2025-01-01,Spring Onion,kg,2.04
RM010,2025-01-02,Spring Onion,kg,2.26
RM010,2025-01-03,Spring Onion,kg,2.51
RM010,2025-01-04,Spring Onion,kg,2.6
RM010,2025-01-05,Spring Onion,kg,2.16
RM010,2025-01-06,Spring Onion,kg,1.6
RM010,2025-01-07,Spring Onion,kg,1.86
RM010,2025-01-08,Spring Onion,kg,2.03
RM010,2025-01-09,Spring Onion,kg,2.29
RM010,2025-01-10,Spring Onion,kg,2.37
RM010,2025-01-11,Spring Onion,kg,2.41
RM010,2025-01-12,Spring Onion,kg,2.09
RM010,2025-01-13,Spring Onion,kg,1.9
RM010,2025-01-14,Spring Onion,kg,1.84
RM010,2025-01-15,Spring Onion,kg,1.87
RM010,2025-01-16,Spring Onion,kg,1.92
RM010,2025-01-17,Spring Onion,kg,2.2
RM010,2025-01-18,Spring Onion,kg,2.2
RM010,2025-01-19,Spring Onion,kg,1.83
RM010,2025-01-20,Spring Onion,kg,1.58
RM010,2025-01-21,Spring Onion,kg,1.65
RM010,2025-01-22,Spring Onion,kg,1.8
RM010,2025-01-23,Spring Onion,kg,2.04
RM010,2025-01-24,Spring Onion,kg,2.43
RM010,2025-01-25,Spring Onion,kg,2.35
RM010,2025-01-26,Spring Onion,kg,2.17
RM010,2025-01-27,Spring Onion,kg,1.83
RM010,2025-01-28,Spring Onion,kg,2.05
RM010,2025-01-29,Spring Onion,kg,1.92
RM010,2025-01-30,Spring Onion,kg,2.47
RM010,2025-01-31,Spring Onion,kg,2.24
RM010,2025-02-01,Spring Onion,kg,2.44
RM010,2025-02-02,Spring Onion,kg,2.34
RM010,2025-02-03,Spring Onion,kg,1.67
RM010,2025-02-04,Spring Onion,kg,2.01
RM010,2025-02-05,Spring Onion,kg,2.2
RM010,2025-02-06,Spring Onion,kg,2.03
RM010,2025-02-07,Spring Onion,kg,2.68
RM010,2025-02-08,Spring Onion,kg,2.67
RM010,2025-02-09,Spring Onion,kg,2.13
RM010,2025-02-10,Spring Onion,kg,1.69
RM010,2025-02-11,Spring Onion,kg,2.04
RM010,2025-02-12,Spring Onion,kg,1.81
RM010,2025-02-13,Spring Onion,kg,1.99
RM010,2025-02-14,Spring Onion,kg,2.2
RM010,2025-02-15,Spring Onion,kg,2.1
RM010,2025-02-16,Spring Onion,kg,1.9
RM010,2025-02-17,Spring Onion,kg,1.35
RM010,2025-02-18,Spring Onion,kg,1.98
RM010,2025-02-19,Spring Onion,kg,2.03
RM010,2025-02-20,Spring Onion,kg,1.9
RM010,2025-02-21,Spring Onion,kg,2.45
RM010,2025-02-22,Spring Onion,kg,2.42
RM010,2025-02-23,Spring Onion,kg,2.22
RM010,2025-02-24,Spring Onion,kg,1.73
RM010,2025-02-25,Spring Onion,kg,1.91
RM010,2025-02-26,Spring Onion,kg,1.91
RM010,2025-02-27,Spring Onion,kg,2.22
RM010,2025-02-28,Spring Onion,kg,2.03
RM010,2025-03-01,Spring Onion,kg,2.58
RM010,2025-03-02,Spring Onion,kg,2.5
RM010,2025-03-03,Spring Onion,kg,1.84
RM010,2025-03-04,Spring Onion,kg,1.88
RM010,2025-03-05,Spring Onion,kg,1.86
RM010,2025-03-06,Spring Onion,kg,2.34
RM010,2025-03-07,Spring Onion,kg,2.43
RM010,2025-03-08,Spring Onion,kg,2.12
RM010,2025-03-09,Spring Onion,kg,2.14
RM010,2025-03-10,Spring Onion,kg,1.63
RM010,2025-03-11,Spring Onion,kg,1.82
RM010,2025-03-12,Spring Onion,kg,1.77
RM010,2025-03-13,Spring Onion,kg,2.22
RM010,2025-03-14,Spring Onion,kg,2.25
RM010,2025-03-15,Spring Onion,kg,2.55
RM010,2025-03-16,Spring Onion,kg,2.02
RM010,2025-03-17,Spring Onion,kg,1.82
RM010,2025-03-18,Spring Onion,kg,1.82
RM010,2025-03-19,Spring Onion,kg,1.94
RM010,2025-03-20,Spring Onion,kg,2.31
RM010,2025-03-21,Spring Onion,kg,2.04
RM010,2025-03-22,Spring Onion,kg,2.03
RM010,2025-03-23,Spring Onion,kg,2.14
RM010,2025-03-24,Spring Onion,kg,1.75
RM010,2025-03-25,Spring Onion,kg,2.03
RM010,2025-03-26,Spring Onion,kg,2.06
RM010,2025-03-27,Spring Onion,kg,1.91
RM010,2025-03-28,Spring Onion,kg,2.21
RM010,2025-03-29,Spring Onion,kg,2.46
RM010,2025-03-30,Spring Onion,kg,2.05
RM010,2025-03-31,Spring Onion,kg,2.04
RM010,2025-04-01,Spring Onion,kg,1.89
RM010,2025-04-02,Spring Onion,kg,2.07
RM010,2025-04-03,Spring Onion,kg,2.37
RM010,2025-04-04,Spring Onion,kg,2.31
RM010,2025-04-05,Spring Onion,kg,2.17
RM010,2025-04-06,Spring Onion,kg,2.54
RM010,2025-04-07,Spring Onion,kg,1.75
RM010,2025-04-08,Spring Onion,kg,2.21
RM010,2025-04-09,Spring Onion,kg,2.34
RM010,2025-04-10,Spring Onion,kg,2.17
RM010,2025-04-11,Spring Onion,kg,2.41
RM010,2025-04-12,Spring Onion,kg,2.65
RM010,2025-04-13,Spring Onion,kg,2.27
RM010,2025-04-14,Spring Onion,kg,1.56
RM010,2025-04-15,Spring Onion,kg,1.89
RM010,2025-04-16,Spring Onion,kg,1.87
RM010,2025-04-17,Spring Onion,kg,2.25
RM010,2025-04-18,Spring Onion,kg,1.95
RM010,2025-04-19,Spring Onion,kg,2.29
RM010,2025-04-20,Spring Onion,kg,1.72
RM010,2025-04-21,Spring Onion,kg,1.57
RM010,2025-04-22,Spring Onion,kg,1.84
RM010,2025-04-23,Spring Onion,kg,1.91
RM010,2025-04-24,Spring Onion,kg,2.52
RM010,2025-04-25,Spring Onion,kg,2.26
RM010,2025-04-26,Spring Onion,kg,2.55
RM010,2025-04-27,Spring Onion,kg,2.08
RM010,2025-04-28,Spring Onion,kg,1.87
RM010,2025-04-29,Spring Onion,kg,2.09
RM010,2025-04-30,Spring Onion,kg,2.16
RM010,2025-05-01,Spring Onion,kg,2.2
RM010,2025-05-02,Spring Onion,kg,2.62
RM010,2025-05-03,Spring Onion,kg,2.79
RM010,2025-05-04,Spring Onion,kg,2.1
RM010,2025-05-05,Spring Onion,kg,1.7
RM010,2025-05-06,Spring Onion,kg,2.07
RM010,2025-05-07,Spring Onion,kg,1.68
RM010,2025-05-08,Spring Onion,kg,2.22
RM010,2025-05-09,Spring Onion,kg,2.46
RM010,2025-05-10,Spring Onion,kg,2.5
RM010,2025-05-11,Spring Onion,kg,2.4
RM010,2025-05-12,Spring Onion,kg,1.74
RM010,2025-05-13,Spring Onion,kg,1.95
RM010,2025-05-14,Spring Onion,kg,1.83
RM010,2025-05-15,Spring Onion,kg,2.22
RM010,2025-05-16,Spring Onion,kg,2.32
RM010,2025-05-17,Spring Onion,kg,2.47
RM010,2025-05-18,Spring Onion,kg,1.47
RM010,2025-05-19,Spring Onion,kg,1.69
RM010,2025-05-20,Spring Onion,kg,1.78
RM010,2025-05-21,Spring Onion,kg,1.77
RM010,2025-05-22,Spring Onion,kg,2.09
RM010,2025-05-23,Spring Onion,kg,1.93
RM010,2025-05-24,Spring Onion,kg,2.2
RM010,2025-05-25,Spring Onion,kg,2.1
RM010,2025-05-26,Spring Onion,kg,1.89
RM010,2025-05-27,Spring Onion,kg,1.92
RM010,2025-05-28,Spring Onion,kg,1.69
RM010,2025-05-29,Spring Onion,kg,1.96
RM010,2025-05-30,Spring Onion,kg,2.3
RM010,2025-05-31,Spring Onion,kg,2.82
RM010,2025-06-01,Spring Onion,kg,2.1
RM010,2025-06-02,Spring Onion,kg,1.92
RM010,2025-06-03,Spring Onion,kg,2.06
RM010,2025-06-04,Spring Onion,kg,1.86
RM010,2025-06-05,Spring Onion,kg,1.88
RM010,2025-06-06,Spring Onion,kg,2.48
RM010,2025-06-07,Spring Onion,kg,2.56
RM010,2025-06-08,Spring Onion,kg,2.25
RM010,2025-06-09,Spring Onion,kg,1.78
RM010,2025-06-10,Spring Onion,kg,2.0
RM010,2025-06-11,Spring Onion,kg,2.12
RM010,2025-06-12,Spring Onion,kg,2.02
RM010,2025-06-13,Spring Onion,kg,2.04
RM010,2025-06-14,Spring Onion,kg,2.53
RM010,2025-06-15,Spring Onion,kg,2.1
RM010,2025-06-16,Spring Onion,kg,1.57
RM010,2025-06-17,Spring Onion,kg,2.06
RM010,2025-06-18,Spring Onion,kg,1.79
RM010,2025-06-19,Spring Onion,kg,2.32
RM010,2025-06-20,Spring Onion,kg,1.97
RM010,2025-06-21,Spring Onion,kg,1.81
RM010,2025-06-22,Spring Onion,kg,1.82
RM010,2025-06-23,Spring Onion,kg,1.97
RM010,2025-06-24,Spring Onion,kg,1.88
RM010,2025-06-25,Spring Onion,kg,1.8
RM010,2025-06-26,Spring Onion,kg,2.03
RM010,2025-06-27,Spring Onion,kg,1.98
RM010,2025-06-28,Spring Onion,kg,2.42
RM010,2025-06-29,Spring Onion,kg,2.3
RM010,2025-06-30,Spring Onion,kg,2.0
RM010,2025-07-01,Spring Onion,kg,2.08
RM010,2025-07-02,Spring Onion,kg,2.03
RM010,2025-07-03,Spring Onion,kg,1.91
RM010,2025-07-04,Spring Onion,kg,2.42
RM010,2025-07-05,Spring Onion,kg,2.43
RM010,2025-07-06,Spring Onion,kg,2.39
RM010,2025-07-07,Spring Onion,kg,1.92
RM010,2025-07-08,Spring Onion,kg,1.85
RM010,2025-07-09,Spring Onion,kg,1.93
RM010,2025-07-10,Spring Onion,kg,2.27
RM010,2025-07-11,Spring Onion,kg,2.1
RM010,2025-07-12,Spring Onion,kg,2.51
RM010,2025-07-13,Spring Onion,kg,2.34
RM010,2025-07-14,Spring Onion,kg,1.67
RM010,2025-07-15,Spring Onion,kg,1.63
RM010,2025-07-16,Spring Onion,kg,1.74
RM010,2025-07-17,Spring Onion,kg,2.1
RM010,2025-07-18,Spring Onion,kg,2.06
RM010,2025-07-19,Spring Onion,kg,2.41
RM010,2025-07-20,Spring Onion,kg,1.81
RM010,2025-07-21,Spring Onion,kg,1.64
RM010,2025-07-22,Spring Onion,kg,1.94
RM010,2025-07-23,Spring Onion,kg,1.65
RM010,2025-07-24,Spring Onion,kg,1.71
RM010,2025-07-25,Spring Onion,kg,2.28
RM010,2025-07-26,Spring Onion,kg,2.53
RM010,2025-07-27,Spring Onion,kg,2.2
RM010,2025-07-28,Spring Onion,kg,1.48
RM010,2025-07-29,Spring Onion,kg,1.93
RM010,2025-07-30,Spring Onion,kg,2.25
RM010,2025-07-31,Spring Onion,kg,2.2
RM010,2025-08-01,Spring Onion,kg,2.11
RM010,2025-08-02,Spring Onion,kg,2.8
RM010,2025-08-03,Spring Onion,kg,2.28
RM010,2025-08-04,Spring Onion,kg,2.06
RM010,2025-08-05,Spring Onion,kg,2.16
RM010,2025-08-06,Spring Onion,kg,2.28
RM010,2025-08-07,Spring Onion,kg,2.12
RM010,2025-08-08,Spring Onion,kg,2.18
RM010,2025-08-09,Spring Onion,kg,2.27
RM010,2025-08-10,Spring Onion,kg,2.29
RM010,2025-08-11,Spring Onion,kg,1.68
RM010,2025-08-12,Spring Onion,kg,1.66
RM010,2025-08-13,Spring Onion,kg,2.08
RM010,2025-08-14,Spring Onion,kg,2.31
RM010,2025-08-15,Spring Onion,kg,2.4
RM010,2025-08-16,Spring Onion,kg,2.12
RM010,2025-08-17,Spring Onion,kg,2.2
RM010,2025-08-18,Spring Onion,kg,1.69
RM010,2025-08-19,Spring Onion,kg,1.7
RM010,2025-08-20,Spring Onion,kg,1.77
RM010,2025-08-21,Spring Onion,kg,1.95
RM010,2025-08-22,Spring Onion,kg,2.01
RM010,2025-08-23,Spring Onion,kg,2.43
RM010,2025-08-24,Spring Onion,kg,2.48
RM010,2025-08-25,Spring Onion,kg,1.61
RM010,2025-08-26,Spring Onion,kg,1.84
RM010,2025-08-27,Spring Onion,kg,2.1
RM010,2025-08-28,Spring Onion,kg,2.42
RM010,2025-08-29,Spring Onion,kg,2.38
RM010,2025-08-30,Spring Onion,kg,1.95
RM010,2025-08-31,Spring Onion,kg,2.79
RM010,2025-09-01,Spring Onion,kg,1.79
RM010,2025-09-02,Spring Onion,kg,1.95
RM010,2025-09-03,Spring Onion,kg,2.22
RM010,2025-09-04,Spring Onion,kg,2.02
RM010,2025-09-05,Spring Onion,kg,2.47
RM010,2025-09-06,Spring Onion,kg,2.14
RM010,2025-09-07,Spring Onion,kg,2.31
RM010,2025-09-08,Spring Onion,kg,1.75
RM010,2025-09-09,Spring Onion,kg,1.97
RM010,2025-09-10,Spring Onion,kg,1.63
RM010,2025-09-11,Spring Onion,kg,2.06
RM010,2025-09-12,Spring Onion,kg,2.51
RM010,2025-09-13,Spring Onion,kg,2.34
RM010,2025-09-14,Spring Onion,kg,2.28
RM010,2025-09-15,Spring Onion,kg,1.6
RM010,2025-09-16,Spring Onion,kg,1.45
RM010,2025-09-17,Spring Onion,kg,1.87
RM010,2025-09-18,Spring Onion,kg,1.8
RM010,2025-09-19,Spring Onion,kg,2.3
RM010,2025-09-20,Spring Onion,kg,2.09
RM010,2025-09-21,Spring Onion,kg,2.14
RM010,2025-09-22,Spring Onion,kg,1.94
RM010,2025-09-23,Spring Onion,kg,1.85
RM010,2025-09-24,Spring Onion,kg,1.7
RM010,2025-09-25,Spring Onion,kg,2.21
RM010,2025-09-26,Spring Onion,kg,2.54
RM010,2025-09-27,Spring Onion,kg,2.15
RM010,2025-09-28,Spring Onion,kg,2.04
RM010,2025-09-29,Spring Onion,kg,1.87
RM010,2025-09-30,Spring Onion,kg,2.12
RM010,2025-10-01,Spring Onion,kg,2.36
RM010,2025-10-02,Spring Onion,kg,2.5
RM010,2025-10-03,Spring Onion,kg,2.55
RM010,2025-10-04,Spring Onion,kg,2.35
RM010,2025-10-05,Spring Onion,kg,1.91
RM010,2025-10-06,Spring Onion,kg,1.84
RM010,2025-10-07,Spring Onion,kg,2.0
RM010,2025-10-08,Spring Onion,kg,2.11
RM010,2025-10-09,Spring Onion,kg,2.24
RM010,2025-10-10,Spring Onion,kg,2.34
RM010,2025-10-11,Spring Onion,kg,2.17
RM010,2025-10-12,Spring Onion,kg,2.03
RM010,2025-10-13,Spring Onion,kg,1.6
RM010,2025-10-14,Spring Onion,kg,1.72
RM010,2025-10-15,Spring Onion,kg,1.65
RM010,2025-10-16,Spring Onion,kg,1.81
RM010,2025-10-17,Spring Onion,kg,2.08
RM010,2025-10-18,Spring Onion,kg,2.31
RM010,2025-10-19,Spring Onion,kg,2.02
RM010,2025-10-20,Spring Onion,kg,1.99
RM010,2025-10-21,Spring Onion,kg,2.0
RM010,2025-10-22,Spring Onion,kg,1.78
RM010,2025-10-23,Spring Onion,kg,2.23
RM010,2025-10-24,Spring Onion,kg,2.12
RM010,2025-10-25,Spring Onion,kg,2.15
RM010,2025-10-26,Spring Onion,kg,2.2
RM010,2025-10-27,Spring Onion,kg,1.69
RM010,2025-10-28,Spring Onion,kg,1.98
RM010,2025-10-29,Spring Onion,kg,2.06
RM010,2025-10-30,Spring Onion,kg,1.95
RM010,2025-10-31,Spring Onion,kg,2.51
RM010,2025-11-01,Spring Onion,kg,2.3
RM010,2025-11-02,Spring Onion,kg,2.48
RM010,2025-11-03,Spring Onion,kg,1.57
RM010,2025-11-04,Spring Onion,kg,1.79
RM010,2025-11-05,Spring Onion,kg,2.03
RM010,2025-11-06,Spring Onion,kg,2.09
RM010,2025-11-07,Spring Onion,kg,2.17
RM010,2025-11-08,Spring Onion,kg,2.42
RM010,2025-11-09,Spring Onion,kg,2.22
RM010,2025-11-10,Spring Onion,kg,1.71
RM010,2025-11-11,Spring Onion,kg,1.48
RM010,2025-11-12,Spring Onion,kg,1.98
RM010,2025-11-13,Spring Onion,kg,2.19
RM010,2025-11-14,Spring Onion,kg,2.33
RM010,2025-11-15,Spring Onion,kg,2.29
RM010,2025-11-16,Spring Onion,kg,2.17
RM010,2025-11-17,Spring Onion,kg,1.45
RM010,2025-11-18,Spring Onion,kg,2.09
RM010,2025-11-19,Spring Onion,kg,1.99
RM010,2025-11-20,Spring Onion,kg,2.15
RM010,2025-11-21,Spring Onion,kg,2.3
RM010,2025-11-22,Spring Onion,kg,1.99
RM010,2025-11-23,Spring Onion,kg,1.75
RM010,2025-11-24,Spring Onion,kg,1.6
RM010,2025-11-25,Spring Onion,kg,2.01
RM010,2025-11-26,Spring Onion,kg,1.92
RM010,2025-11-27,Spring Onion,kg,2.16
RM010,2025-11-28,Spring Onion,kg,2.8
RM010,2025-11-29,Spring Onion,kg,2.56
RM010,2025-11-30,Spring Onion,kg,2.51
RM010,2025-12-01,Spring Onion,kg,1.72
RM010,2025-12-02,Spring Onion,kg,2.18
RM010,2025-12-03,Spring Onion,kg,2.28
RM010,2025-12-04,Spring Onion,kg,2.13
RM010,2025-12-05,Spring Onion,kg,2.31
RM010,2025-12-06,Spring Onion,kg,2.33
RM010,2025-12-07,Spring Onion,kg,1.84
RM010,2025-12-08,Spring Onion,kg,1.75
RM010,2025-12-09,Spring Onion,kg,1.95
RM010,2025-12-10,Spring Onion,kg,1.65
RM010,2025-12-11,Spring Onion,kg,2.22
RM010,2025-12-12,Spring Onion,kg,1.96
RM010,2025-12-13,Spring Onion,kg,2.31
RM010,2025-12-14,Spring Onion,kg,2.28
RM010,2025-12-15,Spring Onion,kg,1.64
RM010,2025-12-16,Spring Onion,kg,1.97
RM010,2025-12-17,Spring Onion,kg,1.88
RM010,2025-12-18,Spring Onion,kg,1.83
RM010,2025-12-19,Spring Onion,kg,2.33
RM010,2025-12-20,Spring Onion,kg,2.26
RM010,2025-12-21,Spring Onion,kg,2.0
RM010,2025-12-22,Spring Onion,kg,1.74
RM010,2025-12-23,Spring Onion,kg,2.08
RM010,2025-12-24,Spring Onion,kg,1.79
RM010,2025-12-25,Spring Onion,kg,1.84
RM010,2025-12-26,Spring Onion,kg,2.09
RM010,2025-12-27,Spring Onion,kg,2.2
RM010,2025-12-28,Spring Onion,kg,2.2
RM010,2025-12-29,Spring Onion,kg,1.93
RM010,2025-12-30,Spring Onion,kg,1.81
RM010,2025-12-31,Spring Onion,kg,2.16
RM010,2026-01-01,Spring Onion,kg,2.54
RM010,2026-01-02,Spring Onion,kg,2.47
RM010,2026-01-03,Spring Onion,kg,2.56
RM010,2026-01-04,Spring Onion,kg,2.49
RM010,2026-01-05,Spring Onion,kg,1.66
RM010,2026-01-06,Spring Onion,kg,2.07
RM010,2026-01-07,Spring Onion,kg,2.06
RM010,2026-01-08,Spring Onion,kg,1.84
RM010,2026-01-09,Spring Onion,kg,2.03
RM010,2026-01-10,Spring Onion,kg,2.32
RM010,2026-01-11,Spring Onion,kg,1.95
RM010,2026-01-12,Spring Onion,kg,1.64
RM010,2026-01-13,Spring Onion,kg,1.95
RM010,2026-01-14,Spring Onion,kg,1.71
RM010,2026-01-15,Spring Onion,kg,1.87
RM010,2026-01-16,Spring Onion,kg,1.93
RM010,2026-01-17,Spring Onion,kg,2.19
RM010,2026-01-18,Spring Onion,kg,1.92
RM010,2026-01-19,Spring Onion,kg,1.68
RM010,2026-01-20,Spring Onion,kg,1.77
RM010,2026-01-21,Spring Onion,kg,1.93
RM010,2026-01-22,Spring Onion,kg,1.94
RM010,2026-01-23,Spring Onion,kg,2.21
RM010,2026-01-24,Spring Onion,kg,2.38
RM010,2026-01-25,Spring Onion,kg,2.11
RM010,2026-01-26,Spring Onion,kg,1.79
RM010,2026-01-27,Spring Onion,kg,2.09
RM010,2026-01-28,Spring Onion,kg,1.88
RM010,2026-01-29,Spring Onion,kg,1.92
RM010,2026-01-30,Spring Onion,kg,2.59
RM010,2026-01-31,Spring Onion,kg,2.77
RM010,2026-02-01,Spring Onion,kg,2.38
RM010,2026-02-02,Spring Onion,kg,1.98
RM010,2026-02-03,Spring Onion,kg,2.17
RM010,2026-02-04,Spring Onion,kg,1.99
RM010,2026-02-05,Spring Onion,kg,1.99
RM010,2026-02-06,Spring Onion,kg,2.29
RM010,2026-02-07,Spring Onion,kg,2.16
RM010,2026-02-08,Spring Onion,kg,1.95
RM010,2026-02-09,Spring Onion,kg,1.6
RM010,2026-02-10,Spring Onion,kg,1.78
RM010,2026-02-11,Spring Onion,kg,2.16
RM010,2026-02-12,Spring Onion,kg,1.98
RM010,2026-02-13,Spring Onion,kg,2.2
RM010,2026-02-14,Spring Onion,kg,2.22
RM010,2026-02-15,Spring Onion,kg,2.03
RM010,2026-02-16,Spring Onion,kg,1.75
RM010,2026-02-17,Spring Onion,kg,1.75
RM010,2026-02-18,Spring Onion,kg,2.02
RM010,2026-02-19,Spring Onion,kg,2.0
RM010,2026-02-20,Spring Onion,kg,2.14
RM010,2026-02-21,Spring Onion,kg,2.34
RM010,2026-02-22,Spring Onion,kg,2.22
RM010,2026-02-23,Spring Onion,kg,1.91
RM010,2026-02-24,Spring Onion,kg,1.87
RM010,2026-02-25,Spring Onion,kg,1.85
RM010,2026-02-26,Spring Onion,kg,2.18
RM010,2026-02-27,Spring Onion,kg,2.03
RM010,2026-02-28,Spring Onion,kg,2.59
RM010,2026-03-01,Spring Onion,kg,2.41
RM010,2026-03-02,Spring Onion,kg,2.07
RM010,2026-03-03,Spring Onion,kg,1.99
RM010,2026-03-04,Spring Onion,kg,1.92
RM010,2026-03-05,Spring Onion,kg,2.07
RM010,2026-03-06,Spring Onion,kg,2.52
RM010,2026-03-07,Spring Onion,kg,2.59
RM010,2026-03-08,Spring Onion,kg,2.07
RM010,2026-03-09,Spring Onion,kg,2.01
RM010,2026-03-10,Spring Onion,kg,2.01
RM010,2026-03-11,Spring Onion,kg,1.81
RM010,2026-03-12,Spring Onion,kg,2.0
RM010,2026-03-13,Spring Onion,kg,2.1
RM010,2026-03-14,Spring Onion,kg,2.42
RM010,2026-03-15,Spring Onion,kg,2.04
RM010,2026-03-16,Spring Onion,kg,1.72
RM010,2026-03-17,Spring Onion,kg,1.99
RM010,2026-03-18,Spring Onion,kg,1.7
RM010,2026-03-19,Spring Onion,kg,2.03
RM010,2026-03-20,Spring Onion,kg,2.04
RM010,2026-03-21,Spring Onion,kg,2.25
RM010,2026-03-22,Spring Onion,kg,2.21
RM010,2026-03-23,Spring Onion,kg,1.63
RM010,2026-03-24,Spring Onion,kg,1.83
RM010,2026-03-25,Spring Onion,kg,1.99
RM010,2026-03-26,Spring Onion,kg,2.11
RM010,2026-03-27,Spring Onion,kg,2.27
RM010,2026-03-28,Spring Onion,kg,2.77
RM010,2026-03-29,Spring Onion,kg,2.43
RM010,2026-03-30,Spring Onion,kg,1.84
RM010,2026-03-31,Spring Onion,kg,2.15
RM010,2026-04-01,Spring Onion,kg,2.21
RM010,2026-04-02,Spring Onion,kg,2.16
RM010,2026-04-03,Spring Onion,kg,2.56
RM010,2026-04-04,Spring Onion,kg,2.76
RM010,2026-04-05,Spring Onion,kg,2.21
RM010,2026-04-06,Spring Onion,kg,2.06
RM010,2026-04-07,Spring Onion,kg,2.17
RM010,2026-04-08,Spring Onion,kg,2.26
RM010,2026-04-09,Spring Onion,kg,2.06
RM010,2026-04-10,Spring Onion,kg,2.16
RM010,2026-04-11,Spring Onion,kg,2.62
RM010,2026-04-12,Spring Onion,kg,1.84
RM010,2026-04-13,Spring Onion,kg,1.64
RM010,2026-04-14,Spring Onion,kg,1.91
RM010,2026-04-15,Spring Onion,kg,1.92
RM010,2026-04-16,Spring Onion,kg,2.12
RM010,2026-04-17,Spring Onion,kg,2.01
RM010,2026-04-18,Spring Onion,kg,2.11
RM010,2026-04-19,Spring Onion,kg,2.06
RM010,2026-04-20,Spring Onion,kg,1.67
RM010,2026-04-21,Spring Onion,kg,1.82
RM010,2026-04-22,Spring Onion,kg,1.85
RM010,2026-04-23,Spring Onion,kg,1.84
RM010,2026-04-24,Spring Onion,kg,2.44
RM010,2026-04-25,Spring Onion,kg,2.48
RM010,2026-04-26,Spring Onion,kg,2.31
RM010,2026-04-27,Spring Onion,kg,1.82
RM010,2026-04-28,Spring Onion,kg,2.23
RM010,2026-04-29,Spring Onion,kg,2.22
RM010,2026-04-30,Spring Onion,kg,2.33
RM010,2026-05-01,Spring Onion,kg,2.41
RM010,2026-05-02,Spring Onion,kg,2.6
RM010,2026-05-03,Spring Onion,kg,2.03
RM010,2026-05-04,Spring Onion,kg,1.73
RM010,2026-05-05,Spring Onion,kg,2.21
RM010,2026-05-06,Spring Onion,kg,1.85
RM010,2026-05-07,Spring Onion,kg,1.74
RM010,2026-05-08,Spring Onion,kg,1.98
RM010,2026-05-09,Spring Onion,kg,2.48
RM010,2026-05-10,Spring Onion,kg,2.5
RM010,2026-05-11,Spring Onion,kg,1.59
RM010,2026-05-12,Spring Onion,kg,1.67
RM010,2026-05-13,Spring Onion,kg,2.01
RM010,2026-05-14,Spring Onion,kg,2.08
RM010,2026-05-15,Spring Onion,kg,2.23
RM010,2026-05-16,Spring Onion,kg,2.12
RM010,2026-05-17,Spring Onion,kg,2.38
RM010,2026-05-18,Spring Onion,kg,1.77
RM010,2026-05-19,Spring Onion,kg,1.73
RM010,2026-05-20,Spring Onion,kg,2.05
RM010,2026-05-21,Spring Onion,kg,1.68
RM010,2026-05-22,Spring Onion,kg,2.1
RM010,2026-05-23,Spring Onion,kg,2.53
RM010,2026-05-24,Spring Onion,kg,2.18
RM010,2026-05-25,Spring Onion,kg,1.78
RM010,2026-05-26,Spring Onion,kg,1.8
RM010,2026-05-27,Spring Onion,kg,1.94
RM010,2026-05-28,Spring Onion,kg,2.07
RM010,2026-05-29,Spring Onion,kg,2.37
RM010,2026-05-30,Spring Onion,kg,2.85
RM010,2026-05-31,Spring Onion,kg,2.29
RM010,2026-06-01,Spring Onion,kg,1.9
RM010,2026-06-02,Spring Onion,kg,2.02
RM010,2026-06-03,Spring Onion,kg,2.24
RM010,2026-06-04,Spring Onion,kg,2.44
RM010,2026-06-05,Spring Onion,kg,2.35
RM010,2026-06-06,Spring Onion,kg,2.51
RM010,2026-06-07,Spring Onion,kg,2.18
RM010,2026-06-08,Spring Onion,kg,1.84
RM010,2026-06-09,Spring Onion,kg,1.9
RM010,2026-06-10,Spring Onion,kg,1.66
RM010,2026-06-11,Spring Onion,kg,2.13
RM010,2026-06-12,Spring Onion,kg,2.21
RM010,2026-06-13,Spring Onion,kg,2.29
RM010,2026-06-14,Spring Onion,kg,2.5
RM010,2026-06-15,Spring Onion,kg,1.57
RM010,2026-06-16,Spring Onion,kg,2.04
RM010,2026-06-17,Spring Onion,kg,1.93
RM010,2026-06-18,Spring Onion,kg,2.19
RM010,2026-06-19,Spring Onion,kg,2.18
RM010,2026-06-20,Spring Onion,kg,2.22
RM010,2026-06-21,Spring Onion,kg,1.97
RM010,2026-06-22,Spring Onion,kg,1.69
RM010,2026-06-23,Spring Onion,kg,1.88
RM010,2026-06-24,Spring Onion,kg,2.13
RM010,2026-06-25,Spring Onion,kg,2.04
RM010,2026-06-26,Spring Onion,kg,2.25
RM010,2026-06-27,Spring Onion,kg,2.22
RM010,2026-06-28,Spring Onion,kg,1.7
RM010,2026-06-29,Spring Onion,kg,1.96
RM010,2026-06-30,Spring Onion,kg,2.02
RM010,2026-07-01,Spring Onion,kg,2.01
RM010,2026-07-02,Spring Onion,kg,2.16
RM010,2026-07-03,Spring Onion,kg,2.51
RM010,2026-07-04,Spring Onion,kg,2.47
RM010,2026-07-05,Spring Onion,kg,2.49
RM010,2026-07-06,Spring Onion,kg,1.74
RM010,2026-07-07,Spring Onion,kg,1.98
RM010,2026-07-08,Spring Onion,kg,2.17
RM010,2026-07-09,Spring Onion,kg,2.19
RM010,2026-07-10,Spring Onion,kg,2.33
RM010,2026-07-11,Spring Onion,kg,2.38
RM010,2026-07-12,Spring Onion,kg,2.41
RM010,2026-07-13,Spring Onion,kg,1.62
RM010,2026-07-14,Spring Onion,kg,1.63
RM010,2026-07-15,Spring Onion,kg,2.15
RM010,2026-07-16,Spring Onion,kg,2.3
RM010,2026-07-17,Spring Onion,kg,1.97
RM010,2026-07-18,Spring Onion,kg,2.26
RM010,2026-07-19,Spring Onion,kg,2.08
RM010,2026-07-20,Spring Onion,kg,1.51
RM010,2026-07-21,Spring Onion,kg,1.62
RM010,2026-07-22,Spring Onion,kg,1.81
RM010,2026-07-23,Spring Onion,kg,2.12
RM010,2026-07-24,Spring Onion,kg,2.26
RM010,2026-07-25,Spring Onion,kg,2.28
RM010,2026-07-26,Spring Onion,kg,2.35
RM010,2026-07-27,Spring Onion,kg,1.99
RM010,2026-07-28,Spring Onion,kg,1.9
RM010,2026-07-29,Spring Onion,kg,1.97
RM010,2026-07-30,Spring Onion,kg,2.17
RM010,2026-07-31,Spring Onion,kg,2.05
RM010,2026-08-01,Spring Onion,kg,2.24
RM010,2026-08-02,Spring Onion,kg,2.37
RM010,2026-08-03,Spring Onion,kg,1.76
RM010,2026-08-04,Spring Onion,kg,2.1
RM010,2026-08-05,Spring Onion,kg,2.08
RM010,2026-08-06,Spring Onion,kg,2.0
RM010,2026-08-07,Spring Onion,kg,2.0
RM010,2026-08-08,Spring Onion,kg,2.36
RM010,2026-08-09,Spring Onion,kg,2.36
RM011,2025-01-01,Cabbage,kg,7.55
RM011,2025-01-02,Cabbage,kg,7.31
RM011,2025-01-03,Cabbage,kg,7.98
RM011,2025-01-04,Cabbage,kg,9.67
RM011,2025-01-05,Cabbage,kg,7.28
RM011,2025-01-06,Cabbage,kg,5.34
RM011,2025-01-07,Cabbage,kg,6.88
RM011,2025-01-08,Cabbage,kg,6.43
RM011,2025-01-09,Cabbage,kg,7.39
RM011,2025-01-10,Cabbage,kg,6.71
RM011,2025-01-11,Cabbage,kg,8.48
RM011,2025-01-12,Cabbage,kg,6.92
RM011,2025-01-13,Cabbage,kg,6.35
RM011,2025-01-14,Cabbage,kg,6.74
RM011,2025-01-15,Cabbage,kg,5.8
RM011,2025-01-16,Cabbage,kg,7.29
RM011,2025-01-17,Cabbage,kg,7.97
RM011,2025-01-18,Cabbage,kg,8.36
RM011,2025-01-19,Cabbage,kg,6.65
RM011,2025-01-20,Cabbage,kg,5.73
RM011,2025-01-21,Cabbage,kg,5.8
RM011,2025-01-22,Cabbage,kg,7.47
RM011,2025-01-23,Cabbage,kg,7.22
RM011,2025-01-24,Cabbage,kg,7.49
RM011,2025-01-25,Cabbage,kg,8.52
RM011,2025-01-26,Cabbage,kg,6.88
RM011,2025-01-27,Cabbage,kg,6.02
RM011,2025-01-28,Cabbage,kg,7.24
RM011,2025-01-29,Cabbage,kg,7.69
RM011,2025-01-30,Cabbage,kg,8.0
RM011,2025-01-31,Cabbage,kg,8.13
RM011,2025-02-01,Cabbage,kg,8.95
RM011,2025-02-02,Cabbage,kg,8.11
RM011,2025-02-03,Cabbage,kg,7.39
RM011,2025-02-04,Cabbage,kg,6.72
RM011,2025-02-05,Cabbage,kg,6.98
RM011,2025-02-06,Cabbage,kg,8.12
RM011,2025-02-07,Cabbage,kg,7.9
RM011,2025-02-08,Cabbage,kg,9.11
RM011,2025-02-09,Cabbage,kg,7.06
RM011,2025-02-10,Cabbage,kg,4.97
RM011,2025-02-11,Cabbage,kg,6.52
RM011,2025-02-12,Cabbage,kg,6.84
RM011,2025-02-13,Cabbage,kg,7.6
RM011,2025-02-14,Cabbage,kg,7.14
RM011,2025-02-15,Cabbage,kg,8.49
RM011,2025-02-16,Cabbage,kg,7.15
RM011,2025-02-17,Cabbage,kg,6.2
RM011,2025-02-18,Cabbage,kg,7.57
RM011,2025-02-19,Cabbage,kg,7.87
RM011,2025-02-20,Cabbage,kg,7.36
RM011,2025-02-21,Cabbage,kg,7.53
RM011,2025-02-22,Cabbage,kg,7.69
RM011,2025-02-23,Cabbage,kg,6.77
RM011,2025-02-24,Cabbage,kg,6.28
RM011,2025-02-25,Cabbage,kg,7.48
RM011,2025-02-26,Cabbage,kg,7.3
RM011,2025-02-27,Cabbage,kg,7.16
RM011,2025-02-28,Cabbage,kg,7.54
RM011,2025-03-01,Cabbage,kg,8.82
RM011,2025-03-02,Cabbage,kg,8.26
RM011,2025-03-03,Cabbage,kg,5.88
RM011,2025-03-04,Cabbage,kg,7.53
RM011,2025-03-05,Cabbage,kg,7.21
RM011,2025-03-06,Cabbage,kg,7.26
RM011,2025-03-07,Cabbage,kg,7.73
RM011,2025-03-08,Cabbage,kg,9.1
RM011,2025-03-09,Cabbage,kg,6.86
RM011,2025-03-10,Cabbage,kg,6.34
RM011,2025-03-11,Cabbage,kg,5.73
RM011,2025-03-12,Cabbage,kg,7.14
RM011,2025-03-13,Cabbage,kg,7.44
RM011,2025-03-14,Cabbage,kg,9.02
RM011,2025-03-15,Cabbage,kg,8.76
RM011,2025-03-16,Cabbage,kg,6.67
RM011,2025-03-17,Cabbage,kg,4.8
RM011,2025-03-18,Cabbage,kg,6.72
RM011,2025-03-19,Cabbage,kg,6.7
RM011,2025-03-20,Cabbage,kg,6.78
RM011,2025-03-21,Cabbage,kg,7.18
RM011,2025-03-22,Cabbage,kg,8.25
RM011,2025-03-23,Cabbage,kg,8.6
RM011,2025-03-24,Cabbage,kg,5.05
RM011,2025-03-25,Cabbage,kg,7.13
RM011,2025-03-26,Cabbage,kg,7.41
RM011,2025-03-27,Cabbage,kg,7.77
RM011,2025-03-28,Cabbage,kg,8.41
RM011,2025-03-29,Cabbage,kg,9.1
RM011,2025-03-30,Cabbage,kg,7.67
RM011,2025-03-31,Cabbage,kg,6.66
RM011,2025-04-01,Cabbage,kg,7.52
RM011,2025-04-02,Cabbage,kg,7.36
RM011,2025-04-03,Cabbage,kg,7.92
RM011,2025-04-04,Cabbage,kg,8.8
RM011,2025-04-05,Cabbage,kg,9.41
RM011,2025-04-06,Cabbage,kg,7.61
RM011,2025-04-07,Cabbage,kg,6.95
RM011,2025-04-08,Cabbage,kg,7.33
RM011,2025-04-09,Cabbage,kg,6.66
RM011,2025-04-10,Cabbage,kg,7.2
RM011,2025-04-11,Cabbage,kg,7.23
RM011,2025-04-12,Cabbage,kg,7.63
RM011,2025-04-13,Cabbage,kg,6.13
RM011,2025-04-14,Cabbage,kg,5.74
RM011,2025-04-15,Cabbage,kg,7.12
RM011,2025-04-16,Cabbage,kg,6.57
RM011,2025-04-17,Cabbage,kg,7.35
RM011,2025-04-18,Cabbage,kg,7.04
RM011,2025-04-19,Cabbage,kg,8.31
RM011,2025-04-20,Cabbage,kg,6.62
RM011,2025-04-21,Cabbage,kg,6.61
RM011,2025-04-22,Cabbage,kg,6.55
RM011,2025-04-23,Cabbage,kg,6.66
RM011,2025-04-24,Cabbage,kg,8.05
RM011,2025-04-25,Cabbage,kg,6.89
RM011,2025-04-26,Cabbage,kg,7.88
RM011,2025-04-27,Cabbage,kg,8.15
RM011,2025-04-28,Cabbage,kg,6.06
RM011,2025-04-29,Cabbage,kg,7.05
RM011,2025-04-30,Cabbage,kg,6.9
RM011,2025-05-01,Cabbage,kg,7.93
RM011,2025-05-02,Cabbage,kg,7.57
RM011,2025-05-03,Cabbage,kg,8.52
RM011,2025-05-04,Cabbage,kg,7.88
RM011,2025-05-05,Cabbage,kg,6.94
RM011,2025-05-06,Cabbage,kg,8.26
RM011,2025-05-07,Cabbage,kg,6.8
RM011,2025-05-08,Cabbage,kg,5.94
RM011,2025-05-09,Cabbage,kg,8.75
RM011,2025-05-10,Cabbage,kg,9.73
RM011,2025-05-11,Cabbage,kg,8.3
RM011,2025-05-12,Cabbage,kg,6.08
RM011,2025-05-13,Cabbage,kg,6.94
RM011,2025-05-14,Cabbage,kg,6.43
RM011,2025-05-15,Cabbage,kg,7.14
RM011,2025-05-16,Cabbage,kg,7.84
RM011,2025-05-17,Cabbage,kg,8.19
RM011,2025-05-18,Cabbage,kg,8.0
RM011,2025-05-19,Cabbage,kg,5.18
RM011,2025-05-20,Cabbage,kg,7.03
RM011,2025-05-21,Cabbage,kg,6.53
RM011,2025-05-22,Cabbage,kg,7.54
RM011,2025-05-23,Cabbage,kg,7.31
RM011,2025-05-24,Cabbage,kg,8.87
RM011,2025-05-25,Cabbage,kg,7.61
RM011,2025-05-26,Cabbage,kg,7.12
RM011,2025-05-27,Cabbage,kg,6.44
RM011,2025-05-28,Cabbage,kg,7.18
RM011,2025-05-29,Cabbage,kg,7.96
RM011,2025-05-30,Cabbage,kg,8.34
RM011,2025-05-31,Cabbage,kg,7.85
RM011,2025-06-01,Cabbage,kg,7.65
RM011,2025-06-02,Cabbage,kg,6.79
RM011,2025-06-03,Cabbage,kg,6.97
RM011,2025-06-04,Cabbage,kg,6.92
RM011,2025-06-05,Cabbage,kg,8.12
RM011,2025-06-06,Cabbage,kg,7.58
RM011,2025-06-07,Cabbage,kg,8.79
RM011,2025-06-08,Cabbage,kg,8.13
RM011,2025-06-09,Cabbage,kg,6.48
RM011,2025-06-10,Cabbage,kg,6.63
RM011,2025-06-11,Cabbage,kg,7.08
RM011,2025-06-12,Cabbage,kg,7.37
RM011,2025-06-13,Cabbage,kg,6.77
RM011,2025-06-14,Cabbage,kg,7.98
RM011,2025-06-15,Cabbage,kg,7.61
RM011,2025-06-16,Cabbage,kg,6.08
RM011,2025-06-17,Cabbage,kg,6.24
RM011,2025-06-18,Cabbage,kg,6.79
RM011,2025-06-19,Cabbage,kg,7.22
RM011,2025-06-20,Cabbage,kg,7.54
RM011,2025-06-21,Cabbage,kg,8.53
RM011,2025-06-22,Cabbage,kg,8.04
RM011,2025-06-23,Cabbage,kg,6.59
RM011,2025-06-24,Cabbage,kg,6.79
RM011,2025-06-25,Cabbage,kg,7.25
RM011,2025-06-26,Cabbage,kg,6.27
RM011,2025-06-27,Cabbage,kg,8.16
RM011,2025-06-28,Cabbage,kg,8.11
RM011,2025-06-29,Cabbage,kg,8.07
RM011,2025-06-30,Cabbage,kg,6.63
RM011,2025-07-01,Cabbage,kg,6.65
RM011,2025-07-02,Cabbage,kg,6.53
RM011,2025-07-03,Cabbage,kg,6.85
RM011,2025-07-04,Cabbage,kg,7.14
RM011,2025-07-05,Cabbage,kg,9.2
RM011,2025-07-06,Cabbage,kg,7.02
RM011,2025-07-07,Cabbage,kg,7.07
RM011,2025-07-08,Cabbage,kg,6.91
RM011,2025-07-09,Cabbage,kg,7.59
RM011,2025-07-10,Cabbage,kg,7.05
RM011,2025-07-11,Cabbage,kg,7.03
RM011,2025-07-12,Cabbage,kg,8.3
RM011,2025-07-13,Cabbage,kg,7.06
RM011,2025-07-14,Cabbage,kg,5.73
RM011,2025-07-15,Cabbage,kg,6.22
RM011,2025-07-16,Cabbage,kg,7.44
RM011,2025-07-17,Cabbage,kg,6.23
RM011,2025-07-18,Cabbage,kg,6.27
RM011,2025-07-19,Cabbage,kg,8.84
RM011,2025-07-20,Cabbage,kg,7.38
RM011,2025-07-21,Cabbage,kg,5.21
RM011,2025-07-22,Cabbage,kg,6.77
RM011,2025-07-23,Cabbage,kg,6.08
RM011,2025-07-24,Cabbage,kg,7.59
RM011,2025-07-25,Cabbage,kg,6.51
RM011,2025-07-26,Cabbage,kg,9.25
RM011,2025-07-27,Cabbage,kg,7.53
RM011,2025-07-28,Cabbage,kg,6.06
RM011,2025-07-29,Cabbage,kg,7.56
RM011,2025-07-30,Cabbage,kg,8.57
RM011,2025-07-31,Cabbage,kg,5.57
RM011,2025-08-01,Cabbage,kg,8.7
RM011,2025-08-02,Cabbage,kg,8.19
RM011,2025-08-03,Cabbage,kg,9.59
RM011,2025-08-04,Cabbage,kg,6.59
RM011,2025-08-05,Cabbage,kg,7.34
RM011,2025-08-06,Cabbage,kg,8.12
RM011,2025-08-07,Cabbage,kg,7.16
RM011,2025-08-08,Cabbage,kg,8.47
RM011,2025-08-09,Cabbage,kg,8.36
RM011,2025-08-10,Cabbage,kg,7.36
RM011,2025-08-11,Cabbage,kg,6.05
RM011,2025-08-12,Cabbage,kg,6.27
RM011,2025-08-13,Cabbage,kg,6.51
RM011,2025-08-14,Cabbage,kg,7.26
RM011,2025-08-15,Cabbage,kg,6.75
RM011,2025-08-16,Cabbage,kg,7.44
RM011,2025-08-17,Cabbage,kg,6.22
RM011,2025-08-18,Cabbage,kg,5.75
RM011,2025-08-19,Cabbage,kg,7.0
RM011,2025-08-20,Cabbage,kg,6.54
RM011,2025-08-21,Cabbage,kg,7.88
RM011,2025-08-22,Cabbage,kg,7.51
RM011,2025-08-23,Cabbage,kg,8.38
RM011,2025-08-24,Cabbage,kg,6.75
RM011,2025-08-25,Cabbage,kg,5.48
RM011,2025-08-26,Cabbage,kg,6.4
RM011,2025-08-27,Cabbage,kg,6.09
RM011,2025-08-28,Cabbage,kg,8.15
RM011,2025-08-29,Cabbage,kg,8.41
RM011,2025-08-30,Cabbage,kg,9.72
RM011,2025-08-31,Cabbage,kg,7.24
RM011,2025-09-01,Cabbage,kg,6.8
RM011,2025-09-02,Cabbage,kg,7.11
RM011,2025-09-03,Cabbage,kg,6.79
RM011,2025-09-04,Cabbage,kg,6.92
RM011,2025-09-05,Cabbage,kg,8.97
RM011,2025-09-06,Cabbage,kg,8.77
RM011,2025-09-07,Cabbage,kg,7.12
RM011,2025-09-08,Cabbage,kg,6.79
RM011,2025-09-09,Cabbage,kg,6.64
RM011,2025-09-10,Cabbage,kg,7.19
RM011,2025-09-11,Cabbage,kg,5.67
RM011,2025-09-12,Cabbage,kg,6.3
RM011,2025-09-13,Cabbage,kg,7.87
RM011,2025-09-14,Cabbage,kg,8.86
RM011,2025-09-15,Cabbage,kg,5.89
RM011,2025-09-16,Cabbage,kg,5.74
RM011,2025-09-17,Cabbage,kg,7.28
RM011,2025-09-18,Cabbage,kg,7.36
RM011,2025-09-19,Cabbage,kg,6.97
RM011,2025-09-20,Cabbage,kg,7.59
RM011,2025-09-21,Cabbage,kg,7.5
RM011,2025-09-22,Cabbage,kg,5.85
RM011,2025-09-23,Cabbage,kg,7.43
RM011,2025-09-24,Cabbage,kg,6.17
RM011,2025-09-25,Cabbage,kg,7.23
RM011,2025-09-26,Cabbage,kg,8.12
RM011,2025-09-27,Cabbage,kg,8.71
RM011,2025-09-28,Cabbage,kg,7.35
RM011,2025-09-29,Cabbage,kg,6.22
RM011,2025-09-30,Cabbage,kg,6.84
RM011,2025-10-01,Cabbage,kg,6.81
RM011,2025-10-02,Cabbage,kg,7.25
RM011,2025-10-03,Cabbage,kg,10.14
RM011,2025-10-04,Cabbage,kg,9.05
RM011,2025-10-05,Cabbage,kg,8.32
RM011,2025-10-06,Cabbage,kg,6.29
RM011,2025-10-07,Cabbage,kg,6.34
RM011,2025-10-08,Cabbage,kg,6.49
RM011,2025-10-09,Cabbage,kg,6.84
RM011,2025-10-10,Cabbage,kg,7.24
RM011,2025-10-11,Cabbage,kg,7.21
RM011,2025-10-12,Cabbage,kg,6.96
RM011,2025-10-13,Cabbage,kg,6.98
RM011,2025-10-14,Cabbage,kg,5.91
RM011,2025-10-15,Cabbage,kg,6.61
RM011,2025-10-16,Cabbage,kg,6.55
RM011,2025-10-17,Cabbage,kg,7.13
RM011,2025-10-18,Cabbage,kg,6.49
RM011,2025-10-19,Cabbage,kg,6.02
RM011,2025-10-20,Cabbage,kg,6.19
RM011,2025-10-21,Cabbage,kg,6.1
RM011,2025-10-22,Cabbage,kg,6.17
RM011,2025-10-23,Cabbage,kg,6.81
RM011,2025-10-24,Cabbage,kg,7.75
RM011,2025-10-25,Cabbage,kg,8.69
RM011,2025-10-26,Cabbage,kg,7.81
RM011,2025-10-27,Cabbage,kg,6.71
RM011,2025-10-28,Cabbage,kg,6.73
RM011,2025-10-29,Cabbage,kg,7.11
RM011,2025-10-30,Cabbage,kg,7.41
RM011,2025-10-31,Cabbage,kg,8.49
RM011,2025-11-01,Cabbage,kg,8.08
RM011,2025-11-02,Cabbage,kg,8.08
RM011,2025-11-03,Cabbage,kg,6.95
RM011,2025-11-04,Cabbage,kg,8.75
RM011,2025-11-05,Cabbage,kg,6.57
RM011,2025-11-06,Cabbage,kg,7.52
RM011,2025-11-07,Cabbage,kg,7.39
RM011,2025-11-08,Cabbage,kg,8.76
RM011,2025-11-09,Cabbage,kg,8.7
RM011,2025-11-10,Cabbage,kg,5.3
RM011,2025-11-11,Cabbage,kg,8.37
RM011,2025-11-12,Cabbage,kg,7.07
RM011,2025-11-13,Cabbage,kg,7.33
RM011,2025-11-14,Cabbage,kg,7.22
RM011,2025-11-15,Cabbage,kg,7.19
RM011,2025-11-16,Cabbage,kg,7.6
RM011,2025-11-17,Cabbage,kg,6.42
RM011,2025-11-18,Cabbage,kg,6.52
RM011,2025-11-19,Cabbage,kg,6.61
RM011,2025-11-20,Cabbage,kg,6.68
RM011,2025-11-21,Cabbage,kg,7.11
RM011,2025-11-22,Cabbage,kg,8.25
RM011,2025-11-23,Cabbage,kg,6.24
RM011,2025-11-24,Cabbage,kg,6.96
RM011,2025-11-25,Cabbage,kg,7.32
RM011,2025-11-26,Cabbage,kg,6.87
RM011,2025-11-27,Cabbage,kg,7.71
RM011,2025-11-28,Cabbage,kg,8.34
RM011,2025-11-29,Cabbage,kg,9.12
RM011,2025-11-30,Cabbage,kg,7.44
RM011,2025-12-01,Cabbage,kg,6.7
RM011,2025-12-02,Cabbage,kg,8.38
RM011,2025-12-03,Cabbage,kg,7.2
RM011,2025-12-04,Cabbage,kg,7.15
RM011,2025-12-05,Cabbage,kg,7.49
RM011,2025-12-06,Cabbage,kg,9.69
RM011,2025-12-07,Cabbage,kg,7.83
RM011,2025-12-08,Cabbage,kg,6.67
RM011,2025-12-09,Cabbage,kg,6.38
RM011,2025-12-10,Cabbage,kg,7.77
RM011,2025-12-11,Cabbage,kg,7.93
RM011,2025-12-12,Cabbage,kg,7.09
RM011,2025-12-13,Cabbage,kg,8.43
RM011,2025-12-14,Cabbage,kg,7.68
RM011,2025-12-15,Cabbage,kg,5.39
RM011,2025-12-16,Cabbage,kg,6.65
RM011,2025-12-17,Cabbage,kg,5.62
RM011,2025-12-18,Cabbage,kg,7.86
RM011,2025-12-19,Cabbage,kg,7.9
RM011,2025-12-20,Cabbage,kg,8.01
RM011,2025-12-21,Cabbage,kg,7.26
RM011,2025-12-22,Cabbage,kg,6.15
RM011,2025-12-23,Cabbage,kg,6.69
RM011,2025-12-24,Cabbage,kg,6.86
RM011,2025-12-25,Cabbage,kg,6.95
RM011,2025-12-26,Cabbage,kg,7.82
RM011,2025-12-27,Cabbage,kg,8.09
RM011,2025-12-28,Cabbage,kg,8.86
RM011,2025-12-29,Cabbage,kg,6.66
RM011,2025-12-30,Cabbage,kg,6.57
RM011,2025-12-31,Cabbage,kg,7.33
RM011,2026-01-01,Cabbage,kg,7.98
RM011,2026-01-02,Cabbage,kg,7.63
RM011,2026-01-03,Cabbage,kg,8.81
RM011,2026-01-04,Cabbage,kg,7.84
RM011,2026-01-05,Cabbage,kg,6.51
RM011,2026-01-06,Cabbage,kg,7.31
RM011,2026-01-07,Cabbage,kg,7.08
RM011,2026-01-08,Cabbage,kg,6.74
RM011,2026-01-09,Cabbage,kg,7.2
RM011,2026-01-10,Cabbage,kg,8.1
RM011,2026-01-11,Cabbage,kg,7.64
RM011,2026-01-12,Cabbage,kg,6.26
RM011,2026-01-13,Cabbage,kg,6.48
RM011,2026-01-14,Cabbage,kg,6.75
RM011,2026-01-15,Cabbage,kg,6.95
RM011,2026-01-16,Cabbage,kg,7.62
RM011,2026-01-17,Cabbage,kg,7.64
RM011,2026-01-18,Cabbage,kg,6.43
RM011,2026-01-19,Cabbage,kg,6.1
RM011,2026-01-20,Cabbage,kg,5.82
RM011,2026-01-21,Cabbage,kg,7.76
RM011,2026-01-22,Cabbage,kg,7.13
RM011,2026-01-23,Cabbage,kg,6.91
RM011,2026-01-24,Cabbage,kg,8.7
RM011,2026-01-25,Cabbage,kg,7.29
RM011,2026-01-26,Cabbage,kg,6.3
RM011,2026-01-27,Cabbage,kg,7.81
RM011,2026-01-28,Cabbage,kg,6.53
RM011,2026-01-29,Cabbage,kg,8.27
RM011,2026-01-30,Cabbage,kg,8.41
RM011,2026-01-31,Cabbage,kg,9.53
RM011,2026-02-01,Cabbage,kg,8.49
RM011,2026-02-02,Cabbage,kg,6.51
RM011,2026-02-03,Cabbage,kg,7.15
RM011,2026-02-04,Cabbage,kg,7.59
RM011,2026-02-05,Cabbage,kg,7.45
RM011,2026-02-06,Cabbage,kg,9.21
RM011,2026-02-07,Cabbage,kg,7.77
RM011,2026-02-08,Cabbage,kg,7.23
RM011,2026-02-09,Cabbage,kg,5.55
RM011,2026-02-10,Cabbage,kg,6.23
RM011,2026-02-11,Cabbage,kg,6.76
RM011,2026-02-12,Cabbage,kg,7.0
RM011,2026-02-13,Cabbage,kg,7.33
RM011,2026-02-14,Cabbage,kg,6.83
RM011,2026-02-15,Cabbage,kg,8.23
RM011,2026-02-16,Cabbage,kg,5.98
RM011,2026-02-17,Cabbage,kg,6.7
RM011,2026-02-18,Cabbage,kg,6.99
RM011,2026-02-19,Cabbage,kg,6.63
RM011,2026-02-20,Cabbage,kg,6.59
RM011,2026-02-21,Cabbage,kg,8.45
RM011,2026-02-22,Cabbage,kg,7.11
RM011,2026-02-23,Cabbage,kg,6.09
RM011,2026-02-24,Cabbage,kg,7.21
RM011,2026-02-25,Cabbage,kg,7.31
RM011,2026-02-26,Cabbage,kg,7.67
RM011,2026-02-27,Cabbage,kg,9.13
RM011,2026-02-28,Cabbage,kg,8.3
RM011,2026-03-01,Cabbage,kg,7.7
RM011,2026-03-02,Cabbage,kg,6.55
RM011,2026-03-03,Cabbage,kg,7.68
RM011,2026-03-04,Cabbage,kg,7.15
RM011,2026-03-05,Cabbage,kg,7.68
RM011,2026-03-06,Cabbage,kg,8.3
RM011,2026-03-07,Cabbage,kg,8.84
RM011,2026-03-08,Cabbage,kg,7.73
RM011,2026-03-09,Cabbage,kg,6.37
RM011,2026-03-10,Cabbage,kg,7.01
RM011,2026-03-11,Cabbage,kg,6.19
RM011,2026-03-12,Cabbage,kg,6.49
RM011,2026-03-13,Cabbage,kg,7.85
RM011,2026-03-14,Cabbage,kg,7.63
RM011,2026-03-15,Cabbage,kg,7.01
RM011,2026-03-16,Cabbage,kg,5.75
RM011,2026-03-17,Cabbage,kg,6.46
RM011,2026-03-18,Cabbage,kg,5.28
RM011,2026-03-19,Cabbage,kg,6.66
RM011,2026-03-20,Cabbage,kg,6.0
RM011,2026-03-21,Cabbage,kg,8.49
RM011,2026-03-22,Cabbage,kg,6.77
RM011,2026-03-23,Cabbage,kg,5.36
RM011,2026-03-24,Cabbage,kg,6.23
RM011,2026-03-25,Cabbage,kg,6.06
RM011,2026-03-26,Cabbage,kg,7.01
RM011,2026-03-27,Cabbage,kg,7.89
RM011,2026-03-28,Cabbage,kg,9.59
RM011,2026-03-29,Cabbage,kg,7.62
RM011,2026-03-30,Cabbage,kg,6.3
RM011,2026-03-31,Cabbage,kg,6.71
RM011,2026-04-01,Cabbage,kg,7.87
RM011,2026-04-02,Cabbage,kg,7.91
RM011,2026-04-03,Cabbage,kg,7.43
RM011,2026-04-04,Cabbage,kg,8.73
RM011,2026-04-05,Cabbage,kg,8.15
RM011,2026-04-06,Cabbage,kg,6.36
RM011,2026-04-07,Cabbage,kg,6.68
RM011,2026-04-08,Cabbage,kg,7.37
RM011,2026-04-09,Cabbage,kg,7.72
RM011,2026-04-10,Cabbage,kg,6.88
RM011,2026-04-11,Cabbage,kg,7.88
RM011,2026-04-12,Cabbage,kg,7.33
RM011,2026-04-13,Cabbage,kg,5.46
RM011,2026-04-14,Cabbage,kg,6.15
RM011,2026-04-15,Cabbage,kg,7.09
RM011,2026-04-16,Cabbage,kg,6.27
RM011,2026-04-17,Cabbage,kg,6.81
RM011,2026-04-18,Cabbage,kg,7.47
RM011,2026-04-19,Cabbage,kg,7.69
RM011,2026-04-20,Cabbage,kg,5.78
RM011,2026-04-21,Cabbage,kg,6.42
RM011,2026-04-22,Cabbage,kg,6.32
RM011,2026-04-23,Cabbage,kg,7.58
RM011,2026-04-24,Cabbage,kg,7.92
RM011,2026-04-25,Cabbage,kg,8.59
RM011,2026-04-26,Cabbage,kg,6.61
RM011,2026-04-27,Cabbage,kg,6.82
RM011,2026-04-28,Cabbage,kg,7.3
RM011,2026-04-29,Cabbage,kg,7.39
RM011,2026-04-30,Cabbage,kg,8.49
RM011,2026-05-01,Cabbage,kg,7.69
RM011,2026-05-02,Cabbage,kg,8.31
RM011,2026-05-03,Cabbage,kg,7.76
RM011,2026-05-04,Cabbage,kg,6.61
RM011,2026-05-05,Cabbage,kg,6.8
RM011,2026-05-06,Cabbage,kg,7.56
RM011,2026-05-07,Cabbage,kg,8.13
RM011,2026-05-08,Cabbage,kg,7.33
RM011,2026-05-09,Cabbage,kg,8.66
RM011,2026-05-10,Cabbage,kg,8.12
RM011,2026-05-11,Cabbage,kg,5.48
RM011,2026-05-12,Cabbage,kg,6.27
RM011,2026-05-13,Cabbage,kg,7.37
RM011,2026-05-14,Cabbage,kg,7.7
RM011,2026-05-15,Cabbage,kg,7.76
RM011,2026-05-16,Cabbage,kg,8.11
RM011,2026-05-17,Cabbage,kg,6.84
RM011,2026-05-18,Cabbage,kg,5.47
RM011,2026-05-19,Cabbage,kg,6.96
RM011,2026-05-20,Cabbage,kg,6.22
RM011,2026-05-21,Cabbage,kg,6.84
RM011,2026-05-22,Cabbage,kg,7.42
RM011,2026-05-23,Cabbage,kg,8.02
RM011,2026-05-24,Cabbage,kg,8.23
RM011,2026-05-25,Cabbage,kg,7.04
RM011,2026-05-26,Cabbage,kg,7.64
RM011,2026-05-27,Cabbage,kg,6.6
RM011,2026-05-28,Cabbage,kg,7.33
RM011,2026-05-29,Cabbage,kg,8.55
RM011,2026-05-30,Cabbage,kg,9.04
RM011,2026-05-31,Cabbage,kg,10.31
RM011,2026-06-01,Cabbage,kg,7.24
RM011,2026-06-02,Cabbage,kg,7.27
RM011,2026-06-03,Cabbage,kg,7.49
RM011,2026-06-04,Cabbage,kg,7.21
RM011,2026-06-05,Cabbage,kg,8.24
RM011,2026-06-06,Cabbage,kg,8.88
RM011,2026-06-07,Cabbage,kg,8.39
RM011,2026-06-08,Cabbage,kg,6.59
RM011,2026-06-09,Cabbage,kg,6.37
RM011,2026-06-10,Cabbage,kg,7.82
RM011,2026-06-11,Cabbage,kg,7.3
RM011,2026-06-12,Cabbage,kg,7.77
RM011,2026-06-13,Cabbage,kg,8.44
RM011,2026-06-14,Cabbage,kg,7.49
RM011,2026-06-15,Cabbage,kg,5.33
RM011,2026-06-16,Cabbage,kg,6.29
RM011,2026-06-17,Cabbage,kg,6.33
RM011,2026-06-18,Cabbage,kg,6.37
RM011,2026-06-19,Cabbage,kg,6.81
RM011,2026-06-20,Cabbage,kg,8.74
RM011,2026-06-21,Cabbage,kg,7.34
RM011,2026-06-22,Cabbage,kg,6.64
RM011,2026-06-23,Cabbage,kg,5.49
RM011,2026-06-24,Cabbage,kg,7.79
RM011,2026-06-25,Cabbage,kg,6.39
RM011,2026-06-26,Cabbage,kg,8.33
RM011,2026-06-27,Cabbage,kg,9.65
RM011,2026-06-28,Cabbage,kg,6.55
RM011,2026-06-29,Cabbage,kg,6.37
RM011,2026-06-30,Cabbage,kg,7.78
RM011,2026-07-01,Cabbage,kg,7.55
RM011,2026-07-02,Cabbage,kg,7.61
RM011,2026-07-03,Cabbage,kg,8.15
RM011,2026-07-04,Cabbage,kg,8.92
RM011,2026-07-05,Cabbage,kg,7.87
RM011,2026-07-06,Cabbage,kg,7.1
RM011,2026-07-07,Cabbage,kg,5.82
RM011,2026-07-08,Cabbage,kg,6.4
RM011,2026-07-09,Cabbage,kg,7.34
RM011,2026-07-10,Cabbage,kg,8.65
RM011,2026-07-11,Cabbage,kg,8.39
RM011,2026-07-12,Cabbage,kg,7.3
RM011,2026-07-13,Cabbage,kg,5.75
RM011,2026-07-14,Cabbage,kg,6.26
RM011,2026-07-15,Cabbage,kg,6.51
RM011,2026-07-16,Cabbage,kg,7.21
RM011,2026-07-17,Cabbage,kg,8.36
RM011,2026-07-18,Cabbage,kg,8.01
RM011,2026-07-19,Cabbage,kg,7.0
RM011,2026-07-20,Cabbage,kg,5.81
RM011,2026-07-21,Cabbage,kg,6.79
RM011,2026-07-22,Cabbage,kg,6.33
RM011,2026-07-23,Cabbage,kg,7.6
RM011,2026-07-24,Cabbage,kg,7.38
RM011,2026-07-25,Cabbage,kg,8.04
RM011,2026-07-26,Cabbage,kg,7.59
RM011,2026-07-27,Cabbage,kg,7.02
RM011,2026-07-28,Cabbage,kg,6.87
RM011,2026-07-29,Cabbage,kg,7.24
RM011,2026-07-30,Cabbage,kg,7.89
RM011,2026-07-31,Cabbage,kg,8.97
RM011,2026-08-01,Cabbage,kg,8.59
RM011,2026-08-02,Cabbage,kg,8.52
RM011,2026-08-03,Cabbage,kg,7.09
RM011,2026-08-04,Cabbage,kg,6.57
RM011,2026-08-05,Cabbage,kg,7.15
RM011,2026-08-06,Cabbage,kg,7.77
RM011,2026-08-07,Cabbage,kg,8.06
RM011,2026-08-08,Cabbage,kg,8.27
RM011,2026-08-09,Cabbage,kg,7.89
RM012,2025-01-01,Carrots,kg,3.92
RM012,2025-01-02,Carrots,kg,4.73
RM012,2025-01-03,Carrots,kg,4.02
RM012,2025-01-04,Carrots,kg,5.05
RM012,2025-01-05,Carrots,kg,4.2
RM012,2025-01-06,Carrots,kg,3.81
RM012,2025-01-07,Carrots,kg,4.04
RM012,2025-01-08,Carrots,kg,3.95
RM012,2025-01-09,Carrots,kg,3.67
RM012,2025-01-10,Carrots,kg,3.75
RM012,2025-01-11,Carrots,kg,4.98
RM012,2025-01-12,Carrots,kg,4.7
RM012,2025-01-13,Carrots,kg,2.99
RM012,2025-01-14,Carrots,kg,3.7
RM012,2025-01-15,Carrots,kg,3.06
RM012,2025-01-16,Carrots,kg,4.1
RM012,2025-01-17,Carrots,kg,4.77
RM012,2025-01-18,Carrots,kg,4.37
RM012,2025-01-19,Carrots,kg,4.15
RM012,2025-01-20,Carrots,kg,3.53
RM012,2025-01-21,Carrots,kg,3.73
RM012,2025-01-22,Carrots,kg,3.84
RM012,2025-01-23,Carrots,kg,4.05
RM012,2025-01-24,Carrots,kg,4.03
RM012,2025-01-25,Carrots,kg,4.86
RM012,2025-01-26,Carrots,kg,4.7
RM012,2025-01-27,Carrots,kg,3.51
RM012,2025-01-28,Carrots,kg,3.93
RM012,2025-01-29,Carrots,kg,4.41
RM012,2025-01-30,Carrots,kg,4.96
RM012,2025-01-31,Carrots,kg,5.07
RM012,2025-02-01,Carrots,kg,5.23
RM012,2025-02-02,Carrots,kg,5.34
RM012,2025-02-03,Carrots,kg,3.6
RM012,2025-02-04,Carrots,kg,3.85
RM012,2025-02-05,Carrots,kg,3.86
RM012,2025-02-06,Carrots,kg,4.27
RM012,2025-02-07,Carrots,kg,3.95
RM012,2025-02-08,Carrots,kg,4.99
RM012,2025-02-09,Carrots,kg,4.78
RM012,2025-02-10,Carrots,kg,3.14
RM012,2025-02-11,Carrots,kg,4.17
RM012,2025-02-12,Carrots,kg,3.65
RM012,2025-02-13,Carrots,kg,3.71
RM012,2025-02-14,Carrots,kg,4.89
RM012,2025-02-15,Carrots,kg,5.13
RM012,2025-02-16,Carrots,kg,4.23
RM012,2025-02-17,Carrots,kg,3.3
RM012,2025-02-18,Carrots,kg,3.71
RM012,2025-02-19,Carrots,kg,4.23
RM012,2025-02-20,Carrots,kg,3.98
RM012,2025-02-21,Carrots,kg,4.09
RM012,2025-02-22,Carrots,kg,4.49
RM012,2025-02-23,Carrots,kg,4.44
RM012,2025-02-24,Carrots,kg,3.11
RM012,2025-02-25,Carrots,kg,4.32
RM012,2025-02-26,Carrots,kg,3.74
RM012,2025-02-27,Carrots,kg,4.12
RM012,2025-02-28,Carrots,kg,4.83
RM012,2025-03-01,Carrots,kg,4.53
RM012,2025-03-02,Carrots,kg,5.11
RM012,2025-03-03,Carrots,kg,3.94
RM012,2025-03-04,Carrots,kg,4.29
RM012,2025-03-05,Carrots,kg,3.6
RM012,2025-03-06,Carrots,kg,4.58
RM012,2025-03-07,Carrots,kg,4.38
RM012,2025-03-08,Carrots,kg,4.48
RM012,2025-03-09,Carrots,kg,4.04
RM012,2025-03-10,Carrots,kg,3.34
RM012,2025-03-11,Carrots,kg,3.24
RM012,2025-03-12,Carrots,kg,3.8
RM012,2025-03-13,Carrots,kg,4.19
RM012,2025-03-14,Carrots,kg,4.49
RM012,2025-03-15,Carrots,kg,5.22
RM012,2025-03-16,Carrots,kg,3.87
RM012,2025-03-17,Carrots,kg,3.24
RM012,2025-03-18,Carrots,kg,3.31
RM012,2025-03-19,Carrots,kg,3.76
RM012,2025-03-20,Carrots,kg,3.9
RM012,2025-03-21,Carrots,kg,4.24
RM012,2025-03-22,Carrots,kg,4.78
RM012,2025-03-23,Carrots,kg,4.74
RM012,2025-03-24,Carrots,kg,3.48
RM012,2025-03-25,Carrots,kg,3.92
RM012,2025-03-26,Carrots,kg,4.1
RM012,2025-03-27,Carrots,kg,3.98
RM012,2025-03-28,Carrots,kg,5.43
RM012,2025-03-29,Carrots,kg,5.42
RM012,2025-03-30,Carrots,kg,4.68
RM012,2025-03-31,Carrots,kg,3.77
RM012,2025-04-01,Carrots,kg,4.04
RM012,2025-04-02,Carrots,kg,4.35
RM012,2025-04-03,Carrots,kg,5.11
RM012,2025-04-04,Carrots,kg,4.83
RM012,2025-04-05,Carrots,kg,4.61
RM012,2025-04-06,Carrots,kg,4.53
RM012,2025-04-07,Carrots,kg,4.26
RM012,2025-04-08,Carrots,kg,3.45
RM012,2025-04-09,Carrots,kg,3.78
RM012,2025-04-10,Carrots,kg,3.95
RM012,2025-04-11,Carrots,kg,3.81
RM012,2025-04-12,Carrots,kg,4.98
RM012,2025-04-13,Carrots,kg,4.21
RM012,2025-04-14,Carrots,kg,3.04
RM012,2025-04-15,Carrots,kg,3.12
RM012,2025-04-16,Carrots,kg,3.1
RM012,2025-04-17,Carrots,kg,3.72
RM012,2025-04-18,Carrots,kg,3.67
RM012,2025-04-19,Carrots,kg,3.77
RM012,2025-04-20,Carrots,kg,4.14
RM012,2025-04-21,Carrots,kg,3.12
RM012,2025-04-22,Carrots,kg,4.13
RM012,2025-04-23,Carrots,kg,3.87
RM012,2025-04-24,Carrots,kg,4.41
RM012,2025-04-25,Carrots,kg,4.6
RM012,2025-04-26,Carrots,kg,5.39
RM012,2025-04-27,Carrots,kg,4.21
RM012,2025-04-28,Carrots,kg,3.74
RM012,2025-04-29,Carrots,kg,4.03
RM012,2025-04-30,Carrots,kg,4.26
RM012,2025-05-01,Carrots,kg,4.34
RM012,2025-05-02,Carrots,kg,4.72
RM012,2025-05-03,Carrots,kg,5.48
RM012,2025-05-04,Carrots,kg,4.62
RM012,2025-05-05,Carrots,kg,3.47
RM012,2025-05-06,Carrots,kg,3.73
RM012,2025-05-07,Carrots,kg,4.05
RM012,2025-05-08,Carrots,kg,4.55
RM012,2025-05-09,Carrots,kg,4.37
RM012,2025-05-10,Carrots,kg,5.08
RM012,2025-05-11,Carrots,kg,4.21
RM012,2025-05-12,Carrots,kg,3.3
RM012,2025-05-13,Carrots,kg,3.64
RM012,2025-05-14,Carrots,kg,3.24
RM012,2025-05-15,Carrots,kg,4.04
RM012,2025-05-16,Carrots,kg,4.13
RM012,2025-05-17,Carrots,kg,4.91
RM012,2025-05-18,Carrots,kg,3.74
RM012,2025-05-19,Carrots,kg,3.29
RM012,2025-05-20,Carrots,kg,3.88
RM012,2025-05-21,Carrots,kg,4.1
RM012,2025-05-22,Carrots,kg,4.06
RM012,2025-05-23,Carrots,kg,4.4
RM012,2025-05-24,Carrots,kg,4.32
RM012,2025-05-25,Carrots,kg,4.44
RM012,2025-05-26,Carrots,kg,3.77
RM012,2025-05-27,Carrots,kg,4.12
RM012,2025-05-28,Carrots,kg,4.16
RM012,2025-05-29,Carrots,kg,4.06
RM012,2025-05-30,Carrots,kg,4.87
RM012,2025-05-31,Carrots,kg,5.13
RM012,2025-06-01,Carrots,kg,4.73
RM012,2025-06-02,Carrots,kg,3.74
RM012,2025-06-03,Carrots,kg,4.41
RM012,2025-06-04,Carrots,kg,4.36
RM012,2025-06-05,Carrots,kg,4.38
RM012,2025-06-06,Carrots,kg,4.47
RM012,2025-06-07,Carrots,kg,5.84
RM012,2025-06-08,Carrots,kg,3.97
RM012,2025-06-09,Carrots,kg,3.04
RM012,2025-06-10,Carrots,kg,3.59
RM012,2025-06-11,Carrots,kg,4.03
RM012,2025-06-12,Carrots,kg,3.69
RM012,2025-06-13,Carrots,kg,4.1
RM012,2025-06-14,Carrots,kg,4.44
RM012,2025-06-15,Carrots,kg,4.02
RM012,2025-06-16,Carrots,kg,2.78
RM012,2025-06-17,Carrots,kg,3.92
RM012,2025-06-18,Carrots,kg,3.56
RM012,2025-06-19,Carrots,kg,3.59
RM012,2025-06-20,Carrots,kg,4.72
RM012,2025-06-21,Carrots,kg,4.51
RM012,2025-06-22,Carrots,kg,4.05
RM012,2025-06-23,Carrots,kg,3.21
RM012,2025-06-24,Carrots,kg,3.95
RM012,2025-06-25,Carrots,kg,4.14
RM012,2025-06-26,Carrots,kg,4.55
RM012,2025-06-27,Carrots,kg,5.25
RM012,2025-06-28,Carrots,kg,4.89
RM012,2025-06-29,Carrots,kg,4.12
RM012,2025-06-30,Carrots,kg,3.36
RM012,2025-07-01,Carrots,kg,3.59
RM012,2025-07-02,Carrots,kg,3.95
RM012,2025-07-03,Carrots,kg,4.7
RM012,2025-07-04,Carrots,kg,5.12
RM012,2025-07-05,Carrots,kg,5.11
RM012,2025-07-06,Carrots,kg,4.95
RM012,2025-07-07,Carrots,kg,3.89
RM012,2025-07-08,Carrots,kg,4.06
RM012,2025-07-09,Carrots,kg,3.98
RM012,2025-07-10,Carrots,kg,3.62
RM012,2025-07-11,Carrots,kg,4.56
RM012,2025-07-12,Carrots,kg,5.07
RM012,2025-07-13,Carrots,kg,4.04
RM012,2025-07-14,Carrots,kg,3.42
RM012,2025-07-15,Carrots,kg,3.89
RM012,2025-07-16,Carrots,kg,3.95
RM012,2025-07-17,Carrots,kg,4.22
RM012,2025-07-18,Carrots,kg,4.23
RM012,2025-07-19,Carrots,kg,4.89
RM012,2025-07-20,Carrots,kg,3.78
RM012,2025-07-21,Carrots,kg,2.61
RM012,2025-07-22,Carrots,kg,3.84
RM012,2025-07-23,Carrots,kg,3.22
RM012,2025-07-24,Carrots,kg,4.22
RM012,2025-07-25,Carrots,kg,3.43
RM012,2025-07-26,Carrots,kg,4.5
RM012,2025-07-27,Carrots,kg,4.19
RM012,2025-07-28,Carrots,kg,3.57
RM012,2025-07-29,Carrots,kg,3.86
RM012,2025-07-30,Carrots,kg,3.73
RM012,2025-07-31,Carrots,kg,4.97
RM012,2025-08-01,Carrots,kg,4.38
RM012,2025-08-02,Carrots,kg,5.64
RM012,2025-08-03,Carrots,kg,5.02
RM012,2025-08-04,Carrots,kg,3.68
RM012,2025-08-05,Carrots,kg,4.2
RM012,2025-08-06,Carrots,kg,3.83
RM012,2025-08-07,Carrots,kg,3.76
RM012,2025-08-08,Carrots,kg,4.16
RM012,2025-08-09,Carrots,kg,4.45
RM012,2025-08-10,Carrots,kg,3.83
RM012,2025-08-11,Carrots,kg,3.3
RM012,2025-08-12,Carrots,kg,3.52
RM012,2025-08-13,Carrots,kg,3.84
RM012,2025-08-14,Carrots,kg,4.1
RM012,2025-08-15,Carrots,kg,4.3
RM012,2025-08-16,Carrots,kg,4.75
RM012,2025-08-17,Carrots,kg,4.48
RM012,2025-08-18,Carrots,kg,3.34
RM012,2025-08-19,Carrots,kg,3.69
RM012,2025-08-20,Carrots,kg,3.58
RM012,2025-08-21,Carrots,kg,3.8
RM012,2025-08-22,Carrots,kg,3.95
RM012,2025-08-23,Carrots,kg,4.79
RM012,2025-08-24,Carrots,kg,4.08
RM012,2025-08-25,Carrots,kg,3.88
RM012,2025-08-26,Carrots,kg,3.71
RM012,2025-08-27,Carrots,kg,4.33
RM012,2025-08-28,Carrots,kg,4.77
RM012,2025-08-29,Carrots,kg,4.41
RM012,2025-08-30,Carrots,kg,5.64
RM012,2025-08-31,Carrots,kg,4.3
RM012,2025-09-01,Carrots,kg,3.8
RM012,2025-09-02,Carrots,kg,3.82
RM012,2025-09-03,Carrots,kg,3.43
RM012,2025-09-04,Carrots,kg,4.03
RM012,2025-09-05,Carrots,kg,4.14
RM012,2025-09-06,Carrots,kg,5.27
RM012,2025-09-07,Carrots,kg,4.46
RM012,2025-09-08,Carrots,kg,3.58
RM012,2025-09-09,Carrots,kg,3.92
RM012,2025-09-10,Carrots,kg,3.71
RM012,2025-09-11,Carrots,kg,4.09
RM012,2025-09-12,Carrots,kg,4.23
RM012,2025-09-13,Carrots,kg,4.32
RM012,2025-09-14,Carrots,kg,4.23
RM012,2025-09-15,Carrots,kg,2.82
RM012,2025-09-16,Carrots,kg,3.36
RM012,2025-09-17,Carrots,kg,3.72
RM012,2025-09-18,Carrots,kg,3.54
RM012,2025-09-19,Carrots,kg,4.26
RM012,2025-09-20,Carrots,kg,4.6
RM012,2025-09-21,Carrots,kg,3.88
RM012,2025-09-22,Carrots,kg,3.86
RM012,2025-09-23,Carrots,kg,4.26
RM012,2025-09-24,Carrots,kg,3.81
RM012,2025-09-25,Carrots,kg,4.81
RM012,2025-09-26,Carrots,kg,4.72
RM012,2025-09-27,Carrots,kg,5.09
RM012,2025-09-28,Carrots,kg,4.47
RM012,2025-09-29,Carrots,kg,3.7
RM012,2025-09-30,Carrots,kg,3.75
RM012,2025-10-01,Carrots,kg,4.13
RM012,2025-10-02,Carrots,kg,4.37
RM012,2025-10-03,Carrots,kg,4.86
RM012,2025-10-04,Carrots,kg,5.5
RM012,2025-10-05,Carrots,kg,4.16
RM012,2025-10-06,Carrots,kg,3.94
RM012,2025-10-07,Carrots,kg,3.74
RM012,2025-10-08,Carrots,kg,3.71
RM012,2025-10-09,Carrots,kg,4.03
RM012,2025-10-10,Carrots,kg,4.34
RM012,2025-10-11,Carrots,kg,4.89
RM012,2025-10-12,Carrots,kg,3.93
RM012,2025-10-13,Carrots,kg,3.79
RM012,2025-10-14,Carrots,kg,3.37
RM012,2025-10-15,Carrots,kg,3.9
RM012,2025-10-16,Carrots,kg,3.61
RM012,2025-10-17,Carrots,kg,4.24
RM012,2025-10-18,Carrots,kg,4.28
RM012,2025-10-19,Carrots,kg,4.01
RM012,2025-10-20,Carrots,kg,3.34
RM012,2025-10-21,Carrots,kg,3.84
RM012,2025-10-22,Carrots,kg,3.87
RM012,2025-10-23,Carrots,kg,3.87
RM012,2025-10-24,Carrots,kg,4.57
RM012,2025-10-25,Carrots,kg,4.88
RM012,2025-10-26,Carrots,kg,3.95
RM012,2025-10-27,Carrots,kg,3.69
RM012,2025-10-28,Carrots,kg,3.79
RM012,2025-10-29,Carrots,kg,4.7
RM012,2025-10-30,Carrots,kg,3.72
RM012,2025-10-31,Carrots,kg,4.47
RM012,2025-11-01,Carrots,kg,5.94
RM012,2025-11-02,Carrots,kg,4.43
RM012,2025-11-03,Carrots,kg,4.19
RM012,2025-11-04,Carrots,kg,3.97
RM012,2025-11-05,Carrots,kg,4.55
RM012,2025-11-06,Carrots,kg,4.26
RM012,2025-11-07,Carrots,kg,4.32
RM012,2025-11-08,Carrots,kg,4.32
RM012,2025-11-09,Carrots,kg,4.5
RM012,2025-11-10,Carrots,kg,3.52
RM012,2025-11-11,Carrots,kg,3.47
RM012,2025-11-12,Carrots,kg,3.92
RM012,2025-11-13,Carrots,kg,4.29
RM012,2025-11-14,Carrots,kg,4.16
RM012,2025-11-15,Carrots,kg,4.87
RM012,2025-11-16,Carrots,kg,3.67
RM012,2025-11-17,Carrots,kg,3.25
RM012,2025-11-18,Carrots,kg,4.21
RM012,2025-11-19,Carrots,kg,3.83
RM012,2025-11-20,Carrots,kg,3.71
RM012,2025-11-21,Carrots,kg,4.0
RM012,2025-11-22,Carrots,kg,5.08
RM012,2025-11-23,Carrots,kg,4.5
RM012,2025-11-24,Carrots,kg,3.07
RM012,2025-11-25,Carrots,kg,3.6
RM012,2025-11-26,Carrots,kg,3.71
RM012,2025-11-27,Carrots,kg,3.83
RM012,2025-11-28,Carrots,kg,4.35
RM012,2025-11-29,Carrots,kg,5.63
RM012,2025-11-30,Carrots,kg,4.98
RM012,2025-12-01,Carrots,kg,3.89
RM012,2025-12-02,Carrots,kg,4.29
RM012,2025-12-03,Carrots,kg,4.93
RM012,2025-12-04,Carrots,kg,3.38
RM012,2025-12-05,Carrots,kg,4.07
RM012,2025-12-06,Carrots,kg,4.47
RM012,2025-12-07,Carrots,kg,4.98
RM012,2025-12-08,Carrots,kg,3.51
RM012,2025-12-09,Carrots,kg,4.22
RM012,2025-12-10,Carrots,kg,3.77
RM012,2025-12-11,Carrots,kg,4.25
RM012,2025-12-12,Carrots,kg,4.43
RM012,2025-12-13,Carrots,kg,4.55
RM012,2025-12-14,Carrots,kg,4.5
RM012,2025-12-15,Carrots,kg,3.6
RM012,2025-12-16,Carrots,kg,3.83
RM012,2025-12-17,Carrots,kg,3.91
RM012,2025-12-18,Carrots,kg,3.42
RM012,2025-12-19,Carrots,kg,3.84
RM012,2025-12-20,Carrots,kg,4.41
RM012,2025-12-21,Carrots,kg,4.25
RM012,2025-12-22,Carrots,kg,3.33
RM012,2025-12-23,Carrots,kg,3.98
RM012,2025-12-24,Carrots,kg,4.77
RM012,2025-12-25,Carrots,kg,3.61
RM012,2025-12-26,Carrots,kg,5.37
RM012,2025-12-27,Carrots,kg,5.28
RM012,2025-12-28,Carrots,kg,4.7
RM012,2025-12-29,Carrots,kg,3.56
RM012,2025-12-30,Carrots,kg,3.98
RM012,2025-12-31,Carrots,kg,4.58
RM012,2026-01-01,Carrots,kg,4.93
RM012,2026-01-02,Carrots,kg,4.56
RM012,2026-01-03,Carrots,kg,5.25
RM012,2026-01-04,Carrots,kg,4.29
RM012,2026-01-05,Carrots,kg,3.48
RM012,2026-01-06,Carrots,kg,4.21
RM012,2026-01-07,Carrots,kg,3.75
RM012,2026-01-08,Carrots,kg,3.97
RM012,2026-01-09,Carrots,kg,4.36
RM012,2026-01-10,Carrots,kg,3.72
RM012,2026-01-11,Carrots,kg,4.56
RM012,2026-01-12,Carrots,kg,3.22
RM012,2026-01-13,Carrots,kg,3.56
RM012,2026-01-14,Carrots,kg,3.51
RM012,2026-01-15,Carrots,kg,4.43
RM012,2026-01-16,Carrots,kg,3.84
RM012,2026-01-17,Carrots,kg,4.99
RM012,2026-01-18,Carrots,kg,4.34
RM012,2026-01-19,Carrots,kg,3.25
RM012,2026-01-20,Carrots,kg,3.5
RM012,2026-01-21,Carrots,kg,4.16
RM012,2026-01-22,Carrots,kg,3.84
RM012,2026-01-23,Carrots,kg,4.32
RM012,2026-01-24,Carrots,kg,5.06
RM012,2026-01-25,Carrots,kg,4.1
RM012,2026-01-26,Carrots,kg,3.77
RM012,2026-01-27,Carrots,kg,3.91
RM012,2026-01-28,Carrots,kg,3.96
RM012,2026-01-29,Carrots,kg,4.76
RM012,2026-01-30,Carrots,kg,4.39
RM012,2026-01-31,Carrots,kg,4.4
RM012,2026-02-01,Carrots,kg,4.4
RM012,2026-02-02,Carrots,kg,3.79
RM012,2026-02-03,Carrots,kg,3.58
RM012,2026-02-04,Carrots,kg,4.29
RM012,2026-02-05,Carrots,kg,3.83
RM012,2026-02-06,Carrots,kg,4.66
RM012,2026-02-07,Carrots,kg,4.68
RM012,2026-02-08,Carrots,kg,4.09
RM012,2026-02-09,Carrots,kg,3.46
RM012,2026-02-10,Carrots,kg,3.89
RM012,2026-02-11,Carrots,kg,3.69
RM012,2026-02-12,Carrots,kg,4.59
RM012,2026-02-13,Carrots,kg,4.26
RM012,2026-02-14,Carrots,kg,5.03
RM012,2026-02-15,Carrots,kg,4.21
RM012,2026-02-16,Carrots,kg,3.67
RM012,2026-02-17,Carrots,kg,3.68
RM012,2026-02-18,Carrots,kg,3.11
RM012,2026-02-19,Carrots,kg,4.09
RM012,2026-02-20,Carrots,kg,4.31
RM012,2026-02-21,Carrots,kg,4.91
RM012,2026-02-22,Carrots,kg,4.06
RM012,2026-02-23,Carrots,kg,3.7
RM012,2026-02-24,Carrots,kg,3.55
RM012,2026-02-25,Carrots,kg,3.91
RM012,2026-02-26,Carrots,kg,4.59
RM012,2026-02-27,Carrots,kg,5.12
RM012,2026-02-28,Carrots,kg,4.99
RM012,2026-03-01,Carrots,kg,3.77
RM012,2026-03-02,Carrots,kg,3.96
RM012,2026-03-03,Carrots,kg,4.72
RM012,2026-03-04,Carrots,kg,4.0
RM012,2026-03-05,Carrots,kg,4.48
RM012,2026-03-06,Carrots,kg,4.72
RM012,2026-03-07,Carrots,kg,4.4
RM012,2026-03-08,Carrots,kg,4.88
RM012,2026-03-09,Carrots,kg,3.3
RM012,2026-03-10,Carrots,kg,4.43
RM012,2026-03-11,Carrots,kg,3.17
RM012,2026-03-12,Carrots,kg,4.39
RM012,2026-03-13,Carrots,kg,4.74
RM012,2026-03-14,Carrots,kg,4.62
RM012,2026-03-15,Carrots,kg,4.93
RM012,2026-03-16,Carrots,kg,3.09
RM012,2026-03-17,Carrots,kg,3.92
RM012,2026-03-18,Carrots,kg,4.04
RM012,2026-03-19,Carrots,kg,3.73
RM012,2026-03-20,Carrots,kg,4.45
RM012,2026-03-21,Carrots,kg,4.95
RM012,2026-03-22,Carrots,kg,3.75
RM012,2026-03-23,Carrots,kg,3.52
RM012,2026-03-24,Carrots,kg,3.91
RM012,2026-03-25,Carrots,kg,3.45
RM012,2026-03-26,Carrots,kg,4.62
RM012,2026-03-27,Carrots,kg,4.78
RM012,2026-03-28,Carrots,kg,5.39
RM012,2026-03-29,Carrots,kg,4.13
RM012,2026-03-30,Carrots,kg,3.76
RM012,2026-03-31,Carrots,kg,4.15
RM012,2026-04-01,Carrots,kg,3.82
RM012,2026-04-02,Carrots,kg,4.2
RM012,2026-04-03,Carrots,kg,4.81
RM012,2026-04-04,Carrots,kg,4.95
RM012,2026-04-05,Carrots,kg,3.89
RM012,2026-04-06,Carrots,kg,3.61
RM012,2026-04-07,Carrots,kg,3.96
RM012,2026-04-08,Carrots,kg,4.58
RM012,2026-04-09,Carrots,kg,4.66
RM012,2026-04-10,Carrots,kg,4.22
RM012,2026-04-11,Carrots,kg,5.15
RM012,2026-04-12,Carrots,kg,5.34
RM012,2026-04-13,Carrots,kg,3.75
RM012,2026-04-14,Carrots,kg,3.36
RM012,2026-04-15,Carrots,kg,3.97
RM012,2026-04-16,Carrots,kg,4.09
RM012,2026-04-17,Carrots,kg,3.75
RM012,2026-04-18,Carrots,kg,5.01
RM012,2026-04-19,Carrots,kg,4.01
RM012,2026-04-20,Carrots,kg,2.94
RM012,2026-04-21,Carrots,kg,3.82
RM012,2026-04-22,Carrots,kg,3.78
RM012,2026-04-23,Carrots,kg,3.71
RM012,2026-04-24,Carrots,kg,4.42
RM012,2026-04-25,Carrots,kg,4.52
RM012,2026-04-26,Carrots,kg,4.42
RM012,2026-04-27,Carrots,kg,3.85
RM012,2026-04-28,Carrots,kg,3.88
RM012,2026-04-29,Carrots,kg,4.09
RM012,2026-04-30,Carrots,kg,4.57
RM012,2026-05-01,Carrots,kg,4.93
RM012,2026-05-02,Carrots,kg,5.48
RM012,2026-05-03,Carrots,kg,4.06
RM012,2026-05-04,Carrots,kg,3.97
RM012,2026-05-05,Carrots,kg,3.81
RM012,2026-05-06,Carrots,kg,3.88
RM012,2026-05-07,Carrots,kg,4.11
RM012,2026-05-08,Carrots,kg,4.26
RM012,2026-05-09,Carrots,kg,5.4
RM012,2026-05-10,Carrots,kg,5.52
RM012,2026-05-11,Carrots,kg,3.74
RM012,2026-05-12,Carrots,kg,4.08
RM012,2026-05-13,Carrots,kg,3.09
RM012,2026-05-14,Carrots,kg,3.85
RM012,2026-05-15,Carrots,kg,4.76
RM012,2026-05-16,Carrots,kg,4.78
RM012,2026-05-17,Carrots,kg,3.96
RM012,2026-05-18,Carrots,kg,3.49
RM012,2026-05-19,Carrots,kg,3.48
RM012,2026-05-20,Carrots,kg,3.89
RM012,2026-05-21,Carrots,kg,3.98
RM012,2026-05-22,Carrots,kg,4.64
RM012,2026-05-23,Carrots,kg,5.07
RM012,2026-05-24,Carrots,kg,4.35
RM012,2026-05-25,Carrots,kg,3.45
RM012,2026-05-26,Carrots,kg,3.3
RM012,2026-05-27,Carrots,kg,4.06
RM012,2026-05-28,Carrots,kg,4.29
RM012,2026-05-29,Carrots,kg,4.13
RM012,2026-05-30,Carrots,kg,5.64
RM012,2026-05-31,Carrots,kg,4.8
RM012,2026-06-01,Carrots,kg,3.61
RM012,2026-06-02,Carrots,kg,4.3
RM012,2026-06-03,Carrots,kg,4.52
RM012,2026-06-04,Carrots,kg,4.08
RM012,2026-06-05,Carrots,kg,4.7
RM012,2026-06-06,Carrots,kg,4.48
RM012,2026-06-07,Carrots,kg,4.08
RM012,2026-06-08,Carrots,kg,3.95
RM012,2026-06-09,Carrots,kg,3.66
RM012,2026-06-10,Carrots,kg,3.74
RM012,2026-06-11,Carrots,kg,4.13
RM012,2026-06-12,Carrots,kg,4.3
RM012,2026-06-13,Carrots,kg,4.75
RM012,2026-06-14,Carrots,kg,4.05
RM012,2026-06-15,Carrots,kg,2.99
RM012,2026-06-16,Carrots,kg,4.02
RM012,2026-06-17,Carrots,kg,3.38
RM012,2026-06-18,Carrots,kg,4.4
RM012,2026-06-19,Carrots,kg,3.64
RM012,2026-06-20,Carrots,kg,4.36
RM012,2026-06-21,Carrots,kg,4.41
RM012,2026-06-22,Carrots,kg,3.26
RM012,2026-06-23,Carrots,kg,4.01
RM012,2026-06-24,Carrots,kg,4.51
RM012,2026-06-25,Carrots,kg,4.1
RM012,2026-06-26,Carrots,kg,4.44
RM012,2026-06-27,Carrots,kg,4.81
RM012,2026-06-28,Carrots,kg,4.74
RM012,2026-06-29,Carrots,kg,3.73
RM012,2026-06-30,Carrots,kg,4.42
RM012,2026-07-01,Carrots,kg,4.65
RM012,2026-07-02,Carrots,kg,4.79
RM012,2026-07-03,Carrots,kg,4.49
RM012,2026-07-04,Carrots,kg,4.83
RM012,2026-07-05,Carrots,kg,5.29
RM012,2026-07-06,Carrots,kg,3.63
RM012,2026-07-07,Carrots,kg,4.26
RM012,2026-07-08,Carrots,kg,4.66
RM012,2026-07-09,Carrots,kg,4.76
RM012,2026-07-10,Carrots,kg,4.35
RM012,2026-07-11,Carrots,kg,4.68
RM012,2026-07-12,Carrots,kg,4.41
RM012,2026-07-13,Carrots,kg,3.78
RM012,2026-07-14,Carrots,kg,3.93
RM012,2026-07-15,Carrots,kg,3.54
RM012,2026-07-16,Carrots,kg,4.23
RM012,2026-07-17,Carrots,kg,3.99
RM012,2026-07-18,Carrots,kg,4.66
RM012,2026-07-19,Carrots,kg,4.5
RM012,2026-07-20,Carrots,kg,3.65
RM012,2026-07-21,Carrots,kg,3.64
RM012,2026-07-22,Carrots,kg,3.06
RM012,2026-07-23,Carrots,kg,4.15
RM012,2026-07-24,Carrots,kg,4.3
RM012,2026-07-25,Carrots,kg,4.88
RM012,2026-07-26,Carrots,kg,4.58
RM012,2026-07-27,Carrots,kg,3.1
RM012,2026-07-28,Carrots,kg,3.72
RM012,2026-07-29,Carrots,kg,3.73
RM012,2026-07-30,Carrots,kg,4.27
RM012,2026-07-31,Carrots,kg,4.45
RM012,2026-08-01,Carrots,kg,5.05
RM012,2026-08-02,Carrots,kg,4.3
RM012,2026-08-03,Carrots,kg,2.98
RM012,2026-08-04,Carrots,kg,4.03
RM012,2026-08-05,Carrots,kg,3.88
RM012,2026-08-06,Carrots,kg,4.71
RM012,2026-08-07,Carrots,kg,5.08
RM012,2026-08-08,Carrots,kg,5.19
RM012,2026-08-09,Carrots,kg,3.98
RM013,2025-01-01,Bell Pepper,kg,2.87
RM013,2025-01-02,Bell Pepper,kg,3.03
RM013,2025-01-03,Bell Pepper,kg,2.74
RM013,2025-01-04,Bell Pepper,kg,3.4
RM013,2025-01-05,Bell Pepper,kg,2.98
RM013,2025-01-06,Bell Pepper,kg,2.02
RM013,2025-01-07,Bell Pepper,kg,2.17
RM013,2025-01-08,Bell Pepper,kg,2.69
RM013,2025-01-09,Bell Pepper,kg,2.27
RM013,2025-01-10,Bell Pepper,kg,2.7
RM013,2025-01-11,Bell Pepper,kg,2.77
RM013,2025-01-12,Bell Pepper,kg,2.28
RM013,2025-01-13,Bell Pepper,kg,2.01
RM013,2025-01-14,Bell Pepper,kg,2.26
RM013,2025-01-15,Bell Pepper,kg,2.53
RM013,2025-01-16,Bell Pepper,kg,2.45
RM013,2025-01-17,Bell Pepper,kg,2.78
RM013,2025-01-18,Bell Pepper,kg,2.72
RM013,2025-01-19,Bell Pepper,kg,2.31
RM013,2025-01-20,Bell Pepper,kg,2.34
RM013,2025-01-21,Bell Pepper,kg,2.45
RM013,2025-01-22,Bell Pepper,kg,2.33
RM013,2025-01-23,Bell Pepper,kg,2.92
RM013,2025-01-24,Bell Pepper,kg,3.21
RM013,2025-01-25,Bell Pepper,kg,3.1
RM013,2025-01-26,Bell Pepper,kg,2.87
RM013,2025-01-27,Bell Pepper,kg,1.99
RM013,2025-01-28,Bell Pepper,kg,2.37
RM013,2025-01-29,Bell Pepper,kg,2.52
RM013,2025-01-30,Bell Pepper,kg,2.46
RM013,2025-01-31,Bell Pepper,kg,2.6
RM013,2025-02-01,Bell Pepper,kg,3.34
RM013,2025-02-02,Bell Pepper,kg,2.36
RM013,2025-02-03,Bell Pepper,kg,2.51
RM013,2025-02-04,Bell Pepper,kg,2.13
RM013,2025-02-05,Bell Pepper,kg,2.74
RM013,2025-02-06,Bell Pepper,kg,2.84
RM013,2025-02-07,Bell Pepper,kg,2.72
RM013,2025-02-08,Bell Pepper,kg,2.91
RM013,2025-02-09,Bell Pepper,kg,2.56
RM013,2025-02-10,Bell Pepper,kg,2.19
RM013,2025-02-11,Bell Pepper,kg,2.37
RM013,2025-02-12,Bell Pepper,kg,2.31
RM013,2025-02-13,Bell Pepper,kg,2.71
RM013,2025-02-14,Bell Pepper,kg,2.64
RM013,2025-02-15,Bell Pepper,kg,3.07
RM013,2025-02-16,Bell Pepper,kg,2.54
RM013,2025-02-17,Bell Pepper,kg,2.19
RM013,2025-02-18,Bell Pepper,kg,2.35
RM013,2025-02-19,Bell Pepper,kg,2.67
RM013,2025-02-20,Bell Pepper,kg,2.49
RM013,2025-02-21,Bell Pepper,kg,2.39
RM013,2025-02-22,Bell Pepper,kg,3.09
RM013,2025-02-23,Bell Pepper,kg,2.58
RM013,2025-02-24,Bell Pepper,kg,2.17
RM013,2025-02-25,Bell Pepper,kg,2.38
RM013,2025-02-26,Bell Pepper,kg,2.88
RM013,2025-02-27,Bell Pepper,kg,2.74
RM013,2025-02-28,Bell Pepper,kg,3.27
RM013,2025-03-01,Bell Pepper,kg,3.48
RM013,2025-03-02,Bell Pepper,kg,2.99
RM013,2025-03-03,Bell Pepper,kg,2.13
RM013,2025-03-04,Bell Pepper,kg,2.31
RM013,2025-03-05,Bell Pepper,kg,2.26
RM013,2025-03-06,Bell Pepper,kg,2.45
RM013,2025-03-07,Bell Pepper,kg,2.91
RM013,2025-03-08,Bell Pepper,kg,3.11
RM013,2025-03-09,Bell Pepper,kg,2.55
RM013,2025-03-10,Bell Pepper,kg,2.17
RM013,2025-03-11,Bell Pepper,kg,2.49
RM013,2025-03-12,Bell Pepper,kg,2.54
RM013,2025-03-13,Bell Pepper,kg,2.45
RM013,2025-03-14,Bell Pepper,kg,2.84
RM013,2025-03-15,Bell Pepper,kg,2.95
RM013,2025-03-16,Bell Pepper,kg,2.58
RM013,2025-03-17,Bell Pepper,kg,2.14
RM013,2025-03-18,Bell Pepper,kg,2.35
RM013,2025-03-19,Bell Pepper,kg,2.38
RM013,2025-03-20,Bell Pepper,kg,2.64
RM013,2025-03-21,Bell Pepper,kg,2.93
RM013,2025-03-22,Bell Pepper,kg,2.97
RM013,2025-03-23,Bell Pepper,kg,2.47
RM013,2025-03-24,Bell Pepper,kg,2.39
RM013,2025-03-25,Bell Pepper,kg,2.4
RM013,2025-03-26,Bell Pepper,kg,2.29
RM013,2025-03-27,Bell Pepper,kg,2.72
RM013,2025-03-28,Bell Pepper,kg,3.02
RM013,2025-03-29,Bell Pepper,kg,3.03
RM013,2025-03-30,Bell Pepper,kg,2.74
RM013,2025-03-31,Bell Pepper,kg,2.69
RM013,2025-04-01,Bell Pepper,kg,2.3
RM013,2025-04-02,Bell Pepper,kg,2.86
RM013,2025-04-03,Bell Pepper,kg,2.77
RM013,2025-04-04,Bell Pepper,kg,2.89
RM013,2025-04-05,Bell Pepper,kg,2.99
RM013,2025-04-06,Bell Pepper,kg,2.8
RM013,2025-04-07,Bell Pepper,kg,2.55
RM013,2025-04-08,Bell Pepper,kg,2.23
RM013,2025-04-09,Bell Pepper,kg,2.71
RM013,2025-04-10,Bell Pepper,kg,2.52
RM013,2025-04-11,Bell Pepper,kg,2.7
RM013,2025-04-12,Bell Pepper,kg,2.9
RM013,2025-04-13,Bell Pepper,kg,2.43
RM013,2025-04-14,Bell Pepper,kg,2.24
RM013,2025-04-15,Bell Pepper,kg,2.18
RM013,2025-04-16,Bell Pepper,kg,2.27
RM013,2025-04-17,Bell Pepper,kg,2.41
RM013,2025-04-18,Bell Pepper,kg,2.99
RM013,2025-04-19,Bell Pepper,kg,3.04
RM013,2025-04-20,Bell Pepper,kg,2.8
RM013,2025-04-21,Bell Pepper,kg,2.14
RM013,2025-04-22,Bell Pepper,kg,2.0
RM013,2025-04-23,Bell Pepper,kg,2.46
RM013,2025-04-24,Bell Pepper,kg,2.31
RM013,2025-04-25,Bell Pepper,kg,3.02
RM013,2025-04-26,Bell Pepper,kg,3.21
RM013,2025-04-27,Bell Pepper,kg,2.88
RM013,2025-04-28,Bell Pepper,kg,2.16
RM013,2025-04-29,Bell Pepper,kg,2.66
RM013,2025-04-30,Bell Pepper,kg,2.61
RM013,2025-05-01,Bell Pepper,kg,2.51
RM013,2025-05-02,Bell Pepper,kg,2.79
RM013,2025-05-03,Bell Pepper,kg,2.89
RM013,2025-05-04,Bell Pepper,kg,2.79
RM013,2025-05-05,Bell Pepper,kg,2.28
RM013,2025-05-06,Bell Pepper,kg,2.28
RM013,2025-05-07,Bell Pepper,kg,2.55
RM013,2025-05-08,Bell Pepper,kg,2.57
RM013,2025-05-09,Bell Pepper,kg,2.95
RM013,2025-05-10,Bell Pepper,kg,3.1
RM013,2025-05-11,Bell Pepper,kg,2.42
RM013,2025-05-12,Bell Pepper,kg,2.35
RM013,2025-05-13,Bell Pepper,kg,2.09
RM013,2025-05-14,Bell Pepper,kg,2.1
RM013,2025-05-15,Bell Pepper,kg,2.59
RM013,2025-05-16,Bell Pepper,kg,2.73
RM013,2025-05-17,Bell Pepper,kg,3.16
RM013,2025-05-18,Bell Pepper,kg,3.09
RM013,2025-05-19,Bell Pepper,kg,2.31
RM013,2025-05-20,Bell Pepper,kg,2.26
RM013,2025-05-21,Bell Pepper,kg,2.4
RM013,2025-05-22,Bell Pepper,kg,2.68
RM013,2025-05-23,Bell Pepper,kg,2.53
RM013,2025-05-24,Bell Pepper,kg,3.16
RM013,2025-05-25,Bell Pepper,kg,2.63
RM013,2025-05-26,Bell Pepper,kg,2.25
RM013,2025-05-27,Bell Pepper,kg,2.61
RM013,2025-05-28,Bell Pepper,kg,2.39
RM013,2025-05-29,Bell Pepper,kg,2.99
RM013,2025-05-30,Bell Pepper,kg,2.85
RM013,2025-05-31,Bell Pepper,kg,3.52
RM013,2025-06-01,Bell Pepper,kg,2.31
RM013,2025-06-02,Bell Pepper,kg,2.43
RM013,2025-06-03,Bell Pepper,kg,2.3
RM013,2025-06-04,Bell Pepper,kg,2.55
RM013,2025-06-05,Bell Pepper,kg,2.64
RM013,2025-06-06,Bell Pepper,kg,2.8
RM013,2025-06-07,Bell Pepper,kg,2.73
RM013,2025-06-08,Bell Pepper,kg,2.79
RM013,2025-06-09,Bell Pepper,kg,2.22
RM013,2025-06-10,Bell Pepper,kg,2.47
RM013,2025-06-11,Bell Pepper,kg,2.23
RM013,2025-06-12,Bell Pepper,kg,2.28
RM013,2025-06-13,Bell Pepper,kg,2.93
RM013,2025-06-14,Bell Pepper,kg,3.04
RM013,2025-06-15,Bell Pepper,kg,2.53
RM013,2025-06-16,Bell Pepper,kg,1.91
RM013,2025-06-17,Bell Pepper,kg,2.14
RM013,2025-06-18,Bell Pepper,kg,2.45
RM013,2025-06-19,Bell Pepper,kg,2.45
RM013,2025-06-20,Bell Pepper,kg,2.76
RM013,2025-06-21,Bell Pepper,kg,2.44
RM013,2025-06-22,Bell Pepper,kg,2.76
RM013,2025-06-23,Bell Pepper,kg,1.95
RM013,2025-06-24,Bell Pepper,kg,2.72
RM013,2025-06-25,Bell Pepper,kg,2.63
RM013,2025-06-26,Bell Pepper,kg,2.99
RM013,2025-06-27,Bell Pepper,kg,2.91
RM013,2025-06-28,Bell Pepper,kg,2.86
RM013,2025-06-29,Bell Pepper,kg,2.69
RM013,2025-06-30,Bell Pepper,kg,2.06
RM013,2025-07-01,Bell Pepper,kg,2.72
RM013,2025-07-02,Bell Pepper,kg,2.27
RM013,2025-07-03,Bell Pepper,kg,2.95
RM013,2025-07-04,Bell Pepper,kg,3.3
RM013,2025-07-05,Bell Pepper,kg,3.28
RM013,2025-07-06,Bell Pepper,kg,2.96
RM013,2025-07-07,Bell Pepper,kg,2.22
RM013,2025-07-08,Bell Pepper,kg,2.2
RM013,2025-07-09,Bell Pepper,kg,2.69
RM013,2025-07-10,Bell Pepper,kg,2.93
RM013,2025-07-11,Bell Pepper,kg,2.61
RM013,2025-07-12,Bell Pepper,kg,2.7
RM013,2025-07-13,Bell Pepper,kg,3.11
RM013,2025-07-14,Bell Pepper,kg,2.03
RM013,2025-07-15,Bell Pepper,kg,2.17
RM013,2025-07-16,Bell Pepper,kg,2.24
RM013,2025-07-17,Bell Pepper,kg,2.59
RM013,2025-07-18,Bell Pepper,kg,2.67
RM013,2025-07-19,Bell Pepper,kg,2.48
RM013,2025-07-20,Bell Pepper,kg,2.4
RM013,2025-07-21,Bell Pepper,kg,2.05
RM013,2025-07-22,Bell Pepper,kg,2.32
RM013,2025-07-23,Bell Pepper,kg,2.72
RM013,2025-07-24,Bell Pepper,kg,2.82
RM013,2025-07-25,Bell Pepper,kg,2.82
RM013,2025-07-26,Bell Pepper,kg,3.19
RM013,2025-07-27,Bell Pepper,kg,2.34
RM013,2025-07-28,Bell Pepper,kg,2.62
RM013,2025-07-29,Bell Pepper,kg,2.64
RM013,2025-07-30,Bell Pepper,kg,2.9
RM013,2025-07-31,Bell Pepper,kg,2.86
RM013,2025-08-01,Bell Pepper,kg,2.48
RM013,2025-08-02,Bell Pepper,kg,3.03
RM013,2025-08-03,Bell Pepper,kg,2.62
RM013,2025-08-04,Bell Pepper,kg,2.28
RM013,2025-08-05,Bell Pepper,kg,2.61
RM013,2025-08-06,Bell Pepper,kg,2.76
RM013,2025-08-07,Bell Pepper,kg,2.69
RM013,2025-08-08,Bell Pepper,kg,3.03
RM013,2025-08-09,Bell Pepper,kg,2.93
RM013,2025-08-10,Bell Pepper,kg,2.8
RM013,2025-08-11,Bell Pepper,kg,1.79
RM013,2025-08-12,Bell Pepper,kg,2.36
RM013,2025-08-13,Bell Pepper,kg,2.41
RM013,2025-08-14,Bell Pepper,kg,2.76
RM013,2025-08-15,Bell Pepper,kg,2.61
RM013,2025-08-16,Bell Pepper,kg,3.03
RM013,2025-08-17,Bell Pepper,kg,2.34
RM013,2025-08-18,Bell Pepper,kg,1.81
RM013,2025-08-19,Bell Pepper,kg,2.48
RM013,2025-08-20,Bell Pepper,kg,2.53
RM013,2025-08-21,Bell Pepper,kg,2.5
RM013,2025-08-22,Bell Pepper,kg,2.95
RM013,2025-08-23,Bell Pepper,kg,2.42
RM013,2025-08-24,Bell Pepper,kg,2.64
RM013,2025-08-25,Bell Pepper,kg,2.13
RM013,2025-08-26,Bell Pepper,kg,2.62
RM013,2025-08-27,Bell Pepper,kg,2.52
RM013,2025-08-28,Bell Pepper,kg,2.86
RM013,2025-08-29,Bell Pepper,kg,3.0
RM013,2025-08-30,Bell Pepper,kg,3.31
RM013,2025-08-31,Bell Pepper,kg,2.93
RM013,2025-09-01,Bell Pepper,kg,2.2
RM013,2025-09-02,Bell Pepper,kg,2.74
RM013,2025-09-03,Bell Pepper,kg,2.62
RM013,2025-09-04,Bell Pepper,kg,2.72
RM013,2025-09-05,Bell Pepper,kg,2.46
RM013,2025-09-06,Bell Pepper,kg,2.92
RM013,2025-09-07,Bell Pepper,kg,2.73
RM013,2025-09-08,Bell Pepper,kg,2.16
RM013,2025-09-09,Bell Pepper,kg,2.47
RM013,2025-09-10,Bell Pepper,kg,2.49
RM013,2025-09-11,Bell Pepper,kg,2.23
RM013,2025-09-12,Bell Pepper,kg,2.45
RM013,2025-09-13,Bell Pepper,kg,2.91
RM013,2025-09-14,Bell Pepper,kg,2.44
RM013,2025-09-15,Bell Pepper,kg,1.98
RM013,2025-09-16,Bell Pepper,kg,2.21
RM013,2025-09-17,Bell Pepper,kg,2.39
RM013,2025-09-18,Bell Pepper,kg,2.42
RM013,2025-09-19,Bell Pepper,kg,2.7
RM013,2025-09-20,Bell Pepper,kg,2.65
RM013,2025-09-21,Bell Pepper,kg,2.57
RM013,2025-09-22,Bell Pepper,kg,2.09
RM013,2025-09-23,Bell Pepper,kg,2.71
RM013,2025-09-24,Bell Pepper,kg,2.64
RM013,2025-09-25,Bell Pepper,kg,2.53
RM013,2025-09-26,Bell Pepper,kg,2.62
RM013,2025-09-27,Bell Pepper,kg,3.05
RM013,2025-09-28,Bell Pepper,kg,2.8
RM013,2025-09-29,Bell Pepper,kg,2.33
RM013,2025-09-30,Bell Pepper,kg,2.61
RM013,2025-10-01,Bell Pepper,kg,2.72
RM013,2025-10-02,Bell Pepper,kg,2.74
RM013,2025-10-03,Bell Pepper,kg,3.04
RM013,2025-10-04,Bell Pepper,kg,2.99
RM013,2025-10-05,Bell Pepper,kg,2.71
RM013,2025-10-06,Bell Pepper,kg,2.58
RM013,2025-10-07,Bell Pepper,kg,2.64
RM013,2025-10-08,Bell Pepper,kg,2.37
RM013,2025-10-09,Bell Pepper,kg,2.58
RM013,2025-10-10,Bell Pepper,kg,2.35
RM013,2025-10-11,Bell Pepper,kg,2.55
RM013,2025-10-12,Bell Pepper,kg,2.75
RM013,2025-10-13,Bell Pepper,kg,2.02
RM013,2025-10-14,Bell Pepper,kg,2.42
RM013,2025-10-15,Bell Pepper,kg,2.33
RM013,2025-10-16,Bell Pepper,kg,2.47
RM013,2025-10-17,Bell Pepper,kg,2.99
RM013,2025-10-18,Bell Pepper,kg,2.48
RM013,2025-10-19,Bell Pepper,kg,2.35
RM013,2025-10-20,Bell Pepper,kg,2.0
RM013,2025-10-21,Bell Pepper,kg,2.28
RM013,2025-10-22,Bell Pepper,kg,2.74
RM013,2025-10-23,Bell Pepper,kg,2.83
RM013,2025-10-24,Bell Pepper,kg,2.64
RM013,2025-10-25,Bell Pepper,kg,2.94
RM013,2025-10-26,Bell Pepper,kg,3.03
RM013,2025-10-27,Bell Pepper,kg,2.37
RM013,2025-10-28,Bell Pepper,kg,2.58
RM013,2025-10-29,Bell Pepper,kg,2.95
RM013,2025-10-30,Bell Pepper,kg,2.59
RM013,2025-10-31,Bell Pepper,kg,3.13
RM013,2025-11-01,Bell Pepper,kg,3.36
RM013,2025-11-02,Bell Pepper,kg,3.03
RM013,2025-11-03,Bell Pepper,kg,2.6
RM013,2025-11-04,Bell Pepper,kg,2.46
RM013,2025-11-05,Bell Pepper,kg,2.69
RM013,2025-11-06,Bell Pepper,kg,2.58
RM013,2025-11-07,Bell Pepper,kg,2.77
RM013,2025-11-08,Bell Pepper,kg,3.31
RM013,2025-11-09,Bell Pepper,kg,2.6
RM013,2025-11-10,Bell Pepper,kg,2.18
RM013,2025-11-11,Bell Pepper,kg,1.97
RM013,2025-11-12,Bell Pepper,kg,2.59
RM013,2025-11-13,Bell Pepper,kg,2.53
RM013,2025-11-14,Bell Pepper,kg,2.67
RM013,2025-11-15,Bell Pepper,kg,3.03
RM013,2025-11-16,Bell Pepper,kg,2.68
RM013,2025-11-17,Bell Pepper,kg,1.97
RM013,2025-11-18,Bell Pepper,kg,2.5
RM013,2025-11-19,Bell Pepper,kg,2.45
RM013,2025-11-20,Bell Pepper,kg,2.55
RM013,2025-11-21,Bell Pepper,kg,2.72
RM013,2025-11-22,Bell Pepper,kg,3.18
RM013,2025-11-23,Bell Pepper,kg,2.77
RM013,2025-11-24,Bell Pepper,kg,2.38
RM013,2025-11-25,Bell Pepper,kg,2.55
RM013,2025-11-26,Bell Pepper,kg,2.63
RM013,2025-11-27,Bell Pepper,kg,2.82
RM013,2025-11-28,Bell Pepper,kg,2.79
RM013,2025-11-29,Bell Pepper,kg,3.14
RM013,2025-11-30,Bell Pepper,kg,3.46
RM013,2025-12-01,Bell Pepper,kg,2.31
RM013,2025-12-02,Bell Pepper,kg,2.58
RM013,2025-12-03,Bell Pepper,kg,2.63
RM013,2025-12-04,Bell Pepper,kg,2.54
RM013,2025-12-05,Bell Pepper,kg,2.6
RM013,2025-12-06,Bell Pepper,kg,2.99
RM013,2025-12-07,Bell Pepper,kg,3.08
RM013,2025-12-08,Bell Pepper,kg,2.3
RM013,2025-12-09,Bell Pepper,kg,1.99
RM013,2025-12-10,Bell Pepper,kg,2.67
RM013,2025-12-11,Bell Pepper,kg,2.92
RM013,2025-12-12,Bell Pepper,kg,2.58
RM013,2025-12-13,Bell Pepper,kg,3.03
RM013,2025-12-14,Bell Pepper,kg,2.44
RM013,2025-12-15,Bell Pepper,kg,2.02
RM013,2025-12-16,Bell Pepper,kg,2.41
RM013,2025-12-17,Bell Pepper,kg,2.21
RM013,2025-12-18,Bell Pepper,kg,2.38
RM013,2025-12-19,Bell Pepper,kg,2.77
RM013,2025-12-20,Bell Pepper,kg,3.02
RM013,2025-12-21,Bell Pepper,kg,2.52
RM013,2025-12-22,Bell Pepper,kg,1.92
RM013,2025-12-23,Bell Pepper,kg,2.04
RM013,2025-12-24,Bell Pepper,kg,2.54
RM013,2025-12-25,Bell Pepper,kg,2.5
RM013,2025-12-26,Bell Pepper,kg,2.68
RM013,2025-12-27,Bell Pepper,kg,2.82
RM013,2025-12-28,Bell Pepper,kg,3.07
RM013,2025-12-29,Bell Pepper,kg,2.11
RM013,2025-12-30,Bell Pepper,kg,2.43
RM013,2025-12-31,Bell Pepper,kg,2.95
RM013,2026-01-01,Bell Pepper,kg,2.88
RM013,2026-01-02,Bell Pepper,kg,2.91
RM013,2026-01-03,Bell Pepper,kg,2.91
RM013,2026-01-04,Bell Pepper,kg,2.72
RM013,2026-01-05,Bell Pepper,kg,2.33
RM013,2026-01-06,Bell Pepper,kg,2.29
RM013,2026-01-07,Bell Pepper,kg,2.93
RM013,2026-01-08,Bell Pepper,kg,2.89
RM013,2026-01-09,Bell Pepper,kg,3.39
RM013,2026-01-10,Bell Pepper,kg,2.99
RM013,2026-01-11,Bell Pepper,kg,2.84
RM013,2026-01-12,Bell Pepper,kg,2.19
RM013,2026-01-13,Bell Pepper,kg,2.22
RM013,2026-01-14,Bell Pepper,kg,2.51
RM013,2026-01-15,Bell Pepper,kg,2.54
RM013,2026-01-16,Bell Pepper,kg,2.38
RM013,2026-01-17,Bell Pepper,kg,2.67
RM013,2026-01-18,Bell Pepper,kg,2.34
RM013,2026-01-19,Bell Pepper,kg,2.19
RM013,2026-01-20,Bell Pepper,kg,2.24
RM013,2026-01-21,Bell Pepper,kg,2.03
RM013,2026-01-22,Bell Pepper,kg,2.66
RM013,2026-01-23,Bell Pepper,kg,2.82
RM013,2026-01-24,Bell Pepper,kg,3.2
RM013,2026-01-25,Bell Pepper,kg,3.17
RM013,2026-01-26,Bell Pepper,kg,2.05
RM013,2026-01-27,Bell Pepper,kg,2.38
RM013,2026-01-28,Bell Pepper,kg,2.87
RM013,2026-01-29,Bell Pepper,kg,3.04
RM013,2026-01-30,Bell Pepper,kg,3.12
RM013,2026-01-31,Bell Pepper,kg,3.91
RM013,2026-02-01,Bell Pepper,kg,2.49
RM013,2026-02-02,Bell Pepper,kg,2.43
RM013,2026-02-03,Bell Pepper,kg,2.48
RM013,2026-02-04,Bell Pepper,kg,3.0
RM013,2026-02-05,Bell Pepper,kg,2.55
RM013,2026-02-06,Bell Pepper,kg,2.61
RM013,2026-02-07,Bell Pepper,kg,2.89
RM013,2026-02-08,Bell Pepper,kg,2.95
RM013,2026-02-09,Bell Pepper,kg,2.02
RM013,2026-02-10,Bell Pepper,kg,2.18
RM013,2026-02-11,Bell Pepper,kg,2.71
RM013,2026-02-12,Bell Pepper,kg,2.59
RM013,2026-02-13,Bell Pepper,kg,2.58
RM013,2026-02-14,Bell Pepper,kg,2.36
RM013,2026-02-15,Bell Pepper,kg,2.7
RM013,2026-02-16,Bell Pepper,kg,1.77
RM013,2026-02-17,Bell Pepper,kg,2.22
RM013,2026-02-18,Bell Pepper,kg,2.4
RM013,2026-02-19,Bell Pepper,kg,2.25
RM013,2026-02-20,Bell Pepper,kg,3.06
RM013,2026-02-21,Bell Pepper,kg,2.93
RM013,2026-02-22,Bell Pepper,kg,2.86
RM013,2026-02-23,Bell Pepper,kg,2.51
RM013,2026-02-24,Bell Pepper,kg,2.2
RM013,2026-02-25,Bell Pepper,kg,2.4
RM013,2026-02-26,Bell Pepper,kg,2.38
RM013,2026-02-27,Bell Pepper,kg,3.23
RM013,2026-02-28,Bell Pepper,kg,2.81
RM013,2026-03-01,Bell Pepper,kg,2.82
RM013,2026-03-02,Bell Pepper,kg,2.48
RM013,2026-03-03,Bell Pepper,kg,2.61
RM013,2026-03-04,Bell Pepper,kg,2.55
RM013,2026-03-05,Bell Pepper,kg,2.81
RM013,2026-03-06,Bell Pepper,kg,2.64
RM013,2026-03-07,Bell Pepper,kg,3.05
RM013,2026-03-08,Bell Pepper,kg,2.85
RM013,2026-03-09,Bell Pepper,kg,2.05
RM013,2026-03-10,Bell Pepper,kg,2.39
RM013,2026-03-11,Bell Pepper,kg,2.28
RM013,2026-03-12,Bell Pepper,kg,2.38
RM013,2026-03-13,Bell Pepper,kg,2.37
RM013,2026-03-14,Bell Pepper,kg,2.8
RM013,2026-03-15,Bell Pepper,kg,2.53
RM013,2026-03-16,Bell Pepper,kg,1.89
RM013,2026-03-17,Bell Pepper,kg,2.26
RM013,2026-03-18,Bell Pepper,kg,2.18
RM013,2026-03-19,Bell Pepper,kg,2.48
RM013,2026-03-20,Bell Pepper,kg,2.71
RM013,2026-03-21,Bell Pepper,kg,2.55
RM013,2026-03-22,Bell Pepper,kg,2.49
RM013,2026-03-23,Bell Pepper,kg,2.2
RM013,2026-03-24,Bell Pepper,kg,2.34
RM013,2026-03-25,Bell Pepper,kg,2.67
RM013,2026-03-26,Bell Pepper,kg,2.76
RM013,2026-03-27,Bell Pepper,kg,2.91
RM013,2026-03-28,Bell Pepper,kg,3.03
RM013,2026-03-29,Bell Pepper,kg,2.23
RM013,2026-03-30,Bell Pepper,kg,1.93
RM013,2026-03-31,Bell Pepper,kg,2.31
RM013,2026-04-01,Bell Pepper,kg,2.63
RM013,2026-04-02,Bell Pepper,kg,2.72
RM013,2026-04-03,Bell Pepper,kg,2.94
RM013,2026-04-04,Bell Pepper,kg,3.33
RM013,2026-04-05,Bell Pepper,kg,2.65
RM013,2026-04-06,Bell Pepper,kg,2.34
RM013,2026-04-07,Bell Pepper,kg,2.23
RM013,2026-04-08,Bell Pepper,kg,2.45
RM013,2026-04-09,Bell Pepper,kg,2.62
RM013,2026-04-10,Bell Pepper,kg,2.48
RM013,2026-04-11,Bell Pepper,kg,2.64
RM013,2026-04-12,Bell Pepper,kg,2.23
RM013,2026-04-13,Bell Pepper,kg,1.9
RM013,2026-04-14,Bell Pepper,kg,2.08
RM013,2026-04-15,Bell Pepper,kg,2.01
RM013,2026-04-16,Bell Pepper,kg,2.51
RM013,2026-04-17,Bell Pepper,kg,2.76
RM013,2026-04-18,Bell Pepper,kg,2.78
RM013,2026-04-19,Bell Pepper,kg,2.57
RM013,2026-04-20,Bell Pepper,kg,2.02
RM013,2026-04-21,Bell Pepper,kg,2.27
RM013,2026-04-22,Bell Pepper,kg,2.77
RM013,2026-04-23,Bell Pepper,kg,2.39
RM013,2026-04-24,Bell Pepper,kg,2.9
RM013,2026-04-25,Bell Pepper,kg,2.73
RM013,2026-04-26,Bell Pepper,kg,2.69
RM013,2026-04-27,Bell Pepper,kg,2.19
RM013,2026-04-28,Bell Pepper,kg,2.91
RM013,2026-04-29,Bell Pepper,kg,2.62
RM013,2026-04-30,Bell Pepper,kg,2.48
RM013,2026-05-01,Bell Pepper,kg,2.9
RM013,2026-05-02,Bell Pepper,kg,3.05
RM013,2026-05-03,Bell Pepper,kg,3.46
RM013,2026-05-04,Bell Pepper,kg,2.3
RM013,2026-05-05,Bell Pepper,kg,2.57
RM013,2026-05-06,Bell Pepper,kg,2.64
RM013,2026-05-07,Bell Pepper,kg,2.97
RM013,2026-05-08,Bell Pepper,kg,2.67
RM013,2026-05-09,Bell Pepper,kg,3.04
RM013,2026-05-10,Bell Pepper,kg,2.6
RM013,2026-05-11,Bell Pepper,kg,2.35
RM013,2026-05-12,Bell Pepper,kg,2.25
RM013,2026-05-13,Bell Pepper,kg,2.47
RM013,2026-05-14,Bell Pepper,kg,2.78
RM013,2026-05-15,Bell Pepper,kg,2.56
RM013,2026-05-16,Bell Pepper,kg,2.6
RM013,2026-05-17,Bell Pepper,kg,2.42
RM013,2026-05-18,Bell Pepper,kg,1.91
RM013,2026-05-19,Bell Pepper,kg,2.44
RM013,2026-05-20,Bell Pepper,kg,2.29
RM013,2026-05-21,Bell Pepper,kg,2.17
RM013,2026-05-22,Bell Pepper,kg,2.74
RM013,2026-05-23,Bell Pepper,kg,2.73
RM013,2026-05-24,Bell Pepper,kg,2.62
RM013,2026-05-25,Bell Pepper,kg,2.09
RM013,2026-05-26,Bell Pepper,kg,2.17
RM013,2026-05-27,Bell Pepper,kg,2.85
RM013,2026-05-28,Bell Pepper,kg,2.69
RM013,2026-05-29,Bell Pepper,kg,3.07
RM013,2026-05-30,Bell Pepper,kg,2.93
RM013,2026-05-31,Bell Pepper,kg,2.64
RM013,2026-06-01,Bell Pepper,kg,2.43
RM013,2026-06-02,Bell Pepper,kg,2.52
RM013,2026-06-03,Bell Pepper,kg,2.46
RM013,2026-06-04,Bell Pepper,kg,2.86
RM013,2026-06-05,Bell Pepper,kg,3.07
RM013,2026-06-06,Bell Pepper,kg,3.06
RM013,2026-06-07,Bell Pepper,kg,2.91
RM013,2026-06-08,Bell Pepper,kg,2.3
RM013,2026-06-09,Bell Pepper,kg,2.53
RM013,2026-06-10,Bell Pepper,kg,2.48
RM013,2026-06-11,Bell Pepper,kg,2.32
RM013,2026-06-12,Bell Pepper,kg,2.3
RM013,2026-06-13,Bell Pepper,kg,3.15
RM013,2026-06-14,Bell Pepper,kg,2.37
RM013,2026-06-15,Bell Pepper,kg,1.94
RM013,2026-06-16,Bell Pepper,kg,2.62
RM013,2026-06-17,Bell Pepper,kg,2.56
RM013,2026-06-18,Bell Pepper,kg,2.62
RM013,2026-06-19,Bell Pepper,kg,2.65
RM013,2026-06-20,Bell Pepper,kg,2.62
RM013,2026-06-21,Bell Pepper,kg,2.78
RM013,2026-06-22,Bell Pepper,kg,2.07
RM013,2026-06-23,Bell Pepper,kg,1.93
RM013,2026-06-24,Bell Pepper,kg,2.74
RM013,2026-06-25,Bell Pepper,kg,2.36
RM013,2026-06-26,Bell Pepper,kg,3.12
RM013,2026-06-27,Bell Pepper,kg,3.18
RM013,2026-06-28,Bell Pepper,kg,2.76
RM013,2026-06-29,Bell Pepper,kg,2.4
RM013,2026-06-30,Bell Pepper,kg,2.34
RM013,2026-07-01,Bell Pepper,kg,2.54
RM013,2026-07-02,Bell Pepper,kg,2.84
RM013,2026-07-03,Bell Pepper,kg,2.77
RM013,2026-07-04,Bell Pepper,kg,2.96
RM013,2026-07-05,Bell Pepper,kg,3.08
RM013,2026-07-06,Bell Pepper,kg,2.17
RM013,2026-07-07,Bell Pepper,kg,2.52
RM013,2026-07-08,Bell Pepper,kg,2.36
RM013,2026-07-09,Bell Pepper,kg,2.81
RM013,2026-07-10,Bell Pepper,kg,2.89
RM013,2026-07-11,Bell Pepper,kg,3.01
RM013,2026-07-12,Bell Pepper,kg,2.51
RM013,2026-07-13,Bell Pepper,kg,1.9
RM013,2026-07-14,Bell Pepper,kg,2.26
RM013,2026-07-15,Bell Pepper,kg,2.34
RM013,2026-07-16,Bell Pepper,kg,2.47
RM013,2026-07-17,Bell Pepper,kg,2.45
RM013,2026-07-18,Bell Pepper,kg,2.97
RM013,2026-07-19,Bell Pepper,kg,2.3
RM013,2026-07-20,Bell Pepper,kg,2.12
RM013,2026-07-21,Bell Pepper,kg,2.6
RM013,2026-07-22,Bell Pepper,kg,2.45
RM013,2026-07-23,Bell Pepper,kg,2.69
RM013,2026-07-24,Bell Pepper,kg,2.68
RM013,2026-07-25,Bell Pepper,kg,3.15
RM013,2026-07-26,Bell Pepper,kg,2.84
RM013,2026-07-27,Bell Pepper,kg,2.12
RM013,2026-07-28,Bell Pepper,kg,2.58
RM013,2026-07-29,Bell Pepper,kg,2.5
RM013,2026-07-30,Bell Pepper,kg,2.55
RM013,2026-07-31,Bell Pepper,kg,3.08
RM013,2026-08-01,Bell Pepper,kg,3.87
RM013,2026-08-02,Bell Pepper,kg,3.12
RM013,2026-08-03,Bell Pepper,kg,2.15
RM013,2026-08-04,Bell Pepper,kg,2.77
RM013,2026-08-05,Bell Pepper,kg,2.48
RM013,2026-08-06,Bell Pepper,kg,3.0
RM013,2026-08-07,Bell Pepper,kg,3.0
RM013,2026-08-08,Bell Pepper,kg,3.19
RM013,2026-08-09,Bell Pepper,kg,2.73
RM014,2025-01-01,Soy Sauce,L,5.27
RM014,2025-01-02,Soy Sauce,L,5.97
RM014,2025-01-03,Soy Sauce,L,5.71
RM014,2025-01-04,Soy Sauce,L,5.93
RM014,2025-01-05,Soy Sauce,L,5.91
RM014,2025-01-06,Soy Sauce,L,4.59
RM014,2025-01-07,Soy Sauce,L,4.86
RM014,2025-01-08,Soy Sauce,L,4.58
RM014,2025-01-09,Soy Sauce,L,4.71
RM014,2025-01-10,Soy Sauce,L,5.53
RM014,2025-01-11,Soy Sauce,L,5.84
RM014,2025-01-12,Soy Sauce,L,6.04
RM014,2025-01-13,Soy Sauce,L,4.09
RM014,2025-01-14,Soy Sauce,L,4.96
RM014,2025-01-15,Soy Sauce,L,4.85
RM014,2025-01-16,Soy Sauce,L,5.11
RM014,2025-01-17,Soy Sauce,L,5.78
RM014,2025-01-18,Soy Sauce,L,5.53
RM014,2025-01-19,Soy Sauce,L,5.41
RM014,2025-01-20,Soy Sauce,L,4.31
RM014,2025-01-21,Soy Sauce,L,4.69
RM014,2025-01-22,Soy Sauce,L,4.58
RM014,2025-01-23,Soy Sauce,L,5.46
RM014,2025-01-24,Soy Sauce,L,6.04
RM014,2025-01-25,Soy Sauce,L,5.78
RM014,2025-01-26,Soy Sauce,L,5.61
RM014,2025-01-27,Soy Sauce,L,4.28
RM014,2025-01-28,Soy Sauce,L,5.04
RM014,2025-01-29,Soy Sauce,L,5.88
RM014,2025-01-30,Soy Sauce,L,6.41
RM014,2025-01-31,Soy Sauce,L,6.46
RM014,2025-02-01,Soy Sauce,L,6.27
RM014,2025-02-02,Soy Sauce,L,6.26
RM014,2025-02-03,Soy Sauce,L,4.06
RM014,2025-02-04,Soy Sauce,L,5.25
RM014,2025-02-05,Soy Sauce,L,4.75
RM014,2025-02-06,Soy Sauce,L,4.98
RM014,2025-02-07,Soy Sauce,L,5.29
RM014,2025-02-08,Soy Sauce,L,7.05
RM014,2025-02-09,Soy Sauce,L,5.24
RM014,2025-02-10,Soy Sauce,L,4.65
RM014,2025-02-11,Soy Sauce,L,4.24
RM014,2025-02-12,Soy Sauce,L,4.81
RM014,2025-02-13,Soy Sauce,L,4.73
RM014,2025-02-14,Soy Sauce,L,5.42
RM014,2025-02-15,Soy Sauce,L,6.43
RM014,2025-02-16,Soy Sauce,L,4.98
RM014,2025-02-17,Soy Sauce,L,4.16
RM014,2025-02-18,Soy Sauce,L,4.43
RM014,2025-02-19,Soy Sauce,L,4.92
RM014,2025-02-20,Soy Sauce,L,5.28
RM014,2025-02-21,Soy Sauce,L,6.99
RM014,2025-02-22,Soy Sauce,L,6.33
RM014,2025-02-23,Soy Sauce,L,5.42
RM014,2025-02-24,Soy Sauce,L,4.23
RM014,2025-02-25,Soy Sauce,L,5.67
RM014,2025-02-26,Soy Sauce,L,5.12
RM014,2025-02-27,Soy Sauce,L,5.72
RM014,2025-02-28,Soy Sauce,L,5.34
RM014,2025-03-01,Soy Sauce,L,5.88
RM014,2025-03-02,Soy Sauce,L,6.02
RM014,2025-03-03,Soy Sauce,L,5.01
RM014,2025-03-04,Soy Sauce,L,5.37
RM014,2025-03-05,Soy Sauce,L,5.16
RM014,2025-03-06,Soy Sauce,L,5.54
RM014,2025-03-07,Soy Sauce,L,6.85
RM014,2025-03-08,Soy Sauce,L,5.45
RM014,2025-03-09,Soy Sauce,L,5.65
RM014,2025-03-10,Soy Sauce,L,4.17
RM014,2025-03-11,Soy Sauce,L,4.87
RM014,2025-03-12,Soy Sauce,L,4.96
RM014,2025-03-13,Soy Sauce,L,5.58
RM014,2025-03-14,Soy Sauce,L,5.39
RM014,2025-03-15,Soy Sauce,L,5.29
RM014,2025-03-16,Soy Sauce,L,4.86
RM014,2025-03-17,Soy Sauce,L,3.58
RM014,2025-03-18,Soy Sauce,L,5.32
RM014,2025-03-19,Soy Sauce,L,4.94
RM014,2025-03-20,Soy Sauce,L,5.24
RM014,2025-03-21,Soy Sauce,L,4.87
RM014,2025-03-22,Soy Sauce,L,6.61
RM014,2025-03-23,Soy Sauce,L,5.52
RM014,2025-03-24,Soy Sauce,L,4.37
RM014,2025-03-25,Soy Sauce,L,4.99
RM014,2025-03-26,Soy Sauce,L,4.93
RM014,2025-03-27,Soy Sauce,L,6.27
RM014,2025-03-28,Soy Sauce,L,5.49
RM014,2025-03-29,Soy Sauce,L,6.98
RM014,2025-03-30,Soy Sauce,L,6.36
RM014,2025-03-31,Soy Sauce,L,4.56
RM014,2025-04-01,Soy Sauce,L,5.52
RM014,2025-04-02,Soy Sauce,L,5.42
RM014,2025-04-03,Soy Sauce,L,5.47
RM014,2025-04-04,Soy Sauce,L,5.93
RM014,2025-04-05,Soy Sauce,L,6.73
RM014,2025-04-06,Soy Sauce,L,5.89
RM014,2025-04-07,Soy Sauce,L,3.85
RM014,2025-04-08,Soy Sauce,L,4.32
RM014,2025-04-09,Soy Sauce,L,4.68
RM014,2025-04-10,Soy Sauce,L,4.84
RM014,2025-04-11,Soy Sauce,L,5.61
RM014,2025-04-12,Soy Sauce,L,6.11
RM014,2025-04-13,Soy Sauce,L,4.88
RM014,2025-04-14,Soy Sauce,L,4.14
RM014,2025-04-15,Soy Sauce,L,3.8
RM014,2025-04-16,Soy Sauce,L,4.18
RM014,2025-04-17,Soy Sauce,L,5.11
RM014,2025-04-18,Soy Sauce,L,5.48
RM014,2025-04-19,Soy Sauce,L,5.55
RM014,2025-04-20,Soy Sauce,L,4.54
RM014,2025-04-21,Soy Sauce,L,4.31
RM014,2025-04-22,Soy Sauce,L,5.33
RM014,2025-04-23,Soy Sauce,L,4.91
RM014,2025-04-24,Soy Sauce,L,5.45
RM014,2025-04-25,Soy Sauce,L,5.95
RM014,2025-04-26,Soy Sauce,L,6.14
RM014,2025-04-27,Soy Sauce,L,6.04
RM014,2025-04-28,Soy Sauce,L,4.51
RM014,2025-04-29,Soy Sauce,L,5.05
RM014,2025-04-30,Soy Sauce,L,5.58
RM014,2025-05-01,Soy Sauce,L,6.01
RM014,2025-05-02,Soy Sauce,L,5.16
RM014,2025-05-03,Soy Sauce,L,6.11
RM014,2025-05-04,Soy Sauce,L,6.02
RM014,2025-05-05,Soy Sauce,L,4.8
RM014,2025-05-06,Soy Sauce,L,5.32
RM014,2025-05-07,Soy Sauce,L,5.2
RM014,2025-05-08,Soy Sauce,L,5.69
RM014,2025-05-09,Soy Sauce,L,5.33
RM014,2025-05-10,Soy Sauce,L,6.05
RM014,2025-05-11,Soy Sauce,L,4.71
RM014,2025-05-12,Soy Sauce,L,3.75
RM014,2025-05-13,Soy Sauce,L,4.41
RM014,2025-05-14,Soy Sauce,L,4.52
RM014,2025-05-15,Soy Sauce,L,4.92
RM014,2025-05-16,Soy Sauce,L,4.84
RM014,2025-05-17,Soy Sauce,L,5.49
RM014,2025-05-18,Soy Sauce,L,4.96
RM014,2025-05-19,Soy Sauce,L,3.8
RM014,2025-05-20,Soy Sauce,L,4.61
RM014,2025-05-21,Soy Sauce,L,5.01
RM014,2025-05-22,Soy Sauce,L,5.13
RM014,2025-05-23,Soy Sauce,L,5.21
RM014,2025-05-24,Soy Sauce,L,6.42
RM014,2025-05-25,Soy Sauce,L,4.94
RM014,2025-05-26,Soy Sauce,L,4.25
RM014,2025-05-27,Soy Sauce,L,4.9
RM014,2025-05-28,Soy Sauce,L,4.99
RM014,2025-05-29,Soy Sauce,L,5.46
RM014,2025-05-30,Soy Sauce,L,5.95
RM014,2025-05-31,Soy Sauce,L,6.98
RM014,2025-06-01,Soy Sauce,L,6.47
RM014,2025-06-02,Soy Sauce,L,4.99
RM014,2025-06-03,Soy Sauce,L,4.71
RM014,2025-06-04,Soy Sauce,L,5.68
RM014,2025-06-05,Soy Sauce,L,5.58
RM014,2025-06-06,Soy Sauce,L,5.19
RM014,2025-06-07,Soy Sauce,L,6.67
RM014,2025-06-08,Soy Sauce,L,5.13
RM014,2025-06-09,Soy Sauce,L,5.36
RM014,2025-06-10,Soy Sauce,L,5.0
RM014,2025-06-11,Soy Sauce,L,4.72
RM014,2025-06-12,Soy Sauce,L,5.3
RM014,2025-06-13,Soy Sauce,L,5.78
RM014,2025-06-14,Soy Sauce,L,5.44
RM014,2025-06-15,Soy Sauce,L,4.59
RM014,2025-06-16,Soy Sauce,L,3.77
RM014,2025-06-17,Soy Sauce,L,4.03
RM014,2025-06-18,Soy Sauce,L,4.51
RM014,2025-06-19,Soy Sauce,L,4.91
RM014,2025-06-20,Soy Sauce,L,5.12
RM014,2025-06-21,Soy Sauce,L,5.76
RM014,2025-06-22,Soy Sauce,L,4.39
RM014,2025-06-23,Soy Sauce,L,3.88
RM014,2025-06-24,Soy Sauce,L,4.04
RM014,2025-06-25,Soy Sauce,L,4.71
RM014,2025-06-26,Soy Sauce,L,6.36
RM014,2025-06-27,Soy Sauce,L,5.43
RM014,2025-06-28,Soy Sauce,L,6.44
RM014,2025-06-29,Soy Sauce,L,4.96
RM014,2025-06-30,Soy Sauce,L,4.82
RM014,2025-07-01,Soy Sauce,L,5.01
RM014,2025-07-02,Soy Sauce,L,5.52
RM014,2025-07-03,Soy Sauce,L,5.21
RM014,2025-07-04,Soy Sauce,L,5.43
RM014,2025-07-05,Soy Sauce,L,6.42
RM014,2025-07-06,Soy Sauce,L,5.88
RM014,2025-07-07,Soy Sauce,L,4.59
RM014,2025-07-08,Soy Sauce,L,4.87
RM014,2025-07-09,Soy Sauce,L,5.32
RM014,2025-07-10,Soy Sauce,L,5.04
RM014,2025-07-11,Soy Sauce,L,5.32
RM014,2025-07-12,Soy Sauce,L,5.63
RM014,2025-07-13,Soy Sauce,L,5.34
RM014,2025-07-14,Soy Sauce,L,4.07
RM014,2025-07-15,Soy Sauce,L,4.01
RM014,2025-07-16,Soy Sauce,L,4.62
RM014,2025-07-17,Soy Sauce,L,5.69
RM014,2025-07-18,Soy Sauce,L,5.24
RM014,2025-07-19,Soy Sauce,L,6.58
RM014,2025-07-20,Soy Sauce,L,4.9
RM014,2025-07-21,Soy Sauce,L,4.57
RM014,2025-07-22,Soy Sauce,L,3.87
RM014,2025-07-23,Soy Sauce,L,4.84
RM014,2025-07-24,Soy Sauce,L,4.99
RM014,2025-07-25,Soy Sauce,L,5.35
RM014,2025-07-26,Soy Sauce,L,6.33
RM014,2025-07-27,Soy Sauce,L,6.21
RM014,2025-07-28,Soy Sauce,L,4.76
RM014,2025-07-29,Soy Sauce,L,4.44
RM014,2025-07-30,Soy Sauce,L,4.83
RM014,2025-07-31,Soy Sauce,L,5.75
RM014,2025-08-01,Soy Sauce,L,5.98
RM014,2025-08-02,Soy Sauce,L,6.42
RM014,2025-08-03,Soy Sauce,L,6.17
RM014,2025-08-04,Soy Sauce,L,4.45
RM014,2025-08-05,Soy Sauce,L,5.82
RM014,2025-08-06,Soy Sauce,L,4.9
RM014,2025-08-07,Soy Sauce,L,4.45
RM014,2025-08-08,Soy Sauce,L,4.45
RM014,2025-08-09,Soy Sauce,L,5.42
RM014,2025-08-10,Soy Sauce,L,5.7
RM014,2025-08-11,Soy Sauce,L,4.08
RM014,2025-08-12,Soy Sauce,L,4.39
RM014,2025-08-13,Soy Sauce,L,4.88
RM014,2025-08-14,Soy Sauce,L,5.11
RM014,2025-08-15,Soy Sauce,L,5.76
RM014,2025-08-16,Soy Sauce,L,5.83
RM014,2025-08-17,Soy Sauce,L,4.5
RM014,2025-08-18,Soy Sauce,L,4.38
RM014,2025-08-19,Soy Sauce,L,4.15
RM014,2025-08-20,Soy Sauce,L,4.89
RM014,2025-08-21,Soy Sauce,L,4.49
RM014,2025-08-22,Soy Sauce,L,5.65
RM014,2025-08-23,Soy Sauce,L,6.0
RM014,2025-08-24,Soy Sauce,L,5.18
RM014,2025-08-25,Soy Sauce,L,4.15
RM014,2025-08-26,Soy Sauce,L,5.26
RM014,2025-08-27,Soy Sauce,L,4.96
RM014,2025-08-28,Soy Sauce,L,5.09
RM014,2025-08-29,Soy Sauce,L,6.08
RM014,2025-08-30,Soy Sauce,L,6.25
RM014,2025-08-31,Soy Sauce,L,5.47
RM014,2025-09-01,Soy Sauce,L,4.67
RM014,2025-09-02,Soy Sauce,L,4.55
RM014,2025-09-03,Soy Sauce,L,5.31
RM014,2025-09-04,Soy Sauce,L,5.18
RM014,2025-09-05,Soy Sauce,L,5.24
RM014,2025-09-06,Soy Sauce,L,5.72
RM014,2025-09-07,Soy Sauce,L,6.59
RM014,2025-09-08,Soy Sauce,L,4.19
RM014,2025-09-09,Soy Sauce,L,5.12
RM014,2025-09-10,Soy Sauce,L,5.73
RM014,2025-09-11,Soy Sauce,L,4.74
RM014,2025-09-12,Soy Sauce,L,5.03
RM014,2025-09-13,Soy Sauce,L,6.11
RM014,2025-09-14,Soy Sauce,L,5.4
RM014,2025-09-15,Soy Sauce,L,4.41
RM014,2025-09-16,Soy Sauce,L,4.86
RM014,2025-09-17,Soy Sauce,L,5.87
RM014,2025-09-18,Soy Sauce,L,4.49
RM014,2025-09-19,Soy Sauce,L,5.37
RM014,2025-09-20,Soy Sauce,L,5.86
RM014,2025-09-21,Soy Sauce,L,5.13
RM014,2025-09-22,Soy Sauce,L,4.82
RM014,2025-09-23,Soy Sauce,L,4.31
RM014,2025-09-24,Soy Sauce,L,5.49
RM014,2025-09-25,Soy Sauce,L,5.19
RM014,2025-09-26,Soy Sauce,L,6.06
RM014,2025-09-27,Soy Sauce,L,6.05
RM014,2025-09-28,Soy Sauce,L,6.2
RM014,2025-09-29,Soy Sauce,L,4.72
RM014,2025-09-30,Soy Sauce,L,5.31
RM014,2025-10-01,Soy Sauce,L,5.44
RM014,2025-10-02,Soy Sauce,L,5.51
RM014,2025-10-03,Soy Sauce,L,5.88
RM014,2025-10-04,Soy Sauce,L,6.45
RM014,2025-10-05,Soy Sauce,L,5.97
RM014,2025-10-06,Soy Sauce,L,5.38
RM014,2025-10-07,Soy Sauce,L,4.97
RM014,2025-10-08,Soy Sauce,L,5.17
RM014,2025-10-09,Soy Sauce,L,4.45
RM014,2025-10-10,Soy Sauce,L,5.35
RM014,2025-10-11,Soy Sauce,L,5.17
RM014,2025-10-12,Soy Sauce,L,4.76
RM014,2025-10-13,Soy Sauce,L,4.07
RM014,2025-10-14,Soy Sauce,L,3.81
RM014,2025-10-15,Soy Sauce,L,4.96
RM014,2025-10-16,Soy Sauce,L,4.98
RM014,2025-10-17,Soy Sauce,L,5.19
RM014,2025-10-18,Soy Sauce,L,5.93
RM014,2025-10-19,Soy Sauce,L,5.55
RM014,2025-10-20,Soy Sauce,L,4.02
RM014,2025-10-21,Soy Sauce,L,4.9
RM014,2025-10-22,Soy Sauce,L,4.3
RM014,2025-10-23,Soy Sauce,L,5.28
RM014,2025-10-24,Soy Sauce,L,5.89
RM014,2025-10-25,Soy Sauce,L,6.15
RM014,2025-10-26,Soy Sauce,L,6.67
RM014,2025-10-27,Soy Sauce,L,4.6
RM014,2025-10-28,Soy Sauce,L,4.61
RM014,2025-10-29,Soy Sauce,L,4.95
RM014,2025-10-30,Soy Sauce,L,5.28
RM014,2025-10-31,Soy Sauce,L,5.44
RM014,2025-11-01,Soy Sauce,L,6.82
RM014,2025-11-02,Soy Sauce,L,5.21
RM014,2025-11-03,Soy Sauce,L,5.06
RM014,2025-11-04,Soy Sauce,L,4.62
RM014,2025-11-05,Soy Sauce,L,5.55
RM014,2025-11-06,Soy Sauce,L,5.35
RM014,2025-11-07,Soy Sauce,L,5.42
RM014,2025-11-08,Soy Sauce,L,5.43
RM014,2025-11-09,Soy Sauce,L,4.91
RM014,2025-11-10,Soy Sauce,L,4.1
RM014,2025-11-11,Soy Sauce,L,4.53
RM014,2025-11-12,Soy Sauce,L,4.74
RM014,2025-11-13,Soy Sauce,L,4.86
RM014,2025-11-14,Soy Sauce,L,5.68
RM014,2025-11-15,Soy Sauce,L,6.16
RM014,2025-11-16,Soy Sauce,L,5.86
RM014,2025-11-17,Soy Sauce,L,3.88
RM014,2025-11-18,Soy Sauce,L,4.93
RM014,2025-11-19,Soy Sauce,L,5.52
RM014,2025-11-20,Soy Sauce,L,4.98
RM014,2025-11-21,Soy Sauce,L,4.86
RM014,2025-11-22,Soy Sauce,L,6.15
RM014,2025-11-23,Soy Sauce,L,6.34
RM014,2025-11-24,Soy Sauce,L,4.02
RM014,2025-11-25,Soy Sauce,L,5.42
RM014,2025-11-26,Soy Sauce,L,5.38
RM014,2025-11-27,Soy Sauce,L,6.24
RM014,2025-11-28,Soy Sauce,L,5.12
RM014,2025-11-29,Soy Sauce,L,6.16
RM014,2025-11-30,Soy Sauce,L,5.62
RM014,2025-12-01,Soy Sauce,L,4.38
RM014,2025-12-02,Soy Sauce,L,4.92
RM014,2025-12-03,Soy Sauce,L,6.24
RM014,2025-12-04,Soy Sauce,L,6.34
RM014,2025-12-05,Soy Sauce,L,5.61
RM014,2025-12-06,Soy Sauce,L,6.12
RM014,2025-12-07,Soy Sauce,L,5.58
RM014,2025-12-08,Soy Sauce,L,4.88
RM014,2025-12-09,Soy Sauce,L,4.94
RM014,2025-12-10,Soy Sauce,L,5.67
RM014,2025-12-11,Soy Sauce,L,5.22
RM014,2025-12-12,Soy Sauce,L,4.93
RM014,2025-12-13,Soy Sauce,L,6.57
RM014,2025-12-14,Soy Sauce,L,5.03
RM014,2025-12-15,Soy Sauce,L,3.5
RM014,2025-12-16,Soy Sauce,L,5.06
RM014,2025-12-17,Soy Sauce,L,5.14
RM014,2025-12-18,Soy Sauce,L,5.13
RM014,2025-12-19,Soy Sauce,L,6.37
RM014,2025-12-20,Soy Sauce,L,5.68
RM014,2025-12-21,Soy Sauce,L,5.37
RM014,2025-12-22,Soy Sauce,L,3.89
RM014,2025-12-23,Soy Sauce,L,4.74
RM014,2025-12-24,Soy Sauce,L,5.5
RM014,2025-12-25,Soy Sauce,L,5.62
RM014,2025-12-26,Soy Sauce,L,5.3
RM014,2025-12-27,Soy Sauce,L,6.3
RM014,2025-12-28,Soy Sauce,L,5.95
RM014,2025-12-29,Soy Sauce,L,4.42
RM014,2025-12-30,Soy Sauce,L,4.96
RM014,2025-12-31,Soy Sauce,L,4.97
RM014,2026-01-01,Soy Sauce,L,5.16
RM014,2026-01-02,Soy Sauce,L,6.41
RM014,2026-01-03,Soy Sauce,L,5.06
RM014,2026-01-04,Soy Sauce,L,5.48
RM014,2026-01-05,Soy Sauce,L,5.14
RM014,2026-01-06,Soy Sauce,L,5.0
RM014,2026-01-07,Soy Sauce,L,4.68
RM014,2026-01-08,Soy Sauce,L,4.86
RM014,2026-01-09,Soy Sauce,L,5.46
RM014,2026-01-10,Soy Sauce,L,5.6
RM014,2026-01-11,Soy Sauce,L,5.4
RM014,2026-01-12,Soy Sauce,L,4.26
RM014,2026-01-13,Soy Sauce,L,4.05
RM014,2026-01-14,Soy Sauce,L,5.05
RM014,2026-01-15,Soy Sauce,L,4.81
RM014,2026-01-16,Soy Sauce,L,5.35
RM014,2026-01-17,Soy Sauce,L,5.81
RM014,2026-01-18,Soy Sauce,L,5.55
RM014,2026-01-19,Soy Sauce,L,4.07
RM014,2026-01-20,Soy Sauce,L,5.28
RM014,2026-01-21,Soy Sauce,L,4.73
RM014,2026-01-22,Soy Sauce,L,5.59
RM014,2026-01-23,Soy Sauce,L,5.68
RM014,2026-01-24,Soy Sauce,L,6.2
RM014,2026-01-25,Soy Sauce,L,6.2
RM014,2026-01-26,Soy Sauce,L,3.83
RM014,2026-01-27,Soy Sauce,L,5.1
RM014,2026-01-28,Soy Sauce,L,4.9
RM014,2026-01-29,Soy Sauce,L,5.95
RM014,2026-01-30,Soy Sauce,L,6.33
RM014,2026-01-31,Soy Sauce,L,6.1
RM014,2026-02-01,Soy Sauce,L,4.53
RM014,2026-02-02,Soy Sauce,L,4.86
RM014,2026-02-03,Soy Sauce,L,5.1
RM014,2026-02-04,Soy Sauce,L,4.86
RM014,2026-02-05,Soy Sauce,L,5.6
RM014,2026-02-06,Soy Sauce,L,5.93
RM014,2026-02-07,Soy Sauce,L,5.32
RM014,2026-02-08,Soy Sauce,L,5.62
RM014,2026-02-09,Soy Sauce,L,4.71
RM014,2026-02-10,Soy Sauce,L,4.57
RM014,2026-02-11,Soy Sauce,L,4.77
RM014,2026-02-12,Soy Sauce,L,4.82
RM014,2026-02-13,Soy Sauce,L,4.77
RM014,2026-02-14,Soy Sauce,L,6.01
RM014,2026-02-15,Soy Sauce,L,5.89
RM014,2026-02-16,Soy Sauce,L,3.83
RM014,2026-02-17,Soy Sauce,L,4.41
RM014,2026-02-18,Soy Sauce,L,5.13
RM014,2026-02-19,Soy Sauce,L,4.92
RM014,2026-02-20,Soy Sauce,L,6.36
RM014,2026-02-21,Soy Sauce,L,6.65
RM014,2026-02-22,Soy Sauce,L,5.42
RM014,2026-02-23,Soy Sauce,L,4.97
RM014,2026-02-24,Soy Sauce,L,4.91
RM014,2026-02-25,Soy Sauce,L,5.41
RM014,2026-02-26,Soy Sauce,L,5.64
RM014,2026-02-27,Soy Sauce,L,6.77
RM014,2026-02-28,Soy Sauce,L,5.44
RM014,2026-03-01,Soy Sauce,L,6.28
RM014,2026-03-02,Soy Sauce,L,4.29
RM014,2026-03-03,Soy Sauce,L,5.21
RM014,2026-03-04,Soy Sauce,L,5.11
RM014,2026-03-05,Soy Sauce,L,5.52
RM014,2026-03-06,Soy Sauce,L,5.82
RM014,2026-03-07,Soy Sauce,L,5.09
RM014,2026-03-08,Soy Sauce,L,5.56
RM014,2026-03-09,Soy Sauce,L,4.34
RM014,2026-03-10,Soy Sauce,L,5.04
RM014,2026-03-11,Soy Sauce,L,4.78
RM014,2026-03-12,Soy Sauce,L,5.9
RM014,2026-03-13,Soy Sauce,L,5.32
RM014,2026-03-14,Soy Sauce,L,6.05
RM014,2026-03-15,Soy Sauce,L,5.76
RM014,2026-03-16,Soy Sauce,L,4.25
RM014,2026-03-17,Soy Sauce,L,4.94
RM014,2026-03-18,Soy Sauce,L,4.84
RM014,2026-03-19,Soy Sauce,L,4.63
RM014,2026-03-20,Soy Sauce,L,5.88
RM014,2026-03-21,Soy Sauce,L,5.8
RM014,2026-03-22,Soy Sauce,L,4.92
RM014,2026-03-23,Soy Sauce,L,3.31
RM014,2026-03-24,Soy Sauce,L,4.69
RM014,2026-03-25,Soy Sauce,L,4.86
RM014,2026-03-26,Soy Sauce,L,5.15
RM014,2026-03-27,Soy Sauce,L,5.61
RM014,2026-03-28,Soy Sauce,L,6.33
RM014,2026-03-29,Soy Sauce,L,5.11
RM014,2026-03-30,Soy Sauce,L,4.02
RM014,2026-03-31,Soy Sauce,L,5.21
RM014,2026-04-01,Soy Sauce,L,5.72
RM014,2026-04-02,Soy Sauce,L,4.7
RM014,2026-04-03,Soy Sauce,L,5.85
RM014,2026-04-04,Soy Sauce,L,7.14
RM014,2026-04-05,Soy Sauce,L,5.38
RM014,2026-04-06,Soy Sauce,L,4.49
RM014,2026-04-07,Soy Sauce,L,5.54
RM014,2026-04-08,Soy Sauce,L,5.33
RM014,2026-04-09,Soy Sauce,L,5.4
RM014,2026-04-10,Soy Sauce,L,6.07
RM014,2026-04-11,Soy Sauce,L,6.09
RM014,2026-04-12,Soy Sauce,L,4.63
RM014,2026-04-13,Soy Sauce,L,4.06
RM014,2026-04-14,Soy Sauce,L,4.42
RM014,2026-04-15,Soy Sauce,L,4.67
RM014,2026-04-16,Soy Sauce,L,4.23
RM014,2026-04-17,Soy Sauce,L,5.08
RM014,2026-04-18,Soy Sauce,L,5.08
RM014,2026-04-19,Soy Sauce,L,5.11
RM014,2026-04-20,Soy Sauce,L,4.29
RM014,2026-04-21,Soy Sauce,L,4.96
RM014,2026-04-22,Soy Sauce,L,4.82
RM014,2026-04-23,Soy Sauce,L,5.08
RM014,2026-04-24,Soy Sauce,L,5.9
RM014,2026-04-25,Soy Sauce,L,6.02
RM014,2026-04-26,Soy Sauce,L,5.6
RM014,2026-04-27,Soy Sauce,L,4.63
RM014,2026-04-28,Soy Sauce,L,4.86
RM014,2026-04-29,Soy Sauce,L,4.61
RM014,2026-04-30,Soy Sauce,L,5.67
RM014,2026-05-01,Soy Sauce,L,6.58
RM014,2026-05-02,Soy Sauce,L,6.11
RM014,2026-05-03,Soy Sauce,L,5.55
RM014,2026-05-04,Soy Sauce,L,4.52
RM014,2026-05-05,Soy Sauce,L,5.03
RM014,2026-05-06,Soy Sauce,L,5.18
RM014,2026-05-07,Soy Sauce,L,5.16
RM014,2026-05-08,Soy Sauce,L,6.04
RM014,2026-05-09,Soy Sauce,L,5.58
RM014,2026-05-10,Soy Sauce,L,5.92
RM014,2026-05-11,Soy Sauce,L,4.17
RM014,2026-05-12,Soy Sauce,L,4.42
RM014,2026-05-13,Soy Sauce,L,4.74
RM014,2026-05-14,Soy Sauce,L,4.8
RM014,2026-05-15,Soy Sauce,L,5.81
RM014,2026-05-16,Soy Sauce,L,5.0
RM014,2026-05-17,Soy Sauce,L,4.91
RM014,2026-05-18,Soy Sauce,L,4.44
RM014,2026-05-19,Soy Sauce,L,4.34
RM014,2026-05-20,Soy Sauce,L,5.28
RM014,2026-05-21,Soy Sauce,L,5.12
RM014,2026-05-22,Soy Sauce,L,6.14
RM014,2026-05-23,Soy Sauce,L,6.09
RM014,2026-05-24,Soy Sauce,L,5.32
RM014,2026-05-25,Soy Sauce,L,3.73
RM014,2026-05-26,Soy Sauce,L,5.04
RM014,2026-05-27,Soy Sauce,L,5.45
RM014,2026-05-28,Soy Sauce,L,5.09
RM014,2026-05-29,Soy Sauce,L,6.51
RM014,2026-05-30,Soy Sauce,L,5.83
RM014,2026-05-31,Soy Sauce,L,6.26
RM014,2026-06-01,Soy Sauce,L,4.88
RM014,2026-06-02,Soy Sauce,L,4.67
RM014,2026-06-03,Soy Sauce,L,5.13
RM014,2026-06-04,Soy Sauce,L,4.82
RM014,2026-06-05,Soy Sauce,L,5.72
RM014,2026-06-06,Soy Sauce,L,5.64
RM014,2026-06-07,Soy Sauce,L,5.44
RM014,2026-06-08,Soy Sauce,L,4.76
RM014,2026-06-09,Soy Sauce,L,4.93
RM014,2026-06-10,Soy Sauce,L,5.16
RM014,2026-06-11,Soy Sauce,L,4.62
RM014,2026-06-12,Soy Sauce,L,5.48
RM014,2026-06-13,Soy Sauce,L,5.83
RM014,2026-06-14,Soy Sauce,L,5.31
RM014,2026-06-15,Soy Sauce,L,4.71
RM014,2026-06-16,Soy Sauce,L,4.07
RM014,2026-06-17,Soy Sauce,L,4.91
RM014,2026-06-18,Soy Sauce,L,4.92
RM014,2026-06-19,Soy Sauce,L,5.49
RM014,2026-06-20,Soy Sauce,L,6.23
RM014,2026-06-21,Soy Sauce,L,5.17
RM014,2026-06-22,Soy Sauce,L,4.08
RM014,2026-06-23,Soy Sauce,L,5.17
RM014,2026-06-24,Soy Sauce,L,5.54
RM014,2026-06-25,Soy Sauce,L,4.63
RM014,2026-06-26,Soy Sauce,L,4.48
RM014,2026-06-27,Soy Sauce,L,6.32
RM014,2026-06-28,Soy Sauce,L,6.06
RM014,2026-06-29,Soy Sauce,L,4.63
RM014,2026-06-30,Soy Sauce,L,5.46
RM014,2026-07-01,Soy Sauce,L,5.12
RM014,2026-07-02,Soy Sauce,L,4.68
RM014,2026-07-03,Soy Sauce,L,4.81
RM014,2026-07-04,Soy Sauce,L,5.81
RM014,2026-07-05,Soy Sauce,L,5.59
RM014,2026-07-06,Soy Sauce,L,4.75
RM014,2026-07-07,Soy Sauce,L,5.39
RM014,2026-07-08,Soy Sauce,L,5.91
RM014,2026-07-09,Soy Sauce,L,4.34
RM014,2026-07-10,Soy Sauce,L,6.17
RM014,2026-07-11,Soy Sauce,L,6.9
RM014,2026-07-12,Soy Sauce,L,5.03
RM014,2026-07-13,Soy Sauce,L,4.88
RM014,2026-07-14,Soy Sauce,L,5.06
RM014,2026-07-15,Soy Sauce,L,4.73
RM014,2026-07-16,Soy Sauce,L,5.56
RM014,2026-07-17,Soy Sauce,L,5.8
RM014,2026-07-18,Soy Sauce,L,5.93
RM014,2026-07-19,Soy Sauce,L,5.26
RM014,2026-07-20,Soy Sauce,L,4.01
RM014,2026-07-21,Soy Sauce,L,4.26
RM014,2026-07-22,Soy Sauce,L,4.58
RM014,2026-07-23,Soy Sauce,L,4.9
RM014,2026-07-24,Soy Sauce,L,5.57
RM014,2026-07-25,Soy Sauce,L,5.96
RM014,2026-07-26,Soy Sauce,L,5.62
RM014,2026-07-27,Soy Sauce,L,4.34
RM014,2026-07-28,Soy Sauce,L,4.97
RM014,2026-07-29,Soy Sauce,L,5.19
RM014,2026-07-30,Soy Sauce,L,5.83
RM014,2026-07-31,Soy Sauce,L,5.78
RM014,2026-08-01,Soy Sauce,L,6.36
RM014,2026-08-02,Soy Sauce,L,5.8
RM014,2026-08-03,Soy Sauce,L,4.76
RM014,2026-08-04,Soy Sauce,L,4.63
RM014,2026-08-05,Soy Sauce,L,4.86
RM014,2026-08-06,Soy Sauce,L,6.2
RM014,2026-08-07,Soy Sauce,L,5.84
RM014,2026-08-08,Soy Sauce,L,4.25
RM014,2026-08-09,Soy Sauce,L,5.8
RM015,2025-01-01,Sesame Oil,L,2.11
RM015,2025-01-02,Sesame Oil,L,2.22
RM015,2025-01-03,Sesame Oil,L,2.06
RM015,2025-01-04,Sesame Oil,L,2.93
RM015,2025-01-05,Sesame Oil,L,1.9
RM015,2025-01-06,Sesame Oil,L,2.12
RM015,2025-01-07,Sesame Oil,L,1.82
RM015,2025-01-08,Sesame Oil,L,2.06
RM015,2025-01-09,Sesame Oil,L,1.92
RM015,2025-01-10,Sesame Oil,L,1.92
RM015,2025-01-11,Sesame Oil,L,2.32
RM015,2025-01-12,Sesame Oil,L,1.89
RM015,2025-01-13,Sesame Oil,L,1.85
RM015,2025-01-14,Sesame Oil,L,1.84
RM015,2025-01-15,Sesame Oil,L,1.95
RM015,2025-01-16,Sesame Oil,L,2.22
RM015,2025-01-17,Sesame Oil,L,2.31
RM015,2025-01-18,Sesame Oil,L,2.01
RM015,2025-01-19,Sesame Oil,L,2.24
RM015,2025-01-20,Sesame Oil,L,1.78
RM015,2025-01-21,Sesame Oil,L,2.02
RM015,2025-01-22,Sesame Oil,L,1.64
RM015,2025-01-23,Sesame Oil,L,2.02
RM015,2025-01-24,Sesame Oil,L,2.41
RM015,2025-01-25,Sesame Oil,L,2.54
RM015,2025-01-26,Sesame Oil,L,2.38
RM015,2025-01-27,Sesame Oil,L,2.07
RM015,2025-01-28,Sesame Oil,L,1.84
RM015,2025-01-29,Sesame Oil,L,1.83
RM015,2025-01-30,Sesame Oil,L,2.0
RM015,2025-01-31,Sesame Oil,L,2.34
RM015,2025-02-01,Sesame Oil,L,2.66
RM015,2025-02-02,Sesame Oil,L,2.45
RM015,2025-02-03,Sesame Oil,L,1.72
RM015,2025-02-04,Sesame Oil,L,2.1
RM015,2025-02-05,Sesame Oil,L,2.04
RM015,2025-02-06,Sesame Oil,L,2.01
RM015,2025-02-07,Sesame Oil,L,2.43
RM015,2025-02-08,Sesame Oil,L,2.44
RM015,2025-02-09,Sesame Oil,L,2.13
RM015,2025-02-10,Sesame Oil,L,1.71
RM015,2025-02-11,Sesame Oil,L,1.96
RM015,2025-02-12,Sesame Oil,L,1.99
RM015,2025-02-13,Sesame Oil,L,1.9
RM015,2025-02-14,Sesame Oil,L,2.21
RM015,2025-02-15,Sesame Oil,L,2.36
RM015,2025-02-16,Sesame Oil,L,1.89
RM015,2025-02-17,Sesame Oil,L,1.81
RM015,2025-02-18,Sesame Oil,L,2.0
RM015,2025-02-19,Sesame Oil,L,1.94
RM015,2025-02-20,Sesame Oil,L,2.12
RM015,2025-02-21,Sesame Oil,L,2.23
RM015,2025-02-22,Sesame Oil,L,2.55
RM015,2025-02-23,Sesame Oil,L,2.07
RM015,2025-02-24,Sesame Oil,L,1.66
RM015,2025-02-25,Sesame Oil,L,2.04
RM015,2025-02-26,Sesame Oil,L,2.12
RM015,2025-02-27,Sesame Oil,L,2.0
RM015,2025-02-28,Sesame Oil,L,2.34
RM015,2025-03-01,Sesame Oil,L,2.61
RM015,2025-03-02,Sesame Oil,L,2.14
RM015,2025-03-03,Sesame Oil,L,1.96
RM015,2025-03-04,Sesame Oil,L,2.06
RM015,2025-03-05,Sesame Oil,L,2.26
RM015,2025-03-06,Sesame Oil,L,2.17
RM015,2025-03-07,Sesame Oil,L,2.45
RM015,2025-03-08,Sesame Oil,L,2.11
RM015,2025-03-09,Sesame Oil,L,2.15
RM015,2025-03-10,Sesame Oil,L,1.87
RM015,2025-03-11,Sesame Oil,L,1.72
RM015,2025-03-12,Sesame Oil,L,1.92
RM015,2025-03-13,Sesame Oil,L,1.95
RM015,2025-03-14,Sesame Oil,L,2.09
RM015,2025-03-15,Sesame Oil,L,2.11
RM015,2025-03-16,Sesame Oil,L,2.08
RM015,2025-03-17,Sesame Oil,L,1.61
RM015,2025-03-18,Sesame Oil,L,1.99
RM015,2025-03-19,Sesame Oil,L,2.02
RM015,2025-03-20,Sesame Oil,L,1.98
RM015,2025-03-21,Sesame Oil,L,2.15
RM015,2025-03-22,Sesame Oil,L,2.26
RM015,2025-03-23,Sesame Oil,L,2.21
RM015,2025-03-24,Sesame Oil,L,1.51
RM015,2025-03-25,Sesame Oil,L,1.88
RM015,2025-03-26,Sesame Oil,L,2.15
RM015,2025-03-27,Sesame Oil,L,2.34
RM015,2025-03-28,Sesame Oil,L,2.19
RM015,2025-03-29,Sesame Oil,L,2.64
RM015,2025-03-30,Sesame Oil,L,2.38
RM015,2025-03-31,Sesame Oil,L,1.91
RM015,2025-04-01,Sesame Oil,L,2.07
RM015,2025-04-02,Sesame Oil,L,1.89
RM015,2025-04-03,Sesame Oil,L,2.65
RM015,2025-04-04,Sesame Oil,L,2.15
RM015,2025-04-05,Sesame Oil,L,2.35
RM015,2025-04-06,Sesame Oil,L,2.47
RM015,2025-04-07,Sesame Oil,L,1.74
RM015,2025-04-08,Sesame Oil,L,1.93
RM015,2025-04-09,Sesame Oil,L,2.11
RM015,2025-04-10,Sesame Oil,L,2.21
RM015,2025-04-11,Sesame Oil,L,2.21
RM015,2025-04-12,Sesame Oil,L,2.23
RM015,2025-04-13,Sesame Oil,L,1.92
RM015,2025-04-14,Sesame Oil,L,1.66
RM015,2025-04-15,Sesame Oil,L,2.01
RM015,2025-04-16,Sesame Oil,L,1.7
RM015,2025-04-17,Sesame Oil,L,1.72
RM015,2025-04-18,Sesame Oil,L,2.31
RM015,2025-04-19,Sesame Oil,L,2.18
RM015,2025-04-20,Sesame Oil,L,2.17
RM015,2025-04-21,Sesame Oil,L,1.98
RM015,2025-04-22,Sesame Oil,L,1.88
RM015,2025-04-23,Sesame Oil,L,2.05
RM015,2025-04-24,Sesame Oil,L,2.24
RM015,2025-04-25,Sesame Oil,L,2.56
RM015,2025-04-26,Sesame Oil,L,2.43
RM015,2025-04-27,Sesame Oil,L,2.45
RM015,2025-04-28,Sesame Oil,L,2.01
RM015,2025-04-29,Sesame Oil,L,2.16
RM015,2025-04-30,Sesame Oil,L,2.09
RM015,2025-05-01,Sesame Oil,L,2.07
RM015,2025-05-02,Sesame Oil,L,2.22
RM015,2025-05-03,Sesame Oil,L,2.48
RM015,2025-05-04,Sesame Oil,L,2.5
RM015,2025-05-05,Sesame Oil,L,1.94
RM015,2025-05-06,Sesame Oil,L,1.68
RM015,2025-05-07,Sesame Oil,L,1.74
RM015,2025-05-08,Sesame Oil,L,1.49
RM015,2025-05-09,Sesame Oil,L,2.3
RM015,2025-05-10,Sesame Oil,L,2.24
RM015,2025-05-11,Sesame Oil,L,2.01
RM015,2025-05-12,Sesame Oil,L,1.86
RM015,2025-05-13,Sesame Oil,L,1.76
RM015,2025-05-14,Sesame Oil,L,1.89
RM015,2025-05-15,Sesame Oil,L,2.21
RM015,2025-05-16,Sesame Oil,L,2.25
RM015,2025-05-17,Sesame Oil,L,2.05
RM015,2025-05-18,Sesame Oil,L,1.82
RM015,2025-05-19,Sesame Oil,L,1.89
RM015,2025-05-20,Sesame Oil,L,1.97
RM015,2025-05-21,Sesame Oil,L,2.02
RM015,2025-05-22,Sesame Oil,L,2.0
RM015,2025-05-23,Sesame Oil,L,2.38
RM015,2025-05-24,Sesame Oil,L,2.07
RM015,2025-05-25,Sesame Oil,L,2.02
RM015,2025-05-26,Sesame Oil,L,1.91
RM015,2025-05-27,Sesame Oil,L,1.93
RM015,2025-05-28,Sesame Oil,L,1.97
RM015,2025-05-29,Sesame Oil,L,1.86
RM015,2025-05-30,Sesame Oil,L,2.3
RM015,2025-05-31,Sesame Oil,L,2.39
RM015,2025-06-01,Sesame Oil,L,2.24
RM015,2025-06-02,Sesame Oil,L,1.81
RM015,2025-06-03,Sesame Oil,L,2.04
RM015,2025-06-04,Sesame Oil,L,1.92
RM015,2025-06-05,Sesame Oil,L,2.49
RM015,2025-06-06,Sesame Oil,L,2.52
RM015,2025-06-07,Sesame Oil,L,2.55
RM015,2025-06-08,Sesame Oil,L,2.22
RM015,2025-06-09,Sesame Oil,L,1.82
RM015,2025-06-10,Sesame Oil,L,1.91
RM015,2025-06-11,Sesame Oil,L,1.86
RM015,2025-06-12,Sesame Oil,L,2.05
RM015,2025-06-13,Sesame Oil,L,2.32
RM015,2025-06-14,Sesame Oil,L,2.45
RM015,2025-06-15,Sesame Oil,L,1.77
RM015,2025-06-16,Sesame Oil,L,1.83
RM015,2025-06-17,Sesame Oil,L,1.75
RM015,2025-06-18,Sesame Oil,L,1.82
RM015,2025-06-19,Sesame Oil,L,2.13
RM015,2025-06-20,Sesame Oil,L,2.12
RM015,2025-06-21,Sesame Oil,L,2.45
RM015,2025-06-22,Sesame Oil,L,1.8
RM015,2025-06-23,Sesame Oil,L,1.61
RM015,2025-06-24,Sesame Oil,L,1.69
RM015,2025-06-25,Sesame Oil,L,2.13
RM015,2025-06-26,Sesame Oil,L,2.29
RM015,2025-06-27,Sesame Oil,L,2.38
RM015,2025-06-28,Sesame Oil,L,2.42
RM015,2025-06-29,Sesame Oil,L,2.55
RM015,2025-06-30,Sesame Oil,L,1.88
RM015,2025-07-01,Sesame Oil,L,1.93
RM015,2025-07-02,Sesame Oil,L,2.03
RM015,2025-07-03,Sesame Oil,L,2.35
RM015,2025-07-04,Sesame Oil,L,2.11
RM015,2025-07-05,Sesame Oil,L,2.57
RM015,2025-07-06,Sesame Oil,L,2.04
RM015,2025-07-07,Sesame Oil,L,1.93
RM015,2025-07-08,Sesame Oil,L,1.85
RM015,2025-07-09,Sesame Oil,L,1.98
RM015,2025-07-10,Sesame Oil,L,2.04
RM015,2025-07-11,Sesame Oil,L,2.28
RM015,2025-07-12,Sesame Oil,L,2.28
RM015,2025-07-13,Sesame Oil,L,1.94
RM015,2025-07-14,Sesame Oil,L,1.72
RM015,2025-07-15,Sesame Oil,L,1.99
RM015,2025-07-16,Sesame Oil,L,1.92
RM015,2025-07-17,Sesame Oil,L,1.99
RM015,2025-07-18,Sesame Oil,L,2.07
RM015,2025-07-19,Sesame Oil,L,2.41
RM015,2025-07-20,Sesame Oil,L,1.94
RM015,2025-07-21,Sesame Oil,L,1.52
RM015,2025-07-22,Sesame Oil,L,1.98
RM015,2025-07-23,Sesame Oil,L,1.72
RM015,2025-07-24,Sesame Oil,L,2.13
RM015,2025-07-25,Sesame Oil,L,1.78
RM015,2025-07-26,Sesame Oil,L,2.37
RM015,2025-07-27,Sesame Oil,L,2.24
RM015,2025-07-28,Sesame Oil,L,1.63
RM015,2025-07-29,Sesame Oil,L,2.15
RM015,2025-07-30,Sesame Oil,L,2.19
RM015,2025-07-31,Sesame Oil,L,2.45
RM015,2025-08-01,Sesame Oil,L,2.19
RM015,2025-08-02,Sesame Oil,L,2.88
RM015,2025-08-03,Sesame Oil,L,2.3
RM015,2025-08-04,Sesame Oil,L,2.12
RM015,2025-08-05,Sesame Oil,L,1.97
RM015,2025-08-06,Sesame Oil,L,1.98
RM015,2025-08-07,Sesame Oil,L,2.23
RM015,2025-08-08,Sesame Oil,L,2.47
RM015,2025-08-09,Sesame Oil,L,2.36
RM015,2025-08-10,Sesame Oil,L,2.28
RM015,2025-08-11,Sesame Oil,L,1.66
RM015,2025-08-12,Sesame Oil,L,1.71
RM015,2025-08-13,Sesame Oil,L,1.95
RM015,2025-08-14,Sesame Oil,L,1.87
RM015,2025-08-15,Sesame Oil,L,1.87
RM015,2025-08-16,Sesame Oil,L,2.25
RM015,2025-08-17,Sesame Oil,L,2.05
RM015,2025-08-18,Sesame Oil,L,1.75
RM015,2025-08-19,Sesame Oil,L,1.79
RM015,2025-08-20,Sesame Oil,L,2.12
RM015,2025-08-21,Sesame Oil,L,2.47
RM015,2025-08-22,Sesame Oil,L,1.89
RM015,2025-08-23,Sesame Oil,L,2.17
RM015,2025-08-24,Sesame Oil,L,2.32
RM015,2025-08-25,Sesame Oil,L,1.99
RM015,2025-08-26,Sesame Oil,L,1.88
RM015,2025-08-27,Sesame Oil,L,2.22
RM015,2025-08-28,Sesame Oil,L,2.23
RM015,2025-08-29,Sesame Oil,L,1.95
RM015,2025-08-30,Sesame Oil,L,2.46
RM015,2025-08-31,Sesame Oil,L,2.21
RM015,2025-09-01,Sesame Oil,L,2.01
RM015,2025-09-02,Sesame Oil,L,1.86
RM015,2025-09-03,Sesame Oil,L,2.0
RM015,2025-09-04,Sesame Oil,L,2.15
RM015,2025-09-05,Sesame Oil,L,1.93
RM015,2025-09-06,Sesame Oil,L,2.4
RM015,2025-09-07,Sesame Oil,L,1.97
RM015,2025-09-08,Sesame Oil,L,1.65
RM015,2025-09-09,Sesame Oil,L,1.95
RM015,2025-09-10,Sesame Oil,L,1.79
RM015,2025-09-11,Sesame Oil,L,2.23
RM015,2025-09-12,Sesame Oil,L,2.12
RM015,2025-09-13,Sesame Oil,L,2.55
RM015,2025-09-14,Sesame Oil,L,2.13
RM015,2025-09-15,Sesame Oil,L,1.77
RM015,2025-09-16,Sesame Oil,L,1.86
RM015,2025-09-17,Sesame Oil,L,1.83
RM015,2025-09-18,Sesame Oil,L,1.84
RM015,2025-09-19,Sesame Oil,L,2.03
RM015,2025-09-20,Sesame Oil,L,2.52
RM015,2025-09-21,Sesame Oil,L,2.01
RM015,2025-09-22,Sesame Oil,L,1.95
RM015,2025-09-23,Sesame Oil,L,2.2
RM015,2025-09-24,Sesame Oil,L,2.12
RM015,2025-09-25,Sesame Oil,L,2.24
RM015,2025-09-26,Sesame Oil,L,2.22
RM015,2025-09-27,Sesame Oil,L,2.37
RM015,2025-09-28,Sesame Oil,L,2.25
RM015,2025-09-29,Sesame Oil,L,1.92
RM015,2025-09-30,Sesame Oil,L,2.11
RM015,2025-10-01,Sesame Oil,L,2.12
RM015,2025-10-02,Sesame Oil,L,1.96
RM015,2025-10-03,Sesame Oil,L,2.29
RM015,2025-10-04,Sesame Oil,L,2.51
RM015,2025-10-05,Sesame Oil,L,2.36
RM015,2025-10-06,Sesame Oil,L,1.72
RM015,2025-10-07,Sesame Oil,L,1.95
RM015,2025-10-08,Sesame Oil,L,2.15
RM015,2025-10-09,Sesame Oil,L,2.29
RM015,2025-10-10,Sesame Oil,L,2.15
RM015,2025-10-11,Sesame Oil,L,2.24
RM015,2025-10-12,Sesame Oil,L,2.17
RM015,2025-10-13,Sesame Oil,L,1.53
RM015,2025-10-14,Sesame Oil,L,1.69
RM015,2025-10-15,Sesame Oil,L,1.72
RM015,2025-10-16,Sesame Oil,L,1.96
RM015,2025-10-17,Sesame Oil,L,1.98
RM015,2025-10-18,Sesame Oil,L,2.25
RM015,2025-10-19,Sesame Oil,L,2.09
RM015,2025-10-20,Sesame Oil,L,1.57
RM015,2025-10-21,Sesame Oil,L,1.98
RM015,2025-10-22,Sesame Oil,L,1.93
RM015,2025-10-23,Sesame Oil,L,2.34
RM015,2025-10-24,Sesame Oil,L,2.21
RM015,2025-10-25,Sesame Oil,L,2.87
RM015,2025-10-26,Sesame Oil,L,2.47
RM015,2025-10-27,Sesame Oil,L,1.73
RM015,2025-10-28,Sesame Oil,L,2.06
RM015,2025-10-29,Sesame Oil,L,2.05
RM015,2025-10-30,Sesame Oil,L,2.1
RM015,2025-10-31,Sesame Oil,L,2.7
RM015,2025-11-01,Sesame Oil,L,2.12
RM015,2025-11-02,Sesame Oil,L,2.15
RM015,2025-11-03,Sesame Oil,L,1.75
RM015,2025-11-04,Sesame Oil,L,2.05
RM015,2025-11-05,Sesame Oil,L,2.1
RM015,2025-11-06,Sesame Oil,L,2.47
RM015,2025-11-07,Sesame Oil,L,2.11
RM015,2025-11-08,Sesame Oil,L,2.21
RM015,2025-11-09,Sesame Oil,L,2.25
RM015,2025-11-10,Sesame Oil,L,1.81
RM015,2025-11-11,Sesame Oil,L,1.83
RM015,2025-11-12,Sesame Oil,L,1.84
RM015,2025-11-13,Sesame Oil,L,1.78
RM015,2025-11-14,Sesame Oil,L,2.1
RM015,2025-11-15,Sesame Oil,L,2.08
RM015,2025-11-16,Sesame Oil,L,1.87
RM015,2025-11-17,Sesame Oil,L,1.64
RM015,2025-11-18,Sesame Oil,L,1.98
RM015,2025-11-19,Sesame Oil,L,2.34
RM015,2025-11-20,Sesame Oil,L,1.81
RM015,2025-11-21,Sesame Oil,L,1.98
RM015,2025-11-22,Sesame Oil,L,2.76
RM015,2025-11-23,Sesame Oil,L,2.07
RM015,2025-11-24,Sesame Oil,L,1.81
RM015,2025-11-25,Sesame Oil,L,1.88
RM015,2025-11-26,Sesame Oil,L,1.74
RM015,2025-11-27,Sesame Oil,L,2.08
RM015,2025-11-28,Sesame Oil,L,1.96
RM015,2025-11-29,Sesame Oil,L,2.62
RM015,2025-11-30,Sesame Oil,L,2.05
RM015,2025-12-01,Sesame Oil,L,1.97
RM015,2025-12-02,Sesame Oil,L,2.14
RM015,2025-12-03,Sesame Oil,L,2.23
RM015,2025-12-04,Sesame Oil,L,2.45
RM015,2025-12-05,Sesame Oil,L,2.35
RM015,2025-12-06,Sesame Oil,L,2.82
RM015,2025-12-07,Sesame Oil,L,2.28
RM015,2025-12-08,Sesame Oil,L,1.65
RM015,2025-12-09,Sesame Oil,L,1.84
RM015,2025-12-10,Sesame Oil,L,1.81
RM015,2025-12-11,Sesame Oil,L,2.32
RM015,2025-12-12,Sesame Oil,L,2.14
RM015,2025-12-13,Sesame Oil,L,2.13
RM015,2025-12-14,Sesame Oil,L,1.94
RM015,2025-12-15,Sesame Oil,L,1.84
RM015,2025-12-16,Sesame Oil,L,1.67
RM015,2025-12-17,Sesame Oil,L,1.93
RM015,2025-12-18,Sesame Oil,L,2.21
RM015,2025-12-19,Sesame Oil,L,2.31
RM015,2025-12-20,Sesame Oil,L,2.49
RM015,2025-12-21,Sesame Oil,L,2.13
RM015,2025-12-22,Sesame Oil,L,1.7
RM015,2025-12-23,Sesame Oil,L,2.09
RM015,2025-12-24,Sesame Oil,L,2.09
RM015,2025-12-25,Sesame Oil,L,2.23
RM015,2025-12-26,Sesame Oil,L,2.56
RM015,2025-12-27,Sesame Oil,L,2.76
RM015,2025-12-28,Sesame Oil,L,2.27
RM015,2025-12-29,Sesame Oil,L,1.73
RM015,2025-12-30,Sesame Oil,L,2.06
RM015,2025-12-31,Sesame Oil,L,1.91
RM015,2026-01-01,Sesame Oil,L,1.98
RM015,2026-01-02,Sesame Oil,L,2.23
RM015,2026-01-03,Sesame Oil,L,2.39
RM015,2026-01-04,Sesame Oil,L,1.99
RM015,2026-01-05,Sesame Oil,L,1.76
RM015,2026-01-06,Sesame Oil,L,1.81
RM015,2026-01-07,Sesame Oil,L,1.8
RM015,2026-01-08,Sesame Oil,L,2.29
RM015,2026-01-09,Sesame Oil,L,2.15
RM015,2026-01-10,Sesame Oil,L,2.27
RM015,2026-01-11,Sesame Oil,L,2.29
RM015,2026-01-12,Sesame Oil,L,1.63
RM015,2026-01-13,Sesame Oil,L,2.01
RM015,2026-01-14,Sesame Oil,L,1.86
RM015,2026-01-15,Sesame Oil,L,1.76
RM015,2026-01-16,Sesame Oil,L,2.11
RM015,2026-01-17,Sesame Oil,L,1.96
RM015,2026-01-18,Sesame Oil,L,1.87
RM015,2026-01-19,Sesame Oil,L,1.92
RM015,2026-01-20,Sesame Oil,L,1.71
RM015,2026-01-21,Sesame Oil,L,1.9
RM015,2026-01-22,Sesame Oil,L,2.32
RM015,2026-01-23,Sesame Oil,L,2.09
RM015,2026-01-24,Sesame Oil,L,2.46
RM015,2026-01-25,Sesame Oil,L,1.99
RM015,2026-01-26,Sesame Oil,L,2.08
RM015,2026-01-27,Sesame Oil,L,1.8
RM015,2026-01-28,Sesame Oil,L,1.87
RM015,2026-01-29,Sesame Oil,L,2.12
RM015,2026-01-30,Sesame Oil,L,1.97
RM015,2026-01-31,Sesame Oil,L,2.51
RM015,2026-02-01,Sesame Oil,L,2.05
RM015,2026-02-02,Sesame Oil,L,1.63
RM015,2026-02-03,Sesame Oil,L,1.91
RM015,2026-02-04,Sesame Oil,L,1.97
RM015,2026-02-05,Sesame Oil,L,2.32
RM015,2026-02-06,Sesame Oil,L,2.16
RM015,2026-02-07,Sesame Oil,L,2.19
RM015,2026-02-08,Sesame Oil,L,2.39
RM015,2026-02-09,Sesame Oil,L,1.85
RM015,2026-02-10,Sesame Oil,L,1.7
RM015,2026-02-11,Sesame Oil,L,1.86
RM015,2026-02-12,Sesame Oil,L,1.85
RM015,2026-02-13,Sesame Oil,L,2.05
RM015,2026-02-14,Sesame Oil,L,2.27
RM015,2026-02-15,Sesame Oil,L,1.89
RM015,2026-02-16,Sesame Oil,L,1.53
RM015,2026-02-17,Sesame Oil,L,1.71
RM015,2026-02-18,Sesame Oil,L,2.12
RM015,2026-02-19,Sesame Oil,L,2.04
RM015,2026-02-20,Sesame Oil,L,2.38
RM015,2026-02-21,Sesame Oil,L,2.39
RM015,2026-02-22,Sesame Oil,L,2.09
RM015,2026-02-23,Sesame Oil,L,1.72
RM015,2026-02-24,Sesame Oil,L,2.01
RM015,2026-02-25,Sesame Oil,L,2.13
RM015,2026-02-26,Sesame Oil,L,2.52
RM015,2026-02-27,Sesame Oil,L,2.32
RM015,2026-02-28,Sesame Oil,L,2.45
RM015,2026-03-01,Sesame Oil,L,2.42
RM015,2026-03-02,Sesame Oil,L,2.08
RM015,2026-03-03,Sesame Oil,L,1.89
RM015,2026-03-04,Sesame Oil,L,2.08
RM015,2026-03-05,Sesame Oil,L,1.99
RM015,2026-03-06,Sesame Oil,L,2.49
RM015,2026-03-07,Sesame Oil,L,2.46
RM015,2026-03-08,Sesame Oil,L,2.02
RM015,2026-03-09,Sesame Oil,L,1.97
RM015,2026-03-10,Sesame Oil,L,1.89
RM015,2026-03-11,Sesame Oil,L,1.99
RM015,2026-03-12,Sesame Oil,L,2.26
RM015,2026-03-13,Sesame Oil,L,2.52
RM015,2026-03-14,Sesame Oil,L,2.12
RM015,2026-03-15,Sesame Oil,L,2.07
RM015,2026-03-16,Sesame Oil,L,1.79
RM015,2026-03-17,Sesame Oil,L,1.43
RM015,2026-03-18,Sesame Oil,L,2.02
RM015,2026-03-19,Sesame Oil,L,1.81
RM015,2026-03-20,Sesame Oil,L,2.36
RM015,2026-03-21,Sesame Oil,L,2.09
RM015,2026-03-22,Sesame Oil,L,2.03
RM015,2026-03-23,Sesame Oil,L,1.48
RM015,2026-03-24,Sesame Oil,L,1.88
RM015,2026-03-25,Sesame Oil,L,1.91
RM015,2026-03-26,Sesame Oil,L,2.29
RM015,2026-03-27,Sesame Oil,L,2.39
RM015,2026-03-28,Sesame Oil,L,2.45
RM015,2026-03-29,Sesame Oil,L,2.52
RM015,2026-03-30,Sesame Oil,L,1.78
RM015,2026-03-31,Sesame Oil,L,2.05
RM015,2026-04-01,Sesame Oil,L,2.03
RM015,2026-04-02,Sesame Oil,L,2.22
RM015,2026-04-03,Sesame Oil,L,2.5
RM015,2026-04-04,Sesame Oil,L,2.5
RM015,2026-04-05,Sesame Oil,L,2.23
RM015,2026-04-06,Sesame Oil,L,2.01
RM015,2026-04-07,Sesame Oil,L,1.89
RM015,2026-04-08,Sesame Oil,L,2.07
RM015,2026-04-09,Sesame Oil,L,2.03
RM015,2026-04-10,Sesame Oil,L,2.01
RM015,2026-04-11,Sesame Oil,L,2.58
RM015,2026-04-12,Sesame Oil,L,2.11
RM015,2026-04-13,Sesame Oil,L,1.56
RM015,2026-04-14,Sesame Oil,L,1.4
RM015,2026-04-15,Sesame Oil,L,1.68
RM015,2026-04-16,Sesame Oil,L,2.06
RM015,2026-04-17,Sesame Oil,L,2.2
RM015,2026-04-18,Sesame Oil,L,2.39
RM015,2026-04-19,Sesame Oil,L,2.01
RM015,2026-04-20,Sesame Oil,L,1.99
RM015,2026-04-21,Sesame Oil,L,1.77
RM015,2026-04-22,Sesame Oil,L,2.05
RM015,2026-04-23,Sesame Oil,L,2.11
RM015,2026-04-24,Sesame Oil,L,2.17
RM015,2026-04-25,Sesame Oil,L,2.59
RM015,2026-04-26,Sesame Oil,L,2.25
RM015,2026-04-27,Sesame Oil,L,1.95
RM015,2026-04-28,Sesame Oil,L,2.0
RM015,2026-04-29,Sesame Oil,L,2.21
RM015,2026-04-30,Sesame Oil,L,2.2
RM015,2026-05-01,Sesame Oil,L,2.27
RM015,2026-05-02,Sesame Oil,L,2.81
RM015,2026-05-03,Sesame Oil,L,2.48
RM015,2026-05-04,Sesame Oil,L,1.81
RM015,2026-05-05,Sesame Oil,L,2.29
RM015,2026-05-06,Sesame Oil,L,2.12
RM015,2026-05-07,Sesame Oil,L,1.73
RM015,2026-05-08,Sesame Oil,L,2.23
RM015,2026-05-09,Sesame Oil,L,2.11
RM015,2026-05-10,Sesame Oil,L,2.17
RM015,2026-05-11,Sesame Oil,L,1.65
RM015,2026-05-12,Sesame Oil,L,1.73
RM015,2026-05-13,Sesame Oil,L,1.96
RM015,2026-05-14,Sesame Oil,L,1.85
RM015,2026-05-15,Sesame Oil,L,2.26
RM015,2026-05-16,Sesame Oil,L,2.22
RM015,2026-05-17,Sesame Oil,L,2.29
RM015,2026-05-18,Sesame Oil,L,1.61
RM015,2026-05-19,Sesame Oil,L,1.89
RM015,2026-05-20,Sesame Oil,L,2.13
RM015,2026-05-21,Sesame Oil,L,2.21
RM015,2026-05-22,Sesame Oil,L,2.17
RM015,2026-05-23,Sesame Oil,L,2.36
RM015,2026-05-24,Sesame Oil,L,1.97
RM015,2026-05-25,Sesame Oil,L,1.74
RM015,2026-05-26,Sesame Oil,L,2.11
RM015,2026-05-27,Sesame Oil,L,2.23
RM015,2026-05-28,Sesame Oil,L,2.16
RM015,2026-05-29,Sesame Oil,L,2.04
RM015,2026-05-30,Sesame Oil,L,2.25
RM015,2026-05-31,Sesame Oil,L,2.36
RM015,2026-06-01,Sesame Oil,L,1.51
RM015,2026-06-02,Sesame Oil,L,2.04
RM015,2026-06-03,Sesame Oil,L,2.14
RM015,2026-06-04,Sesame Oil,L,2.32
RM015,2026-06-05,Sesame Oil,L,2.36
RM015,2026-06-06,Sesame Oil,L,2.25
RM015,2026-06-07,Sesame Oil,L,1.94
RM015,2026-06-08,Sesame Oil,L,1.76
RM015,2026-06-09,Sesame Oil,L,2.13
RM015,2026-06-10,Sesame Oil,L,1.95
RM015,2026-06-11,Sesame Oil,L,2.06
RM015,2026-06-12,Sesame Oil,L,2.24
RM015,2026-06-13,Sesame Oil,L,2.25
RM015,2026-06-14,Sesame Oil,L,2.02
RM015,2026-06-15,Sesame Oil,L,1.78
RM015,2026-06-16,Sesame Oil,L,1.96
RM015,2026-06-17,Sesame Oil,L,1.83
RM015,2026-06-18,Sesame Oil,L,1.96
RM015,2026-06-19,Sesame Oil,L,2.36
RM015,2026-06-20,Sesame Oil,L,2.48
RM015,2026-06-21,Sesame Oil,L,2.2
RM015,2026-06-22,Sesame Oil,L,1.6
RM015,2026-06-23,Sesame Oil,L,1.99
RM015,2026-06-24,Sesame Oil,L,1.94
RM015,2026-06-25,Sesame Oil,L,2.05
RM015,2026-06-26,Sesame Oil,L,1.96
RM015,2026-06-27,Sesame Oil,L,2.64
RM015,2026-06-28,Sesame Oil,L,2.43
RM015,2026-06-29,Sesame Oil,L,1.82
RM015,2026-06-30,Sesame Oil,L,1.88
RM015,2026-07-01,Sesame Oil,L,2.01
RM015,2026-07-02,Sesame Oil,L,2.05
RM015,2026-07-03,Sesame Oil,L,2.8
RM015,2026-07-04,Sesame Oil,L,2.63
RM015,2026-07-05,Sesame Oil,L,2.4
RM015,2026-07-06,Sesame Oil,L,1.75
RM015,2026-07-07,Sesame Oil,L,1.83
RM015,2026-07-08,Sesame Oil,L,1.76
RM015,2026-07-09,Sesame Oil,L,2.14
RM015,2026-07-10,Sesame Oil,L,2.07
RM015,2026-07-11,Sesame Oil,L,2.11
RM015,2026-07-12,Sesame Oil,L,2.06
RM015,2026-07-13,Sesame Oil,L,1.66
RM015,2026-07-14,Sesame Oil,L,1.83
RM015,2026-07-15,Sesame Oil,L,1.88
RM015,2026-07-16,Sesame Oil,L,1.88
RM015,2026-07-17,Sesame Oil,L,2.37
RM015,2026-07-18,Sesame Oil,L,2.3
RM015,2026-07-19,Sesame Oil,L,2.02
RM015,2026-07-20,Sesame Oil,L,1.8
RM015,2026-07-21,Sesame Oil,L,1.92
RM015,2026-07-22,Sesame Oil,L,1.91
RM015,2026-07-23,Sesame Oil,L,2.28
RM015,2026-07-24,Sesame Oil,L,2.09
RM015,2026-07-25,Sesame Oil,L,2.54
RM015,2026-07-26,Sesame Oil,L,1.85
RM015,2026-07-27,Sesame Oil,L,2.0
RM015,2026-07-28,Sesame Oil,L,2.15
RM015,2026-07-29,Sesame Oil,L,1.9
RM015,2026-07-30,Sesame Oil,L,1.87
RM015,2026-07-31,Sesame Oil,L,2.35
RM015,2026-08-01,Sesame Oil,L,3.01
RM015,2026-08-02,Sesame Oil,L,2.31
RM015,2026-08-03,Sesame Oil,L,2.02
RM015,2026-08-04,Sesame Oil,L,1.9
RM015,2026-08-05,Sesame Oil,L,2.22
RM015,2026-08-06,Sesame Oil,L,2.14
RM015,2026-08-07,Sesame Oil,L,2.15
RM015,2026-08-08,Sesame Oil,L,2.46
RM015,2026-08-09,Sesame Oil,L,2.28
RM016,2025-01-01,Oyster Sauce,L,2.99
RM016,2025-01-02,Oyster Sauce,L,3.26
RM016,2025-01-03,Oyster Sauce,L,3.34
RM016,2025-01-04,Oyster Sauce,L,4.08
RM016,2025-01-05,Oyster Sauce,L,3.04
RM016,2025-01-06,Oyster Sauce,L,2.88
RM016,2025-01-07,Oyster Sauce,L,3.11
RM016,2025-01-08,Oyster Sauce,L,2.96
RM016,2025-01-09,Oyster Sauce,L,3.01
RM016,2025-01-10,Oyster Sauce,L,3.52
RM016,2025-01-11,Oyster Sauce,L,3.49
RM016,2025-01-12,Oyster Sauce,L,3.14
RM016,2025-01-13,Oyster Sauce,L,2.22
RM016,2025-01-14,Oyster Sauce,L,3.04
RM016,2025-01-15,Oyster Sauce,L,2.86
RM016,2025-01-16,Oyster Sauce,L,2.71
RM016,2025-01-17,Oyster Sauce,L,3.27
RM016,2025-01-18,Oyster Sauce,L,3.52
RM016,2025-01-19,Oyster Sauce,L,2.84
RM016,2025-01-20,Oyster Sauce,L,2.46
RM016,2025-01-21,Oyster Sauce,L,2.98
RM016,2025-01-22,Oyster Sauce,L,2.75
RM016,2025-01-23,Oyster Sauce,L,3.09
RM016,2025-01-24,Oyster Sauce,L,3.14
RM016,2025-01-25,Oyster Sauce,L,3.35
RM016,2025-01-26,Oyster Sauce,L,3.09
RM016,2025-01-27,Oyster Sauce,L,2.83
RM016,2025-01-28,Oyster Sauce,L,3.09
RM016,2025-01-29,Oyster Sauce,L,2.9
RM016,2025-01-30,Oyster Sauce,L,3.32
RM016,2025-01-31,Oyster Sauce,L,3.22
RM016,2025-02-01,Oyster Sauce,L,3.64
RM016,2025-02-02,Oyster Sauce,L,2.73
RM016,2025-02-03,Oyster Sauce,L,2.61
RM016,2025-02-04,Oyster Sauce,L,2.98
RM016,2025-02-05,Oyster Sauce,L,2.64
RM016,2025-02-06,Oyster Sauce,L,3.1
RM016,2025-02-07,Oyster Sauce,L,2.8
RM016,2025-02-08,Oyster Sauce,L,3.43
RM016,2025-02-09,Oyster Sauce,L,3.31
RM016,2025-02-10,Oyster Sauce,L,2.76
RM016,2025-02-11,Oyster Sauce,L,2.85
RM016,2025-02-12,Oyster Sauce,L,2.95
RM016,2025-02-13,Oyster Sauce,L,2.62
RM016,2025-02-14,Oyster Sauce,L,3.13
RM016,2025-02-15,Oyster Sauce,L,4.09
RM016,2025-02-16,Oyster Sauce,L,3.21
RM016,2025-02-17,Oyster Sauce,L,2.36
RM016,2025-02-18,Oyster Sauce,L,2.56
RM016,2025-02-19,Oyster Sauce,L,2.81
RM016,2025-02-20,Oyster Sauce,L,3.22
RM016,2025-02-21,Oyster Sauce,L,3.04
RM016,2025-02-22,Oyster Sauce,L,3.7
RM016,2025-02-23,Oyster Sauce,L,2.71
RM016,2025-02-24,Oyster Sauce,L,3.08
RM016,2025-02-25,Oyster Sauce,L,3.03
RM016,2025-02-26,Oyster Sauce,L,3.4
RM016,2025-02-27,Oyster Sauce,L,3.41
RM016,2025-02-28,Oyster Sauce,L,3.46
RM016,2025-03-01,Oyster Sauce,L,3.79
RM016,2025-03-02,Oyster Sauce,L,2.94
RM016,2025-03-03,Oyster Sauce,L,2.69
RM016,2025-03-04,Oyster Sauce,L,2.93
RM016,2025-03-05,Oyster Sauce,L,3.14
RM016,2025-03-06,Oyster Sauce,L,3.43
RM016,2025-03-07,Oyster Sauce,L,3.26
RM016,2025-03-08,Oyster Sauce,L,3.42
RM016,2025-03-09,Oyster Sauce,L,3.26
RM016,2025-03-10,Oyster Sauce,L,2.13
RM016,2025-03-11,Oyster Sauce,L,3.21
RM016,2025-03-12,Oyster Sauce,L,2.7
RM016,2025-03-13,Oyster Sauce,L,3.14
RM016,2025-03-14,Oyster Sauce,L,3.8
RM016,2025-03-15,Oyster Sauce,L,3.92
RM016,2025-03-16,Oyster Sauce,L,3.03
RM016,2025-03-17,Oyster Sauce,L,2.54
RM016,2025-03-18,Oyster Sauce,L,2.9
RM016,2025-03-19,Oyster Sauce,L,3.4
RM016,2025-03-20,Oyster Sauce,L,2.88
RM016,2025-03-21,Oyster Sauce,L,3.51
RM016,2025-03-22,Oyster Sauce,L,2.8
RM016,2025-03-23,Oyster Sauce,L,3.47
RM016,2025-03-24,Oyster Sauce,L,2.68
RM016,2025-03-25,Oyster Sauce,L,2.78
RM016,2025-03-26,Oyster Sauce,L,3.32
RM016,2025-03-27,Oyster Sauce,L,3.61
RM016,2025-03-28,Oyster Sauce,L,3.24
RM016,2025-03-29,Oyster Sauce,L,4.47
RM016,2025-03-30,Oyster Sauce,L,3.44
RM016,2025-03-31,Oyster Sauce,L,2.21
RM016,2025-04-01,Oyster Sauce,L,2.95
RM016,2025-04-02,Oyster Sauce,L,3.11
RM016,2025-04-03,Oyster Sauce,L,3.11
RM016,2025-04-04,Oyster Sauce,L,3.52
RM016,2025-04-05,Oyster Sauce,L,3.94
RM016,2025-04-06,Oyster Sauce,L,3.52
RM016,2025-04-07,Oyster Sauce,L,2.54
RM016,2025-04-08,Oyster Sauce,L,2.94
RM016,2025-04-09,Oyster Sauce,L,3.32
RM016,2025-04-10,Oyster Sauce,L,2.91
RM016,2025-04-11,Oyster Sauce,L,3.23
RM016,2025-04-12,Oyster Sauce,L,3.49
RM016,2025-04-13,Oyster Sauce,L,3.1
RM016,2025-04-14,Oyster Sauce,L,2.43
RM016,2025-04-15,Oyster Sauce,L,2.6
RM016,2025-04-16,Oyster Sauce,L,3.03
RM016,2025-04-17,Oyster Sauce,L,3.04
RM016,2025-04-18,Oyster Sauce,L,3.15
RM016,2025-04-19,Oyster Sauce,L,3.27
RM016,2025-04-20,Oyster Sauce,L,3.14
RM016,2025-04-21,Oyster Sauce,L,2.22
RM016,2025-04-22,Oyster Sauce,L,2.78
RM016,2025-04-23,Oyster Sauce,L,3.05
RM016,2025-04-24,Oyster Sauce,L,3.59
RM016,2025-04-25,Oyster Sauce,L,3.75
RM016,2025-04-26,Oyster Sauce,L,3.65
RM016,2025-04-27,Oyster Sauce,L,3.77
RM016,2025-04-28,Oyster Sauce,L,3.15
RM016,2025-04-29,Oyster Sauce,L,2.92
RM016,2025-04-30,Oyster Sauce,L,3.31
RM016,2025-05-01,Oyster Sauce,L,3.41
RM016,2025-05-02,Oyster Sauce,L,4.07
RM016,2025-05-03,Oyster Sauce,L,3.92
RM016,2025-05-04,Oyster Sauce,L,3.18
RM016,2025-05-05,Oyster Sauce,L,2.8
RM016,2025-05-06,Oyster Sauce,L,2.76
RM016,2025-05-07,Oyster Sauce,L,3.14
RM016,2025-05-08,Oyster Sauce,L,3.24
RM016,2025-05-09,Oyster Sauce,L,3.42
RM016,2025-05-10,Oyster Sauce,L,3.54
RM016,2025-05-11,Oyster Sauce,L,3.02
RM016,2025-05-12,Oyster Sauce,L,2.46
RM016,2025-05-13,Oyster Sauce,L,2.97
RM016,2025-05-14,Oyster Sauce,L,2.6
RM016,2025-05-15,Oyster Sauce,L,2.54
RM016,2025-05-16,Oyster Sauce,L,3.57
RM016,2025-05-17,Oyster Sauce,L,3.6
RM016,2025-05-18,Oyster Sauce,L,2.85
RM016,2025-05-19,Oyster Sauce,L,2.18
RM016,2025-05-20,Oyster Sauce,L,3.05
RM016,2025-05-21,Oyster Sauce,L,3.16
RM016,2025-05-22,Oyster Sauce,L,3.22
RM016,2025-05-23,Oyster Sauce,L,3.22
RM016,2025-05-24,Oyster Sauce,L,3.4
RM016,2025-05-25,Oyster Sauce,L,2.67
RM016,2025-05-26,Oyster Sauce,L,2.81
RM016,2025-05-27,Oyster Sauce,L,2.95
RM016,2025-05-28,Oyster Sauce,L,3.29
RM016,2025-05-29,Oyster Sauce,L,3.59
RM016,2025-05-30,Oyster Sauce,L,3.36
RM016,2025-05-31,Oyster Sauce,L,4.13
RM016,2025-06-01,Oyster Sauce,L,3.35
RM016,2025-06-02,Oyster Sauce,L,3.04
RM016,2025-06-03,Oyster Sauce,L,2.77
RM016,2025-06-04,Oyster Sauce,L,2.92
RM016,2025-06-05,Oyster Sauce,L,3.25
RM016,2025-06-06,Oyster Sauce,L,3.69
RM016,2025-06-07,Oyster Sauce,L,3.4
RM016,2025-06-08,Oyster Sauce,L,3.16
RM016,2025-06-09,Oyster Sauce,L,2.69
RM016,2025-06-10,Oyster Sauce,L,2.73
RM016,2025-06-11,Oyster Sauce,L,2.54
RM016,2025-06-12,Oyster Sauce,L,2.61
RM016,2025-06-13,Oyster Sauce,L,3.43
RM016,2025-06-14,Oyster Sauce,L,3.65
RM016,2025-06-15,Oyster Sauce,L,2.87
RM016,2025-06-16,Oyster Sauce,L,2.53
RM016,2025-06-17,Oyster Sauce,L,2.72
RM016,2025-06-18,Oyster Sauce,L,3.11
RM016,2025-06-19,Oyster Sauce,L,2.61
RM016,2025-06-20,Oyster Sauce,L,3.52
RM016,2025-06-21,Oyster Sauce,L,3.33
RM016,2025-06-22,Oyster Sauce,L,3.28
RM016,2025-06-23,Oyster Sauce,L,2.68
RM016,2025-06-24,Oyster Sauce,L,2.6
RM016,2025-06-25,Oyster Sauce,L,3.0
RM016,2025-06-26,Oyster Sauce,L,3.65
RM016,2025-06-27,Oyster Sauce,L,3.76
RM016,2025-06-28,Oyster Sauce,L,3.76
RM016,2025-06-29,Oyster Sauce,L,3.58
RM016,2025-06-30,Oyster Sauce,L,2.41
RM016,2025-07-01,Oyster Sauce,L,2.96
RM016,2025-07-02,Oyster Sauce,L,3.22
RM016,2025-07-03,Oyster Sauce,L,3.66
RM016,2025-07-04,Oyster Sauce,L,2.74
RM016,2025-07-05,Oyster Sauce,L,3.69
RM016,2025-07-06,Oyster Sauce,L,3.4
RM016,2025-07-07,Oyster Sauce,L,2.72
RM016,2025-07-08,Oyster Sauce,L,3.13
RM016,2025-07-09,Oyster Sauce,L,2.77
RM016,2025-07-10,Oyster Sauce,L,3.2
RM016,2025-07-11,Oyster Sauce,L,3.1
RM016,2025-07-12,Oyster Sauce,L,3.84
RM016,2025-07-13,Oyster Sauce,L,3.26
RM016,2025-07-14,Oyster Sauce,L,2.49
RM016,2025-07-15,Oyster Sauce,L,2.69
RM016,2025-07-16,Oyster Sauce,L,2.91
RM016,2025-07-17,Oyster Sauce,L,2.72
RM016,2025-07-18,Oyster Sauce,L,3.35
RM016,2025-07-19,Oyster Sauce,L,4.04
RM016,2025-07-20,Oyster Sauce,L,2.88
RM016,2025-07-21,Oyster Sauce,L,2.68
RM016,2025-07-22,Oyster Sauce,L,2.74
RM016,2025-07-23,Oyster Sauce,L,3.01
RM016,2025-07-24,Oyster Sauce,L,3.21
RM016,2025-07-25,Oyster Sauce,L,3.25
RM016,2025-07-26,Oyster Sauce,L,3.94
RM016,2025-07-27,Oyster Sauce,L,3.51
RM016,2025-07-28,Oyster Sauce,L,3.03
RM016,2025-07-29,Oyster Sauce,L,2.74
RM016,2025-07-30,Oyster Sauce,L,3.28
RM016,2025-07-31,Oyster Sauce,L,3.29
RM016,2025-08-01,Oyster Sauce,L,3.56
RM016,2025-08-02,Oyster Sauce,L,3.76
RM016,2025-08-03,Oyster Sauce,L,3.64
RM016,2025-08-04,Oyster Sauce,L,3.04
RM016,2025-08-05,Oyster Sauce,L,2.61
RM016,2025-08-06,Oyster Sauce,L,2.67
RM016,2025-08-07,Oyster Sauce,L,3.12
RM016,2025-08-08,Oyster Sauce,L,3.11
RM016,2025-08-09,Oyster Sauce,L,3.65
RM016,2025-08-10,Oyster Sauce,L,3.11
RM016,2025-08-11,Oyster Sauce,L,2.76
RM016,2025-08-12,Oyster Sauce,L,2.74
RM016,2025-08-13,Oyster Sauce,L,2.99
RM016,2025-08-14,Oyster Sauce,L,2.86
RM016,2025-08-15,Oyster Sauce,L,3.54
RM016,2025-08-16,Oyster Sauce,L,2.66
RM016,2025-08-17,Oyster Sauce,L,3.15
RM016,2025-08-18,Oyster Sauce,L,2.75
RM016,2025-08-19,Oyster Sauce,L,2.86
RM016,2025-08-20,Oyster Sauce,L,3.13
RM016,2025-08-21,Oyster Sauce,L,3.65
RM016,2025-08-22,Oyster Sauce,L,3.02
RM016,2025-08-23,Oyster Sauce,L,3.56
RM016,2025-08-24,Oyster Sauce,L,3.29
RM016,2025-08-25,Oyster Sauce,L,2.61
RM016,2025-08-26,Oyster Sauce,L,2.88
RM016,2025-08-27,Oyster Sauce,L,3.45
RM016,2025-08-28,Oyster Sauce,L,3.49
RM016,2025-08-29,Oyster Sauce,L,3.49
RM016,2025-08-30,Oyster Sauce,L,3.63
RM016,2025-08-31,Oyster Sauce,L,3.5
RM016,2025-09-01,Oyster Sauce,L,2.97
RM016,2025-09-02,Oyster Sauce,L,2.67
RM016,2025-09-03,Oyster Sauce,L,3.36
RM016,2025-09-04,Oyster Sauce,L,3.09
RM016,2025-09-05,Oyster Sauce,L,3.2
RM016,2025-09-06,Oyster Sauce,L,3.66
RM016,2025-09-07,Oyster Sauce,L,3.58
RM016,2025-09-08,Oyster Sauce,L,2.75
RM016,2025-09-09,Oyster Sauce,L,2.7
RM016,2025-09-10,Oyster Sauce,L,2.73
RM016,2025-09-11,Oyster Sauce,L,3.08
RM016,2025-09-12,Oyster Sauce,L,2.63
RM016,2025-09-13,Oyster Sauce,L,3.43
RM016,2025-09-14,Oyster Sauce,L,2.96
RM016,2025-09-15,Oyster Sauce,L,2.9
RM016,2025-09-16,Oyster Sauce,L,2.78
RM016,2025-09-17,Oyster Sauce,L,2.62
RM016,2025-09-18,Oyster Sauce,L,3.23
RM016,2025-09-19,Oyster Sauce,L,3.02
RM016,2025-09-20,Oyster Sauce,L,3.14
RM016,2025-09-21,Oyster Sauce,L,3.24
RM016,2025-09-22,Oyster Sauce,L,2.55
RM016,2025-09-23,Oyster Sauce,L,2.79
RM016,2025-09-24,Oyster Sauce,L,3.2
RM016,2025-09-25,Oyster Sauce,L,3.16
RM016,2025-09-26,Oyster Sauce,L,3.77
RM016,2025-09-27,Oyster Sauce,L,3.37
RM016,2025-09-28,Oyster Sauce,L,3.05
RM016,2025-09-29,Oyster Sauce,L,2.72
RM016,2025-09-30,Oyster Sauce,L,3.01
RM016,2025-10-01,Oyster Sauce,L,3.24
RM016,2025-10-02,Oyster Sauce,L,3.78
RM016,2025-10-03,Oyster Sauce,L,3.73
RM016,2025-10-04,Oyster Sauce,L,4.1
RM016,2025-10-05,Oyster Sauce,L,3.43
RM016,2025-10-06,Oyster Sauce,L,2.59
RM016,2025-10-07,Oyster Sauce,L,2.61
RM016,2025-10-08,Oyster Sauce,L,3.29
RM016,2025-10-09,Oyster Sauce,L,3.16
RM016,2025-10-10,Oyster Sauce,L,2.85
RM016,2025-10-11,Oyster Sauce,L,3.22
RM016,2025-10-12,Oyster Sauce,L,3.03
RM016,2025-10-13,Oyster Sauce,L,2.25
RM016,2025-10-14,Oyster Sauce,L,2.67
RM016,2025-10-15,Oyster Sauce,L,2.8
RM016,2025-10-16,Oyster Sauce,L,2.61
RM016,2025-10-17,Oyster Sauce,L,3.24
RM016,2025-10-18,Oyster Sauce,L,4.13
RM016,2025-10-19,Oyster Sauce,L,3.05
RM016,2025-10-20,Oyster Sauce,L,2.72
RM016,2025-10-21,Oyster Sauce,L,2.88
RM016,2025-10-22,Oyster Sauce,L,2.83
RM016,2025-10-23,Oyster Sauce,L,3.58
RM016,2025-10-24,Oyster Sauce,L,3.65
RM016,2025-10-25,Oyster Sauce,L,3.64
RM016,2025-10-26,Oyster Sauce,L,3.31
RM016,2025-10-27,Oyster Sauce,L,2.6
RM016,2025-10-28,Oyster Sauce,L,3.33
RM016,2025-10-29,Oyster Sauce,L,2.6
RM016,2025-10-30,Oyster Sauce,L,3.62
RM016,2025-10-31,Oyster Sauce,L,3.47
RM016,2025-11-01,Oyster Sauce,L,4.16
RM016,2025-11-02,Oyster Sauce,L,2.86
RM016,2025-11-03,Oyster Sauce,L,2.95
RM016,2025-11-04,Oyster Sauce,L,2.58
RM016,2025-11-05,Oyster Sauce,L,3.05
RM016,2025-11-06,Oyster Sauce,L,3.13
RM016,2025-11-07,Oyster Sauce,L,3.77
RM016,2025-11-08,Oyster Sauce,L,3.58
RM016,2025-11-09,Oyster Sauce,L,3.15
RM016,2025-11-10,Oyster Sauce,L,2.74
RM016,2025-11-11,Oyster Sauce,L,3.06
RM016,2025-11-12,Oyster Sauce,L,2.71
RM016,2025-11-13,Oyster Sauce,L,3.06
RM016,2025-11-14,Oyster Sauce,L,3.3
RM016,2025-11-15,Oyster Sauce,L,3.21
RM016,2025-11-16,Oyster Sauce,L,3.09
RM016,2025-11-17,Oyster Sauce,L,2.45
RM016,2025-11-18,Oyster Sauce,L,2.81
RM016,2025-11-19,Oyster Sauce,L,2.8
RM016,2025-11-20,Oyster Sauce,L,3.04
RM016,2025-11-21,Oyster Sauce,L,3.99
RM016,2025-11-22,Oyster Sauce,L,3.82
RM016,2025-11-23,Oyster Sauce,L,2.98
RM016,2025-11-24,Oyster Sauce,L,2.76
RM016,2025-11-25,Oyster Sauce,L,2.4
RM016,2025-11-26,Oyster Sauce,L,3.03
RM016,2025-11-27,Oyster Sauce,L,2.74
RM016,2025-11-28,Oyster Sauce,L,3.77
RM016,2025-11-29,Oyster Sauce,L,3.56
RM016,2025-11-30,Oyster Sauce,L,3.58
RM016,2025-12-01,Oyster Sauce,L,2.75
RM016,2025-12-02,Oyster Sauce,L,2.83
RM016,2025-12-03,Oyster Sauce,L,3.04
RM016,2025-12-04,Oyster Sauce,L,3.37
RM016,2025-12-05,Oyster Sauce,L,3.6
RM016,2025-12-06,Oyster Sauce,L,3.84
RM016,2025-12-07,Oyster Sauce,L,2.96
RM016,2025-12-08,Oyster Sauce,L,2.65
RM016,2025-12-09,Oyster Sauce,L,3.01
RM016,2025-12-10,Oyster Sauce,L,2.86
RM016,2025-12-11,Oyster Sauce,L,2.68
RM016,2025-12-12,Oyster Sauce,L,3.54
RM016,2025-12-13,Oyster Sauce,L,3.11
RM016,2025-12-14,Oyster Sauce,L,3.03
RM016,2025-12-15,Oyster Sauce,L,2.12
RM016,2025-12-16,Oyster Sauce,L,2.84
RM016,2025-12-17,Oyster Sauce,L,2.92
RM016,2025-12-18,Oyster Sauce,L,3.42
RM016,2025-12-19,Oyster Sauce,L,3.2
RM016,2025-12-20,Oyster Sauce,L,3.08
RM016,2025-12-21,Oyster Sauce,L,2.8
RM016,2025-12-22,Oyster Sauce,L,2.78
RM016,2025-12-23,Oyster Sauce,L,2.79
RM016,2025-12-24,Oyster Sauce,L,2.99
RM016,2025-12-25,Oyster Sauce,L,2.61
RM016,2025-12-26,Oyster Sauce,L,3.34
RM016,2025-12-27,Oyster Sauce,L,4.18
RM016,2025-12-28,Oyster Sauce,L,3.47
RM016,2025-12-29,Oyster Sauce,L,2.57
RM016,2025-12-30,Oyster Sauce,L,2.98
RM016,2025-12-31,Oyster Sauce,L,3.22
RM016,2026-01-01,Oyster Sauce,L,3.53
RM016,2026-01-02,Oyster Sauce,L,3.4
RM016,2026-01-03,Oyster Sauce,L,3.47
RM016,2026-01-04,Oyster Sauce,L,3.08
RM016,2026-01-05,Oyster Sauce,L,2.7
RM016,2026-01-06,Oyster Sauce,L,2.95
RM016,2026-01-07,Oyster Sauce,L,3.26
RM016,2026-01-08,Oyster Sauce,L,2.92
RM016,2026-01-09,Oyster Sauce,L,3.21
RM016,2026-01-10,Oyster Sauce,L,3.51
RM016,2026-01-11,Oyster Sauce,L,3.02
RM016,2026-01-12,Oyster Sauce,L,2.31
RM016,2026-01-13,Oyster Sauce,L,2.7
RM016,2026-01-14,Oyster Sauce,L,2.95
RM016,2026-01-15,Oyster Sauce,L,3.04
RM016,2026-01-16,Oyster Sauce,L,3.32
RM016,2026-01-17,Oyster Sauce,L,3.69
RM016,2026-01-18,Oyster Sauce,L,2.84
RM016,2026-01-19,Oyster Sauce,L,2.58
RM016,2026-01-20,Oyster Sauce,L,2.83
RM016,2026-01-21,Oyster Sauce,L,2.55
RM016,2026-01-22,Oyster Sauce,L,3.0
RM016,2026-01-23,Oyster Sauce,L,3.63
RM016,2026-01-24,Oyster Sauce,L,3.63
RM016,2026-01-25,Oyster Sauce,L,3.02
RM016,2026-01-26,Oyster Sauce,L,2.62
RM016,2026-01-27,Oyster Sauce,L,3.08
RM016,2026-01-28,Oyster Sauce,L,3.21
RM016,2026-01-29,Oyster Sauce,L,3.5
RM016,2026-01-30,Oyster Sauce,L,3.75
RM016,2026-01-31,Oyster Sauce,L,3.77
RM016,2026-02-01,Oyster Sauce,L,3.3
RM016,2026-02-02,Oyster Sauce,L,2.25
RM016,2026-02-03,Oyster Sauce,L,2.39
RM016,2026-02-04,Oyster Sauce,L,3.16
RM016,2026-02-05,Oyster Sauce,L,3.12
RM016,2026-02-06,Oyster Sauce,L,3.22
RM016,2026-02-07,Oyster Sauce,L,3.73
RM016,2026-02-08,Oyster Sauce,L,3.36
RM016,2026-02-09,Oyster Sauce,L,2.9
RM016,2026-02-10,Oyster Sauce,L,2.78
RM016,2026-02-11,Oyster Sauce,L,2.33
RM016,2026-02-12,Oyster Sauce,L,2.85
RM016,2026-02-13,Oyster Sauce,L,3.32
RM016,2026-02-14,Oyster Sauce,L,3.2
RM016,2026-02-15,Oyster Sauce,L,3.56
RM016,2026-02-16,Oyster Sauce,L,2.41
RM016,2026-02-17,Oyster Sauce,L,2.39
RM016,2026-02-18,Oyster Sauce,L,2.81
RM016,2026-02-19,Oyster Sauce,L,2.96
RM016,2026-02-20,Oyster Sauce,L,3.36
RM016,2026-02-21,Oyster Sauce,L,3.9
RM016,2026-02-22,Oyster Sauce,L,3.22
RM016,2026-02-23,Oyster Sauce,L,2.47
RM016,2026-02-24,Oyster Sauce,L,3.06
RM016,2026-02-25,Oyster Sauce,L,3.26
RM016,2026-02-26,Oyster Sauce,L,3.42
RM016,2026-02-27,Oyster Sauce,L,3.43
RM016,2026-02-28,Oyster Sauce,L,3.45
RM016,2026-03-01,Oyster Sauce,L,3.68
RM016,2026-03-02,Oyster Sauce,L,3.18
RM016,2026-03-03,Oyster Sauce,L,2.98
RM016,2026-03-04,Oyster Sauce,L,3.09
RM016,2026-03-05,Oyster Sauce,L,3.43
RM016,2026-03-06,Oyster Sauce,L,3.54
RM016,2026-03-07,Oyster Sauce,L,3.97
RM016,2026-03-08,Oyster Sauce,L,3.31
RM016,2026-03-09,Oyster Sauce,L,2.56
RM016,2026-03-10,Oyster Sauce,L,2.49
RM016,2026-03-11,Oyster Sauce,L,2.81
RM016,2026-03-12,Oyster Sauce,L,3.12
RM016,2026-03-13,Oyster Sauce,L,2.69
RM016,2026-03-14,Oyster Sauce,L,3.25
RM016,2026-03-15,Oyster Sauce,L,2.94
RM016,2026-03-16,Oyster Sauce,L,2.91
RM016,2026-03-17,Oyster Sauce,L,2.42
RM016,2026-03-18,Oyster Sauce,L,2.84
RM016,2026-03-19,Oyster Sauce,L,3.52
RM016,2026-03-20,Oyster Sauce,L,3.29
RM016,2026-03-21,Oyster Sauce,L,3.62
RM016,2026-03-22,Oyster Sauce,L,3.16
RM016,2026-03-23,Oyster Sauce,L,2.71
RM016,2026-03-24,Oyster Sauce,L,2.74
RM016,2026-03-25,Oyster Sauce,L,3.23
RM016,2026-03-26,Oyster Sauce,L,2.86
RM016,2026-03-27,Oyster Sauce,L,4.1
RM016,2026-03-28,Oyster Sauce,L,3.8
RM016,2026-03-29,Oyster Sauce,L,3.53
RM016,2026-03-30,Oyster Sauce,L,2.81
RM016,2026-03-31,Oyster Sauce,L,2.94
RM016,2026-04-01,Oyster Sauce,L,3.25
RM016,2026-04-02,Oyster Sauce,L,3.13
RM016,2026-04-03,Oyster Sauce,L,3.51
RM016,2026-04-04,Oyster Sauce,L,4.11
RM016,2026-04-05,Oyster Sauce,L,3.2
RM016,2026-04-06,Oyster Sauce,L,2.4
RM016,2026-04-07,Oyster Sauce,L,2.81
RM016,2026-04-08,Oyster Sauce,L,3.09
RM016,2026-04-09,Oyster Sauce,L,3.27
RM016,2026-04-10,Oyster Sauce,L,2.94
RM016,2026-04-11,Oyster Sauce,L,3.66
RM016,2026-04-12,Oyster Sauce,L,3.05
RM016,2026-04-13,Oyster Sauce,L,2.31
RM016,2026-04-14,Oyster Sauce,L,2.78
RM016,2026-04-15,Oyster Sauce,L,3.0
RM016,2026-04-16,Oyster Sauce,L,3.37
RM016,2026-04-17,Oyster Sauce,L,3.43
RM016,2026-04-18,Oyster Sauce,L,3.55
RM016,2026-04-19,Oyster Sauce,L,2.79
RM016,2026-04-20,Oyster Sauce,L,2.58
RM016,2026-04-21,Oyster Sauce,L,2.64
RM016,2026-04-22,Oyster Sauce,L,2.8
RM016,2026-04-23,Oyster Sauce,L,2.76
RM016,2026-04-24,Oyster Sauce,L,3.47
RM016,2026-04-25,Oyster Sauce,L,3.23
RM016,2026-04-26,Oyster Sauce,L,2.9
RM016,2026-04-27,Oyster Sauce,L,2.63
RM016,2026-04-28,Oyster Sauce,L,3.02
RM016,2026-04-29,Oyster Sauce,L,3.75
RM016,2026-04-30,Oyster Sauce,L,3.04
RM016,2026-05-01,Oyster Sauce,L,3.08
RM016,2026-05-02,Oyster Sauce,L,3.89
RM016,2026-05-03,Oyster Sauce,L,3.28
RM016,2026-05-04,Oyster Sauce,L,2.91
RM016,2026-05-05,Oyster Sauce,L,3.34
RM016,2026-05-06,Oyster Sauce,L,2.96
RM016,2026-05-07,Oyster Sauce,L,3.2
RM016,2026-05-08,Oyster Sauce,L,3.24
RM016,2026-05-09,Oyster Sauce,L,3.08
RM016,2026-05-10,Oyster Sauce,L,2.76
RM016,2026-05-11,Oyster Sauce,L,2.94
RM016,2026-05-12,Oyster Sauce,L,2.45
RM016,2026-05-13,Oyster Sauce,L,2.8
RM016,2026-05-14,Oyster Sauce,L,2.92
RM016,2026-05-15,Oyster Sauce,L,3.62
RM016,2026-05-16,Oyster Sauce,L,3.69
RM016,2026-05-17,Oyster Sauce,L,2.84
RM016,2026-05-18,Oyster Sauce,L,2.67
RM016,2026-05-19,Oyster Sauce,L,2.47
RM016,2026-05-20,Oyster Sauce,L,2.99
RM016,2026-05-21,Oyster Sauce,L,2.76
RM016,2026-05-22,Oyster Sauce,L,3.47
RM016,2026-05-23,Oyster Sauce,L,3.8
RM016,2026-05-24,Oyster Sauce,L,3.03
RM016,2026-05-25,Oyster Sauce,L,2.79
RM016,2026-05-26,Oyster Sauce,L,2.77
RM016,2026-05-27,Oyster Sauce,L,3.15
RM016,2026-05-28,Oyster Sauce,L,2.78
RM016,2026-05-29,Oyster Sauce,L,3.76
RM016,2026-05-30,Oyster Sauce,L,4.09
RM016,2026-05-31,Oyster Sauce,L,3.43
RM016,2026-06-01,Oyster Sauce,L,2.73
RM016,2026-06-02,Oyster Sauce,L,3.08
RM016,2026-06-03,Oyster Sauce,L,3.13
RM016,2026-06-04,Oyster Sauce,L,3.48
RM016,2026-06-05,Oyster Sauce,L,3.31
RM016,2026-06-06,Oyster Sauce,L,3.75
RM016,2026-06-07,Oyster Sauce,L,3.56
RM016,2026-06-08,Oyster Sauce,L,2.37
RM016,2026-06-09,Oyster Sauce,L,2.82
RM016,2026-06-10,Oyster Sauce,L,3.07
RM016,2026-06-11,Oyster Sauce,L,2.84
RM016,2026-06-12,Oyster Sauce,L,3.4
RM016,2026-06-13,Oyster Sauce,L,3.43
RM016,2026-06-14,Oyster Sauce,L,3.17
RM016,2026-06-15,Oyster Sauce,L,2.36
RM016,2026-06-16,Oyster Sauce,L,2.37
RM016,2026-06-17,Oyster Sauce,L,2.92
RM016,2026-06-18,Oyster Sauce,L,3.32
RM016,2026-06-19,Oyster Sauce,L,3.41
RM016,2026-06-20,Oyster Sauce,L,3.48
RM016,2026-06-21,Oyster Sauce,L,3.27
RM016,2026-06-22,Oyster Sauce,L,2.55
RM016,2026-06-23,Oyster Sauce,L,2.81
RM016,2026-06-24,Oyster Sauce,L,3.49
RM016,2026-06-25,Oyster Sauce,L,3.31
RM016,2026-06-26,Oyster Sauce,L,3.36
RM016,2026-06-27,Oyster Sauce,L,3.88
RM016,2026-06-28,Oyster Sauce,L,2.86
RM016,2026-06-29,Oyster Sauce,L,2.39
RM016,2026-06-30,Oyster Sauce,L,2.89
RM016,2026-07-01,Oyster Sauce,L,3.36
RM016,2026-07-02,Oyster Sauce,L,3.07
RM016,2026-07-03,Oyster Sauce,L,3.65
RM016,2026-07-04,Oyster Sauce,L,3.98
RM016,2026-07-05,Oyster Sauce,L,3.08
RM016,2026-07-06,Oyster Sauce,L,2.67
RM016,2026-07-07,Oyster Sauce,L,3.23
RM016,2026-07-08,Oyster Sauce,L,2.85
RM016,2026-07-09,Oyster Sauce,L,3.42
RM016,2026-07-10,Oyster Sauce,L,2.78
RM016,2026-07-11,Oyster Sauce,L,3.35
RM016,2026-07-12,Oyster Sauce,L,2.94
RM016,2026-07-13,Oyster Sauce,L,2.26
RM016,2026-07-14,Oyster Sauce,L,2.87
RM016,2026-07-15,Oyster Sauce,L,2.75
RM016,2026-07-16,Oyster Sauce,L,2.51
RM016,2026-07-17,Oyster Sauce,L,3.09
RM016,2026-07-18,Oyster Sauce,L,3.45
RM016,2026-07-19,Oyster Sauce,L,3.02
RM016,2026-07-20,Oyster Sauce,L,2.69
RM016,2026-07-21,Oyster Sauce,L,2.88
RM016,2026-07-22,Oyster Sauce,L,2.53
RM016,2026-07-23,Oyster Sauce,L,2.83
RM016,2026-07-24,Oyster Sauce,L,3.68
RM016,2026-07-25,Oyster Sauce,L,3.81
RM016,2026-07-26,Oyster Sauce,L,3.23
RM016,2026-07-27,Oyster Sauce,L,2.42
RM016,2026-07-28,Oyster Sauce,L,3.3
RM016,2026-07-29,Oyster Sauce,L,3.33
RM016,2026-07-30,Oyster Sauce,L,3.41
RM016,2026-07-31,Oyster Sauce,L,3.39
RM016,2026-08-01,Oyster Sauce,L,3.79
RM016,2026-08-02,Oyster Sauce,L,3.21
RM016,2026-08-03,Oyster Sauce,L,2.86
RM016,2026-08-04,Oyster Sauce,L,2.73
RM016,2026-08-05,Oyster Sauce,L,2.88
RM016,2026-08-06,Oyster Sauce,L,3.18
RM016,2026-08-07,Oyster Sauce,L,3.1
RM016,2026-08-08,Oyster Sauce,L,3.23
RM016,2026-08-09,Oyster Sauce,L,2.86
RM017,2025-01-01,Chicken,kg,13.74
RM017,2025-01-02,Chicken,kg,11.17
RM017,2025-01-03,Chicken,kg,14.51
RM017,2025-01-04,Chicken,kg,14.25
RM017,2025-01-05,Chicken,kg,14.49
RM017,2025-01-06,Chicken,kg,11.76
RM017,2025-01-07,Chicken,kg,11.72
RM017,2025-01-08,Chicken,kg,11.18
RM017,2025-01-09,Chicken,kg,11.61
RM017,2025-01-10,Chicken,kg,11.78
RM017,2025-01-11,Chicken,kg,14.55
RM017,2025-01-12,Chicken,kg,12.62
RM017,2025-01-13,Chicken,kg,11.35
RM017,2025-01-14,Chicken,kg,9.75
RM017,2025-01-15,Chicken,kg,11.75
RM017,2025-01-16,Chicken,kg,11.31
RM017,2025-01-17,Chicken,kg,13.58
RM017,2025-01-18,Chicken,kg,13.38
RM017,2025-01-19,Chicken,kg,13.24
RM017,2025-01-20,Chicken,kg,10.12
RM017,2025-01-21,Chicken,kg,9.97
RM017,2025-01-22,Chicken,kg,11.46
RM017,2025-01-23,Chicken,kg,11.84
RM017,2025-01-24,Chicken,kg,13.9
RM017,2025-01-25,Chicken,kg,12.76
RM017,2025-01-26,Chicken,kg,13.82
RM017,2025-01-27,Chicken,kg,12.2
RM017,2025-01-28,Chicken,kg,10.5
RM017,2025-01-29,Chicken,kg,13.09
RM017,2025-01-30,Chicken,kg,13.1
RM017,2025-01-31,Chicken,kg,11.46
RM017,2025-02-01,Chicken,kg,15.18
RM017,2025-02-02,Chicken,kg,11.92
RM017,2025-02-03,Chicken,kg,11.99
RM017,2025-02-04,Chicken,kg,11.76
RM017,2025-02-05,Chicken,kg,12.83
RM017,2025-02-06,Chicken,kg,12.1
RM017,2025-02-07,Chicken,kg,11.57
RM017,2025-02-08,Chicken,kg,14.44
RM017,2025-02-09,Chicken,kg,12.33
RM017,2025-02-10,Chicken,kg,8.85
RM017,2025-02-11,Chicken,kg,11.52
RM017,2025-02-12,Chicken,kg,12.54
RM017,2025-02-13,Chicken,kg,13.7
RM017,2025-02-14,Chicken,kg,13.75
RM017,2025-02-15,Chicken,kg,12.1
RM017,2025-02-16,Chicken,kg,11.41
RM017,2025-02-17,Chicken,kg,10.01
RM017,2025-02-18,Chicken,kg,12.13
RM017,2025-02-19,Chicken,kg,11.93
RM017,2025-02-20,Chicken,kg,13.67
RM017,2025-02-21,Chicken,kg,13.29
RM017,2025-02-22,Chicken,kg,14.54
RM017,2025-02-23,Chicken,kg,14.03
RM017,2025-02-24,Chicken,kg,11.39
RM017,2025-02-25,Chicken,kg,11.74
RM017,2025-02-26,Chicken,kg,13.76
RM017,2025-02-27,Chicken,kg,16.13
RM017,2025-02-28,Chicken,kg,14.84
RM017,2025-03-01,Chicken,kg,14.88
RM017,2025-03-02,Chicken,kg,13.8
RM017,2025-03-03,Chicken,kg,10.91
RM017,2025-03-04,Chicken,kg,12.41
RM017,2025-03-05,Chicken,kg,12.85
RM017,2025-03-06,Chicken,kg,13.14
RM017,2025-03-07,Chicken,kg,13.17
RM017,2025-03-08,Chicken,kg,13.42
RM017,2025-03-09,Chicken,kg,13.67
RM017,2025-03-10,Chicken,kg,10.76
RM017,2025-03-11,Chicken,kg,11.73
RM017,2025-03-12,Chicken,kg,12.35
RM017,2025-03-13,Chicken,kg,12.42
RM017,2025-03-14,Chicken,kg,13.6
RM017,2025-03-15,Chicken,kg,14.43
RM017,2025-03-16,Chicken,kg,12.63
RM017,2025-03-17,Chicken,kg,9.54
RM017,2025-03-18,Chicken,kg,10.39
RM017,2025-03-19,Chicken,kg,12.48
RM017,2025-03-20,Chicken,kg,11.27
RM017,2025-03-21,Chicken,kg,13.62
RM017,2025-03-22,Chicken,kg,15.67
RM017,2025-03-23,Chicken,kg,14.72
RM017,2025-03-24,Chicken,kg,10.25
RM017,2025-03-25,Chicken,kg,12.24
RM017,2025-03-26,Chicken,kg,11.49
RM017,2025-03-27,Chicken,kg,13.0
RM017,2025-03-28,Chicken,kg,13.2
RM017,2025-03-29,Chicken,kg,15.07
RM017,2025-03-30,Chicken,kg,13.5
RM017,2025-03-31,Chicken,kg,10.88
RM017,2025-04-01,Chicken,kg,13.05
RM017,2025-04-02,Chicken,kg,13.18
RM017,2025-04-03,Chicken,kg,12.2
RM017,2025-04-04,Chicken,kg,13.6
RM017,2025-04-05,Chicken,kg,16.17
RM017,2025-04-06,Chicken,kg,12.33
RM017,2025-04-07,Chicken,kg,10.95
RM017,2025-04-08,Chicken,kg,11.58
RM017,2025-04-09,Chicken,kg,12.73
RM017,2025-04-10,Chicken,kg,11.51
RM017,2025-04-11,Chicken,kg,12.8
RM017,2025-04-12,Chicken,kg,14.96
RM017,2025-04-13,Chicken,kg,12.66
RM017,2025-04-14,Chicken,kg,8.93
RM017,2025-04-15,Chicken,kg,10.53
RM017,2025-04-16,Chicken,kg,10.68
RM017,2025-04-17,Chicken,kg,12.73
RM017,2025-04-18,Chicken,kg,10.78
RM017,2025-04-19,Chicken,kg,13.27
RM017,2025-04-20,Chicken,kg,12.66
RM017,2025-04-21,Chicken,kg,11.33
RM017,2025-04-22,Chicken,kg,12.32
RM017,2025-04-23,Chicken,kg,12.45
RM017,2025-04-24,Chicken,kg,13.27
RM017,2025-04-25,Chicken,kg,13.13
RM017,2025-04-26,Chicken,kg,12.98
RM017,2025-04-27,Chicken,kg,13.43
RM017,2025-04-28,Chicken,kg,10.93
RM017,2025-04-29,Chicken,kg,10.89
RM017,2025-04-30,Chicken,kg,11.18
RM017,2025-05-01,Chicken,kg,13.62
RM017,2025-05-02,Chicken,kg,12.15
RM017,2025-05-03,Chicken,kg,15.99
RM017,2025-05-04,Chicken,kg,14.84
RM017,2025-05-05,Chicken,kg,11.68
RM017,2025-05-06,Chicken,kg,10.95
RM017,2025-05-07,Chicken,kg,11.6
RM017,2025-05-08,Chicken,kg,11.45
RM017,2025-05-09,Chicken,kg,11.99
RM017,2025-05-10,Chicken,kg,13.64
RM017,2025-05-11,Chicken,kg,11.39
RM017,2025-05-12,Chicken,kg,10.93
RM017,2025-05-13,Chicken,kg,8.88
RM017,2025-05-14,Chicken,kg,11.45
RM017,2025-05-15,Chicken,kg,13.07
RM017,2025-05-16,Chicken,kg,12.09
RM017,2025-05-17,Chicken,kg,15.54
RM017,2025-05-18,Chicken,kg,12.16
RM017,2025-05-19,Chicken,kg,8.65
RM017,2025-05-20,Chicken,kg,10.38
RM017,2025-05-21,Chicken,kg,12.56
RM017,2025-05-22,Chicken,kg,11.94
RM017,2025-05-23,Chicken,kg,13.4
RM017,2025-05-24,Chicken,kg,15.3
RM017,2025-05-25,Chicken,kg,13.71
RM017,2025-05-26,Chicken,kg,11.06
RM017,2025-05-27,Chicken,kg,13.22
RM017,2025-05-28,Chicken,kg,13.48
RM017,2025-05-29,Chicken,kg,12.14
RM017,2025-05-30,Chicken,kg,15.09
RM017,2025-05-31,Chicken,kg,13.92
RM017,2025-06-01,Chicken,kg,14.1
RM017,2025-06-02,Chicken,kg,11.71
RM017,2025-06-03,Chicken,kg,12.62
RM017,2025-06-04,Chicken,kg,11.01
RM017,2025-06-05,Chicken,kg,13.33
RM017,2025-06-06,Chicken,kg,13.12
RM017,2025-06-07,Chicken,kg,15.97
RM017,2025-06-08,Chicken,kg,12.54
RM017,2025-06-09,Chicken,kg,10.43
RM017,2025-06-10,Chicken,kg,10.73
RM017,2025-06-11,Chicken,kg,11.86
RM017,2025-06-12,Chicken,kg,12.16
RM017,2025-06-13,Chicken,kg,14.0
RM017,2025-06-14,Chicken,kg,12.81
RM017,2025-06-15,Chicken,kg,12.2
RM017,2025-06-16,Chicken,kg,11.74
RM017,2025-06-17,Chicken,kg,9.4
RM017,2025-06-18,Chicken,kg,12.01
RM017,2025-06-19,Chicken,kg,12.71
RM017,2025-06-20,Chicken,kg,12.32
RM017,2025-06-21,Chicken,kg,14.51
RM017,2025-06-22,Chicken,kg,13.27
RM017,2025-06-23,Chicken,kg,11.41
RM017,2025-06-24,Chicken,kg,13.45
RM017,2025-06-25,Chicken,kg,14.72
RM017,2025-06-26,Chicken,kg,12.41
RM017,2025-06-27,Chicken,kg,13.53
RM017,2025-06-28,Chicken,kg,15.41
RM017,2025-06-29,Chicken,kg,13.72
RM017,2025-06-30,Chicken,kg,11.85
RM017,2025-07-01,Chicken,kg,12.13
RM017,2025-07-02,Chicken,kg,12.7
RM017,2025-07-03,Chicken,kg,15.04
RM017,2025-07-04,Chicken,kg,13.71
RM017,2025-07-05,Chicken,kg,15.42
RM017,2025-07-06,Chicken,kg,12.23
RM017,2025-07-07,Chicken,kg,10.8
RM017,2025-07-08,Chicken,kg,11.47
RM017,2025-07-09,Chicken,kg,12.93
RM017,2025-07-10,Chicken,kg,11.97
RM017,2025-07-11,Chicken,kg,12.47
RM017,2025-07-12,Chicken,kg,14.74
RM017,2025-07-13,Chicken,kg,12.69
RM017,2025-07-14,Chicken,kg,9.82
RM017,2025-07-15,Chicken,kg,11.01
RM017,2025-07-16,Chicken,kg,10.95
RM017,2025-07-17,Chicken,kg,10.78
RM017,2025-07-18,Chicken,kg,12.77
RM017,2025-07-19,Chicken,kg,14.76
RM017,2025-07-20,Chicken,kg,11.07
RM017,2025-07-21,Chicken,kg,10.23
RM017,2025-07-22,Chicken,kg,10.49
RM017,2025-07-23,Chicken,kg,12.54
RM017,2025-07-24,Chicken,kg,13.37
RM017,2025-07-25,Chicken,kg,13.4
RM017,2025-07-26,Chicken,kg,14.59
RM017,2025-07-27,Chicken,kg,14.55
RM017,2025-07-28,Chicken,kg,11.31
RM017,2025-07-29,Chicken,kg,12.38
RM017,2025-07-30,Chicken,kg,14.71
RM017,2025-07-31,Chicken,kg,12.8
RM017,2025-08-01,Chicken,kg,14.48
RM017,2025-08-02,Chicken,kg,16.28
RM017,2025-08-03,Chicken,kg,13.17
RM017,2025-08-04,Chicken,kg,12.1
RM017,2025-08-05,Chicken,kg,11.53
RM017,2025-08-06,Chicken,kg,12.37
RM017,2025-08-07,Chicken,kg,14.18
RM017,2025-08-08,Chicken,kg,13.41
RM017,2025-08-09,Chicken,kg,14.79
RM017,2025-08-10,Chicken,kg,11.05
RM017,2025-08-11,Chicken,kg,10.89
RM017,2025-08-12,Chicken,kg,11.06
RM017,2025-08-13,Chicken,kg,9.81
RM017,2025-08-14,Chicken,kg,11.84
RM017,2025-08-15,Chicken,kg,13.31
RM017,2025-08-16,Chicken,kg,11.93
RM017,2025-08-17,Chicken,kg,12.19
RM017,2025-08-18,Chicken,kg,10.2
RM017,2025-08-19,Chicken,kg,11.49
RM017,2025-08-20,Chicken,kg,10.27
RM017,2025-08-21,Chicken,kg,13.01
RM017,2025-08-22,Chicken,kg,13.89
RM017,2025-08-23,Chicken,kg,14.88
RM017,2025-08-24,Chicken,kg,11.61
RM017,2025-08-25,Chicken,kg,10.83
RM017,2025-08-26,Chicken,kg,12.19
RM017,2025-08-27,Chicken,kg,12.82
RM017,2025-08-28,Chicken,kg,14.09
RM017,2025-08-29,Chicken,kg,12.42
RM017,2025-08-30,Chicken,kg,15.08
RM017,2025-08-31,Chicken,kg,14.93
RM017,2025-09-01,Chicken,kg,11.99
RM017,2025-09-02,Chicken,kg,12.98
RM017,2025-09-03,Chicken,kg,12.14
RM017,2025-09-04,Chicken,kg,13.3
RM017,2025-09-05,Chicken,kg,13.37
RM017,2025-09-06,Chicken,kg,12.81
RM017,2025-09-07,Chicken,kg,11.17
RM017,2025-09-08,Chicken,kg,10.07
RM017,2025-09-09,Chicken,kg,10.82
RM017,2025-09-10,Chicken,kg,10.6
RM017,2025-09-11,Chicken,kg,12.21
RM017,2025-09-12,Chicken,kg,12.78
RM017,2025-09-13,Chicken,kg,14.08
RM017,2025-09-14,Chicken,kg,12.33
RM017,2025-09-15,Chicken,kg,9.25
RM017,2025-09-16,Chicken,kg,9.06
RM017,2025-09-17,Chicken,kg,11.5
RM017,2025-09-18,Chicken,kg,9.77
RM017,2025-09-19,Chicken,kg,14.02
RM017,2025-09-20,Chicken,kg,15.7
RM017,2025-09-21,Chicken,kg,12.54
RM017,2025-09-22,Chicken,kg,9.38
RM017,2025-09-23,Chicken,kg,12.35
RM017,2025-09-24,Chicken,kg,12.15
RM017,2025-09-25,Chicken,kg,12.96
RM017,2025-09-26,Chicken,kg,12.2
RM017,2025-09-27,Chicken,kg,12.75
RM017,2025-09-28,Chicken,kg,14.38
RM017,2025-09-29,Chicken,kg,11.55
RM017,2025-09-30,Chicken,kg,9.92
RM017,2025-10-01,Chicken,kg,12.8
RM017,2025-10-02,Chicken,kg,12.22
RM017,2025-10-03,Chicken,kg,12.24
RM017,2025-10-04,Chicken,kg,14.64
RM017,2025-10-05,Chicken,kg,13.96
RM017,2025-10-06,Chicken,kg,10.17
RM017,2025-10-07,Chicken,kg,11.94
RM017,2025-10-08,Chicken,kg,10.32
RM017,2025-10-09,Chicken,kg,12.3
RM017,2025-10-10,Chicken,kg,13.14
RM017,2025-10-11,Chicken,kg,14.27
RM017,2025-10-12,Chicken,kg,11.4
RM017,2025-10-13,Chicken,kg,9.59
RM017,2025-10-14,Chicken,kg,9.63
RM017,2025-10-15,Chicken,kg,11.4
RM017,2025-10-16,Chicken,kg,12.98
RM017,2025-10-17,Chicken,kg,14.52
RM017,2025-10-18,Chicken,kg,17.03
RM017,2025-10-19,Chicken,kg,12.99
RM017,2025-10-20,Chicken,kg,9.79
RM017,2025-10-21,Chicken,kg,11.24
RM017,2025-10-22,Chicken,kg,12.51
RM017,2025-10-23,Chicken,kg,13.53
RM017,2025-10-24,Chicken,kg,12.98
RM017,2025-10-25,Chicken,kg,15.13
RM017,2025-10-26,Chicken,kg,14.4
RM017,2025-10-27,Chicken,kg,11.69
RM017,2025-10-28,Chicken,kg,11.91
RM017,2025-10-29,Chicken,kg,13.29
RM017,2025-10-30,Chicken,kg,14.37
RM017,2025-10-31,Chicken,kg,14.48
RM017,2025-11-01,Chicken,kg,16.06
RM017,2025-11-02,Chicken,kg,13.77
RM017,2025-11-03,Chicken,kg,11.54
RM017,2025-11-04,Chicken,kg,11.45
RM017,2025-11-05,Chicken,kg,14.38
RM017,2025-11-06,Chicken,kg,11.83
RM017,2025-11-07,Chicken,kg,14.21
RM017,2025-11-08,Chicken,kg,14.5
RM017,2025-11-09,Chicken,kg,13.98
RM017,2025-11-10,Chicken,kg,10.06
RM017,2025-11-11,Chicken,kg,11.32
RM017,2025-11-12,Chicken,kg,12.73
RM017,2025-11-13,Chicken,kg,10.38
RM017,2025-11-14,Chicken,kg,13.12
RM017,2025-11-15,Chicken,kg,14.51
RM017,2025-11-16,Chicken,kg,11.89
RM017,2025-11-17,Chicken,kg,10.08
RM017,2025-11-18,Chicken,kg,10.67
RM017,2025-11-19,Chicken,kg,12.55
RM017,2025-11-20,Chicken,kg,14.06
RM017,2025-11-21,Chicken,kg,11.57
RM017,2025-11-22,Chicken,kg,15.28
RM017,2025-11-23,Chicken,kg,13.57
RM017,2025-11-24,Chicken,kg,12.96
RM017,2025-11-25,Chicken,kg,13.32
RM017,2025-11-26,Chicken,kg,11.73
RM017,2025-11-27,Chicken,kg,13.12
RM017,2025-11-28,Chicken,kg,11.52
RM017,2025-11-29,Chicken,kg,13.38
RM017,2025-11-30,Chicken,kg,13.34
RM017,2025-12-01,Chicken,kg,11.17
RM017,2025-12-02,Chicken,kg,12.84
RM017,2025-12-03,Chicken,kg,10.27
RM017,2025-12-04,Chicken,kg,13.16
RM017,2025-12-05,Chicken,kg,12.58
RM017,2025-12-06,Chicken,kg,14.76
RM017,2025-12-07,Chicken,kg,13.13
RM017,2025-12-08,Chicken,kg,10.24
RM017,2025-12-09,Chicken,kg,11.11
RM017,2025-12-10,Chicken,kg,11.11
RM017,2025-12-11,Chicken,kg,11.98
RM017,2025-12-12,Chicken,kg,13.94
RM017,2025-12-13,Chicken,kg,13.32
RM017,2025-12-14,Chicken,kg,12.64
RM017,2025-12-15,Chicken,kg,8.68
RM017,2025-12-16,Chicken,kg,10.44
RM017,2025-12-17,Chicken,kg,11.61
RM017,2025-12-18,Chicken,kg,11.04
RM017,2025-12-19,Chicken,kg,14.41
RM017,2025-12-20,Chicken,kg,13.15
RM017,2025-12-21,Chicken,kg,13.51
RM017,2025-12-22,Chicken,kg,10.77
RM017,2025-12-23,Chicken,kg,12.7
RM017,2025-12-24,Chicken,kg,11.71
RM017,2025-12-25,Chicken,kg,12.82
RM017,2025-12-26,Chicken,kg,13.06
RM017,2025-12-27,Chicken,kg,15.15
RM017,2025-12-28,Chicken,kg,15.76
RM017,2025-12-29,Chicken,kg,11.04
RM017,2025-12-30,Chicken,kg,12.09
RM017,2025-12-31,Chicken,kg,11.96
RM017,2026-01-01,Chicken,kg,12.25
RM017,2026-01-02,Chicken,kg,12.07
RM017,2026-01-03,Chicken,kg,15.02
RM017,2026-01-04,Chicken,kg,14.29
RM017,2026-01-05,Chicken,kg,10.13
RM017,2026-01-06,Chicken,kg,11.76
RM017,2026-01-07,Chicken,kg,11.21
RM017,2026-01-08,Chicken,kg,11.63
RM017,2026-01-09,Chicken,kg,12.94
RM017,2026-01-10,Chicken,kg,13.98
RM017,2026-01-11,Chicken,kg,12.03
RM017,2026-01-12,Chicken,kg,8.85
RM017,2026-01-13,Chicken,kg,10.25
RM017,2026-01-14,Chicken,kg,11.98
RM017,2026-01-15,Chicken,kg,11.12
RM017,2026-01-16,Chicken,kg,13.22
RM017,2026-01-17,Chicken,kg,14.19
RM017,2026-01-18,Chicken,kg,12.04
RM017,2026-01-19,Chicken,kg,9.86
RM017,2026-01-20,Chicken,kg,10.31
RM017,2026-01-21,Chicken,kg,12.65
RM017,2026-01-22,Chicken,kg,14.16
RM017,2026-01-23,Chicken,kg,14.72
RM017,2026-01-24,Chicken,kg,15.07
RM017,2026-01-25,Chicken,kg,12.11
RM017,2026-01-26,Chicken,kg,10.53
RM017,2026-01-27,Chicken,kg,12.66
RM017,2026-01-28,Chicken,kg,13.9
RM017,2026-01-29,Chicken,kg,15.1
RM017,2026-01-30,Chicken,kg,13.25
RM017,2026-01-31,Chicken,kg,15.02
RM017,2026-02-01,Chicken,kg,13.53
RM017,2026-02-02,Chicken,kg,9.49
RM017,2026-02-03,Chicken,kg,11.98
RM017,2026-02-04,Chicken,kg,12.67
RM017,2026-02-05,Chicken,kg,11.38
RM017,2026-02-06,Chicken,kg,13.49
RM017,2026-02-07,Chicken,kg,13.21
RM017,2026-02-08,Chicken,kg,10.53
RM017,2026-02-09,Chicken,kg,11.5
RM017,2026-02-10,Chicken,kg,11.57
RM017,2026-02-11,Chicken,kg,11.33
RM017,2026-02-12,Chicken,kg,11.76
RM017,2026-02-13,Chicken,kg,12.68
RM017,2026-02-14,Chicken,kg,11.5
RM017,2026-02-15,Chicken,kg,12.81
RM017,2026-02-16,Chicken,kg,9.5
RM017,2026-02-17,Chicken,kg,11.44
RM017,2026-02-18,Chicken,kg,11.72
RM017,2026-02-19,Chicken,kg,11.51
RM017,2026-02-20,Chicken,kg,14.9
RM017,2026-02-21,Chicken,kg,14.91
RM017,2026-02-22,Chicken,kg,13.38
RM017,2026-02-23,Chicken,kg,10.43
RM017,2026-02-24,Chicken,kg,11.52
RM017,2026-02-25,Chicken,kg,12.33
RM017,2026-02-26,Chicken,kg,15.5
RM017,2026-02-27,Chicken,kg,13.58
RM017,2026-02-28,Chicken,kg,13.27
RM017,2026-03-01,Chicken,kg,11.92
RM017,2026-03-02,Chicken,kg,10.05
RM017,2026-03-03,Chicken,kg,12.0
RM017,2026-03-04,Chicken,kg,11.57
RM017,2026-03-05,Chicken,kg,13.23
RM017,2026-03-06,Chicken,kg,11.91
RM017,2026-03-07,Chicken,kg,13.31
RM017,2026-03-08,Chicken,kg,12.01
RM017,2026-03-09,Chicken,kg,8.76
RM017,2026-03-10,Chicken,kg,11.13
RM017,2026-03-11,Chicken,kg,12.6
RM017,2026-03-12,Chicken,kg,11.5
RM017,2026-03-13,Chicken,kg,13.0
RM017,2026-03-14,Chicken,kg,14.13
RM017,2026-03-15,Chicken,kg,10.76
RM017,2026-03-16,Chicken,kg,10.25
RM017,2026-03-17,Chicken,kg,10.2
RM017,2026-03-18,Chicken,kg,12.13
RM017,2026-03-19,Chicken,kg,10.64
RM017,2026-03-20,Chicken,kg,13.58
RM017,2026-03-21,Chicken,kg,12.76
RM017,2026-03-22,Chicken,kg,11.93
RM017,2026-03-23,Chicken,kg,11.09
RM017,2026-03-24,Chicken,kg,12.37
RM017,2026-03-25,Chicken,kg,12.69
RM017,2026-03-26,Chicken,kg,13.31
RM017,2026-03-27,Chicken,kg,14.48
RM017,2026-03-28,Chicken,kg,14.98
RM017,2026-03-29,Chicken,kg,11.14
RM017,2026-03-30,Chicken,kg,10.7
RM017,2026-03-31,Chicken,kg,11.46
RM017,2026-04-01,Chicken,kg,11.89
RM017,2026-04-02,Chicken,kg,13.97
RM017,2026-04-03,Chicken,kg,12.09
RM017,2026-04-04,Chicken,kg,13.93
RM017,2026-04-05,Chicken,kg,14.52
RM017,2026-04-06,Chicken,kg,10.72
RM017,2026-04-07,Chicken,kg,11.01
RM017,2026-04-08,Chicken,kg,11.18
RM017,2026-04-09,Chicken,kg,12.16
RM017,2026-04-10,Chicken,kg,12.72
RM017,2026-04-11,Chicken,kg,14.44
RM017,2026-04-12,Chicken,kg,12.11
RM017,2026-04-13,Chicken,kg,10.26
RM017,2026-04-14,Chicken,kg,12.27
RM017,2026-04-15,Chicken,kg,11.35
RM017,2026-04-16,Chicken,kg,12.59
RM017,2026-04-17,Chicken,kg,11.8
RM017,2026-04-18,Chicken,kg,12.73
RM017,2026-04-19,Chicken,kg,11.54
RM017,2026-04-20,Chicken,kg,11.66
RM017,2026-04-21,Chicken,kg,11.3
RM017,2026-04-22,Chicken,kg,12.15
RM017,2026-04-23,Chicken,kg,12.75
RM017,2026-04-24,Chicken,kg,13.71
RM017,2026-04-25,Chicken,kg,12.49
RM017,2026-04-26,Chicken,kg,13.3
RM017,2026-04-27,Chicken,kg,8.68
RM017,2026-04-28,Chicken,kg,11.67
RM017,2026-04-29,Chicken,kg,12.82
RM017,2026-04-30,Chicken,kg,12.32
RM017,2026-05-01,Chicken,kg,13.91
RM017,2026-05-02,Chicken,kg,14.23
RM017,2026-05-03,Chicken,kg,14.4
RM017,2026-05-04,Chicken,kg,11.05
RM017,2026-05-05,Chicken,kg,11.66
RM017,2026-05-06,Chicken,kg,13.37
RM017,2026-05-07,Chicken,kg,10.8
RM017,2026-05-08,Chicken,kg,13.84
RM017,2026-05-09,Chicken,kg,13.73
RM017,2026-05-10,Chicken,kg,12.59
RM017,2026-05-11,Chicken,kg,9.93
RM017,2026-05-12,Chicken,kg,11.18
RM017,2026-05-13,Chicken,kg,11.43
RM017,2026-05-14,Chicken,kg,10.59
RM017,2026-05-15,Chicken,kg,9.99
RM017,2026-05-16,Chicken,kg,11.14
RM017,2026-05-17,Chicken,kg,12.39
RM017,2026-05-18,Chicken,kg,12.11
RM017,2026-05-19,Chicken,kg,10.51
RM017,2026-05-20,Chicken,kg,11.69
RM017,2026-05-21,Chicken,kg,14.03
RM017,2026-05-22,Chicken,kg,11.99
RM017,2026-05-23,Chicken,kg,15.59
RM017,2026-05-24,Chicken,kg,12.46
RM017,2026-05-25,Chicken,kg,10.19
RM017,2026-05-26,Chicken,kg,12.2
RM017,2026-05-27,Chicken,kg,13.54
RM017,2026-05-28,Chicken,kg,11.48
RM017,2026-05-29,Chicken,kg,13.97
RM017,2026-05-30,Chicken,kg,15.72
RM017,2026-05-31,Chicken,kg,15.57
RM017,2026-06-01,Chicken,kg,11.24
RM017,2026-06-02,Chicken,kg,12.08
RM017,2026-06-03,Chicken,kg,14.6
RM017,2026-06-04,Chicken,kg,12.05
RM017,2026-06-05,Chicken,kg,14.9
RM017,2026-06-06,Chicken,kg,15.15
RM017,2026-06-07,Chicken,kg,14.21
RM017,2026-06-08,Chicken,kg,9.74
RM017,2026-06-09,Chicken,kg,11.24
RM017,2026-06-10,Chicken,kg,11.73
RM017,2026-06-11,Chicken,kg,12.14
RM017,2026-06-12,Chicken,kg,12.37
RM017,2026-06-13,Chicken,kg,13.1
RM017,2026-06-14,Chicken,kg,13.88
RM017,2026-06-15,Chicken,kg,9.4
RM017,2026-06-16,Chicken,kg,9.8
RM017,2026-06-17,Chicken,kg,10.42
RM017,2026-06-18,Chicken,kg,11.17
RM017,2026-06-19,Chicken,kg,12.37
RM017,2026-06-20,Chicken,kg,13.8
RM017,2026-06-21,Chicken,kg,12.33
RM017,2026-06-22,Chicken,kg,10.74
RM017,2026-06-23,Chicken,kg,12.3
RM017,2026-06-24,Chicken,kg,11.69
RM017,2026-06-25,Chicken,kg,13.34
RM017,2026-06-26,Chicken,kg,14.08
RM017,2026-06-27,Chicken,kg,14.43
RM017,2026-06-28,Chicken,kg,12.65
RM017,2026-06-29,Chicken,kg,9.89
RM017,2026-06-30,Chicken,kg,12.2
RM017,2026-07-01,Chicken,kg,13.01
RM017,2026-07-02,Chicken,kg,13.82
RM017,2026-07-03,Chicken,kg,14.62
RM017,2026-07-04,Chicken,kg,16.36
RM017,2026-07-05,Chicken,kg,12.69
RM017,2026-07-06,Chicken,kg,10.73
RM017,2026-07-07,Chicken,kg,12.03
RM017,2026-07-08,Chicken,kg,12.81
RM017,2026-07-09,Chicken,kg,13.05
RM017,2026-07-10,Chicken,kg,11.55
RM017,2026-07-11,Chicken,kg,13.39
RM017,2026-07-12,Chicken,kg,12.64
RM017,2026-07-13,Chicken,kg,8.92
RM017,2026-07-14,Chicken,kg,9.58
RM017,2026-07-15,Chicken,kg,10.84
RM017,2026-07-16,Chicken,kg,11.51
RM017,2026-07-17,Chicken,kg,10.86
RM017,2026-07-18,Chicken,kg,13.99
RM017,2026-07-19,Chicken,kg,13.04
RM017,2026-07-20,Chicken,kg,9.67
RM017,2026-07-21,Chicken,kg,12.52
RM017,2026-07-22,Chicken,kg,12.4
RM017,2026-07-23,Chicken,kg,12.66
RM017,2026-07-24,Chicken,kg,13.39
RM017,2026-07-25,Chicken,kg,16.69
RM017,2026-07-26,Chicken,kg,11.78
RM017,2026-07-27,Chicken,kg,9.57
RM017,2026-07-28,Chicken,kg,12.44
RM017,2026-07-29,Chicken,kg,11.85
RM017,2026-07-30,Chicken,kg,13.75
RM017,2026-07-31,Chicken,kg,14.27
RM017,2026-08-01,Chicken,kg,15.23
RM017,2026-08-02,Chicken,kg,13.09
RM017,2026-08-03,Chicken,kg,12.02
RM017,2026-08-04,Chicken,kg,12.24
RM017,2026-08-05,Chicken,kg,12.05
RM017,2026-08-06,Chicken,kg,11.81
RM017,2026-08-07,Chicken,kg,12.73
RM017,2026-08-08,Chicken,kg,13.9
RM017,2026-08-09,Chicken,kg,12.36
RM018,2025-01-01,Pork,kg,11.51
RM018,2025-01-02,Pork,kg,14.02
RM018,2025-01-03,Pork,kg,13.31
RM018,2025-01-04,Pork,kg,15.39
RM018,2025-01-05,Pork,kg,12.59
RM018,2025-01-06,Pork,kg,10.21
RM018,2025-01-07,Pork,kg,12.18
RM018,2025-01-08,Pork,kg,11.66
RM018,2025-01-09,Pork,kg,11.53
RM018,2025-01-10,Pork,kg,12.98
RM018,2025-01-11,Pork,kg,13.76
RM018,2025-01-12,Pork,kg,12.95
RM018,2025-01-13,Pork,kg,9.67
RM018,2025-01-14,Pork,kg,9.42
RM018,2025-01-15,Pork,kg,10.77
RM018,2025-01-16,Pork,kg,11.68
RM018,2025-01-17,Pork,kg,10.6
RM018,2025-01-18,Pork,kg,13.83
RM018,2025-01-19,Pork,kg,12.45
RM018,2025-01-20,Pork,kg,9.98
RM018,2025-01-21,Pork,kg,10.84
RM018,2025-01-22,Pork,kg,13.52
RM018,2025-01-23,Pork,kg,14.15
RM018,2025-01-24,Pork,kg,15.35
RM018,2025-01-25,Pork,kg,15.86
RM018,2025-01-26,Pork,kg,12.16
RM018,2025-01-27,Pork,kg,9.49
RM018,2025-01-28,Pork,kg,13.06
RM018,2025-01-29,Pork,kg,13.74
RM018,2025-01-30,Pork,kg,13.09
RM018,2025-01-31,Pork,kg,13.83
RM018,2025-02-01,Pork,kg,15.75
RM018,2025-02-02,Pork,kg,14.22
RM018,2025-02-03,Pork,kg,9.19
RM018,2025-02-04,Pork,kg,11.63
RM018,2025-02-05,Pork,kg,10.07
RM018,2025-02-06,Pork,kg,11.39
RM018,2025-02-07,Pork,kg,13.14
RM018,2025-02-08,Pork,kg,15.33
RM018,2025-02-09,Pork,kg,11.54
RM018,2025-02-10,Pork,kg,8.89
RM018,2025-02-11,Pork,kg,9.87
RM018,2025-02-12,Pork,kg,12.21
RM018,2025-02-13,Pork,kg,10.95
RM018,2025-02-14,Pork,kg,13.46
RM018,2025-02-15,Pork,kg,11.24
RM018,2025-02-16,Pork,kg,13.05
RM018,2025-02-17,Pork,kg,11.34
RM018,2025-02-18,Pork,kg,12.06
RM018,2025-02-19,Pork,kg,13.64
RM018,2025-02-20,Pork,kg,12.56
RM018,2025-02-21,Pork,kg,13.62
RM018,2025-02-22,Pork,kg,16.61
RM018,2025-02-23,Pork,kg,13.95
RM018,2025-02-24,Pork,kg,10.89
RM018,2025-02-25,Pork,kg,12.05
RM018,2025-02-26,Pork,kg,13.03
RM018,2025-02-27,Pork,kg,14.55
RM018,2025-02-28,Pork,kg,15.76
RM018,2025-03-01,Pork,kg,14.76
RM018,2025-03-02,Pork,kg,12.88
RM018,2025-03-03,Pork,kg,10.54
RM018,2025-03-04,Pork,kg,12.3
RM018,2025-03-05,Pork,kg,12.76
RM018,2025-03-06,Pork,kg,10.39
RM018,2025-03-07,Pork,kg,12.84
RM018,2025-03-08,Pork,kg,14.6
RM018,2025-03-09,Pork,kg,13.87
RM018,2025-03-10,Pork,kg,11.43
RM018,2025-03-11,Pork,kg,10.95
RM018,2025-03-12,Pork,kg,10.15
RM018,2025-03-13,Pork,kg,12.4
RM018,2025-03-14,Pork,kg,12.84
RM018,2025-03-15,Pork,kg,14.81
RM018,2025-03-16,Pork,kg,11.05
RM018,2025-03-17,Pork,kg,9.19
RM018,2025-03-18,Pork,kg,12.06
RM018,2025-03-19,Pork,kg,12.03
RM018,2025-03-20,Pork,kg,13.99
RM018,2025-03-21,Pork,kg,11.87
RM018,2025-03-22,Pork,kg,15.03
RM018,2025-03-23,Pork,kg,13.62
RM018,2025-03-24,Pork,kg,10.75
RM018,2025-03-25,Pork,kg,13.91
RM018,2025-03-26,Pork,kg,13.36
RM018,2025-03-27,Pork,kg,12.27
RM018,2025-03-28,Pork,kg,14.72
RM018,2025-03-29,Pork,kg,15.25
RM018,2025-03-30,Pork,kg,14.89
RM018,2025-03-31,Pork,kg,11.14
RM018,2025-04-01,Pork,kg,12.59
RM018,2025-04-02,Pork,kg,12.31
RM018,2025-04-03,Pork,kg,12.41
RM018,2025-04-04,Pork,kg,14.41
RM018,2025-04-05,Pork,kg,16.79
RM018,2025-04-06,Pork,kg,14.2
RM018,2025-04-07,Pork,kg,10.22
RM018,2025-04-08,Pork,kg,12.18
RM018,2025-04-09,Pork,kg,11.86
RM018,2025-04-10,Pork,kg,10.27
RM018,2025-04-11,Pork,kg,13.3
RM018,2025-04-12,Pork,kg,14.59
RM018,2025-04-13,Pork,kg,11.92
RM018,2025-04-14,Pork,kg,9.9
RM018,2025-04-15,Pork,kg,9.82
RM018,2025-04-16,Pork,kg,10.99
RM018,2025-04-17,Pork,kg,12.04
RM018,2025-04-18,Pork,kg,10.82
RM018,2025-04-19,Pork,kg,14.19
RM018,2025-04-20,Pork,kg,12.74
RM018,2025-04-21,Pork,kg,11.09
RM018,2025-04-22,Pork,kg,11.44
RM018,2025-04-23,Pork,kg,12.61
RM018,2025-04-24,Pork,kg,12.66
RM018,2025-04-25,Pork,kg,15.18
RM018,2025-04-26,Pork,kg,13.66
RM018,2025-04-27,Pork,kg,13.65
RM018,2025-04-28,Pork,kg,10.25
RM018,2025-04-29,Pork,kg,11.49
RM018,2025-04-30,Pork,kg,10.57
RM018,2025-05-01,Pork,kg,11.56
RM018,2025-05-02,Pork,kg,12.48
RM018,2025-05-03,Pork,kg,15.91
RM018,2025-05-04,Pork,kg,14.54
RM018,2025-05-05,Pork,kg,10.06
RM018,2025-05-06,Pork,kg,12.32
RM018,2025-05-07,Pork,kg,13.0
RM018,2025-05-08,Pork,kg,11.77
RM018,2025-05-09,Pork,kg,14.31
RM018,2025-05-10,Pork,kg,13.54
RM018,2025-05-11,Pork,kg,12.16
RM018,2025-05-12,Pork,kg,9.47
RM018,2025-05-13,Pork,kg,10.69
RM018,2025-05-14,Pork,kg,12.35
RM018,2025-05-15,Pork,kg,12.01
RM018,2025-05-16,Pork,kg,12.32
RM018,2025-05-17,Pork,kg,14.24
RM018,2025-05-18,Pork,kg,12.81
RM018,2025-05-19,Pork,kg,10.91
RM018,2025-05-20,Pork,kg,10.27
RM018,2025-05-21,Pork,kg,12.01
RM018,2025-05-22,Pork,kg,13.27
RM018,2025-05-23,Pork,kg,14.42
RM018,2025-05-24,Pork,kg,14.7
RM018,2025-05-25,Pork,kg,13.54
RM018,2025-05-26,Pork,kg,11.77
RM018,2025-05-27,Pork,kg,11.38
RM018,2025-05-28,Pork,kg,13.27
RM018,2025-05-29,Pork,kg,13.43
RM018,2025-05-30,Pork,kg,14.07
RM018,2025-05-31,Pork,kg,16.87
RM018,2025-06-01,Pork,kg,12.93
RM018,2025-06-02,Pork,kg,11.48
RM018,2025-06-03,Pork,kg,12.27
RM018,2025-06-04,Pork,kg,12.0
RM018,2025-06-05,Pork,kg,14.23
RM018,2025-06-06,Pork,kg,12.4
RM018,2025-06-07,Pork,kg,15.0
RM018,2025-06-08,Pork,kg,13.28
RM018,2025-06-09,Pork,kg,9.41
RM018,2025-06-10,Pork,kg,11.71
RM018,2025-06-11,Pork,kg,12.03
RM018,2025-06-12,Pork,kg,12.32
RM018,2025-06-13,Pork,kg,13.4
RM018,2025-06-14,Pork,kg,10.83
RM018,2025-06-15,Pork,kg,11.88
RM018,2025-06-16,Pork,kg,9.34
RM018,2025-06-17,Pork,kg,11.96
RM018,2025-06-18,Pork,kg,12.12
RM018,2025-06-19,Pork,kg,12.88
RM018,2025-06-20,Pork,kg,12.25
RM018,2025-06-21,Pork,kg,13.0
RM018,2025-06-22,Pork,kg,15.01
RM018,2025-06-23,Pork,kg,10.71
RM018,2025-06-24,Pork,kg,13.02
RM018,2025-06-25,Pork,kg,12.3
RM018,2025-06-26,Pork,kg,15.2
RM018,2025-06-27,Pork,kg,13.74
RM018,2025-06-28,Pork,kg,17.17
RM018,2025-06-29,Pork,kg,15.15
RM018,2025-06-30,Pork,kg,10.03
RM018,2025-07-01,Pork,kg,12.58
RM018,2025-07-02,Pork,kg,13.79
RM018,2025-07-03,Pork,kg,14.35
RM018,2025-07-04,Pork,kg,13.12
RM018,2025-07-05,Pork,kg,16.09
RM018,2025-07-06,Pork,kg,13.23
RM018,2025-07-07,Pork,kg,10.79
RM018,2025-07-08,Pork,kg,10.99
RM018,2025-07-09,Pork,kg,11.86
RM018,2025-07-10,Pork,kg,11.56
RM018,2025-07-11,Pork,kg,12.46
RM018,2025-07-12,Pork,kg,12.62
RM018,2025-07-13,Pork,kg,12.78
RM018,2025-07-14,Pork,kg,9.92
RM018,2025-07-15,Pork,kg,11.19
RM018,2025-07-16,Pork,kg,13.26
RM018,2025-07-17,Pork,kg,12.88
RM018,2025-07-18,Pork,kg,13.69
RM018,2025-07-19,Pork,kg,13.92
RM018,2025-07-20,Pork,kg,13.53
RM018,2025-07-21,Pork,kg,9.83
RM018,2025-07-22,Pork,kg,10.51
RM018,2025-07-23,Pork,kg,13.09
RM018,2025-07-24,Pork,kg,10.87
RM018,2025-07-25,Pork,kg,14.31
RM018,2025-07-26,Pork,kg,13.93
RM018,2025-07-27,Pork,kg,15.09
RM018,2025-07-28,Pork,kg,12.13
RM018,2025-07-29,Pork,kg,13.56
RM018,2025-07-30,Pork,kg,10.67
RM018,2025-07-31,Pork,kg,13.34
RM018,2025-08-01,Pork,kg,16.01
RM018,2025-08-02,Pork,kg,11.06
RM018,2025-08-03,Pork,kg,13.64
RM018,2025-08-04,Pork,kg,10.71
RM018,2025-08-05,Pork,kg,11.81
RM018,2025-08-06,Pork,kg,10.95
RM018,2025-08-07,Pork,kg,11.73
RM018,2025-08-08,Pork,kg,11.9
RM018,2025-08-09,Pork,kg,13.71
RM018,2025-08-10,Pork,kg,10.33
RM018,2025-08-11,Pork,kg,10.2
RM018,2025-08-12,Pork,kg,11.01
RM018,2025-08-13,Pork,kg,11.24
RM018,2025-08-14,Pork,kg,10.57
RM018,2025-08-15,Pork,kg,13.29
RM018,2025-08-16,Pork,kg,13.4
RM018,2025-08-17,Pork,kg,13.22
RM018,2025-08-18,Pork,kg,9.77
RM018,2025-08-19,Pork,kg,11.41
RM018,2025-08-20,Pork,kg,14.01
RM018,2025-08-21,Pork,kg,13.89
RM018,2025-08-22,Pork,kg,14.67
RM018,2025-08-23,Pork,kg,15.39
RM018,2025-08-24,Pork,kg,12.02
RM018,2025-08-25,Pork,kg,11.71
RM018,2025-08-26,Pork,kg,14.74
RM018,2025-08-27,Pork,kg,14.49
RM018,2025-08-28,Pork,kg,14.07
RM018,2025-08-29,Pork,kg,13.54
RM018,2025-08-30,Pork,kg,15.71
RM018,2025-08-31,Pork,kg,12.16
RM018,2025-09-01,Pork,kg,12.16
RM018,2025-09-02,Pork,kg,11.0
RM018,2025-09-03,Pork,kg,12.09
RM018,2025-09-04,Pork,kg,11.49
RM018,2025-09-05,Pork,kg,13.09
RM018,2025-09-06,Pork,kg,13.46
RM018,2025-09-07,Pork,kg,12.25
RM018,2025-09-08,Pork,kg,9.06
RM018,2025-09-09,Pork,kg,9.42
RM018,2025-09-10,Pork,kg,10.77
RM018,2025-09-11,Pork,kg,10.9
RM018,2025-09-12,Pork,kg,13.18
RM018,2025-09-13,Pork,kg,13.11
RM018,2025-09-14,Pork,kg,13.99
RM018,2025-09-15,Pork,kg,10.18
RM018,2025-09-16,Pork,kg,10.26
RM018,2025-09-17,Pork,kg,13.26
RM018,2025-09-18,Pork,kg,12.44
RM018,2025-09-19,Pork,kg,13.48
RM018,2025-09-20,Pork,kg,14.78
RM018,2025-09-21,Pork,kg,12.63
RM018,2025-09-22,Pork,kg,11.09
RM018,2025-09-23,Pork,kg,12.01
RM018,2025-09-24,Pork,kg,11.84
RM018,2025-09-25,Pork,kg,14.71
RM018,2025-09-26,Pork,kg,14.27
RM018,2025-09-27,Pork,kg,15.58
RM018,2025-09-28,Pork,kg,12.38
RM018,2025-09-29,Pork,kg,11.63
RM018,2025-09-30,Pork,kg,11.2
RM018,2025-10-01,Pork,kg,12.44
RM018,2025-10-02,Pork,kg,12.19
RM018,2025-10-03,Pork,kg,13.74
RM018,2025-10-04,Pork,kg,12.42
RM018,2025-10-05,Pork,kg,13.34
RM018,2025-10-06,Pork,kg,9.49
RM018,2025-10-07,Pork,kg,10.78
RM018,2025-10-08,Pork,kg,11.72
RM018,2025-10-09,Pork,kg,12.16
RM018,2025-10-10,Pork,kg,11.82
RM018,2025-10-11,Pork,kg,14.36
RM018,2025-10-12,Pork,kg,10.3
RM018,2025-10-13,Pork,kg,10.04
RM018,2025-10-14,Pork,kg,9.07
RM018,2025-10-15,Pork,kg,13.79
RM018,2025-10-16,Pork,kg,13.38
RM018,2025-10-17,Pork,kg,13.28
RM018,2025-10-18,Pork,kg,14.06
RM018,2025-10-19,Pork,kg,11.26
RM018,2025-10-20,Pork,kg,10.06
RM018,2025-10-21,Pork,kg,11.78
RM018,2025-10-22,Pork,kg,11.57
RM018,2025-10-23,Pork,kg,12.15
RM018,2025-10-24,Pork,kg,15.9
RM018,2025-10-25,Pork,kg,13.33
RM018,2025-10-26,Pork,kg,13.64
RM018,2025-10-27,Pork,kg,10.73
RM018,2025-10-28,Pork,kg,12.34
RM018,2025-10-29,Pork,kg,12.33
RM018,2025-10-30,Pork,kg,13.76
RM018,2025-10-31,Pork,kg,15.94
RM018,2025-11-01,Pork,kg,15.52
RM018,2025-11-02,Pork,kg,12.31
RM018,2025-11-03,Pork,kg,10.37
RM018,2025-11-04,Pork,kg,11.2
RM018,2025-11-05,Pork,kg,10.42
RM018,2025-11-06,Pork,kg,13.1
RM018,2025-11-07,Pork,kg,12.9
RM018,2025-11-08,Pork,kg,15.2
RM018,2025-11-09,Pork,kg,12.02
RM018,2025-11-10,Pork,kg,10.47
RM018,2025-11-11,Pork,kg,11.28
RM018,2025-11-12,Pork,kg,10.9
RM018,2025-11-13,Pork,kg,12.51
RM018,2025-11-14,Pork,kg,11.57
RM018,2025-11-15,Pork,kg,13.61
RM018,2025-11-16,Pork,kg,13.39
RM018,2025-11-17,Pork,kg,9.23
RM018,2025-11-18,Pork,kg,10.31
RM018,2025-11-19,Pork,kg,11.84
RM018,2025-11-20,Pork,kg,11.44
RM018,2025-11-21,Pork,kg,11.14
RM018,2025-11-22,Pork,kg,16.02
RM018,2025-11-23,Pork,kg,11.62
RM018,2025-11-24,Pork,kg,10.03
RM018,2025-11-25,Pork,kg,10.77
RM018,2025-11-26,Pork,kg,14.96
RM018,2025-11-27,Pork,kg,13.04
RM018,2025-11-28,Pork,kg,12.39
RM018,2025-11-29,Pork,kg,13.72
RM018,2025-11-30,Pork,kg,13.81
RM018,2025-12-01,Pork,kg,11.05
RM018,2025-12-02,Pork,kg,12.12
RM018,2025-12-03,Pork,kg,12.25
RM018,2025-12-04,Pork,kg,13.17
RM018,2025-12-05,Pork,kg,12.53
RM018,2025-12-06,Pork,kg,15.95
RM018,2025-12-07,Pork,kg,11.51
RM018,2025-12-08,Pork,kg,11.34
RM018,2025-12-09,Pork,kg,10.72
RM018,2025-12-10,Pork,kg,9.74
RM018,2025-12-11,Pork,kg,12.2
RM018,2025-12-12,Pork,kg,12.37
RM018,2025-12-13,Pork,kg,12.85
RM018,2025-12-14,Pork,kg,13.61
RM018,2025-12-15,Pork,kg,9.74
RM018,2025-12-16,Pork,kg,11.0
RM018,2025-12-17,Pork,kg,10.98
RM018,2025-12-18,Pork,kg,14.01
RM018,2025-12-19,Pork,kg,13.26
RM018,2025-12-20,Pork,kg,13.22
RM018,2025-12-21,Pork,kg,14.22
RM018,2025-12-22,Pork,kg,10.76
RM018,2025-12-23,Pork,kg,13.64
RM018,2025-12-24,Pork,kg,11.43
RM018,2025-12-25,Pork,kg,12.56
RM018,2025-12-26,Pork,kg,14.66
RM018,2025-12-27,Pork,kg,15.39
RM018,2025-12-28,Pork,kg,13.51
RM018,2025-12-29,Pork,kg,11.52
RM018,2025-12-30,Pork,kg,10.35
RM018,2025-12-31,Pork,kg,11.92
RM018,2026-01-01,Pork,kg,14.5
RM018,2026-01-02,Pork,kg,12.47
RM018,2026-01-03,Pork,kg,12.83
RM018,2026-01-04,Pork,kg,10.99
RM018,2026-01-05,Pork,kg,10.76
RM018,2026-01-06,Pork,kg,11.34
RM018,2026-01-07,Pork,kg,11.07
RM018,2026-01-08,Pork,kg,10.97
RM018,2026-01-09,Pork,kg,12.42
RM018,2026-01-10,Pork,kg,12.71
RM018,2026-01-11,Pork,kg,11.34
RM018,2026-01-12,Pork,kg,10.27
RM018,2026-01-13,Pork,kg,10.57
RM018,2026-01-14,Pork,kg,11.25
RM018,2026-01-15,Pork,kg,12.66
RM018,2026-01-16,Pork,kg,12.62
RM018,2026-01-17,Pork,kg,13.29
RM018,2026-01-18,Pork,kg,13.44
RM018,2026-01-19,Pork,kg,10.92
RM018,2026-01-20,Pork,kg,11.07
RM018,2026-01-21,Pork,kg,11.69
RM018,2026-01-22,Pork,kg,12.08
RM018,2026-01-23,Pork,kg,13.75
RM018,2026-01-24,Pork,kg,15.27
RM018,2026-01-25,Pork,kg,12.71
RM018,2026-01-26,Pork,kg,11.58
RM018,2026-01-27,Pork,kg,11.37
RM018,2026-01-28,Pork,kg,11.74
RM018,2026-01-29,Pork,kg,12.7
RM018,2026-01-30,Pork,kg,14.08
RM018,2026-01-31,Pork,kg,16.51
RM018,2026-02-01,Pork,kg,12.27
RM018,2026-02-02,Pork,kg,11.66
RM018,2026-02-03,Pork,kg,11.5
RM018,2026-02-04,Pork,kg,10.76
RM018,2026-02-05,Pork,kg,11.92
RM018,2026-02-06,Pork,kg,14.82
RM018,2026-02-07,Pork,kg,15.71
RM018,2026-02-08,Pork,kg,12.14
RM018,2026-02-09,Pork,kg,10.4
RM018,2026-02-10,Pork,kg,9.9
RM018,2026-02-11,Pork,kg,8.75
RM018,2026-02-12,Pork,kg,12.59
RM018,2026-02-13,Pork,kg,14.23
RM018,2026-02-14,Pork,kg,14.31
RM018,2026-02-15,Pork,kg,13.23
RM018,2026-02-16,Pork,kg,9.63
RM018,2026-02-17,Pork,kg,11.25
RM018,2026-02-18,Pork,kg,14.44
RM018,2026-02-19,Pork,kg,13.81
RM018,2026-02-20,Pork,kg,13.04
RM018,2026-02-21,Pork,kg,16.61
RM018,2026-02-22,Pork,kg,15.15
RM018,2026-02-23,Pork,kg,11.72
RM018,2026-02-24,Pork,kg,11.69
RM018,2026-02-25,Pork,kg,13.64
RM018,2026-02-26,Pork,kg,11.02
RM018,2026-02-27,Pork,kg,13.53
RM018,2026-02-28,Pork,kg,15.41
RM018,2026-03-01,Pork,kg,13.05
RM018,2026-03-02,Pork,kg,10.56
RM018,2026-03-03,Pork,kg,11.7
RM018,2026-03-04,Pork,kg,11.63
RM018,2026-03-05,Pork,kg,12.46
RM018,2026-03-06,Pork,kg,12.44
RM018,2026-03-07,Pork,kg,13.55
RM018,2026-03-08,Pork,kg,13.04
RM018,2026-03-09,Pork,kg,9.59
RM018,2026-03-10,Pork,kg,11.11
RM018,2026-03-11,Pork,kg,12.74
RM018,2026-03-12,Pork,kg,10.74
RM018,2026-03-13,Pork,kg,13.75
RM018,2026-03-14,Pork,kg,13.87
RM018,2026-03-15,Pork,kg,12.39
RM018,2026-03-16,Pork,kg,10.04
RM018,2026-03-17,Pork,kg,10.66
RM018,2026-03-18,Pork,kg,11.07
RM018,2026-03-19,Pork,kg,11.51
RM018,2026-03-20,Pork,kg,14.49
RM018,2026-03-21,Pork,kg,12.39
RM018,2026-03-22,Pork,kg,12.29
RM018,2026-03-23,Pork,kg,10.01
RM018,2026-03-24,Pork,kg,11.03
RM018,2026-03-25,Pork,kg,12.68
RM018,2026-03-26,Pork,kg,13.12
RM018,2026-03-27,Pork,kg,11.76
RM018,2026-03-28,Pork,kg,14.66
RM018,2026-03-29,Pork,kg,13.95
RM018,2026-03-30,Pork,kg,11.24
RM018,2026-03-31,Pork,kg,13.48
RM018,2026-04-01,Pork,kg,12.55
RM018,2026-04-02,Pork,kg,11.96
RM018,2026-04-03,Pork,kg,15.8
RM018,2026-04-04,Pork,kg,12.86
RM018,2026-04-05,Pork,kg,13.83
RM018,2026-04-06,Pork,kg,9.89
RM018,2026-04-07,Pork,kg,12.1
RM018,2026-04-08,Pork,kg,12.54
RM018,2026-04-09,Pork,kg,12.64
RM018,2026-04-10,Pork,kg,12.38
RM018,2026-04-11,Pork,kg,14.7
RM018,2026-04-12,Pork,kg,11.88
RM018,2026-04-13,Pork,kg,10.22
RM018,2026-04-14,Pork,kg,11.92
RM018,2026-04-15,Pork,kg,10.12
RM018,2026-04-16,Pork,kg,12.76
RM018,2026-04-17,Pork,kg,13.0
RM018,2026-04-18,Pork,kg,13.88
RM018,2026-04-19,Pork,kg,13.56
RM018,2026-04-20,Pork,kg,10.05
RM018,2026-04-21,Pork,kg,11.91
RM018,2026-04-22,Pork,kg,11.67
RM018,2026-04-23,Pork,kg,11.85
RM018,2026-04-24,Pork,kg,13.55
RM018,2026-04-25,Pork,kg,15.38
RM018,2026-04-26,Pork,kg,13.16
RM018,2026-04-27,Pork,kg,12.26
RM018,2026-04-28,Pork,kg,13.88
RM018,2026-04-29,Pork,kg,13.05
RM018,2026-04-30,Pork,kg,12.97
RM018,2026-05-01,Pork,kg,12.65
RM018,2026-05-02,Pork,kg,13.99
RM018,2026-05-03,Pork,kg,15.66
RM018,2026-05-04,Pork,kg,11.19
RM018,2026-05-05,Pork,kg,10.98
RM018,2026-05-06,Pork,kg,12.73
RM018,2026-05-07,Pork,kg,11.15
RM018,2026-05-08,Pork,kg,12.4
RM018,2026-05-09,Pork,kg,15.29
RM018,2026-05-10,Pork,kg,12.13
RM018,2026-05-11,Pork,kg,8.24
RM018,2026-05-12,Pork,kg,12.09
RM018,2026-05-13,Pork,kg,11.35
RM018,2026-05-14,Pork,kg,12.23
RM018,2026-05-15,Pork,kg,13.16
RM018,2026-05-16,Pork,kg,14.52
RM018,2026-05-17,Pork,kg,13.19
RM018,2026-05-18,Pork,kg,11.2
RM018,2026-05-19,Pork,kg,11.46
RM018,2026-05-20,Pork,kg,11.48
RM018,2026-05-21,Pork,kg,11.77
RM018,2026-05-22,Pork,kg,13.8
RM018,2026-05-23,Pork,kg,14.27
RM018,2026-05-24,Pork,kg,12.74
RM018,2026-05-25,Pork,kg,12.0
RM018,2026-05-26,Pork,kg,11.71
RM018,2026-05-27,Pork,kg,12.48
RM018,2026-05-28,Pork,kg,10.84
RM018,2026-05-29,Pork,kg,12.46
RM018,2026-05-30,Pork,kg,16.55
RM018,2026-05-31,Pork,kg,11.66
RM018,2026-06-01,Pork,kg,9.46
RM018,2026-06-02,Pork,kg,12.14
RM018,2026-06-03,Pork,kg,12.32
RM018,2026-06-04,Pork,kg,14.05
RM018,2026-06-05,Pork,kg,14.28
RM018,2026-06-06,Pork,kg,14.75
RM018,2026-06-07,Pork,kg,10.3
RM018,2026-06-08,Pork,kg,11.69
RM018,2026-06-09,Pork,kg,11.52
RM018,2026-06-10,Pork,kg,11.86
RM018,2026-06-11,Pork,kg,11.4
RM018,2026-06-12,Pork,kg,14.18
RM018,2026-06-13,Pork,kg,12.75
RM018,2026-06-14,Pork,kg,12.59
RM018,2026-06-15,Pork,kg,10.0
RM018,2026-06-16,Pork,kg,12.15
RM018,2026-06-17,Pork,kg,11.25
RM018,2026-06-18,Pork,kg,12.64
RM018,2026-06-19,Pork,kg,13.9
RM018,2026-06-20,Pork,kg,14.05
RM018,2026-06-21,Pork,kg,15.85
RM018,2026-06-22,Pork,kg,10.96
RM018,2026-06-23,Pork,kg,12.43
RM018,2026-06-24,Pork,kg,14.36
RM018,2026-06-25,Pork,kg,14.12
RM018,2026-06-26,Pork,kg,15.97
RM018,2026-06-27,Pork,kg,13.87
RM018,2026-06-28,Pork,kg,13.49
RM018,2026-06-29,Pork,kg,11.3
RM018,2026-06-30,Pork,kg,11.3
RM018,2026-07-01,Pork,kg,13.86
RM018,2026-07-02,Pork,kg,13.63
RM018,2026-07-03,Pork,kg,13.64
RM018,2026-07-04,Pork,kg,15.31
RM018,2026-07-05,Pork,kg,11.47
RM018,2026-07-06,Pork,kg,10.84
RM018,2026-07-07,Pork,kg,11.19
RM018,2026-07-08,Pork,kg,13.07
RM018,2026-07-09,Pork,kg,11.79
RM018,2026-07-10,Pork,kg,12.53
RM018,2026-07-11,Pork,kg,13.75
RM018,2026-07-12,Pork,kg,10.38
RM018,2026-07-13,Pork,kg,10.04
RM018,2026-07-14,Pork,kg,11.67
RM018,2026-07-15,Pork,kg,10.81
RM018,2026-07-16,Pork,kg,12.63
RM018,2026-07-17,Pork,kg,13.33
RM018,2026-07-18,Pork,kg,12.77
RM018,2026-07-19,Pork,kg,11.96
RM018,2026-07-20,Pork,kg,10.39
RM018,2026-07-21,Pork,kg,11.9
RM018,2026-07-22,Pork,kg,12.89
RM018,2026-07-23,Pork,kg,12.59
RM018,2026-07-24,Pork,kg,16.12
RM018,2026-07-25,Pork,kg,14.87
RM018,2026-07-26,Pork,kg,13.65
RM018,2026-07-27,Pork,kg,10.62
RM018,2026-07-28,Pork,kg,11.19
RM018,2026-07-29,Pork,kg,11.87
RM018,2026-07-30,Pork,kg,13.62
RM018,2026-07-31,Pork,kg,14.3
RM018,2026-08-01,Pork,kg,13.17
RM018,2026-08-02,Pork,kg,12.6
RM018,2026-08-03,Pork,kg,11.85
RM018,2026-08-04,Pork,kg,12.25
RM018,2026-08-05,Pork,kg,12.54
RM018,2026-08-06,Pork,kg,12.14
RM018,2026-08-07,Pork,kg,13.59
RM018,2026-08-08,Pork,kg,12.37
RM018,2026-08-09,Pork,kg,12.12
RM019,2025-01-01,Loaf Bread,pcs,39.0
RM019,2025-01-02,Loaf Bread,pcs,44.0
RM019,2025-01-03,Loaf Bread,pcs,45.0
RM019,2025-01-04,Loaf Bread,pcs,40.0
RM019,2025-01-05,Loaf Bread,pcs,39.0
RM019,2025-01-06,Loaf Bread,pcs,29.0
RM019,2025-01-07,Loaf Bread,pcs,27.0
RM019,2025-01-08,Loaf Bread,pcs,33.0
RM019,2025-01-09,Loaf Bread,pcs,35.0
RM019,2025-01-10,Loaf Bread,pcs,41.0
RM019,2025-01-11,Loaf Bread,pcs,38.0
RM019,2025-01-12,Loaf Bread,pcs,37.0
RM019,2025-01-13,Loaf Bread,pcs,28.0
RM019,2025-01-14,Loaf Bread,pcs,34.0
RM019,2025-01-15,Loaf Bread,pcs,35.0
RM019,2025-01-16,Loaf Bread,pcs,35.0
RM019,2025-01-17,Loaf Bread,pcs,37.0
RM019,2025-01-18,Loaf Bread,pcs,38.0
RM019,2025-01-19,Loaf Bread,pcs,37.0
RM019,2025-01-20,Loaf Bread,pcs,33.0
RM019,2025-01-21,Loaf Bread,pcs,37.0
RM019,2025-01-22,Loaf Bread,pcs,37.0
RM019,2025-01-23,Loaf Bread,pcs,46.0
RM019,2025-01-24,Loaf Bread,pcs,41.0
RM019,2025-01-25,Loaf Bread,pcs,44.0
RM019,2025-01-26,Loaf Bread,pcs,42.0
RM019,2025-01-27,Loaf Bread,pcs,34.0
RM019,2025-01-28,Loaf Bread,pcs,33.0
RM019,2025-01-29,Loaf Bread,pcs,37.0
RM019,2025-01-30,Loaf Bread,pcs,36.0
RM019,2025-01-31,Loaf Bread,pcs,41.0
RM019,2025-02-01,Loaf Bread,pcs,44.0
RM019,2025-02-02,Loaf Bread,pcs,33.0
RM019,2025-02-03,Loaf Bread,pcs,32.0
RM019,2025-02-04,Loaf Bread,pcs,34.0
RM019,2025-02-05,Loaf Bread,pcs,33.0
RM019,2025-02-06,Loaf Bread,pcs,35.0
RM019,2025-02-07,Loaf Bread,pcs,37.0
RM019,2025-02-08,Loaf Bread,pcs,45.0
RM019,2025-02-09,Loaf Bread,pcs,35.0
RM019,2025-02-10,Loaf Bread,pcs,31.0
RM019,2025-02-11,Loaf Bread,pcs,34.0
RM019,2025-02-12,Loaf Bread,pcs,33.0
RM019,2025-02-13,Loaf Bread,pcs,36.0
RM019,2025-02-14,Loaf Bread,pcs,38.0
RM019,2025-02-15,Loaf Bread,pcs,37.0
RM019,2025-02-16,Loaf Bread,pcs,35.0
RM019,2025-02-17,Loaf Bread,pcs,29.0
RM019,2025-02-18,Loaf Bread,pcs,33.0
RM019,2025-02-19,Loaf Bread,pcs,30.0
RM019,2025-02-20,Loaf Bread,pcs,38.0
RM019,2025-02-21,Loaf Bread,pcs,39.0
RM019,2025-02-22,Loaf Bread,pcs,42.0
RM019,2025-02-23,Loaf Bread,pcs,40.0
RM019,2025-02-24,Loaf Bread,pcs,34.0
RM019,2025-02-25,Loaf Bread,pcs,40.0
RM019,2025-02-26,Loaf Bread,pcs,39.0
RM019,2025-02-27,Loaf Bread,pcs,45.0
RM019,2025-02-28,Loaf Bread,pcs,45.0
RM019,2025-03-01,Loaf Bread,pcs,45.0
RM019,2025-03-02,Loaf Bread,pcs,44.0
RM019,2025-03-03,Loaf Bread,pcs,33.0
RM019,2025-03-04,Loaf Bread,pcs,34.0
RM019,2025-03-05,Loaf Bread,pcs,37.0
RM019,2025-03-06,Loaf Bread,pcs,39.0
RM019,2025-03-07,Loaf Bread,pcs,40.0
RM019,2025-03-08,Loaf Bread,pcs,39.0
RM019,2025-03-09,Loaf Bread,pcs,41.0
RM019,2025-03-10,Loaf Bread,pcs,30.0
RM019,2025-03-11,Loaf Bread,pcs,33.0
RM019,2025-03-12,Loaf Bread,pcs,33.0
RM019,2025-03-13,Loaf Bread,pcs,34.0
RM019,2025-03-14,Loaf Bread,pcs,35.0
RM019,2025-03-15,Loaf Bread,pcs,37.0
RM019,2025-03-16,Loaf Bread,pcs,35.0
RM019,2025-03-17,Loaf Bread,pcs,30.0
RM019,2025-03-18,Loaf Bread,pcs,33.0
RM019,2025-03-19,Loaf Bread,pcs,31.0
RM019,2025-03-20,Loaf Bread,pcs,34.0
RM019,2025-03-21,Loaf Bread,pcs,39.0
RM019,2025-03-22,Loaf Bread,pcs,44.0
RM019,2025-03-23,Loaf Bread,pcs,41.0
RM019,2025-03-24,Loaf Bread,pcs,32.0
RM019,2025-03-25,Loaf Bread,pcs,35.0
RM019,2025-03-26,Loaf Bread,pcs,39.0
RM019,2025-03-27,Loaf Bread,pcs,39.0
RM019,2025-03-28,Loaf Bread,pcs,42.0
RM019,2025-03-29,Loaf Bread,pcs,46.0
RM019,2025-03-30,Loaf Bread,pcs,35.0
RM019,2025-03-31,Loaf Bread,pcs,34.0
RM019,2025-04-01,Loaf Bread,pcs,36.0
RM019,2025-04-02,Loaf Bread,pcs,35.0
RM019,2025-04-03,Loaf Bread,pcs,32.0
RM019,2025-04-04,Loaf Bread,pcs,39.0
RM019,2025-04-05,Loaf Bread,pcs,49.0
RM019,2025-04-06,Loaf Bread,pcs,34.0
RM019,2025-04-07,Loaf Bread,pcs,26.0
RM019,2025-04-08,Loaf Bread,pcs,31.0
RM019,2025-04-09,Loaf Bread,pcs,36.0
RM019,2025-04-10,Loaf Bread,pcs,33.0
RM019,2025-04-11,Loaf Bread,pcs,36.0
RM019,2025-04-12,Loaf Bread,pcs,40.0
RM019,2025-04-13,Loaf Bread,pcs,30.0
RM019,2025-04-14,Loaf Bread,pcs,27.0
RM019,2025-04-15,Loaf Bread,pcs,30.0
RM019,2025-04-16,Loaf Bread,pcs,32.0
RM019,2025-04-17,Loaf Bread,pcs,38.0
RM019,2025-04-18,Loaf Bread,pcs,38.0
RM019,2025-04-19,Loaf Bread,pcs,40.0
RM019,2025-04-20,Loaf Bread,pcs,38.0
RM019,2025-04-21,Loaf Bread,pcs,35.0
RM019,2025-04-22,Loaf Bread,pcs,37.0
RM019,2025-04-23,Loaf Bread,pcs,38.0
RM019,2025-04-24,Loaf Bread,pcs,39.0
RM019,2025-04-25,Loaf Bread,pcs,43.0
RM019,2025-04-26,Loaf Bread,pcs,53.0
RM019,2025-04-27,Loaf Bread,pcs,43.0
RM019,2025-04-28,Loaf Bread,pcs,33.0
RM019,2025-04-29,Loaf Bread,pcs,34.0
RM019,2025-04-30,Loaf Bread,pcs,37.0
RM019,2025-05-01,Loaf Bread,pcs,35.0
RM019,2025-05-02,Loaf Bread,pcs,42.0
RM019,2025-05-03,Loaf Bread,pcs,42.0
RM019,2025-05-04,Loaf Bread,pcs,37.0
RM019,2025-05-05,Loaf Bread,pcs,30.0
RM019,2025-05-06,Loaf Bread,pcs,33.0
RM019,2025-05-07,Loaf Bread,pcs,34.0
RM019,2025-05-08,Loaf Bread,pcs,31.0
RM019,2025-05-09,Loaf Bread,pcs,41.0
RM019,2025-05-10,Loaf Bread,pcs,44.0
RM019,2025-05-11,Loaf Bread,pcs,38.0
RM019,2025-05-12,Loaf Bread,pcs,26.0
RM019,2025-05-13,Loaf Bread,pcs,30.0
RM019,2025-05-14,Loaf Bread,pcs,32.0
RM019,2025-05-15,Loaf Bread,pcs,37.0
RM019,2025-05-16,Loaf Bread,pcs,37.0
RM019,2025-05-17,Loaf Bread,pcs,45.0
RM019,2025-05-18,Loaf Bread,pcs,39.0
RM019,2025-05-19,Loaf Bread,pcs,31.0
RM019,2025-05-20,Loaf Bread,pcs,34.0
RM019,2025-05-21,Loaf Bread,pcs,33.0
RM019,2025-05-22,Loaf Bread,pcs,35.0
RM019,2025-05-23,Loaf Bread,pcs,36.0
RM019,2025-05-24,Loaf Bread,pcs,42.0
RM019,2025-05-25,Loaf Bread,pcs,34.0
RM019,2025-05-26,Loaf Bread,pcs,34.0
RM019,2025-05-27,Loaf Bread,pcs,41.0
RM019,2025-05-28,Loaf Bread,pcs,35.0
RM019,2025-05-29,Loaf Bread,pcs,35.0
RM019,2025-05-30,Loaf Bread,pcs,38.0
RM019,2025-05-31,Loaf Bread,pcs,43.0
RM019,2025-06-01,Loaf Bread,pcs,37.0
RM019,2025-06-02,Loaf Bread,pcs,33.0
RM019,2025-06-03,Loaf Bread,pcs,35.0
RM019,2025-06-04,Loaf Bread,pcs,35.0
RM019,2025-06-05,Loaf Bread,pcs,43.0
RM019,2025-06-06,Loaf Bread,pcs,39.0
RM019,2025-06-07,Loaf Bread,pcs,36.0
RM019,2025-06-08,Loaf Bread,pcs,37.0
RM019,2025-06-09,Loaf Bread,pcs,29.0
RM019,2025-06-10,Loaf Bread,pcs,33.0
RM019,2025-06-11,Loaf Bread,pcs,37.0
RM019,2025-06-12,Loaf Bread,pcs,37.0
RM019,2025-06-13,Loaf Bread,pcs,37.0
RM019,2025-06-14,Loaf Bread,pcs,35.0
RM019,2025-06-15,Loaf Bread,pcs,40.0
RM019,2025-06-16,Loaf Bread,pcs,28.0
RM019,2025-06-17,Loaf Bread,pcs,38.0
RM019,2025-06-18,Loaf Bread,pcs,36.0
RM019,2025-06-19,Loaf Bread,pcs,39.0
RM019,2025-06-20,Loaf Bread,pcs,34.0
RM019,2025-06-21,Loaf Bread,pcs,38.0
RM019,2025-06-22,Loaf Bread,pcs,38.0
RM019,2025-06-23,Loaf Bread,pcs,29.0
RM019,2025-06-24,Loaf Bread,pcs,34.0
RM019,2025-06-25,Loaf Bread,pcs,35.0
RM019,2025-06-26,Loaf Bread,pcs,41.0
RM019,2025-06-27,Loaf Bread,pcs,43.0
RM019,2025-06-28,Loaf Bread,pcs,42.0
RM019,2025-06-29,Loaf Bread,pcs,36.0
RM019,2025-06-30,Loaf Bread,pcs,35.0
RM019,2025-07-01,Loaf Bread,pcs,34.0
RM019,2025-07-02,Loaf Bread,pcs,44.0
RM019,2025-07-03,Loaf Bread,pcs,40.0
RM019,2025-07-04,Loaf Bread,pcs,45.0
RM019,2025-07-05,Loaf Bread,pcs,41.0
RM019,2025-07-06,Loaf Bread,pcs,40.0
RM019,2025-07-07,Loaf Bread,pcs,29.0
RM019,2025-07-08,Loaf Bread,pcs,31.0
RM019,2025-07-09,Loaf Bread,pcs,30.0
RM019,2025-07-10,Loaf Bread,pcs,37.0
RM019,2025-07-11,Loaf Bread,pcs,40.0
RM019,2025-07-12,Loaf Bread,pcs,40.0
RM019,2025-07-13,Loaf Bread,pcs,34.0
RM019,2025-07-14,Loaf Bread,pcs,29.0
RM019,2025-07-15,Loaf Bread,pcs,32.0
RM019,2025-07-16,Loaf Bread,pcs,35.0
RM019,2025-07-17,Loaf Bread,pcs,33.0
RM019,2025-07-18,Loaf Bread,pcs,33.0
RM019,2025-07-19,Loaf Bread,pcs,43.0
RM019,2025-07-20,Loaf Bread,pcs,35.0
RM019,2025-07-21,Loaf Bread,pcs,31.0
RM019,2025-07-22,Loaf Bread,pcs,33.0
RM019,2025-07-23,Loaf Bread,pcs,38.0
RM019,2025-07-24,Loaf Bread,pcs,34.0
RM019,2025-07-25,Loaf Bread,pcs,45.0
RM019,2025-07-26,Loaf Bread,pcs,45.0
RM019,2025-07-27,Loaf Bread,pcs,43.0
RM019,2025-07-28,Loaf Bread,pcs,29.0
RM019,2025-07-29,Loaf Bread,pcs,38.0
RM019,2025-07-30,Loaf Bread,pcs,36.0
RM019,2025-07-31,Loaf Bread,pcs,44.0
RM019,2025-08-01,Loaf Bread,pcs,39.0
RM019,2025-08-02,Loaf Bread,pcs,36.0
RM019,2025-08-03,Loaf Bread,pcs,37.0
RM019,2025-08-04,Loaf Bread,pcs,30.0
RM019,2025-08-05,Loaf Bread,pcs,34.0
RM019,2025-08-06,Loaf Bread,pcs,37.0
RM019,2025-08-07,Loaf Bread,pcs,35.0
RM019,2025-08-08,Loaf Bread,pcs,33.0
RM019,2025-08-09,Loaf Bread,pcs,39.0
RM019,2025-08-10,Loaf Bread,pcs,36.0
RM019,2025-08-11,Loaf Bread,pcs,30.0
RM019,2025-08-12,Loaf Bread,pcs,29.0
RM019,2025-08-13,Loaf Bread,pcs,36.0
RM019,2025-08-14,Loaf Bread,pcs,37.0
RM019,2025-08-15,Loaf Bread,pcs,37.0
RM019,2025-08-16,Loaf Bread,pcs,38.0
RM019,2025-08-17,Loaf Bread,pcs,37.0
RM019,2025-08-18,Loaf Bread,pcs,30.0
RM019,2025-08-19,Loaf Bread,pcs,34.0
RM019,2025-08-20,Loaf Bread,pcs,31.0
RM019,2025-08-21,Loaf Bread,pcs,37.0
RM019,2025-08-22,Loaf Bread,pcs,41.0
RM019,2025-08-23,Loaf Bread,pcs,39.0
RM019,2025-08-24,Loaf Bread,pcs,39.0
RM019,2025-08-25,Loaf Bread,pcs,31.0
RM019,2025-08-26,Loaf Bread,pcs,29.0
RM019,2025-08-27,Loaf Bread,pcs,34.0
RM019,2025-08-28,Loaf Bread,pcs,39.0
RM019,2025-08-29,Loaf Bread,pcs,49.0
RM019,2025-08-30,Loaf Bread,pcs,42.0
RM019,2025-08-31,Loaf Bread,pcs,42.0
RM019,2025-09-01,Loaf Bread,pcs,32.0
RM019,2025-09-02,Loaf Bread,pcs,36.0
RM019,2025-09-03,Loaf Bread,pcs,39.0
RM019,2025-09-04,Loaf Bread,pcs,39.0
RM019,2025-09-05,Loaf Bread,pcs,34.0
RM019,2025-09-06,Loaf Bread,pcs,38.0
RM019,2025-09-07,Loaf Bread,pcs,41.0
RM019,2025-09-08,Loaf Bread,pcs,31.0
RM019,2025-09-09,Loaf Bread,pcs,32.0
RM019,2025-09-10,Loaf Bread,pcs,33.0
RM019,2025-09-11,Loaf Bread,pcs,35.0
RM019,2025-09-12,Loaf Bread,pcs,33.0
RM019,2025-09-13,Loaf Bread,pcs,43.0
RM019,2025-09-14,Loaf Bread,pcs,37.0
RM019,2025-09-15,Loaf Bread,pcs,26.0
RM019,2025-09-16,Loaf Bread,pcs,31.0
RM019,2025-09-17,Loaf Bread,pcs,37.0
RM019,2025-09-18,Loaf Bread,pcs,41.0
RM019,2025-09-19,Loaf Bread,pcs,40.0
RM019,2025-09-20,Loaf Bread,pcs,41.0
RM019,2025-09-21,Loaf Bread,pcs,39.0
RM019,2025-09-22,Loaf Bread,pcs,30.0
RM019,2025-09-23,Loaf Bread,pcs,34.0
RM019,2025-09-24,Loaf Bread,pcs,33.0
RM019,2025-09-25,Loaf Bread,pcs,40.0
RM019,2025-09-26,Loaf Bread,pcs,47.0
RM019,2025-09-27,Loaf Bread,pcs,38.0
RM019,2025-09-28,Loaf Bread,pcs,42.0
RM019,2025-09-29,Loaf Bread,pcs,34.0
RM019,2025-09-30,Loaf Bread,pcs,37.0
RM019,2025-10-01,Loaf Bread,pcs,33.0
RM019,2025-10-02,Loaf Bread,pcs,34.0
RM019,2025-10-03,Loaf Bread,pcs,38.0
RM019,2025-10-04,Loaf Bread,pcs,41.0
RM019,2025-10-05,Loaf Bread,pcs,39.0
RM019,2025-10-06,Loaf Bread,pcs,27.0
RM019,2025-10-07,Loaf Bread,pcs,34.0
RM019,2025-10-08,Loaf Bread,pcs,33.0
RM019,2025-10-09,Loaf Bread,pcs,30.0
RM019,2025-10-10,Loaf Bread,pcs,39.0
RM019,2025-10-11,Loaf Bread,pcs,43.0
RM019,2025-10-12,Loaf Bread,pcs,39.0
RM019,2025-10-13,Loaf Bread,pcs,32.0
RM019,2025-10-14,Loaf Bread,pcs,32.0
RM019,2025-10-15,Loaf Bread,pcs,33.0
RM019,2025-10-16,Loaf Bread,pcs,33.0
RM019,2025-10-17,Loaf Bread,pcs,34.0
RM019,2025-10-18,Loaf Bread,pcs,44.0
RM019,2025-10-19,Loaf Bread,pcs,36.0
RM019,2025-10-20,Loaf Bread,pcs,32.0
RM019,2025-10-21,Loaf Bread,pcs,37.0
RM019,2025-10-22,Loaf Bread,pcs,34.0
RM019,2025-10-23,Loaf Bread,pcs,37.0
RM019,2025-10-24,Loaf Bread,pcs,36.0
RM019,2025-10-25,Loaf Bread,pcs,43.0
RM019,2025-10-26,Loaf Bread,pcs,44.0
RM019,2025-10-27,Loaf Bread,pcs,31.0
RM019,2025-10-28,Loaf Bread,pcs,39.0
RM019,2025-10-29,Loaf Bread,pcs,38.0
RM019,2025-10-30,Loaf Bread,pcs,41.0
RM019,2025-10-31,Loaf Bread,pcs,41.0
RM019,2025-11-01,Loaf Bread,pcs,44.0
RM019,2025-11-02,Loaf Bread,pcs,40.0
RM019,2025-11-03,Loaf Bread,pcs,34.0
RM019,2025-11-04,Loaf Bread,pcs,36.0
RM019,2025-11-05,Loaf Bread,pcs,39.0
RM019,2025-11-06,Loaf Bread,pcs,39.0
RM019,2025-11-07,Loaf Bread,pcs,35.0
RM019,2025-11-08,Loaf Bread,pcs,46.0
RM019,2025-11-09,Loaf Bread,pcs,34.0
RM019,2025-11-10,Loaf Bread,pcs,32.0
RM019,2025-11-11,Loaf Bread,pcs,30.0
RM019,2025-11-12,Loaf Bread,pcs,34.0
RM019,2025-11-13,Loaf Bread,pcs,34.0
RM019,2025-11-14,Loaf Bread,pcs,37.0
RM019,2025-11-15,Loaf Bread,pcs,39.0
RM019,2025-11-16,Loaf Bread,pcs,42.0
RM019,2025-11-17,Loaf Bread,pcs,27.0
RM019,2025-11-18,Loaf Bread,pcs,32.0
RM019,2025-11-19,Loaf Bread,pcs,32.0
RM019,2025-11-20,Loaf Bread,pcs,40.0
RM019,2025-11-21,Loaf Bread,pcs,40.0
RM019,2025-11-22,Loaf Bread,pcs,44.0
RM019,2025-11-23,Loaf Bread,pcs,39.0
RM019,2025-11-24,Loaf Bread,pcs,34.0
RM019,2025-11-25,Loaf Bread,pcs,31.0
RM019,2025-11-26,Loaf Bread,pcs,39.0
RM019,2025-11-27,Loaf Bread,pcs,38.0
RM019,2025-11-28,Loaf Bread,pcs,46.0
RM019,2025-11-29,Loaf Bread,pcs,41.0
RM019,2025-11-30,Loaf Bread,pcs,35.0
RM019,2025-12-01,Loaf Bread,pcs,33.0
RM019,2025-12-02,Loaf Bread,pcs,35.0
RM019,2025-12-03,Loaf Bread,pcs,34.0
RM019,2025-12-04,Loaf Bread,pcs,38.0
RM019,2025-12-05,Loaf Bread,pcs,42.0
RM019,2025-12-06,Loaf Bread,pcs,44.0
RM019,2025-12-07,Loaf Bread,pcs,40.0
RM019,2025-12-08,Loaf Bread,pcs,35.0
RM019,2025-12-09,Loaf Bread,pcs,29.0
RM019,2025-12-10,Loaf Bread,pcs,34.0
RM019,2025-12-11,Loaf Bread,pcs,33.0
RM019,2025-12-12,Loaf Bread,pcs,36.0
RM019,2025-12-13,Loaf Bread,pcs,42.0
RM019,2025-12-14,Loaf Bread,pcs,33.0
RM019,2025-12-15,Loaf Bread,pcs,30.0
RM019,2025-12-16,Loaf Bread,pcs,32.0
RM019,2025-12-17,Loaf Bread,pcs,36.0
RM019,2025-12-18,Loaf Bread,pcs,41.0
RM019,2025-12-19,Loaf Bread,pcs,36.0
RM019,2025-12-20,Loaf Bread,pcs,41.0
RM019,2025-12-21,Loaf Bread,pcs,39.0
RM019,2025-12-22,Loaf Bread,pcs,32.0
RM019,2025-12-23,Loaf Bread,pcs,34.0
RM019,2025-12-24,Loaf Bread,pcs,38.0
RM019,2025-12-25,Loaf Bread,pcs,38.0
RM019,2025-12-26,Loaf Bread,pcs,46.0
RM019,2025-12-27,Loaf Bread,pcs,38.0
RM019,2025-12-28,Loaf Bread,pcs,39.0
RM019,2025-12-29,Loaf Bread,pcs,26.0
RM019,2025-12-30,Loaf Bread,pcs,36.0
RM019,2025-12-31,Loaf Bread,pcs,35.0
RM019,2026-01-01,Loaf Bread,pcs,40.0
RM019,2026-01-02,Loaf Bread,pcs,42.0
RM019,2026-01-03,Loaf Bread,pcs,42.0
RM019,2026-01-04,Loaf Bread,pcs,31.0
RM019,2026-01-05,Loaf Bread,pcs,32.0
RM019,2026-01-06,Loaf Bread,pcs,31.0
RM019,2026-01-07,Loaf Bread,pcs,33.0
RM019,2026-01-08,Loaf Bread,pcs,36.0
RM019,2026-01-09,Loaf Bread,pcs,36.0
RM019,2026-01-10,Loaf Bread,pcs,41.0
RM019,2026-01-11,Loaf Bread,pcs,35.0
RM019,2026-01-12,Loaf Bread,pcs,30.0
RM019,2026-01-13,Loaf Bread,pcs,33.0
RM019,2026-01-14,Loaf Bread,pcs,31.0
RM019,2026-01-15,Loaf Bread,pcs,40.0
RM019,2026-01-16,Loaf Bread,pcs,43.0
RM019,2026-01-17,Loaf Bread,pcs,38.0
RM019,2026-01-18,Loaf Bread,pcs,40.0
RM019,2026-01-19,Loaf Bread,pcs,33.0
RM019,2026-01-20,Loaf Bread,pcs,32.0
RM019,2026-01-21,Loaf Bread,pcs,35.0
RM019,2026-01-22,Loaf Bread,pcs,39.0
RM019,2026-01-23,Loaf Bread,pcs,38.0
RM019,2026-01-24,Loaf Bread,pcs,43.0
RM019,2026-01-25,Loaf Bread,pcs,37.0
RM019,2026-01-26,Loaf Bread,pcs,38.0
RM019,2026-01-27,Loaf Bread,pcs,37.0
RM019,2026-01-28,Loaf Bread,pcs,31.0
RM019,2026-01-29,Loaf Bread,pcs,34.0
RM019,2026-01-30,Loaf Bread,pcs,42.0
RM019,2026-01-31,Loaf Bread,pcs,45.0
RM019,2026-02-01,Loaf Bread,pcs,38.0
RM019,2026-02-02,Loaf Bread,pcs,35.0
RM019,2026-02-03,Loaf Bread,pcs,34.0
RM019,2026-02-04,Loaf Bread,pcs,33.0
RM019,2026-02-05,Loaf Bread,pcs,34.0
RM019,2026-02-06,Loaf Bread,pcs,38.0
RM019,2026-02-07,Loaf Bread,pcs,43.0
RM019,2026-02-08,Loaf Bread,pcs,35.0
RM019,2026-02-09,Loaf Bread,pcs,29.0
RM019,2026-02-10,Loaf Bread,pcs,27.0
RM019,2026-02-11,Loaf Bread,pcs,36.0
RM019,2026-02-12,Loaf Bread,pcs,35.0
RM019,2026-02-13,Loaf Bread,pcs,38.0
RM019,2026-02-14,Loaf Bread,pcs,41.0
RM019,2026-02-15,Loaf Bread,pcs,35.0
RM019,2026-02-16,Loaf Bread,pcs,30.0
RM019,2026-02-17,Loaf Bread,pcs,35.0
RM019,2026-02-18,Loaf Bread,pcs,33.0
RM019,2026-02-19,Loaf Bread,pcs,34.0
RM019,2026-02-20,Loaf Bread,pcs,37.0
RM019,2026-02-21,Loaf Bread,pcs,44.0
RM019,2026-02-22,Loaf Bread,pcs,35.0
RM019,2026-02-23,Loaf Bread,pcs,32.0
RM019,2026-02-24,Loaf Bread,pcs,35.0
RM019,2026-02-25,Loaf Bread,pcs,34.0
RM019,2026-02-26,Loaf Bread,pcs,41.0
RM019,2026-02-27,Loaf Bread,pcs,35.0
RM019,2026-02-28,Loaf Bread,pcs,41.0
RM019,2026-03-01,Loaf Bread,pcs,40.0
RM019,2026-03-02,Loaf Bread,pcs,33.0
RM019,2026-03-03,Loaf Bread,pcs,34.0
RM019,2026-03-04,Loaf Bread,pcs,38.0
RM019,2026-03-05,Loaf Bread,pcs,34.0
RM019,2026-03-06,Loaf Bread,pcs,38.0
RM019,2026-03-07,Loaf Bread,pcs,37.0
RM019,2026-03-08,Loaf Bread,pcs,34.0
RM019,2026-03-09,Loaf Bread,pcs,28.0
RM019,2026-03-10,Loaf Bread,pcs,34.0
RM019,2026-03-11,Loaf Bread,pcs,37.0
RM019,2026-03-12,Loaf Bread,pcs,34.0
RM019,2026-03-13,Loaf Bread,pcs,35.0
RM019,2026-03-14,Loaf Bread,pcs,34.0
RM019,2026-03-15,Loaf Bread,pcs,32.0
RM019,2026-03-16,Loaf Bread,pcs,29.0
RM019,2026-03-17,Loaf Bread,pcs,30.0
RM019,2026-03-18,Loaf Bread,pcs,34.0
RM019,2026-03-19,Loaf Bread,pcs,34.0
RM019,2026-03-20,Loaf Bread,pcs,44.0
RM019,2026-03-21,Loaf Bread,pcs,40.0
RM019,2026-03-22,Loaf Bread,pcs,32.0
RM019,2026-03-23,Loaf Bread,pcs,34.0
RM019,2026-03-24,Loaf Bread,pcs,30.0
RM019,2026-03-25,Loaf Bread,pcs,43.0
RM019,2026-03-26,Loaf Bread,pcs,38.0
RM019,2026-03-27,Loaf Bread,pcs,45.0
RM019,2026-03-28,Loaf Bread,pcs,45.0
RM019,2026-03-29,Loaf Bread,pcs,41.0
RM019,2026-03-30,Loaf Bread,pcs,39.0
RM019,2026-03-31,Loaf Bread,pcs,37.0
RM019,2026-04-01,Loaf Bread,pcs,41.0
RM019,2026-04-02,Loaf Bread,pcs,41.0
RM019,2026-04-03,Loaf Bread,pcs,44.0
RM019,2026-04-04,Loaf Bread,pcs,42.0
RM019,2026-04-05,Loaf Bread,pcs,42.0
RM019,2026-04-06,Loaf Bread,pcs,31.0
RM019,2026-04-07,Loaf Bread,pcs,37.0
RM019,2026-04-08,Loaf Bread,pcs,33.0
RM019,2026-04-09,Loaf Bread,pcs,32.0
RM019,2026-04-10,Loaf Bread,pcs,38.0
RM019,2026-04-11,Loaf Bread,pcs,40.0
RM019,2026-04-12,Loaf Bread,pcs,35.0
RM019,2026-04-13,Loaf Bread,pcs,28.0
RM019,2026-04-14,Loaf Bread,pcs,32.0
RM019,2026-04-15,Loaf Bread,pcs,37.0
RM019,2026-04-16,Loaf Bread,pcs,40.0
RM019,2026-04-17,Loaf Bread,pcs,40.0
RM019,2026-04-18,Loaf Bread,pcs,32.0
RM019,2026-04-19,Loaf Bread,pcs,40.0
RM019,2026-04-20,Loaf Bread,pcs,28.0
RM019,2026-04-21,Loaf Bread,pcs,29.0
RM019,2026-04-22,Loaf Bread,pcs,32.0
RM019,2026-04-23,Loaf Bread,pcs,35.0
RM019,2026-04-24,Loaf Bread,pcs,40.0
RM019,2026-04-25,Loaf Bread,pcs,49.0
RM019,2026-04-26,Loaf Bread,pcs,48.0
RM019,2026-04-27,Loaf Bread,pcs,31.0
RM019,2026-04-28,Loaf Bread,pcs,34.0
RM019,2026-04-29,Loaf Bread,pcs,34.0
RM019,2026-04-30,Loaf Bread,pcs,39.0
RM019,2026-05-01,Loaf Bread,pcs,36.0
RM019,2026-05-02,Loaf Bread,pcs,45.0
RM019,2026-05-03,Loaf Bread,pcs,38.0
RM019,2026-05-04,Loaf Bread,pcs,31.0
RM019,2026-05-05,Loaf Bread,pcs,38.0
RM019,2026-05-06,Loaf Bread,pcs,30.0
RM019,2026-05-07,Loaf Bread,pcs,36.0
RM019,2026-05-08,Loaf Bread,pcs,37.0
RM019,2026-05-09,Loaf Bread,pcs,40.0
RM019,2026-05-10,Loaf Bread,pcs,40.0
RM019,2026-05-11,Loaf Bread,pcs,27.0
RM019,2026-05-12,Loaf Bread,pcs,36.0
RM019,2026-05-13,Loaf Bread,pcs,35.0
RM019,2026-05-14,Loaf Bread,pcs,37.0
RM019,2026-05-15,Loaf Bread,pcs,37.0
RM019,2026-05-16,Loaf Bread,pcs,42.0
RM019,2026-05-17,Loaf Bread,pcs,38.0
RM019,2026-05-18,Loaf Bread,pcs,32.0
RM019,2026-05-19,Loaf Bread,pcs,29.0
RM019,2026-05-20,Loaf Bread,pcs,39.0
RM019,2026-05-21,Loaf Bread,pcs,40.0
RM019,2026-05-22,Loaf Bread,pcs,42.0
RM019,2026-05-23,Loaf Bread,pcs,44.0
RM019,2026-05-24,Loaf Bread,pcs,37.0
RM019,2026-05-25,Loaf Bread,pcs,31.0
RM019,2026-05-26,Loaf Bread,pcs,34.0
RM019,2026-05-27,Loaf Bread,pcs,40.0
RM019,2026-05-28,Loaf Bread,pcs,41.0
RM019,2026-05-29,Loaf Bread,pcs,41.0
RM019,2026-05-30,Loaf Bread,pcs,45.0
RM019,2026-05-31,Loaf Bread,pcs,36.0
RM019,2026-06-01,Loaf Bread,pcs,32.0
RM019,2026-06-02,Loaf Bread,pcs,39.0
RM019,2026-06-03,Loaf Bread,pcs,37.0
RM019,2026-06-04,Loaf Bread,pcs,39.0
RM019,2026-06-05,Loaf Bread,pcs,38.0
RM019,2026-06-06,Loaf Bread,pcs,37.0
RM019,2026-06-07,Loaf Bread,pcs,38.0
RM019,2026-06-08,Loaf Bread,pcs,32.0
RM019,2026-06-09,Loaf Bread,pcs,34.0
RM019,2026-06-10,Loaf Bread,pcs,33.0
RM019,2026-06-11,Loaf Bread,pcs,32.0
RM019,2026-06-12,Loaf Bread,pcs,38.0
RM019,2026-06-13,Loaf Bread,pcs,33.0
RM019,2026-06-14,Loaf Bread,pcs,35.0
RM019,2026-06-15,Loaf Bread,pcs,32.0
RM019,2026-06-16,Loaf Bread,pcs,30.0
RM019,2026-06-17,Loaf Bread,pcs,35.0
RM019,2026-06-18,Loaf Bread,pcs,34.0
RM019,2026-06-19,Loaf Bread,pcs,38.0
RM019,2026-06-20,Loaf Bread,pcs,35.0
RM019,2026-06-21,Loaf Bread,pcs,36.0
RM019,2026-06-22,Loaf Bread,pcs,31.0
RM019,2026-06-23,Loaf Bread,pcs,37.0
RM019,2026-06-24,Loaf Bread,pcs,39.0
RM019,2026-06-25,Loaf Bread,pcs,32.0
RM019,2026-06-26,Loaf Bread,pcs,44.0
RM019,2026-06-27,Loaf Bread,pcs,46.0
RM019,2026-06-28,Loaf Bread,pcs,38.0
RM019,2026-06-29,Loaf Bread,pcs,35.0
RM019,2026-06-30,Loaf Bread,pcs,33.0
RM019,2026-07-01,Loaf Bread,pcs,36.0
RM019,2026-07-02,Loaf Bread,pcs,41.0
RM019,2026-07-03,Loaf Bread,pcs,44.0
RM019,2026-07-04,Loaf Bread,pcs,42.0
RM019,2026-07-05,Loaf Bread,pcs,36.0
RM019,2026-07-06,Loaf Bread,pcs,30.0
RM019,2026-07-07,Loaf Bread,pcs,31.0
RM019,2026-07-08,Loaf Bread,pcs,35.0
RM019,2026-07-09,Loaf Bread,pcs,34.0
RM019,2026-07-10,Loaf Bread,pcs,38.0
RM019,2026-07-11,Loaf Bread,pcs,41.0
RM019,2026-07-12,Loaf Bread,pcs,35.0
RM019,2026-07-13,Loaf Bread,pcs,26.0
RM019,2026-07-14,Loaf Bread,pcs,33.0
RM019,2026-07-15,Loaf Bread,pcs,29.0
RM019,2026-07-16,Loaf Bread,pcs,39.0
RM019,2026-07-17,Loaf Bread,pcs,39.0
RM019,2026-07-18,Loaf Bread,pcs,33.0
RM019,2026-07-19,Loaf Bread,pcs,32.0
RM019,2026-07-20,Loaf Bread,pcs,29.0
RM019,2026-07-21,Loaf Bread,pcs,29.0
RM019,2026-07-22,Loaf Bread,pcs,40.0
RM019,2026-07-23,Loaf Bread,pcs,42.0
RM019,2026-07-24,Loaf Bread,pcs,38.0
RM019,2026-07-25,Loaf Bread,pcs,45.0
RM019,2026-07-26,Loaf Bread,pcs,41.0
RM019,2026-07-27,Loaf Bread,pcs,28.0
RM019,2026-07-28,Loaf Bread,pcs,34.0
RM019,2026-07-29,Loaf Bread,pcs,33.0
RM019,2026-07-30,Loaf Bread,pcs,37.0
RM019,2026-07-31,Loaf Bread,pcs,44.0
RM019,2026-08-01,Loaf Bread,pcs,46.0
RM019,2026-08-02,Loaf Bread,pcs,42.0
RM019,2026-08-03,Loaf Bread,pcs,29.0
RM019,2026-08-04,Loaf Bread,pcs,33.0
RM019,2026-08-05,Loaf Bread,pcs,37.0
RM019,2026-08-06,Loaf Bread,pcs,33.0
RM019,2026-08-07,Loaf Bread,pcs,33.0
RM019,2026-08-08,Loaf Bread,pcs,41.0
RM019,2026-08-09,Loaf Bread,pcs,38.0
RM020,2025-01-01,Butter or Margarine,kg,3.26
RM020,2025-01-02,Butter or Margarine,kg,3.3
RM020,2025-01-03,Butter or Margarine,kg,3.52
RM020,2025-01-04,Butter or Margarine,kg,3.25
RM020,2025-01-05,Butter or Margarine,kg,3.09
RM020,2025-01-06,Butter or Margarine,kg,2.79
RM020,2025-01-07,Butter or Margarine,kg,2.9
RM020,2025-01-08,Butter or Margarine,kg,2.9
RM020,2025-01-09,Butter or Margarine,kg,2.82
RM020,2025-01-10,Butter or Margarine,kg,3.26
RM020,2025-01-11,Butter or Margarine,kg,3.46
RM020,2025-01-12,Butter or Margarine,kg,3.17
RM020,2025-01-13,Butter or Margarine,kg,2.17
RM020,2025-01-14,Butter or Margarine,kg,3.06
RM020,2025-01-15,Butter or Margarine,kg,2.77
RM020,2025-01-16,Butter or Margarine,kg,2.9
RM020,2025-01-17,Butter or Margarine,kg,2.72
RM020,2025-01-18,Butter or Margarine,kg,3.54
RM020,2025-01-19,Butter or Margarine,kg,3.36
RM020,2025-01-20,Butter or Margarine,kg,2.5
RM020,2025-01-21,Butter or Margarine,kg,2.64
RM020,2025-01-22,Butter or Margarine,kg,3.13
RM020,2025-01-23,Butter or Margarine,kg,3.61
RM020,2025-01-24,Butter or Margarine,kg,3.19
RM020,2025-01-25,Butter or Margarine,kg,4.03
RM020,2025-01-26,Butter or Margarine,kg,3.15
RM020,2025-01-27,Butter or Margarine,kg,2.68
RM020,2025-01-28,Butter or Margarine,kg,3.51
RM020,2025-01-29,Butter or Margarine,kg,3.19
RM020,2025-01-30,Butter or Margarine,kg,3.6
RM020,2025-01-31,Butter or Margarine,kg,3.38
RM020,2025-02-01,Butter or Margarine,kg,3.77
RM020,2025-02-02,Butter or Margarine,kg,3.13
RM020,2025-02-03,Butter or Margarine,kg,2.38
RM020,2025-02-04,Butter or Margarine,kg,3.02
RM020,2025-02-05,Butter or Margarine,kg,3.1
RM020,2025-02-06,Butter or Margarine,kg,3.07
RM020,2025-02-07,Butter or Margarine,kg,3.44
RM020,2025-02-08,Butter or Margarine,kg,3.6
RM020,2025-02-09,Butter or Margarine,kg,2.83
RM020,2025-02-10,Butter or Margarine,kg,2.49
RM020,2025-02-11,Butter or Margarine,kg,2.83
RM020,2025-02-12,Butter or Margarine,kg,2.78
RM020,2025-02-13,Butter or Margarine,kg,3.08
RM020,2025-02-14,Butter or Margarine,kg,3.09
RM020,2025-02-15,Butter or Margarine,kg,3.38
RM020,2025-02-16,Butter or Margarine,kg,3.18
RM020,2025-02-17,Butter or Margarine,kg,2.57
RM020,2025-02-18,Butter or Margarine,kg,3.06
RM020,2025-02-19,Butter or Margarine,kg,3.27
RM020,2025-02-20,Butter or Margarine,kg,3.5
RM020,2025-02-21,Butter or Margarine,kg,3.64
RM020,2025-02-22,Butter or Margarine,kg,3.78
RM020,2025-02-23,Butter or Margarine,kg,3.85
RM020,2025-02-24,Butter or Margarine,kg,2.83
RM020,2025-02-25,Butter or Margarine,kg,3.18
RM020,2025-02-26,Butter or Margarine,kg,3.16
RM020,2025-02-27,Butter or Margarine,kg,3.2
RM020,2025-02-28,Butter or Margarine,kg,3.78
RM020,2025-03-01,Butter or Margarine,kg,3.99
RM020,2025-03-02,Butter or Margarine,kg,3.55
RM020,2025-03-03,Butter or Margarine,kg,2.91
RM020,2025-03-04,Butter or Margarine,kg,2.96
RM020,2025-03-05,Butter or Margarine,kg,2.9
RM020,2025-03-06,Butter or Margarine,kg,3.13
RM020,2025-03-07,Butter or Margarine,kg,3.04
RM020,2025-03-08,Butter or Margarine,kg,3.54
RM020,2025-03-09,Butter or Margarine,kg,3.06
RM020,2025-03-10,Butter or Margarine,kg,2.7
RM020,2025-03-11,Butter or Margarine,kg,2.38
RM020,2025-03-12,Butter or Margarine,kg,2.99
RM020,2025-03-13,Butter or Margarine,kg,2.94
RM020,2025-03-14,Butter or Margarine,kg,3.05
RM020,2025-03-15,Butter or Margarine,kg,3.33
RM020,2025-03-16,Butter or Margarine,kg,3.07
RM020,2025-03-17,Butter or Margarine,kg,2.73
RM020,2025-03-18,Butter or Margarine,kg,2.29
RM020,2025-03-19,Butter or Margarine,kg,3.12
RM020,2025-03-20,Butter or Margarine,kg,2.72
RM020,2025-03-21,Butter or Margarine,kg,3.47
RM020,2025-03-22,Butter or Margarine,kg,4.06
RM020,2025-03-23,Butter or Margarine,kg,3.61
RM020,2025-03-24,Butter or Margarine,kg,2.59
RM020,2025-03-25,Butter or Margarine,kg,3.21
RM020,2025-03-26,Butter or Margarine,kg,3.34
RM020,2025-03-27,Butter or Margarine,kg,3.65
RM020,2025-03-28,Butter or Margarine,kg,3.3
RM020,2025-03-29,Butter or Margarine,kg,3.34
RM020,2025-03-30,Butter or Margarine,kg,4.13
RM020,2025-03-31,Butter or Margarine,kg,2.87
RM020,2025-04-01,Butter or Margarine,kg,2.84
RM020,2025-04-02,Butter or Margarine,kg,2.89
RM020,2025-04-03,Butter or Margarine,kg,3.46
RM020,2025-04-04,Butter or Margarine,kg,3.45
RM020,2025-04-05,Butter or Margarine,kg,3.57
RM020,2025-04-06,Butter or Margarine,kg,3.43
RM020,2025-04-07,Butter or Margarine,kg,2.57
RM020,2025-04-08,Butter or Margarine,kg,2.76
RM020,2025-04-09,Butter or Margarine,kg,2.47
RM020,2025-04-10,Butter or Margarine,kg,2.68
RM020,2025-04-11,Butter or Margarine,kg,3.44
RM020,2025-04-12,Butter or Margarine,kg,2.68
RM020,2025-04-13,Butter or Margarine,kg,3.05
RM020,2025-04-14,Butter or Margarine,kg,2.04
RM020,2025-04-15,Butter or Margarine,kg,2.67
RM020,2025-04-16,Butter or Margarine,kg,2.54
RM020,2025-04-17,Butter or Margarine,kg,2.72
RM020,2025-04-18,Butter or Margarine,kg,3.36
RM020,2025-04-19,Butter or Margarine,kg,3.43
RM020,2025-04-20,Butter or Margarine,kg,3.5
RM020,2025-04-21,Butter or Margarine,kg,2.58
RM020,2025-04-22,Butter or Margarine,kg,3.28
RM020,2025-04-23,Butter or Margarine,kg,3.2
RM020,2025-04-24,Butter or Margarine,kg,3.43
RM020,2025-04-25,Butter or Margarine,kg,4.35
RM020,2025-04-26,Butter or Margarine,kg,3.9
RM020,2025-04-27,Butter or Margarine,kg,3.57
RM020,2025-04-28,Butter or Margarine,kg,2.61
RM020,2025-04-29,Butter or Margarine,kg,3.12
RM020,2025-04-30,Butter or Margarine,kg,3.2
RM020,2025-05-01,Butter or Margarine,kg,3.11
RM020,2025-05-02,Butter or Margarine,kg,3.86
RM020,2025-05-03,Butter or Margarine,kg,3.76
RM020,2025-05-04,Butter or Margarine,kg,3.43
RM020,2025-05-05,Butter or Margarine,kg,2.49
RM020,2025-05-06,Butter or Margarine,kg,2.93
RM020,2025-05-07,Butter or Margarine,kg,3.08
RM020,2025-05-08,Butter or Margarine,kg,3.14
RM020,2025-05-09,Butter or Margarine,kg,2.95
RM020,2025-05-10,Butter or Margarine,kg,3.93
RM020,2025-05-11,Butter or Margarine,kg,3.53
RM020,2025-05-12,Butter or Margarine,kg,2.7
RM020,2025-05-13,Butter or Margarine,kg,2.77
RM020,2025-05-14,Butter or Margarine,kg,2.76
RM020,2025-05-15,Butter or Margarine,kg,2.99
RM020,2025-05-16,Butter or Margarine,kg,3.18
RM020,2025-05-17,Butter or Margarine,kg,3.42
RM020,2025-05-18,Butter or Margarine,kg,2.99
RM020,2025-05-19,Butter or Margarine,kg,2.61
RM020,2025-05-20,Butter or Margarine,kg,2.68
RM020,2025-05-21,Butter or Margarine,kg,3.0
RM020,2025-05-22,Butter or Margarine,kg,3.09
RM020,2025-05-23,Butter or Margarine,kg,3.26
RM020,2025-05-24,Butter or Margarine,kg,4.02
RM020,2025-05-25,Butter or Margarine,kg,3.77
RM020,2025-05-26,Butter or Margarine,kg,2.63
RM020,2025-05-27,Butter or Margarine,kg,3.18
RM020,2025-05-28,Butter or Margarine,kg,3.19
RM020,2025-05-29,Butter or Margarine,kg,3.16
RM020,2025-05-30,Butter or Margarine,kg,3.39
RM020,2025-05-31,Butter or Margarine,kg,3.68
RM020,2025-06-01,Butter or Margarine,kg,3.47
RM020,2025-06-02,Butter or Margarine,kg,2.88
RM020,2025-06-03,Butter or Margarine,kg,3.16
RM020,2025-06-04,Butter or Margarine,kg,2.9
RM020,2025-06-05,Butter or Margarine,kg,3.69
RM020,2025-06-06,Butter or Margarine,kg,3.63
RM020,2025-06-07,Butter or Margarine,kg,4.0
RM020,2025-06-08,Butter or Margarine,kg,2.89
RM020,2025-06-09,Butter or Margarine,kg,2.47
RM020,2025-06-10,Butter or Margarine,kg,2.75
RM020,2025-06-11,Butter or Margarine,kg,2.89
RM020,2025-06-12,Butter or Margarine,kg,2.52
RM020,2025-06-13,Butter or Margarine,kg,3.07
RM020,2025-06-14,Butter or Margarine,kg,3.81
RM020,2025-06-15,Butter or Margarine,kg,2.78
RM020,2025-06-16,Butter or Margarine,kg,2.45
RM020,2025-06-17,Butter or Margarine,kg,2.57
RM020,2025-06-18,Butter or Margarine,kg,3.24
RM020,2025-06-19,Butter or Margarine,kg,2.97
RM020,2025-06-20,Butter or Margarine,kg,3.54
RM020,2025-06-21,Butter or Margarine,kg,3.4
RM020,2025-06-22,Butter or Margarine,kg,3.04
RM020,2025-06-23,Butter or Margarine,kg,2.91
RM020,2025-06-24,Butter or Margarine,kg,3.57
RM020,2025-06-25,Butter or Margarine,kg,2.94
RM020,2025-06-26,Butter or Margarine,kg,3.26
RM020,2025-06-27,Butter or Margarine,kg,3.78
RM020,2025-06-28,Butter or Margarine,kg,3.54
RM020,2025-06-29,Butter or Margarine,kg,3.55
RM020,2025-06-30,Butter or Margarine,kg,2.39
RM020,2025-07-01,Butter or Margarine,kg,2.81
RM020,2025-07-02,Butter or Margarine,kg,3.0
RM020,2025-07-03,Butter or Margarine,kg,3.4
RM020,2025-07-04,Butter or Margarine,kg,3.66
RM020,2025-07-05,Butter or Margarine,kg,3.42
RM020,2025-07-06,Butter or Margarine,kg,3.16
RM020,2025-07-07,Butter or Margarine,kg,2.58
RM020,2025-07-08,Butter or Margarine,kg,2.55
RM020,2025-07-09,Butter or Margarine,kg,2.79
RM020,2025-07-10,Butter or Margarine,kg,2.46
RM020,2025-07-11,Butter or Margarine,kg,3.02
RM020,2025-07-12,Butter or Margarine,kg,3.45
RM020,2025-07-13,Butter or Margarine,kg,3.15
RM020,2025-07-14,Butter or Margarine,kg,2.67
RM020,2025-07-15,Butter or Margarine,kg,2.93
RM020,2025-07-16,Butter or Margarine,kg,2.79
RM020,2025-07-17,Butter or Margarine,kg,2.47
RM020,2025-07-18,Butter or Margarine,kg,3.21
RM020,2025-07-19,Butter or Margarine,kg,3.46
RM020,2025-07-20,Butter or Margarine,kg,3.66
RM020,2025-07-21,Butter or Margarine,kg,2.8
RM020,2025-07-22,Butter or Margarine,kg,2.77
RM020,2025-07-23,Butter or Margarine,kg,2.8
RM020,2025-07-24,Butter or Margarine,kg,3.61
RM020,2025-07-25,Butter or Margarine,kg,3.97
RM020,2025-07-26,Butter or Margarine,kg,3.06
RM020,2025-07-27,Butter or Margarine,kg,2.88
RM020,2025-07-28,Butter or Margarine,kg,2.9
RM020,2025-07-29,Butter or Margarine,kg,2.89
RM020,2025-07-30,Butter or Margarine,kg,3.53
RM020,2025-07-31,Butter or Margarine,kg,3.32
RM020,2025-08-01,Butter or Margarine,kg,3.11
RM020,2025-08-02,Butter or Margarine,kg,4.03
RM020,2025-08-03,Butter or Margarine,kg,3.04
RM020,2025-08-04,Butter or Margarine,kg,2.53
RM020,2025-08-05,Butter or Margarine,kg,2.98
RM020,2025-08-06,Butter or Margarine,kg,3.03
RM020,2025-08-07,Butter or Margarine,kg,3.17
RM020,2025-08-08,Butter or Margarine,kg,3.66
RM020,2025-08-09,Butter or Margarine,kg,3.63
RM020,2025-08-10,Butter or Margarine,kg,3.0
RM020,2025-08-11,Butter or Margarine,kg,2.17
RM020,2025-08-12,Butter or Margarine,kg,2.89
RM020,2025-08-13,Butter or Margarine,kg,3.01
RM020,2025-08-14,Butter or Margarine,kg,2.59
RM020,2025-08-15,Butter or Margarine,kg,3.16
RM020,2025-08-16,Butter or Margarine,kg,3.47
RM020,2025-08-17,Butter or Margarine,kg,3.05
RM020,2025-08-18,Butter or Margarine,kg,2.56
RM020,2025-08-19,Butter or Margarine,kg,2.61
RM020,2025-08-20,Butter or Margarine,kg,2.83
RM020,2025-08-21,Butter or Margarine,kg,3.17
RM020,2025-08-22,Butter or Margarine,kg,3.05
RM020,2025-08-23,Butter or Margarine,kg,3.72
RM020,2025-08-24,Butter or Margarine,kg,4.1
RM020,2025-08-25,Butter or Margarine,kg,2.43
RM020,2025-08-26,Butter or Margarine,kg,2.4
RM020,2025-08-27,Butter or Margarine,kg,3.13
RM020,2025-08-28,Butter or Margarine,kg,3.23
RM020,2025-08-29,Butter or Margarine,kg,3.54
RM020,2025-08-30,Butter or Margarine,kg,3.89
RM020,2025-08-31,Butter or Margarine,kg,3.34
RM020,2025-09-01,Butter or Margarine,kg,3.13
RM020,2025-09-02,Butter or Margarine,kg,3.28
RM020,2025-09-03,Butter or Margarine,kg,2.98
RM020,2025-09-04,Butter or Margarine,kg,3.19
RM020,2025-09-05,Butter or Margarine,kg,3.6
RM020,2025-09-06,Butter or Margarine,kg,3.51
RM020,2025-09-07,Butter or Margarine,kg,2.86
RM020,2025-09-08,Butter or Margarine,kg,2.46
RM020,2025-09-09,Butter or Margarine,kg,2.48
RM020,2025-09-10,Butter or Margarine,kg,2.45
RM020,2025-09-11,Butter or Margarine,kg,2.8
RM020,2025-09-12,Butter or Margarine,kg,3.05
RM020,2025-09-13,Butter or Margarine,kg,3.64
RM020,2025-09-14,Butter or Margarine,kg,2.89
RM020,2025-09-15,Butter or Margarine,kg,1.95
RM020,2025-09-16,Butter or Margarine,kg,2.85
RM020,2025-09-17,Butter or Margarine,kg,2.91
RM020,2025-09-18,Butter or Margarine,kg,3.0
RM020,2025-09-19,Butter or Margarine,kg,3.13
RM020,2025-09-20,Butter or Margarine,kg,3.21
RM020,2025-09-21,Butter or Margarine,kg,3.31
RM020,2025-09-22,Butter or Margarine,kg,2.62
RM020,2025-09-23,Butter or Margarine,kg,3.69
RM020,2025-09-24,Butter or Margarine,kg,3.2
RM020,2025-09-25,Butter or Margarine,kg,2.83
RM020,2025-09-26,Butter or Margarine,kg,3.63
RM020,2025-09-27,Butter or Margarine,kg,3.74
RM020,2025-09-28,Butter or Margarine,kg,3.34
RM020,2025-09-29,Butter or Margarine,kg,2.98
RM020,2025-09-30,Butter or Margarine,kg,3.1
RM020,2025-10-01,Butter or Margarine,kg,2.84
RM020,2025-10-02,Butter or Margarine,kg,3.09
RM020,2025-10-03,Butter or Margarine,kg,3.03
RM020,2025-10-04,Butter or Margarine,kg,3.44
RM020,2025-10-05,Butter or Margarine,kg,3.28
RM020,2025-10-06,Butter or Margarine,kg,2.43
RM020,2025-10-07,Butter or Margarine,kg,2.86
RM020,2025-10-08,Butter or Margarine,kg,2.88
RM020,2025-10-09,Butter or Margarine,kg,2.9
RM020,2025-10-10,Butter or Margarine,kg,3.33
RM020,2025-10-11,Butter or Margarine,kg,3.27
RM020,2025-10-12,Butter or Margarine,kg,3.45
RM020,2025-10-13,Butter or Margarine,kg,2.5
RM020,2025-10-14,Butter or Margarine,kg,2.74
RM020,2025-10-15,Butter or Margarine,kg,2.84
RM020,2025-10-16,Butter or Margarine,kg,2.9
RM020,2025-10-17,Butter or Margarine,kg,3.5
RM020,2025-10-18,Butter or Margarine,kg,3.11
RM020,2025-10-19,Butter or Margarine,kg,3.32
RM020,2025-10-20,Butter or Margarine,kg,2.76
RM020,2025-10-21,Butter or Margarine,kg,2.78
RM020,2025-10-22,Butter or Margarine,kg,2.91
RM020,2025-10-23,Butter or Margarine,kg,3.37
RM020,2025-10-24,Butter or Margarine,kg,3.49
RM020,2025-10-25,Butter or Margarine,kg,3.5
RM020,2025-10-26,Butter or Margarine,kg,3.83
RM020,2025-10-27,Butter or Margarine,kg,2.81
RM020,2025-10-28,Butter or Margarine,kg,3.37
RM020,2025-10-29,Butter or Margarine,kg,3.33
RM020,2025-10-30,Butter or Margarine,kg,3.1
RM020,2025-10-31,Butter or Margarine,kg,3.45
RM020,2025-11-01,Butter or Margarine,kg,3.69
RM020,2025-11-02,Butter or Margarine,kg,3.44
RM020,2025-11-03,Butter or Margarine,kg,2.66
RM020,2025-11-04,Butter or Margarine,kg,2.36
RM020,2025-11-05,Butter or Margarine,kg,3.18
RM020,2025-11-06,Butter or Margarine,kg,3.02
RM020,2025-11-07,Butter or Margarine,kg,3.74
RM020,2025-11-08,Butter or Margarine,kg,3.14
RM020,2025-11-09,Butter or Margarine,kg,3.12
RM020,2025-11-10,Butter or Margarine,kg,2.61
RM020,2025-11-11,Butter or Margarine,kg,2.86
RM020,2025-11-12,Butter or Margarine,kg,2.75
RM020,2025-11-13,Butter or Margarine,kg,2.91
RM020,2025-11-14,Butter or Margarine,kg,2.72
RM020,2025-11-15,Butter or Margarine,kg,3.57
RM020,2025-11-16,Butter or Margarine,kg,2.81
RM020,2025-11-17,Butter or Margarine,kg,2.45
RM020,2025-11-18,Butter or Margarine,kg,2.8
RM020,2025-11-19,Butter or Margarine,kg,3.3
RM020,2025-11-20,Butter or Margarine,kg,3.44
RM020,2025-11-21,Butter or Margarine,kg,3.09
RM020,2025-11-22,Butter or Margarine,kg,3.9
RM020,2025-11-23,Butter or Margarine,kg,3.35
RM020,2025-11-24,Butter or Margarine,kg,2.48
RM020,2025-11-25,Butter or Margarine,kg,2.54
RM020,2025-11-26,Butter or Margarine,kg,2.96
RM020,2025-11-27,Butter or Margarine,kg,2.86
RM020,2025-11-28,Butter or Margarine,kg,3.94
RM020,2025-11-29,Butter or Margarine,kg,3.76
RM020,2025-11-30,Butter or Margarine,kg,3.32
RM020,2025-12-01,Butter or Margarine,kg,2.75
RM020,2025-12-02,Butter or Margarine,kg,2.91
RM020,2025-12-03,Butter or Margarine,kg,3.25
RM020,2025-12-04,Butter or Margarine,kg,3.41
RM020,2025-12-05,Butter or Margarine,kg,3.26
RM020,2025-12-06,Butter or Margarine,kg,3.65
RM020,2025-12-07,Butter or Margarine,kg,3.11
RM020,2025-12-08,Butter or Margarine,kg,2.56
RM020,2025-12-09,Butter or Margarine,kg,2.95
RM020,2025-12-10,Butter or Margarine,kg,2.83
RM020,2025-12-11,Butter or Margarine,kg,2.94
RM020,2025-12-12,Butter or Margarine,kg,2.73
RM020,2025-12-13,Butter or Margarine,kg,3.78
RM020,2025-12-14,Butter or Margarine,kg,3.19
RM020,2025-12-15,Butter or Margarine,kg,2.37
RM020,2025-12-16,Butter or Margarine,kg,2.64
RM020,2025-12-17,Butter or Margarine,kg,2.94
RM020,2025-12-18,Butter or Margarine,kg,3.27
RM020,2025-12-19,Butter or Margarine,kg,3.7
RM020,2025-12-20,Butter or Margarine,kg,3.97
RM020,2025-12-21,Butter or Margarine,kg,3.11
RM020,2025-12-22,Butter or Margarine,kg,2.6
RM020,2025-12-23,Butter or Margarine,kg,3.53
RM020,2025-12-24,Butter or Margarine,kg,3.13
RM020,2025-12-25,Butter or Margarine,kg,3.45
RM020,2025-12-26,Butter or Margarine,kg,3.76
RM020,2025-12-27,Butter or Margarine,kg,4.49
RM020,2025-12-28,Butter or Margarine,kg,3.59
RM020,2025-12-29,Butter or Margarine,kg,2.54
RM020,2025-12-30,Butter or Margarine,kg,2.64
RM020,2025-12-31,Butter or Margarine,kg,3.33
RM020,2026-01-01,Butter or Margarine,kg,3.19
RM020,2026-01-02,Butter or Margarine,kg,3.28
RM020,2026-01-03,Butter or Margarine,kg,3.57
RM020,2026-01-04,Butter or Margarine,kg,2.8
RM020,2026-01-05,Butter or Margarine,kg,2.64
RM020,2026-01-06,Butter or Margarine,kg,2.72
RM020,2026-01-07,Butter or Margarine,kg,3.14
RM020,2026-01-08,Butter or Margarine,kg,3.07
RM020,2026-01-09,Butter or Margarine,kg,2.96
RM020,2026-01-10,Butter or Margarine,kg,3.51
RM020,2026-01-11,Butter or Margarine,kg,2.59
RM020,2026-01-12,Butter or Margarine,kg,2.3
RM020,2026-01-13,Butter or Margarine,kg,2.69
RM020,2026-01-14,Butter or Margarine,kg,2.9
RM020,2026-01-15,Butter or Margarine,kg,2.94
RM020,2026-01-16,Butter or Margarine,kg,2.86
RM020,2026-01-17,Butter or Margarine,kg,3.95
RM020,2026-01-18,Butter or Margarine,kg,3.22
RM020,2026-01-19,Butter or Margarine,kg,2.67
RM020,2026-01-20,Butter or Margarine,kg,2.82
RM020,2026-01-21,Butter or Margarine,kg,3.03
RM020,2026-01-22,Butter or Margarine,kg,3.58
RM020,2026-01-23,Butter or Margarine,kg,3.62
RM020,2026-01-24,Butter or Margarine,kg,3.36
RM020,2026-01-25,Butter or Margarine,kg,4.06
RM020,2026-01-26,Butter or Margarine,kg,2.6
RM020,2026-01-27,Butter or Margarine,kg,2.74
RM020,2026-01-28,Butter or Margarine,kg,2.87
RM020,2026-01-29,Butter or Margarine,kg,3.09
RM020,2026-01-30,Butter or Margarine,kg,3.71
RM020,2026-01-31,Butter or Margarine,kg,3.85
RM020,2026-02-01,Butter or Margarine,kg,3.57
RM020,2026-02-02,Butter or Margarine,kg,2.66
RM020,2026-02-03,Butter or Margarine,kg,2.94
RM020,2026-02-04,Butter or Margarine,kg,3.0
RM020,2026-02-05,Butter or Margarine,kg,2.86
RM020,2026-02-06,Butter or Margarine,kg,3.36
RM020,2026-02-07,Butter or Margarine,kg,3.38
RM020,2026-02-08,Butter or Margarine,kg,3.12
RM020,2026-02-09,Butter or Margarine,kg,2.8
RM020,2026-02-10,Butter or Margarine,kg,2.68
RM020,2026-02-11,Butter or Margarine,kg,2.85
RM020,2026-02-12,Butter or Margarine,kg,2.99
RM020,2026-02-13,Butter or Margarine,kg,3.13
RM020,2026-02-14,Butter or Margarine,kg,3.48
RM020,2026-02-15,Butter or Margarine,kg,3.52
RM020,2026-02-16,Butter or Margarine,kg,2.53
RM020,2026-02-17,Butter or Margarine,kg,2.98
RM020,2026-02-18,Butter or Margarine,kg,2.91
RM020,2026-02-19,Butter or Margarine,kg,3.0
RM020,2026-02-20,Butter or Margarine,kg,3.05
RM020,2026-02-21,Butter or Margarine,kg,3.54
RM020,2026-02-22,Butter or Margarine,kg,3.19
RM020,2026-02-23,Butter or Margarine,kg,2.66
RM020,2026-02-24,Butter or Margarine,kg,3.09
RM020,2026-02-25,Butter or Margarine,kg,3.23
RM020,2026-02-26,Butter or Margarine,kg,3.8
RM020,2026-02-27,Butter or Margarine,kg,3.56
RM020,2026-02-28,Butter or Margarine,kg,3.64
RM020,2026-03-01,Butter or Margarine,kg,3.79
RM020,2026-03-02,Butter or Margarine,kg,2.59
RM020,2026-03-03,Butter or Margarine,kg,3.05
RM020,2026-03-04,Butter or Margarine,kg,3.45
RM020,2026-03-05,Butter or Margarine,kg,3.47
RM020,2026-03-06,Butter or Margarine,kg,3.04
RM020,2026-03-07,Butter or Margarine,kg,3.7
RM020,2026-03-08,Butter or Margarine,kg,2.96
RM020,2026-03-09,Butter or Margarine,kg,2.43
RM020,2026-03-10,Butter or Margarine,kg,2.83
RM020,2026-03-11,Butter or Margarine,kg,2.86
RM020,2026-03-12,Butter or Margarine,kg,3.01
RM020,2026-03-13,Butter or Margarine,kg,3.11
RM020,2026-03-14,Butter or Margarine,kg,3.19
RM020,2026-03-15,Butter or Margarine,kg,3.47
RM020,2026-03-16,Butter or Margarine,kg,2.78
RM020,2026-03-17,Butter or Margarine,kg,2.89
RM020,2026-03-18,Butter or Margarine,kg,3.11
RM020,2026-03-19,Butter or Margarine,kg,3.26
RM020,2026-03-20,Butter or Margarine,kg,3.39
RM020,2026-03-21,Butter or Margarine,kg,3.57
RM020,2026-03-22,Butter or Margarine,kg,3.31
RM020,2026-03-23,Butter or Margarine,kg,2.54
RM020,2026-03-24,Butter or Margarine,kg,2.75
RM020,2026-03-25,Butter or Margarine,kg,3.29
RM020,2026-03-26,Butter or Margarine,kg,3.2
RM020,2026-03-27,Butter or Margarine,kg,3.24
RM020,2026-03-28,Butter or Margarine,kg,3.62
RM020,2026-03-29,Butter or Margarine,kg,3.35
RM020,2026-03-30,Butter or Margarine,kg,2.96
RM020,2026-03-31,Butter or Margarine,kg,3.13
RM020,2026-04-01,Butter or Margarine,kg,2.71
RM020,2026-04-02,Butter or Margarine,kg,3.25
RM020,2026-04-03,Butter or Margarine,kg,3.48
RM020,2026-04-04,Butter or Margarine,kg,3.53
RM020,2026-04-05,Butter or Margarine,kg,3.3
RM020,2026-04-06,Butter or Margarine,kg,2.35
RM020,2026-04-07,Butter or Margarine,kg,2.6
RM020,2026-04-08,Butter or Margarine,kg,2.68
RM020,2026-04-09,Butter or Margarine,kg,2.92
RM020,2026-04-10,Butter or Margarine,kg,3.48
RM020,2026-04-11,Butter or Margarine,kg,3.19
RM020,2026-04-12,Butter or Margarine,kg,3.35
RM020,2026-04-13,Butter or Margarine,kg,2.49
RM020,2026-04-14,Butter or Margarine,kg,2.62
RM020,2026-04-15,Butter or Margarine,kg,3.09
RM020,2026-04-16,Butter or Margarine,kg,2.88
RM020,2026-04-17,Butter or Margarine,kg,3.15
RM020,2026-04-18,Butter or Margarine,kg,3.53
RM020,2026-04-19,Butter or Margarine,kg,2.67
RM020,2026-04-20,Butter or Margarine,kg,2.68
RM020,2026-04-21,Butter or Margarine,kg,3.28
RM020,2026-04-22,Butter or Margarine,kg,2.8
RM020,2026-04-23,Butter or Margarine,kg,3.51
RM020,2026-04-24,Butter or Margarine,kg,3.53
RM020,2026-04-25,Butter or Margarine,kg,3.75
RM020,2026-04-26,Butter or Margarine,kg,3.3
RM020,2026-04-27,Butter or Margarine,kg,2.84
RM020,2026-04-28,Butter or Margarine,kg,3.19
RM020,2026-04-29,Butter or Margarine,kg,3.02
RM020,2026-04-30,Butter or Margarine,kg,3.03
RM020,2026-05-01,Butter or Margarine,kg,3.64
RM020,2026-05-02,Butter or Margarine,kg,3.65
RM020,2026-05-03,Butter or Margarine,kg,3.27
RM020,2026-05-04,Butter or Margarine,kg,2.95
RM020,2026-05-05,Butter or Margarine,kg,3.0
RM020,2026-05-06,Butter or Margarine,kg,3.0
RM020,2026-05-07,Butter or Margarine,kg,2.64
RM020,2026-05-08,Butter or Margarine,kg,3.07
RM020,2026-05-09,Butter or Margarine,kg,3.31
RM020,2026-05-10,Butter or Margarine,kg,3.38
RM020,2026-05-11,Butter or Margarine,kg,2.29
RM020,2026-05-12,Butter or Margarine,kg,2.93
RM020,2026-05-13,Butter or Margarine,kg,3.1
RM020,2026-05-14,Butter or Margarine,kg,2.84
RM020,2026-05-15,Butter or Margarine,kg,3.73
RM020,2026-05-16,Butter or Margarine,kg,3.44
RM020,2026-05-17,Butter or Margarine,kg,3.1
RM020,2026-05-18,Butter or Margarine,kg,2.2
RM020,2026-05-19,Butter or Margarine,kg,2.67
RM020,2026-05-20,Butter or Margarine,kg,2.67
RM020,2026-05-21,Butter or Margarine,kg,3.29
RM020,2026-05-22,Butter or Margarine,kg,3.02
RM020,2026-05-23,Butter or Margarine,kg,3.99
RM020,2026-05-24,Butter or Margarine,kg,3.29
RM020,2026-05-25,Butter or Margarine,kg,2.9
RM020,2026-05-26,Butter or Margarine,kg,3.42
RM020,2026-05-27,Butter or Margarine,kg,3.48
RM020,2026-05-28,Butter or Margarine,kg,3.08
RM020,2026-05-29,Butter or Margarine,kg,3.34
RM020,2026-05-30,Butter or Margarine,kg,3.8
RM020,2026-05-31,Butter or Margarine,kg,3.48
RM020,2026-06-01,Butter or Margarine,kg,2.97
RM020,2026-06-02,Butter or Margarine,kg,2.93
RM020,2026-06-03,Butter or Margarine,kg,3.25
RM020,2026-06-04,Butter or Margarine,kg,3.37
RM020,2026-06-05,Butter or Margarine,kg,3.42
RM020,2026-06-06,Butter or Margarine,kg,3.72
RM020,2026-06-07,Butter or Margarine,kg,3.32
RM020,2026-06-08,Butter or Margarine,kg,2.54
RM020,2026-06-09,Butter or Margarine,kg,2.92
RM020,2026-06-10,Butter or Margarine,kg,3.21
RM020,2026-06-11,Butter or Margarine,kg,2.54
RM020,2026-06-12,Butter or Margarine,kg,3.56
RM020,2026-06-13,Butter or Margarine,kg,3.8
RM020,2026-06-14,Butter or Margarine,kg,2.59
RM020,2026-06-15,Butter or Margarine,kg,2.56
RM020,2026-06-16,Butter or Margarine,kg,2.66
RM020,2026-06-17,Butter or Margarine,kg,3.12
RM020,2026-06-18,Butter or Margarine,kg,3.38
RM020,2026-06-19,Butter or Margarine,kg,3.28
RM020,2026-06-20,Butter or Margarine,kg,3.63
RM020,2026-06-21,Butter or Margarine,kg,3.33
RM020,2026-06-22,Butter or Margarine,kg,2.8
RM020,2026-06-23,Butter or Margarine,kg,2.92
RM020,2026-06-24,Butter or Margarine,kg,3.06
RM020,2026-06-25,Butter or Margarine,kg,3.4
RM020,2026-06-26,Butter or Margarine,kg,3.18
RM020,2026-06-27,Butter or Margarine,kg,3.45
RM020,2026-06-28,Butter or Margarine,kg,3.18
RM020,2026-06-29,Butter or Margarine,kg,2.81
RM020,2026-06-30,Butter or Margarine,kg,3.02
RM020,2026-07-01,Butter or Margarine,kg,2.87
RM020,2026-07-02,Butter or Margarine,kg,3.05
RM020,2026-07-03,Butter or Margarine,kg,3.7
RM020,2026-07-04,Butter or Margarine,kg,3.5
RM020,2026-07-05,Butter or Margarine,kg,2.81
RM020,2026-07-06,Butter or Margarine,kg,2.54
RM020,2026-07-07,Butter or Margarine,kg,2.41
RM020,2026-07-08,Butter or Margarine,kg,3.4
RM020,2026-07-09,Butter or Margarine,kg,3.02
RM020,2026-07-10,Butter or Margarine,kg,2.98
RM020,2026-07-11,Butter or Margarine,kg,3.75
RM020,2026-07-12,Butter or Margarine,kg,2.62
RM020,2026-07-13,Butter or Margarine,kg,2.68
RM020,2026-07-14,Butter or Margarine,kg,2.98
RM020,2026-07-15,Butter or Margarine,kg,2.65
RM020,2026-07-16,Butter or Margarine,kg,3.26
RM020,2026-07-17,Butter or Margarine,kg,3.41
RM020,2026-07-18,Butter or Margarine,kg,3.69
RM020,2026-07-19,Butter or Margarine,kg,3.27
RM020,2026-07-20,Butter or Margarine,kg,2.53
RM020,2026-07-21,Butter or Margarine,kg,2.57
RM020,2026-07-22,Butter or Margarine,kg,2.88
RM020,2026-07-23,Butter or Margarine,kg,2.89
RM020,2026-07-24,Butter or Margarine,kg,3.68
RM020,2026-07-25,Butter or Margarine,kg,3.42
RM020,2026-07-26,Butter or Margarine,kg,3.7
RM020,2026-07-27,Butter or Margarine,kg,2.52
RM020,2026-07-28,Butter or Margarine,kg,3.58
RM020,2026-07-29,Butter or Margarine,kg,3.15
RM020,2026-07-30,Butter or Margarine,kg,3.47
RM020,2026-07-31,Butter or Margarine,kg,3.69
RM020,2026-08-01,Butter or Margarine,kg,3.88
RM020,2026-08-02,Butter or Margarine,kg,3.47
RM020,2026-08-03,Butter or Margarine,kg,2.47
RM020,2026-08-04,Butter or Margarine,kg,2.48
RM020,2026-08-05,Butter or Margarine,kg,2.62
RM020,2026-08-06,Butter or Margarine,kg,3.42
RM020,2026-08-07,Butter or Margarine,kg,3.44
RM020,2026-08-08,Butter or Margarine,kg,3.34
RM020,2026-08-09,Butter or Margarine,kg,3.43
RM021,2025-01-01,Sugar,kg,11.65
RM021,2025-01-02,Sugar,kg,10.31
RM021,2025-01-03,Sugar,kg,11.63
RM021,2025-01-04,Sugar,kg,11.27
RM021,2025-01-05,Sugar,kg,11.78
RM021,2025-01-06,Sugar,kg,7.54
RM021,2025-01-07,Sugar,kg,10.01
RM021,2025-01-08,Sugar,kg,10.41
RM021,2025-01-09,Sugar,kg,7.87
RM021,2025-01-10,Sugar,kg,10.77
RM021,2025-01-11,Sugar,kg,9.69
RM021,2025-01-12,Sugar,kg,10.16
RM021,2025-01-13,Sugar,kg,8.08
RM021,2025-01-14,Sugar,kg,8.98
RM021,2025-01-15,Sugar,kg,10.7
RM021,2025-01-16,Sugar,kg,8.19
RM021,2025-01-17,Sugar,kg,10.01
RM021,2025-01-18,Sugar,kg,11.87
RM021,2025-01-19,Sugar,kg,9.9
RM021,2025-01-20,Sugar,kg,9.63
RM021,2025-01-21,Sugar,kg,9.95
RM021,2025-01-22,Sugar,kg,10.54
RM021,2025-01-23,Sugar,kg,9.87
RM021,2025-01-24,Sugar,kg,12.69
RM021,2025-01-25,Sugar,kg,12.91
RM021,2025-01-26,Sugar,kg,12.18
RM021,2025-01-27,Sugar,kg,9.04
RM021,2025-01-28,Sugar,kg,9.92
RM021,2025-01-29,Sugar,kg,10.42
RM021,2025-01-30,Sugar,kg,10.48
RM021,2025-01-31,Sugar,kg,11.52
RM021,2025-02-01,Sugar,kg,11.62
RM021,2025-02-02,Sugar,kg,11.82
RM021,2025-02-03,Sugar,kg,8.47
RM021,2025-02-04,Sugar,kg,9.46
RM021,2025-02-05,Sugar,kg,8.97
RM021,2025-02-06,Sugar,kg,9.75
RM021,2025-02-07,Sugar,kg,9.93
RM021,2025-02-08,Sugar,kg,10.84
RM021,2025-02-09,Sugar,kg,10.86
RM021,2025-02-10,Sugar,kg,7.18
RM021,2025-02-11,Sugar,kg,10.19
RM021,2025-02-12,Sugar,kg,8.89
RM021,2025-02-13,Sugar,kg,9.75
RM021,2025-02-14,Sugar,kg,12.03
RM021,2025-02-15,Sugar,kg,10.95
RM021,2025-02-16,Sugar,kg,10.03
RM021,2025-02-17,Sugar,kg,8.3
RM021,2025-02-18,Sugar,kg,10.77
RM021,2025-02-19,Sugar,kg,11.14
RM021,2025-02-20,Sugar,kg,10.59
RM021,2025-02-21,Sugar,kg,11.09
RM021,2025-02-22,Sugar,kg,12.92
RM021,2025-02-23,Sugar,kg,11.91
RM021,2025-02-24,Sugar,kg,8.87
RM021,2025-02-25,Sugar,kg,10.16
RM021,2025-02-26,Sugar,kg,9.67
RM021,2025-02-27,Sugar,kg,10.48
RM021,2025-02-28,Sugar,kg,11.46
RM021,2025-03-01,Sugar,kg,12.88
RM021,2025-03-02,Sugar,kg,10.74
RM021,2025-03-03,Sugar,kg,9.14
RM021,2025-03-04,Sugar,kg,10.91
RM021,2025-03-05,Sugar,kg,9.58
RM021,2025-03-06,Sugar,kg,10.07
RM021,2025-03-07,Sugar,kg,12.75
RM021,2025-03-08,Sugar,kg,11.45
RM021,2025-03-09,Sugar,kg,11.66
RM021,2025-03-10,Sugar,kg,8.31
RM021,2025-03-11,Sugar,kg,8.52
RM021,2025-03-12,Sugar,kg,9.26
RM021,2025-03-13,Sugar,kg,9.16
RM021,2025-03-14,Sugar,kg,11.01
RM021,2025-03-15,Sugar,kg,10.8
RM021,2025-03-16,Sugar,kg,9.86
RM021,2025-03-17,Sugar,kg,7.23
RM021,2025-03-18,Sugar,kg,9.3
RM021,2025-03-19,Sugar,kg,10.14
RM021,2025-03-20,Sugar,kg,11.0
RM021,2025-03-21,Sugar,kg,11.26
RM021,2025-03-22,Sugar,kg,12.84
RM021,2025-03-23,Sugar,kg,11.59
RM021,2025-03-24,Sugar,kg,8.59
RM021,2025-03-25,Sugar,kg,10.17
RM021,2025-03-26,Sugar,kg,10.52
RM021,2025-03-27,Sugar,kg,11.16
RM021,2025-03-28,Sugar,kg,11.35
RM021,2025-03-29,Sugar,kg,12.52
RM021,2025-03-30,Sugar,kg,12.49
RM021,2025-03-31,Sugar,kg,8.33
RM021,2025-04-01,Sugar,kg,9.43
RM021,2025-04-02,Sugar,kg,8.99
RM021,2025-04-03,Sugar,kg,11.44
RM021,2025-04-04,Sugar,kg,9.91
RM021,2025-04-05,Sugar,kg,10.32
RM021,2025-04-06,Sugar,kg,9.36
RM021,2025-04-07,Sugar,kg,8.08
RM021,2025-04-08,Sugar,kg,9.73
RM021,2025-04-09,Sugar,kg,9.19
RM021,2025-04-10,Sugar,kg,10.69
RM021,2025-04-11,Sugar,kg,11.6
RM021,2025-04-12,Sugar,kg,9.71
RM021,2025-04-13,Sugar,kg,9.14
RM021,2025-04-14,Sugar,kg,8.86
RM021,2025-04-15,Sugar,kg,8.68
RM021,2025-04-16,Sugar,kg,8.28
RM021,2025-04-17,Sugar,kg,10.1
RM021,2025-04-18,Sugar,kg,11.21
RM021,2025-04-19,Sugar,kg,10.72
RM021,2025-04-20,Sugar,kg,12.13
RM021,2025-04-21,Sugar,kg,9.09
RM021,2025-04-22,Sugar,kg,9.27
RM021,2025-04-23,Sugar,kg,9.12
RM021,2025-04-24,Sugar,kg,10.2
RM021,2025-04-25,Sugar,kg,12.37
RM021,2025-04-26,Sugar,kg,11.31
RM021,2025-04-27,Sugar,kg,12.68
RM021,2025-04-28,Sugar,kg,9.07
RM021,2025-04-29,Sugar,kg,10.59
RM021,2025-04-30,Sugar,kg,11.28
RM021,2025-05-01,Sugar,kg,10.34
RM021,2025-05-02,Sugar,kg,13.06
RM021,2025-05-03,Sugar,kg,12.34
RM021,2025-05-04,Sugar,kg,9.89
RM021,2025-05-05,Sugar,kg,8.32
RM021,2025-05-06,Sugar,kg,8.44
RM021,2025-05-07,Sugar,kg,9.18
RM021,2025-05-08,Sugar,kg,9.66
RM021,2025-05-09,Sugar,kg,11.63
RM021,2025-05-10,Sugar,kg,12.05
RM021,2025-05-11,Sugar,kg,8.55
RM021,2025-05-12,Sugar,kg,8.2
RM021,2025-05-13,Sugar,kg,8.26
RM021,2025-05-14,Sugar,kg,8.91
RM021,2025-05-15,Sugar,kg,10.61
RM021,2025-05-16,Sugar,kg,10.87
RM021,2025-05-17,Sugar,kg,10.75
RM021,2025-05-18,Sugar,kg,9.3
RM021,2025-05-19,Sugar,kg,9.24
RM021,2025-05-20,Sugar,kg,10.13
RM021,2025-05-21,Sugar,kg,10.94
RM021,2025-05-22,Sugar,kg,12.32
RM021,2025-05-23,Sugar,kg,13.31
RM021,2025-05-24,Sugar,kg,11.98
RM021,2025-05-25,Sugar,kg,12.0
RM021,2025-05-26,Sugar,kg,9.11
RM021,2025-05-27,Sugar,kg,7.75
RM021,2025-05-28,Sugar,kg,10.52
RM021,2025-05-29,Sugar,kg,11.32
RM021,2025-05-30,Sugar,kg,10.42
RM021,2025-05-31,Sugar,kg,12.04
RM021,2025-06-01,Sugar,kg,10.51
RM021,2025-06-02,Sugar,kg,8.99
RM021,2025-06-03,Sugar,kg,9.75
RM021,2025-06-04,Sugar,kg,10.27
RM021,2025-06-05,Sugar,kg,10.1
RM021,2025-06-06,Sugar,kg,10.58
RM021,2025-06-07,Sugar,kg,12.79
RM021,2025-06-08,Sugar,kg,9.81
RM021,2025-06-09,Sugar,kg,6.86
RM021,2025-06-10,Sugar,kg,9.26
RM021,2025-06-11,Sugar,kg,8.81
RM021,2025-06-12,Sugar,kg,9.52
RM021,2025-06-13,Sugar,kg,10.26
RM021,2025-06-14,Sugar,kg,13.21
RM021,2025-06-15,Sugar,kg,10.23
RM021,2025-06-16,Sugar,kg,8.59
RM021,2025-06-17,Sugar,kg,9.23
RM021,2025-06-18,Sugar,kg,9.98
RM021,2025-06-19,Sugar,kg,9.53
RM021,2025-06-20,Sugar,kg,12.32
RM021,2025-06-21,Sugar,kg,14.62
RM021,2025-06-22,Sugar,kg,10.81
RM021,2025-06-23,Sugar,kg,8.74
RM021,2025-06-24,Sugar,kg,10.48
RM021,2025-06-25,Sugar,kg,8.12
RM021,2025-06-26,Sugar,kg,11.61
RM021,2025-06-27,Sugar,kg,14.32
RM021,2025-06-28,Sugar,kg,13.26
RM021,2025-06-29,Sugar,kg,10.64
RM021,2025-06-30,Sugar,kg,8.48
RM021,2025-07-01,Sugar,kg,12.46
RM021,2025-07-02,Sugar,kg,8.95
RM021,2025-07-03,Sugar,kg,10.12
RM021,2025-07-04,Sugar,kg,9.48
RM021,2025-07-05,Sugar,kg,11.34
RM021,2025-07-06,Sugar,kg,10.84
RM021,2025-07-07,Sugar,kg,8.16
RM021,2025-07-08,Sugar,kg,9.37
RM021,2025-07-09,Sugar,kg,9.33
RM021,2025-07-10,Sugar,kg,11.04
RM021,2025-07-11,Sugar,kg,9.97
RM021,2025-07-12,Sugar,kg,11.39
RM021,2025-07-13,Sugar,kg,9.46
RM021,2025-07-14,Sugar,kg,8.99
RM021,2025-07-15,Sugar,kg,9.54
RM021,2025-07-16,Sugar,kg,10.01
RM021,2025-07-17,Sugar,kg,9.2
RM021,2025-07-18,Sugar,kg,11.53
RM021,2025-07-19,Sugar,kg,12.86
RM021,2025-07-20,Sugar,kg,10.89
RM021,2025-07-21,Sugar,kg,8.91
RM021,2025-07-22,Sugar,kg,8.89
RM021,2025-07-23,Sugar,kg,9.74
RM021,2025-07-24,Sugar,kg,11.76
RM021,2025-07-25,Sugar,kg,9.5
RM021,2025-07-26,Sugar,kg,12.57
RM021,2025-07-27,Sugar,kg,11.28
RM021,2025-07-28,Sugar,kg,8.79
RM021,2025-07-29,Sugar,kg,9.61
RM021,2025-07-30,Sugar,kg,12.48
RM021,2025-07-31,Sugar,kg,11.48
RM021,2025-08-01,Sugar,kg,11.15
RM021,2025-08-02,Sugar,kg,12.32
RM021,2025-08-03,Sugar,kg,11.65
RM021,2025-08-04,Sugar,kg,9.07
RM021,2025-08-05,Sugar,kg,9.36
RM021,2025-08-06,Sugar,kg,9.65
RM021,2025-08-07,Sugar,kg,10.33
RM021,2025-08-08,Sugar,kg,9.92
RM021,2025-08-09,Sugar,kg,11.44
RM021,2025-08-10,Sugar,kg,9.79
RM021,2025-08-11,Sugar,kg,7.21
RM021,2025-08-12,Sugar,kg,10.47
RM021,2025-08-13,Sugar,kg,9.34
RM021,2025-08-14,Sugar,kg,10.73
RM021,2025-08-15,Sugar,kg,10.93
RM021,2025-08-16,Sugar,kg,10.67
RM021,2025-08-17,Sugar,kg,8.85
RM021,2025-08-18,Sugar,kg,9.7
RM021,2025-08-19,Sugar,kg,9.43
RM021,2025-08-20,Sugar,kg,10.46
RM021,2025-08-21,Sugar,kg,11.89
RM021,2025-08-22,Sugar,kg,12.74
RM021,2025-08-23,Sugar,kg,12.39
RM021,2025-08-24,Sugar,kg,10.9
RM021,2025-08-25,Sugar,kg,9.46
RM021,2025-08-26,Sugar,kg,9.33
RM021,2025-08-27,Sugar,kg,9.14
RM021,2025-08-28,Sugar,kg,9.91
RM021,2025-08-29,Sugar,kg,12.53
RM021,2025-08-30,Sugar,kg,12.46
RM021,2025-08-31,Sugar,kg,13.71
RM021,2025-09-01,Sugar,kg,8.75
RM021,2025-09-02,Sugar,kg,9.33
RM021,2025-09-03,Sugar,kg,9.61
RM021,2025-09-04,Sugar,kg,9.8
RM021,2025-09-05,Sugar,kg,11.04
RM021,2025-09-06,Sugar,kg,12.92
RM021,2025-09-07,Sugar,kg,10.98
RM021,2025-09-08,Sugar,kg,9.49
RM021,2025-09-09,Sugar,kg,7.91
RM021,2025-09-10,Sugar,kg,9.07
RM021,2025-09-11,Sugar,kg,9.21
RM021,2025-09-12,Sugar,kg,8.99
RM021,2025-09-13,Sugar,kg,11.79
RM021,2025-09-14,Sugar,kg,10.82
RM021,2025-09-15,Sugar,kg,8.07
RM021,2025-09-16,Sugar,kg,8.87
RM021,2025-09-17,Sugar,kg,10.03
RM021,2025-09-18,Sugar,kg,12.02
RM021,2025-09-19,Sugar,kg,12.44
RM021,2025-09-20,Sugar,kg,12.47
RM021,2025-09-21,Sugar,kg,13.42
RM021,2025-09-22,Sugar,kg,8.37
RM021,2025-09-23,Sugar,kg,11.38
RM021,2025-09-24,Sugar,kg,10.79
RM021,2025-09-25,Sugar,kg,10.74
RM021,2025-09-26,Sugar,kg,10.89
RM021,2025-09-27,Sugar,kg,12.96
RM021,2025-09-28,Sugar,kg,11.02
RM021,2025-09-29,Sugar,kg,8.73
RM021,2025-09-30,Sugar,kg,10.91
RM021,2025-10-01,Sugar,kg,9.46
RM021,2025-10-02,Sugar,kg,12.74
RM021,2025-10-03,Sugar,kg,11.01
RM021,2025-10-04,Sugar,kg,11.58
RM021,2025-10-05,Sugar,kg,10.14
RM021,2025-10-06,Sugar,kg,7.66
RM021,2025-10-07,Sugar,kg,8.77
RM021,2025-10-08,Sugar,kg,9.76
RM021,2025-10-09,Sugar,kg,10.35
RM021,2025-10-10,Sugar,kg,9.62
RM021,2025-10-11,Sugar,kg,11.63
RM021,2025-10-12,Sugar,kg,9.27
RM021,2025-10-13,Sugar,kg,8.13
RM021,2025-10-14,Sugar,kg,8.23
RM021,2025-10-15,Sugar,kg,10.47
RM021,2025-10-16,Sugar,kg,11.13
RM021,2025-10-17,Sugar,kg,11.34
RM021,2025-10-18,Sugar,kg,10.64
RM021,2025-10-19,Sugar,kg,10.66
RM021,2025-10-20,Sugar,kg,9.31
RM021,2025-10-21,Sugar,kg,8.52
RM021,2025-10-22,Sugar,kg,10.52
RM021,2025-10-23,Sugar,kg,10.89
RM021,2025-10-24,Sugar,kg,10.73
RM021,2025-10-25,Sugar,kg,11.87
RM021,2025-10-26,Sugar,kg,10.79
RM021,2025-10-27,Sugar,kg,9.13
RM021,2025-10-28,Sugar,kg,10.17
RM021,2025-10-29,Sugar,kg,11.12
RM021,2025-10-30,Sugar,kg,10.46
RM021,2025-10-31,Sugar,kg,11.63
RM021,2025-11-01,Sugar,kg,10.59
RM021,2025-11-02,Sugar,kg,11.03
RM021,2025-11-03,Sugar,kg,9.4
RM021,2025-11-04,Sugar,kg,10.59
RM021,2025-11-05,Sugar,kg,7.88
RM021,2025-11-06,Sugar,kg,10.93
RM021,2025-11-07,Sugar,kg,11.2
RM021,2025-11-08,Sugar,kg,13.16
RM021,2025-11-09,Sugar,kg,10.83
RM021,2025-11-10,Sugar,kg,8.93
RM021,2025-11-11,Sugar,kg,8.43
RM021,2025-11-12,Sugar,kg,10.73
RM021,2025-11-13,Sugar,kg,9.1
RM021,2025-11-14,Sugar,kg,9.41
RM021,2025-11-15,Sugar,kg,10.6
RM021,2025-11-16,Sugar,kg,9.8
RM021,2025-11-17,Sugar,kg,8.18
RM021,2025-11-18,Sugar,kg,9.43
RM021,2025-11-19,Sugar,kg,9.07
RM021,2025-11-20,Sugar,kg,10.8
RM021,2025-11-21,Sugar,kg,12.54
RM021,2025-11-22,Sugar,kg,13.02
RM021,2025-11-23,Sugar,kg,10.93
RM021,2025-11-24,Sugar,kg,8.46
RM021,2025-11-25,Sugar,kg,11.34
RM021,2025-11-26,Sugar,kg,10.02
RM021,2025-11-27,Sugar,kg,11.11
RM021,2025-11-28,Sugar,kg,11.54
RM021,2025-11-29,Sugar,kg,13.97
RM021,2025-11-30,Sugar,kg,11.36
RM021,2025-12-01,Sugar,kg,8.82
RM021,2025-12-02,Sugar,kg,9.68
RM021,2025-12-03,Sugar,kg,10.72
RM021,2025-12-04,Sugar,kg,10.89
RM021,2025-12-05,Sugar,kg,11.73
RM021,2025-12-06,Sugar,kg,12.24
RM021,2025-12-07,Sugar,kg,10.66
RM021,2025-12-08,Sugar,kg,9.69
RM021,2025-12-09,Sugar,kg,8.97
RM021,2025-12-10,Sugar,kg,8.41
RM021,2025-12-11,Sugar,kg,10.57
RM021,2025-12-12,Sugar,kg,10.94
RM021,2025-12-13,Sugar,kg,10.66
RM021,2025-12-14,Sugar,kg,11.08
RM021,2025-12-15,Sugar,kg,8.83
RM021,2025-12-16,Sugar,kg,9.18
RM021,2025-12-17,Sugar,kg,11.22
RM021,2025-12-18,Sugar,kg,10.18
RM021,2025-12-19,Sugar,kg,11.45
RM021,2025-12-20,Sugar,kg,12.67
RM021,2025-12-21,Sugar,kg,11.63
RM021,2025-12-22,Sugar,kg,9.35
RM021,2025-12-23,Sugar,kg,10.83
RM021,2025-12-24,Sugar,kg,9.71
RM021,2025-12-25,Sugar,kg,10.89
RM021,2025-12-26,Sugar,kg,11.32
RM021,2025-12-27,Sugar,kg,13.11
RM021,2025-12-28,Sugar,kg,10.91
RM021,2025-12-29,Sugar,kg,8.36
RM021,2025-12-30,Sugar,kg,9.58
RM021,2025-12-31,Sugar,kg,10.65
RM021,2026-01-01,Sugar,kg,10.57
RM021,2026-01-02,Sugar,kg,10.75
RM021,2026-01-03,Sugar,kg,12.83
RM021,2026-01-04,Sugar,kg,10.85
RM021,2026-01-05,Sugar,kg,8.2
RM021,2026-01-06,Sugar,kg,8.87
RM021,2026-01-07,Sugar,kg,9.62
RM021,2026-01-08,Sugar,kg,9.76
RM021,2026-01-09,Sugar,kg,10.09
RM021,2026-01-10,Sugar,kg,9.71
RM021,2026-01-11,Sugar,kg,10.62
RM021,2026-01-12,Sugar,kg,8.58
RM021,2026-01-13,Sugar,kg,8.43
RM021,2026-01-14,Sugar,kg,8.82
RM021,2026-01-15,Sugar,kg,9.99
RM021,2026-01-16,Sugar,kg,11.36
RM021,2026-01-17,Sugar,kg,12.46
RM021,2026-01-18,Sugar,kg,11.26
RM021,2026-01-19,Sugar,kg,8.0
RM021,2026-01-20,Sugar,kg,10.29
RM021,2026-01-21,Sugar,kg,10.1
RM021,2026-01-22,Sugar,kg,11.03
RM021,2026-01-23,Sugar,kg,12.3
RM021,2026-01-24,Sugar,kg,14.82
RM021,2026-01-25,Sugar,kg,12.04
RM021,2026-01-26,Sugar,kg,10.09
RM021,2026-01-27,Sugar,kg,10.26
RM021,2026-01-28,Sugar,kg,9.93
RM021,2026-01-29,Sugar,kg,11.23
RM021,2026-01-30,Sugar,kg,11.06
RM021,2026-01-31,Sugar,kg,11.24
RM021,2026-02-01,Sugar,kg,10.7
RM021,2026-02-02,Sugar,kg,9.28
RM021,2026-02-03,Sugar,kg,9.59
RM021,2026-02-04,Sugar,kg,9.4
RM021,2026-02-05,Sugar,kg,9.18
RM021,2026-02-06,Sugar,kg,10.08
RM021,2026-02-07,Sugar,kg,10.78
RM021,2026-02-08,Sugar,kg,10.02
RM021,2026-02-09,Sugar,kg,7.8
RM021,2026-02-10,Sugar,kg,7.52
RM021,2026-02-11,Sugar,kg,9.76
RM021,2026-02-12,Sugar,kg,10.3
RM021,2026-02-13,Sugar,kg,9.55
RM021,2026-02-14,Sugar,kg,9.9
RM021,2026-02-15,Sugar,kg,9.78
RM021,2026-02-16,Sugar,kg,8.73
RM021,2026-02-17,Sugar,kg,9.54
RM021,2026-02-18,Sugar,kg,10.59
RM021,2026-02-19,Sugar,kg,10.52
RM021,2026-02-20,Sugar,kg,10.3
RM021,2026-02-21,Sugar,kg,12.36
RM021,2026-02-22,Sugar,kg,10.24
RM021,2026-02-23,Sugar,kg,9.07
RM021,2026-02-24,Sugar,kg,10.21
RM021,2026-02-25,Sugar,kg,11.03
RM021,2026-02-26,Sugar,kg,9.94
RM021,2026-02-27,Sugar,kg,11.52
RM021,2026-02-28,Sugar,kg,12.95
RM021,2026-03-01,Sugar,kg,10.47
RM021,2026-03-02,Sugar,kg,10.1
RM021,2026-03-03,Sugar,kg,9.62
RM021,2026-03-04,Sugar,kg,10.34
RM021,2026-03-05,Sugar,kg,10.09
RM021,2026-03-06,Sugar,kg,11.08
RM021,2026-03-07,Sugar,kg,11.84
RM021,2026-03-08,Sugar,kg,10.95
RM021,2026-03-09,Sugar,kg,9.03
RM021,2026-03-10,Sugar,kg,9.28
RM021,2026-03-11,Sugar,kg,10.49
RM021,2026-03-12,Sugar,kg,9.58
RM021,2026-03-13,Sugar,kg,10.3
RM021,2026-03-14,Sugar,kg,9.96
RM021,2026-03-15,Sugar,kg,10.9
RM021,2026-03-16,Sugar,kg,9.24
RM021,2026-03-17,Sugar,kg,8.52
RM021,2026-03-18,Sugar,kg,10.01
RM021,2026-03-19,Sugar,kg,10.8
RM021,2026-03-20,Sugar,kg,9.97
RM021,2026-03-21,Sugar,kg,13.11
RM021,2026-03-22,Sugar,kg,11.98
RM021,2026-03-23,Sugar,kg,9.68
RM021,2026-03-24,Sugar,kg,10.32
RM021,2026-03-25,Sugar,kg,10.9
RM021,2026-03-26,Sugar,kg,11.77
RM021,2026-03-27,Sugar,kg,12.22
RM021,2026-03-28,Sugar,kg,12.11
RM021,2026-03-29,Sugar,kg,11.65
RM021,2026-03-30,Sugar,kg,9.11
RM021,2026-03-31,Sugar,kg,10.04
RM021,2026-04-01,Sugar,kg,10.49
RM021,2026-04-02,Sugar,kg,10.55
RM021,2026-04-03,Sugar,kg,10.12
RM021,2026-04-04,Sugar,kg,12.75
RM021,2026-04-05,Sugar,kg,11.2
RM021,2026-04-06,Sugar,kg,7.31
RM021,2026-04-07,Sugar,kg,9.38
RM021,2026-04-08,Sugar,kg,10.25
RM021,2026-04-09,Sugar,kg,10.09
RM021,2026-04-10,Sugar,kg,9.87
RM021,2026-04-11,Sugar,kg,11.17
RM021,2026-04-12,Sugar,kg,9.34
RM021,2026-04-13,Sugar,kg,7.78
RM021,2026-04-14,Sugar,kg,8.74
RM021,2026-04-15,Sugar,kg,8.92
RM021,2026-04-16,Sugar,kg,11.49
RM021,2026-04-17,Sugar,kg,10.18
RM021,2026-04-18,Sugar,kg,10.39
RM021,2026-04-19,Sugar,kg,11.02
RM021,2026-04-20,Sugar,kg,8.04
RM021,2026-04-21,Sugar,kg,10.15
RM021,2026-04-22,Sugar,kg,10.92
RM021,2026-04-23,Sugar,kg,10.9
RM021,2026-04-24,Sugar,kg,9.68
RM021,2026-04-25,Sugar,kg,12.54
RM021,2026-04-26,Sugar,kg,9.2
RM021,2026-04-27,Sugar,kg,10.49
RM021,2026-04-28,Sugar,kg,10.37
RM021,2026-04-29,Sugar,kg,11.5
RM021,2026-04-30,Sugar,kg,10.48
RM021,2026-05-01,Sugar,kg,10.81
RM021,2026-05-02,Sugar,kg,12.52
RM021,2026-05-03,Sugar,kg,11.23
RM021,2026-05-04,Sugar,kg,9.48
RM021,2026-05-05,Sugar,kg,8.79
RM021,2026-05-06,Sugar,kg,9.09
RM021,2026-05-07,Sugar,kg,11.05
RM021,2026-05-08,Sugar,kg,10.91
RM021,2026-05-09,Sugar,kg,11.84
RM021,2026-05-10,Sugar,kg,10.68
RM021,2026-05-11,Sugar,kg,8.38
RM021,2026-05-12,Sugar,kg,7.44
RM021,2026-05-13,Sugar,kg,10.16
RM021,2026-05-14,Sugar,kg,8.9
RM021,2026-05-15,Sugar,kg,10.15
RM021,2026-05-16,Sugar,kg,12.73
RM021,2026-05-17,Sugar,kg,9.84
RM021,2026-05-18,Sugar,kg,8.5
RM021,2026-05-19,Sugar,kg,10.28
RM021,2026-05-20,Sugar,kg,9.62
RM021,2026-05-21,Sugar,kg,11.04
RM021,2026-05-22,Sugar,kg,9.96
RM021,2026-05-23,Sugar,kg,13.9
RM021,2026-05-24,Sugar,kg,11.31
RM021,2026-05-25,Sugar,kg,8.72
RM021,2026-05-26,Sugar,kg,9.02
RM021,2026-05-27,Sugar,kg,10.0
RM021,2026-05-28,Sugar,kg,9.99
RM021,2026-05-29,Sugar,kg,10.12
RM021,2026-05-30,Sugar,kg,12.94
RM021,2026-05-31,Sugar,kg,11.1
RM021,2026-06-01,Sugar,kg,7.6
RM021,2026-06-02,Sugar,kg,10.65
RM021,2026-06-03,Sugar,kg,8.65
RM021,2026-06-04,Sugar,kg,10.45
RM021,2026-06-05,Sugar,kg,10.26
RM021,2026-06-06,Sugar,kg,10.24
RM021,2026-06-07,Sugar,kg,11.81
RM021,2026-06-08,Sugar,kg,8.49
RM021,2026-06-09,Sugar,kg,9.73
RM021,2026-06-10,Sugar,kg,10.11
RM021,2026-06-11,Sugar,kg,11.91
RM021,2026-06-12,Sugar,kg,10.88
RM021,2026-06-13,Sugar,kg,12.18
RM021,2026-06-14,Sugar,kg,9.04
RM021,2026-06-15,Sugar,kg,8.16
RM021,2026-06-16,Sugar,kg,8.54
RM021,2026-06-17,Sugar,kg,11.24
RM021,2026-06-18,Sugar,kg,10.62
RM021,2026-06-19,Sugar,kg,10.4
RM021,2026-06-20,Sugar,kg,9.83
RM021,2026-06-21,Sugar,kg,9.53
RM021,2026-06-22,Sugar,kg,8.58
RM021,2026-06-23,Sugar,kg,9.93
RM021,2026-06-24,Sugar,kg,10.29
RM021,2026-06-25,Sugar,kg,11.58
RM021,2026-06-26,Sugar,kg,13.07
RM021,2026-06-27,Sugar,kg,13.26
RM021,2026-06-28,Sugar,kg,11.21
RM021,2026-06-29,Sugar,kg,8.45
RM021,2026-06-30,Sugar,kg,10.78
RM021,2026-07-01,Sugar,kg,9.77
RM021,2026-07-02,Sugar,kg,10.02
RM021,2026-07-03,Sugar,kg,11.03
RM021,2026-07-04,Sugar,kg,12.75
RM021,2026-07-05,Sugar,kg,9.91
RM021,2026-07-06,Sugar,kg,9.97
RM021,2026-07-07,Sugar,kg,8.86
RM021,2026-07-08,Sugar,kg,9.06
RM021,2026-07-09,Sugar,kg,10.01
RM021,2026-07-10,Sugar,kg,10.0
RM021,2026-07-11,Sugar,kg,10.49
RM021,2026-07-12,Sugar,kg,11.06
RM021,2026-07-13,Sugar,kg,8.58
RM021,2026-07-14,Sugar,kg,9.1
RM021,2026-07-15,Sugar,kg,8.68
RM021,2026-07-16,Sugar,kg,8.92
RM021,2026-07-17,Sugar,kg,10.68
RM021,2026-07-18,Sugar,kg,12.71
RM021,2026-07-19,Sugar,kg,9.63
RM021,2026-07-20,Sugar,kg,8.89
RM021,2026-07-21,Sugar,kg,8.77
RM021,2026-07-22,Sugar,kg,9.58
RM021,2026-07-23,Sugar,kg,12.86
RM021,2026-07-24,Sugar,kg,11.51
RM021,2026-07-25,Sugar,kg,14.71
RM021,2026-07-26,Sugar,kg,12.1
RM021,2026-07-27,Sugar,kg,9.52
RM021,2026-07-28,Sugar,kg,11.18
RM021,2026-07-29,Sugar,kg,10.56
RM021,2026-07-30,Sugar,kg,11.66
RM021,2026-07-31,Sugar,kg,12.0
RM021,2026-08-01,Sugar,kg,13.96
RM021,2026-08-02,Sugar,kg,11.32
RM021,2026-08-03,Sugar,kg,8.83
RM021,2026-08-04,Sugar,kg,8.73
RM021,2026-08-05,Sugar,kg,8.65
RM021,2026-08-06,Sugar,kg,11.31
RM021,2026-08-07,Sugar,kg,13.22
RM021,2026-08-08,Sugar,kg,11.88
RM021,2026-08-09,Sugar,kg,9.73
RM022,2025-01-01,Pork Skin,kg,6.08
RM022,2025-01-02,Pork Skin,kg,5.51
RM022,2025-01-03,Pork Skin,kg,7.21
RM022,2025-01-04,Pork Skin,kg,8.43
RM022,2025-01-05,Pork Skin,kg,7.18
RM022,2025-01-06,Pork Skin,kg,5.13
RM022,2025-01-07,Pork Skin,kg,5.64
RM022,2025-01-08,Pork Skin,kg,6.11
RM022,2025-01-09,Pork Skin,kg,5.66
RM022,2025-01-10,Pork Skin,kg,6.67
RM022,2025-01-11,Pork Skin,kg,5.56
RM022,2025-01-12,Pork Skin,kg,5.98
RM022,2025-01-13,Pork Skin,kg,4.48
RM022,2025-01-14,Pork Skin,kg,5.44
RM022,2025-01-15,Pork Skin,kg,6.44
RM022,2025-01-16,Pork Skin,kg,6.31
RM022,2025-01-17,Pork Skin,kg,5.48
RM022,2025-01-18,Pork Skin,kg,6.73
RM022,2025-01-19,Pork Skin,kg,6.35
RM022,2025-01-20,Pork Skin,kg,5.22
RM022,2025-01-21,Pork Skin,kg,6.65
RM022,2025-01-22,Pork Skin,kg,6.46
RM022,2025-01-23,Pork Skin,kg,6.93
RM022,2025-01-24,Pork Skin,kg,6.67
RM022,2025-01-25,Pork Skin,kg,7.38
RM022,2025-01-26,Pork Skin,kg,7.86
RM022,2025-01-27,Pork Skin,kg,5.79
RM022,2025-01-28,Pork Skin,kg,6.43
RM022,2025-01-29,Pork Skin,kg,5.99
RM022,2025-01-30,Pork Skin,kg,7.57
RM022,2025-01-31,Pork Skin,kg,6.84
RM022,2025-02-01,Pork Skin,kg,7.75
RM022,2025-02-02,Pork Skin,kg,6.17
RM022,2025-02-03,Pork Skin,kg,5.95
RM022,2025-02-04,Pork Skin,kg,5.71
RM022,2025-02-05,Pork Skin,kg,5.18
RM022,2025-02-06,Pork Skin,kg,6.46
RM022,2025-02-07,Pork Skin,kg,7.02
RM022,2025-02-08,Pork Skin,kg,6.39
RM022,2025-02-09,Pork Skin,kg,6.94
RM022,2025-02-10,Pork Skin,kg,4.6
RM022,2025-02-11,Pork Skin,kg,5.51
RM022,2025-02-12,Pork Skin,kg,5.13
RM022,2025-02-13,Pork Skin,kg,6.11
RM022,2025-02-14,Pork Skin,kg,6.31
RM022,2025-02-15,Pork Skin,kg,7.23
RM022,2025-02-16,Pork Skin,kg,5.55
RM022,2025-02-17,Pork Skin,kg,5.13
RM022,2025-02-18,Pork Skin,kg,5.84
RM022,2025-02-19,Pork Skin,kg,6.67
RM022,2025-02-20,Pork Skin,kg,7.38
RM022,2025-02-21,Pork Skin,kg,7.02
RM022,2025-02-22,Pork Skin,kg,7.9
RM022,2025-02-23,Pork Skin,kg,7.07
RM022,2025-02-24,Pork Skin,kg,5.89
RM022,2025-02-25,Pork Skin,kg,5.62
RM022,2025-02-26,Pork Skin,kg,6.86
RM022,2025-02-27,Pork Skin,kg,7.11
RM022,2025-02-28,Pork Skin,kg,6.81
RM022,2025-03-01,Pork Skin,kg,8.97
RM022,2025-03-02,Pork Skin,kg,7.12
RM022,2025-03-03,Pork Skin,kg,4.88
RM022,2025-03-04,Pork Skin,kg,5.55
RM022,2025-03-05,Pork Skin,kg,5.52
RM022,2025-03-06,Pork Skin,kg,6.24
RM022,2025-03-07,Pork Skin,kg,7.67
RM022,2025-03-08,Pork Skin,kg,8.11
RM022,2025-03-09,Pork Skin,kg,6.06
RM022,2025-03-10,Pork Skin,kg,5.15
RM022,2025-03-11,Pork Skin,kg,5.39
RM022,2025-03-12,Pork Skin,kg,5.61
RM022,2025-03-13,Pork Skin,kg,5.06
RM022,2025-03-14,Pork Skin,kg,6.73
RM022,2025-03-15,Pork Skin,kg,6.73
RM022,2025-03-16,Pork Skin,kg,6.43
RM022,2025-03-17,Pork Skin,kg,5.39
RM022,2025-03-18,Pork Skin,kg,6.15
RM022,2025-03-19,Pork Skin,kg,5.63
RM022,2025-03-20,Pork Skin,kg,5.99
RM022,2025-03-21,Pork Skin,kg,6.46
RM022,2025-03-22,Pork Skin,kg,7.32
RM022,2025-03-23,Pork Skin,kg,7.31
RM022,2025-03-24,Pork Skin,kg,5.6
RM022,2025-03-25,Pork Skin,kg,6.2
RM022,2025-03-26,Pork Skin,kg,5.89
RM022,2025-03-27,Pork Skin,kg,7.81
RM022,2025-03-28,Pork Skin,kg,6.5
RM022,2025-03-29,Pork Skin,kg,8.71
RM022,2025-03-30,Pork Skin,kg,6.97
RM022,2025-03-31,Pork Skin,kg,6.28
RM022,2025-04-01,Pork Skin,kg,6.38
RM022,2025-04-02,Pork Skin,kg,5.76
RM022,2025-04-03,Pork Skin,kg,6.58
RM022,2025-04-04,Pork Skin,kg,6.58
RM022,2025-04-05,Pork Skin,kg,7.66
RM022,2025-04-06,Pork Skin,kg,5.22
RM022,2025-04-07,Pork Skin,kg,4.64
RM022,2025-04-08,Pork Skin,kg,5.12
RM022,2025-04-09,Pork Skin,kg,5.72
RM022,2025-04-10,Pork Skin,kg,5.82
RM022,2025-04-11,Pork Skin,kg,6.18
RM022,2025-04-12,Pork Skin,kg,6.76
RM022,2025-04-13,Pork Skin,kg,5.97
RM022,2025-04-14,Pork Skin,kg,5.32
RM022,2025-04-15,Pork Skin,kg,6.84
RM022,2025-04-16,Pork Skin,kg,6.5
RM022,2025-04-17,Pork Skin,kg,6.11
RM022,2025-04-18,Pork Skin,kg,7.07
RM022,2025-04-19,Pork Skin,kg,6.8
RM022,2025-04-20,Pork Skin,kg,7.7
RM022,2025-04-21,Pork Skin,kg,5.95
RM022,2025-04-22,Pork Skin,kg,4.98
RM022,2025-04-23,Pork Skin,kg,6.21
RM022,2025-04-24,Pork Skin,kg,6.66
RM022,2025-04-25,Pork Skin,kg,6.75
RM022,2025-04-26,Pork Skin,kg,7.51
RM022,2025-04-27,Pork Skin,kg,6.13
RM022,2025-04-28,Pork Skin,kg,4.88
RM022,2025-04-29,Pork Skin,kg,6.23
RM022,2025-04-30,Pork Skin,kg,5.63
RM022,2025-05-01,Pork Skin,kg,6.74
RM022,2025-05-02,Pork Skin,kg,6.51
RM022,2025-05-03,Pork Skin,kg,7.06
RM022,2025-05-04,Pork Skin,kg,6.52
RM022,2025-05-05,Pork Skin,kg,5.35
RM022,2025-05-06,Pork Skin,kg,5.79
RM022,2025-05-07,Pork Skin,kg,5.57
RM022,2025-05-08,Pork Skin,kg,6.01
RM022,2025-05-09,Pork Skin,kg,5.47
RM022,2025-05-10,Pork Skin,kg,6.93
RM022,2025-05-11,Pork Skin,kg,5.89
RM022,2025-05-12,Pork Skin,kg,4.62
RM022,2025-05-13,Pork Skin,kg,5.74
RM022,2025-05-14,Pork Skin,kg,6.26
RM022,2025-05-15,Pork Skin,kg,6.41
RM022,2025-05-16,Pork Skin,kg,6.62
RM022,2025-05-17,Pork Skin,kg,6.4
RM022,2025-05-18,Pork Skin,kg,7.26
RM022,2025-05-19,Pork Skin,kg,5.74
RM022,2025-05-20,Pork Skin,kg,5.89
RM022,2025-05-21,Pork Skin,kg,6.86
RM022,2025-05-22,Pork Skin,kg,6.41
RM022,2025-05-23,Pork Skin,kg,7.77
RM022,2025-05-24,Pork Skin,kg,8.5
RM022,2025-05-25,Pork Skin,kg,6.71
RM022,2025-05-26,Pork Skin,kg,5.71
RM022,2025-05-27,Pork Skin,kg,6.38
RM022,2025-05-28,Pork Skin,kg,6.84
RM022,2025-05-29,Pork Skin,kg,6.0
RM022,2025-05-30,Pork Skin,kg,6.47
RM022,2025-05-31,Pork Skin,kg,7.05
RM022,2025-06-01,Pork Skin,kg,8.18
RM022,2025-06-02,Pork Skin,kg,5.34
RM022,2025-06-03,Pork Skin,kg,6.14
RM022,2025-06-04,Pork Skin,kg,5.28
RM022,2025-06-05,Pork Skin,kg,5.86
RM022,2025-06-06,Pork Skin,kg,6.88
RM022,2025-06-07,Pork Skin,kg,7.03
RM022,2025-06-08,Pork Skin,kg,7.01
RM022,2025-06-09,Pork Skin,kg,5.15
RM022,2025-06-10,Pork Skin,kg,5.51
RM022,2025-06-11,Pork Skin,kg,6.14
RM022,2025-06-12,Pork Skin,kg,6.26
RM022,2025-06-13,Pork Skin,kg,5.98
RM022,2025-06-14,Pork Skin,kg,6.88
RM022,2025-06-15,Pork Skin,kg,6.43
RM022,2025-06-16,Pork Skin,kg,4.82
RM022,2025-06-17,Pork Skin,kg,5.04
RM022,2025-06-18,Pork Skin,kg,5.74
RM022,2025-06-19,Pork Skin,kg,6.56
RM022,2025-06-20,Pork Skin,kg,6.52
RM022,2025-06-21,Pork Skin,kg,8.23
RM022,2025-06-22,Pork Skin,kg,6.44
RM022,2025-06-23,Pork Skin,kg,5.43
RM022,2025-06-24,Pork Skin,kg,5.65
RM022,2025-06-25,Pork Skin,kg,6.35
RM022,2025-06-26,Pork Skin,kg,6.91
RM022,2025-06-27,Pork Skin,kg,6.85
RM022,2025-06-28,Pork Skin,kg,7.52
RM022,2025-06-29,Pork Skin,kg,6.44
RM022,2025-06-30,Pork Skin,kg,5.99
RM022,2025-07-01,Pork Skin,kg,6.46
RM022,2025-07-02,Pork Skin,kg,6.0
RM022,2025-07-03,Pork Skin,kg,6.59
RM022,2025-07-04,Pork Skin,kg,6.69
RM022,2025-07-05,Pork Skin,kg,6.68
RM022,2025-07-06,Pork Skin,kg,5.83
RM022,2025-07-07,Pork Skin,kg,4.96
RM022,2025-07-08,Pork Skin,kg,5.38
RM022,2025-07-09,Pork Skin,kg,4.88
RM022,2025-07-10,Pork Skin,kg,6.37
RM022,2025-07-11,Pork Skin,kg,5.49
RM022,2025-07-12,Pork Skin,kg,7.44
RM022,2025-07-13,Pork Skin,kg,6.15
RM022,2025-07-14,Pork Skin,kg,5.78
RM022,2025-07-15,Pork Skin,kg,5.45
RM022,2025-07-16,Pork Skin,kg,5.92
RM022,2025-07-17,Pork Skin,kg,6.27
RM022,2025-07-18,Pork Skin,kg,7.0
RM022,2025-07-19,Pork Skin,kg,6.23
RM022,2025-07-20,Pork Skin,kg,6.3
RM022,2025-07-21,Pork Skin,kg,5.06
RM022,2025-07-22,Pork Skin,kg,6.0
RM022,2025-07-23,Pork Skin,kg,5.55
RM022,2025-07-24,Pork Skin,kg,6.82
RM022,2025-07-25,Pork Skin,kg,6.8
RM022,2025-07-26,Pork Skin,kg,7.86
RM022,2025-07-27,Pork Skin,kg,5.78
RM022,2025-07-28,Pork Skin,kg,6.06
RM022,2025-07-29,Pork Skin,kg,6.57
RM022,2025-07-30,Pork Skin,kg,5.69
RM022,2025-07-31,Pork Skin,kg,7.66
RM022,2025-08-01,Pork Skin,kg,6.3
RM022,2025-08-02,Pork Skin,kg,6.99
RM022,2025-08-03,Pork Skin,kg,6.32
RM022,2025-08-04,Pork Skin,kg,5.78
RM022,2025-08-05,Pork Skin,kg,6.55
RM022,2025-08-06,Pork Skin,kg,5.39
RM022,2025-08-07,Pork Skin,kg,6.42
RM022,2025-08-08,Pork Skin,kg,6.25
RM022,2025-08-09,Pork Skin,kg,7.6
RM022,2025-08-10,Pork Skin,kg,6.61
RM022,2025-08-11,Pork Skin,kg,4.81
RM022,2025-08-12,Pork Skin,kg,4.82
RM022,2025-08-13,Pork Skin,kg,6.25
RM022,2025-08-14,Pork Skin,kg,5.51
RM022,2025-08-15,Pork Skin,kg,7.46
RM022,2025-08-16,Pork Skin,kg,6.59
RM022,2025-08-17,Pork Skin,kg,6.76
RM022,2025-08-18,Pork Skin,kg,5.03
RM022,2025-08-19,Pork Skin,kg,6.4
RM022,2025-08-20,Pork Skin,kg,6.38
RM022,2025-08-21,Pork Skin,kg,6.63
RM022,2025-08-22,Pork Skin,kg,6.46
RM022,2025-08-23,Pork Skin,kg,7.25
RM022,2025-08-24,Pork Skin,kg,6.39
RM022,2025-08-25,Pork Skin,kg,6.01
RM022,2025-08-26,Pork Skin,kg,6.54
RM022,2025-08-27,Pork Skin,kg,6.54
RM022,2025-08-28,Pork Skin,kg,6.03
RM022,2025-08-29,Pork Skin,kg,6.51
RM022,2025-08-30,Pork Skin,kg,7.05
RM022,2025-08-31,Pork Skin,kg,6.46
RM022,2025-09-01,Pork Skin,kg,6.14
RM022,2025-09-02,Pork Skin,kg,5.46
RM022,2025-09-03,Pork Skin,kg,5.02
RM022,2025-09-04,Pork Skin,kg,6.64
RM022,2025-09-05,Pork Skin,kg,5.53
RM022,2025-09-06,Pork Skin,kg,6.87
RM022,2025-09-07,Pork Skin,kg,5.96
RM022,2025-09-08,Pork Skin,kg,5.42
RM022,2025-09-09,Pork Skin,kg,5.43
RM022,2025-09-10,Pork Skin,kg,5.41
RM022,2025-09-11,Pork Skin,kg,6.59
RM022,2025-09-12,Pork Skin,kg,6.47
RM022,2025-09-13,Pork Skin,kg,6.64
RM022,2025-09-14,Pork Skin,kg,6.89
RM022,2025-09-15,Pork Skin,kg,5.44
RM022,2025-09-16,Pork Skin,kg,5.58
RM022,2025-09-17,Pork Skin,kg,5.03
RM022,2025-09-18,Pork Skin,kg,6.27
RM022,2025-09-19,Pork Skin,kg,6.76
RM022,2025-09-20,Pork Skin,kg,6.62
RM022,2025-09-21,Pork Skin,kg,6.51
RM022,2025-09-22,Pork Skin,kg,5.15
RM022,2025-09-23,Pork Skin,kg,5.68
RM022,2025-09-24,Pork Skin,kg,6.83
RM022,2025-09-25,Pork Skin,kg,6.67
RM022,2025-09-26,Pork Skin,kg,7.64
RM022,2025-09-27,Pork Skin,kg,7.31
RM022,2025-09-28,Pork Skin,kg,7.74
RM022,2025-09-29,Pork Skin,kg,6.16
RM022,2025-09-30,Pork Skin,kg,5.81
RM022,2025-10-01,Pork Skin,kg,6.44
RM022,2025-10-02,Pork Skin,kg,7.36
RM022,2025-10-03,Pork Skin,kg,6.36
RM022,2025-10-04,Pork Skin,kg,7.87
RM022,2025-10-05,Pork Skin,kg,5.61
RM022,2025-10-06,Pork Skin,kg,5.16
RM022,2025-10-07,Pork Skin,kg,6.5
RM022,2025-10-08,Pork Skin,kg,5.85
RM022,2025-10-09,Pork Skin,kg,5.78
RM022,2025-10-10,Pork Skin,kg,6.42
RM022,2025-10-11,Pork Skin,kg,6.47
RM022,2025-10-12,Pork Skin,kg,5.93
RM022,2025-10-13,Pork Skin,kg,5.78
RM022,2025-10-14,Pork Skin,kg,4.54
RM022,2025-10-15,Pork Skin,kg,5.86
RM022,2025-10-16,Pork Skin,kg,5.5
RM022,2025-10-17,Pork Skin,kg,5.72
RM022,2025-10-18,Pork Skin,kg,7.75
RM022,2025-10-19,Pork Skin,kg,5.17
RM022,2025-10-20,Pork Skin,kg,5.66
RM022,2025-10-21,Pork Skin,kg,5.61
RM022,2025-10-22,Pork Skin,kg,6.26
RM022,2025-10-23,Pork Skin,kg,5.75
RM022,2025-10-24,Pork Skin,kg,6.99
RM022,2025-10-25,Pork Skin,kg,7.71
RM022,2025-10-26,Pork Skin,kg,6.26
RM022,2025-10-27,Pork Skin,kg,5.95
RM022,2025-10-28,Pork Skin,kg,6.45
RM022,2025-10-29,Pork Skin,kg,7.44
RM022,2025-10-30,Pork Skin,kg,6.49
RM022,2025-10-31,Pork Skin,kg,6.85
RM022,2025-11-01,Pork Skin,kg,8.01
RM022,2025-11-02,Pork Skin,kg,6.92
RM022,2025-11-03,Pork Skin,kg,5.24
RM022,2025-11-04,Pork Skin,kg,4.85
RM022,2025-11-05,Pork Skin,kg,6.23
RM022,2025-11-06,Pork Skin,kg,5.87
RM022,2025-11-07,Pork Skin,kg,6.91
RM022,2025-11-08,Pork Skin,kg,6.12
RM022,2025-11-09,Pork Skin,kg,6.43
RM022,2025-11-10,Pork Skin,kg,5.25
RM022,2025-11-11,Pork Skin,kg,5.3
RM022,2025-11-12,Pork Skin,kg,5.69
RM022,2025-11-13,Pork Skin,kg,6.01
RM022,2025-11-14,Pork Skin,kg,5.36
RM022,2025-11-15,Pork Skin,kg,6.37
RM022,2025-11-16,Pork Skin,kg,5.56
RM022,2025-11-17,Pork Skin,kg,4.69
RM022,2025-11-18,Pork Skin,kg,5.58
RM022,2025-11-19,Pork Skin,kg,6.1
RM022,2025-11-20,Pork Skin,kg,5.44
RM022,2025-11-21,Pork Skin,kg,6.51
RM022,2025-11-22,Pork Skin,kg,6.86
RM022,2025-11-23,Pork Skin,kg,6.76
RM022,2025-11-24,Pork Skin,kg,6.77
RM022,2025-11-25,Pork Skin,kg,5.54
RM022,2025-11-26,Pork Skin,kg,6.08
RM022,2025-11-27,Pork Skin,kg,5.85
RM022,2025-11-28,Pork Skin,kg,6.23
RM022,2025-11-29,Pork Skin,kg,7.45
RM022,2025-11-30,Pork Skin,kg,6.36
RM022,2025-12-01,Pork Skin,kg,5.5
RM022,2025-12-02,Pork Skin,kg,5.42
RM022,2025-12-03,Pork Skin,kg,5.53
RM022,2025-12-04,Pork Skin,kg,6.0
RM022,2025-12-05,Pork Skin,kg,6.37
RM022,2025-12-06,Pork Skin,kg,7.25
RM022,2025-12-07,Pork Skin,kg,6.16
RM022,2025-12-08,Pork Skin,kg,5.23
RM022,2025-12-09,Pork Skin,kg,5.38
RM022,2025-12-10,Pork Skin,kg,5.09
RM022,2025-12-11,Pork Skin,kg,6.19
RM022,2025-12-12,Pork Skin,kg,5.39
RM022,2025-12-13,Pork Skin,kg,6.38
RM022,2025-12-14,Pork Skin,kg,6.47
RM022,2025-12-15,Pork Skin,kg,5.07
RM022,2025-12-16,Pork Skin,kg,5.68
RM022,2025-12-17,Pork Skin,kg,6.06
RM022,2025-12-18,Pork Skin,kg,5.73
RM022,2025-12-19,Pork Skin,kg,6.84
RM022,2025-12-20,Pork Skin,kg,7.24
RM022,2025-12-21,Pork Skin,kg,6.79
RM022,2025-12-22,Pork Skin,kg,5.96
RM022,2025-12-23,Pork Skin,kg,6.81
RM022,2025-12-24,Pork Skin,kg,5.92
RM022,2025-12-25,Pork Skin,kg,6.76
RM022,2025-12-26,Pork Skin,kg,7.21
RM022,2025-12-27,Pork Skin,kg,6.37
RM022,2025-12-28,Pork Skin,kg,7.2
RM022,2025-12-29,Pork Skin,kg,6.08
RM022,2025-12-30,Pork Skin,kg,5.26
RM022,2025-12-31,Pork Skin,kg,6.06
RM022,2026-01-01,Pork Skin,kg,6.31
RM022,2026-01-02,Pork Skin,kg,6.73
RM022,2026-01-03,Pork Skin,kg,6.08
RM022,2026-01-04,Pork Skin,kg,5.4
RM022,2026-01-05,Pork Skin,kg,5.62
RM022,2026-01-06,Pork Skin,kg,5.28
RM022,2026-01-07,Pork Skin,kg,5.78
RM022,2026-01-08,Pork Skin,kg,6.57
RM022,2026-01-09,Pork Skin,kg,6.5
RM022,2026-01-10,Pork Skin,kg,6.92
RM022,2026-01-11,Pork Skin,kg,5.72
RM022,2026-01-12,Pork Skin,kg,4.74
RM022,2026-01-13,Pork Skin,kg,4.87
RM022,2026-01-14,Pork Skin,kg,5.3
RM022,2026-01-15,Pork Skin,kg,5.81
RM022,2026-01-16,Pork Skin,kg,7.14
RM022,2026-01-17,Pork Skin,kg,6.58
RM022,2026-01-18,Pork Skin,kg,6.86
RM022,2026-01-19,Pork Skin,kg,5.19
RM022,2026-01-20,Pork Skin,kg,6.06
RM022,2026-01-21,Pork Skin,kg,6.93
RM022,2026-01-22,Pork Skin,kg,6.33
RM022,2026-01-23,Pork Skin,kg,7.95
RM022,2026-01-24,Pork Skin,kg,8.31
RM022,2026-01-25,Pork Skin,kg,6.42
RM022,2026-01-26,Pork Skin,kg,5.63
RM022,2026-01-27,Pork Skin,kg,5.74
RM022,2026-01-28,Pork Skin,kg,5.9
RM022,2026-01-29,Pork Skin,kg,6.53
RM022,2026-01-30,Pork Skin,kg,6.32
RM022,2026-01-31,Pork Skin,kg,7.49
RM022,2026-02-01,Pork Skin,kg,6.16
RM022,2026-02-02,Pork Skin,kg,5.15
RM022,2026-02-03,Pork Skin,kg,5.17
RM022,2026-02-04,Pork Skin,kg,5.38
RM022,2026-02-05,Pork Skin,kg,6.01
RM022,2026-02-06,Pork Skin,kg,6.27
RM022,2026-02-07,Pork Skin,kg,7.16
RM022,2026-02-08,Pork Skin,kg,6.33
RM022,2026-02-09,Pork Skin,kg,4.27
RM022,2026-02-10,Pork Skin,kg,5.67
RM022,2026-02-11,Pork Skin,kg,6.01
RM022,2026-02-12,Pork Skin,kg,6.1
RM022,2026-02-13,Pork Skin,kg,5.61
RM022,2026-02-14,Pork Skin,kg,6.63
RM022,2026-02-15,Pork Skin,kg,7.05
RM022,2026-02-16,Pork Skin,kg,4.45
RM022,2026-02-17,Pork Skin,kg,5.28
RM022,2026-02-18,Pork Skin,kg,5.57
RM022,2026-02-19,Pork Skin,kg,6.66
RM022,2026-02-20,Pork Skin,kg,7.74
RM022,2026-02-21,Pork Skin,kg,8.48
RM022,2026-02-22,Pork Skin,kg,7.82
RM022,2026-02-23,Pork Skin,kg,5.03
RM022,2026-02-24,Pork Skin,kg,6.19
RM022,2026-02-25,Pork Skin,kg,4.88
RM022,2026-02-26,Pork Skin,kg,7.23
RM022,2026-02-27,Pork Skin,kg,7.46
RM022,2026-02-28,Pork Skin,kg,8.35
RM022,2026-03-01,Pork Skin,kg,6.33
RM022,2026-03-02,Pork Skin,kg,5.85
RM022,2026-03-03,Pork Skin,kg,5.76
RM022,2026-03-04,Pork Skin,kg,5.99
RM022,2026-03-05,Pork Skin,kg,6.4
RM022,2026-03-06,Pork Skin,kg,6.65
RM022,2026-03-07,Pork Skin,kg,7.15
RM022,2026-03-08,Pork Skin,kg,5.92
RM022,2026-03-09,Pork Skin,kg,4.95
RM022,2026-03-10,Pork Skin,kg,5.94
RM022,2026-03-11,Pork Skin,kg,6.67
RM022,2026-03-12,Pork Skin,kg,6.29
RM022,2026-03-13,Pork Skin,kg,5.87
RM022,2026-03-14,Pork Skin,kg,7.07
RM022,2026-03-15,Pork Skin,kg,6.2
RM022,2026-03-16,Pork Skin,kg,4.99
RM022,2026-03-17,Pork Skin,kg,6.05
RM022,2026-03-18,Pork Skin,kg,5.26
RM022,2026-03-19,Pork Skin,kg,6.61
RM022,2026-03-20,Pork Skin,kg,7.75
RM022,2026-03-21,Pork Skin,kg,6.82
RM022,2026-03-22,Pork Skin,kg,6.21
RM022,2026-03-23,Pork Skin,kg,5.94
RM022,2026-03-24,Pork Skin,kg,6.61
RM022,2026-03-25,Pork Skin,kg,6.43
RM022,2026-03-26,Pork Skin,kg,7.61
RM022,2026-03-27,Pork Skin,kg,7.01
RM022,2026-03-28,Pork Skin,kg,7.07
RM022,2026-03-29,Pork Skin,kg,7.11
RM022,2026-03-30,Pork Skin,kg,6.02
RM022,2026-03-31,Pork Skin,kg,5.98
RM022,2026-04-01,Pork Skin,kg,5.84
RM022,2026-04-02,Pork Skin,kg,6.12
RM022,2026-04-03,Pork Skin,kg,6.04
RM022,2026-04-04,Pork Skin,kg,7.62
RM022,2026-04-05,Pork Skin,kg,6.59
RM022,2026-04-06,Pork Skin,kg,5.2
RM022,2026-04-07,Pork Skin,kg,5.5
RM022,2026-04-08,Pork Skin,kg,5.91
RM022,2026-04-09,Pork Skin,kg,6.65
RM022,2026-04-10,Pork Skin,kg,6.05
RM022,2026-04-11,Pork Skin,kg,6.7
RM022,2026-04-12,Pork Skin,kg,5.91
RM022,2026-04-13,Pork Skin,kg,5.32
RM022,2026-04-14,Pork Skin,kg,5.14
RM022,2026-04-15,Pork Skin,kg,6.3
RM022,2026-04-16,Pork Skin,kg,5.61
RM022,2026-04-17,Pork Skin,kg,6.19
RM022,2026-04-18,Pork Skin,kg,6.67
RM022,2026-04-19,Pork Skin,kg,6.45
RM022,2026-04-20,Pork Skin,kg,6.08
RM022,2026-04-21,Pork Skin,kg,5.6
RM022,2026-04-22,Pork Skin,kg,6.62
RM022,2026-04-23,Pork Skin,kg,6.53
RM022,2026-04-24,Pork Skin,kg,7.29
RM022,2026-04-25,Pork Skin,kg,8.72
RM022,2026-04-26,Pork Skin,kg,6.58
RM022,2026-04-27,Pork Skin,kg,5.99
RM022,2026-04-28,Pork Skin,kg,6.61
RM022,2026-04-29,Pork Skin,kg,5.67
RM022,2026-04-30,Pork Skin,kg,5.82
RM022,2026-05-01,Pork Skin,kg,6.0
RM022,2026-05-02,Pork Skin,kg,6.3
RM022,2026-05-03,Pork Skin,kg,7.09
RM022,2026-05-04,Pork Skin,kg,5.53
RM022,2026-05-05,Pork Skin,kg,5.08
RM022,2026-05-06,Pork Skin,kg,6.65
RM022,2026-05-07,Pork Skin,kg,6.64
RM022,2026-05-08,Pork Skin,kg,6.28
RM022,2026-05-09,Pork Skin,kg,7.0
RM022,2026-05-10,Pork Skin,kg,6.6
RM022,2026-05-11,Pork Skin,kg,5.53
RM022,2026-05-12,Pork Skin,kg,5.01
RM022,2026-05-13,Pork Skin,kg,5.27
RM022,2026-05-14,Pork Skin,kg,5.63
RM022,2026-05-15,Pork Skin,kg,7.01
RM022,2026-05-16,Pork Skin,kg,6.52
RM022,2026-05-17,Pork Skin,kg,5.25
RM022,2026-05-18,Pork Skin,kg,5.31
RM022,2026-05-19,Pork Skin,kg,5.15
RM022,2026-05-20,Pork Skin,kg,5.65
RM022,2026-05-21,Pork Skin,kg,6.03
RM022,2026-05-22,Pork Skin,kg,6.9
RM022,2026-05-23,Pork Skin,kg,8.97
RM022,2026-05-24,Pork Skin,kg,7.72
RM022,2026-05-25,Pork Skin,kg,5.61
RM022,2026-05-26,Pork Skin,kg,6.64
RM022,2026-05-27,Pork Skin,kg,6.67
RM022,2026-05-28,Pork Skin,kg,7.35
RM022,2026-05-29,Pork Skin,kg,7.62
RM022,2026-05-30,Pork Skin,kg,8.09
RM022,2026-05-31,Pork Skin,kg,5.27
RM022,2026-06-01,Pork Skin,kg,5.83
RM022,2026-06-02,Pork Skin,kg,6.12
RM022,2026-06-03,Pork Skin,kg,6.13
RM022,2026-06-04,Pork Skin,kg,6.01
RM022,2026-06-05,Pork Skin,kg,5.43
RM022,2026-06-06,Pork Skin,kg,7.58
RM022,2026-06-07,Pork Skin,kg,6.43
RM022,2026-06-08,Pork Skin,kg,5.39
RM022,2026-06-09,Pork Skin,kg,4.95
RM022,2026-06-10,Pork Skin,kg,6.56
RM022,2026-06-11,Pork Skin,kg,5.62
RM022,2026-06-12,Pork Skin,kg,6.08
RM022,2026-06-13,Pork Skin,kg,6.0
RM022,2026-06-14,Pork Skin,kg,5.76
RM022,2026-06-15,Pork Skin,kg,5.06
RM022,2026-06-16,Pork Skin,kg,5.11
RM022,2026-06-17,Pork Skin,kg,5.49
RM022,2026-06-18,Pork Skin,kg,6.5
RM022,2026-06-19,Pork Skin,kg,6.56
RM022,2026-06-20,Pork Skin,kg,8.13
RM022,2026-06-21,Pork Skin,kg,6.14
RM022,2026-06-22,Pork Skin,kg,5.14
RM022,2026-06-23,Pork Skin,kg,5.69
RM022,2026-06-24,Pork Skin,kg,6.12
RM022,2026-06-25,Pork Skin,kg,7.24
RM022,2026-06-26,Pork Skin,kg,7.22
RM022,2026-06-27,Pork Skin,kg,7.4
RM022,2026-06-28,Pork Skin,kg,6.64
RM022,2026-06-29,Pork Skin,kg,5.76
RM022,2026-06-30,Pork Skin,kg,5.52
RM022,2026-07-01,Pork Skin,kg,6.54
RM022,2026-07-02,Pork Skin,kg,5.1
RM022,2026-07-03,Pork Skin,kg,6.43
RM022,2026-07-04,Pork Skin,kg,7.89
RM022,2026-07-05,Pork Skin,kg,6.58
RM022,2026-07-06,Pork Skin,kg,5.16
RM022,2026-07-07,Pork Skin,kg,6.28
RM022,2026-07-08,Pork Skin,kg,5.36
RM022,2026-07-09,Pork Skin,kg,5.84
RM022,2026-07-10,Pork Skin,kg,5.69
RM022,2026-07-11,Pork Skin,kg,6.44
RM022,2026-07-12,Pork Skin,kg,5.18
RM022,2026-07-13,Pork Skin,kg,5.25
RM022,2026-07-14,Pork Skin,kg,5.26
RM022,2026-07-15,Pork Skin,kg,6.07
RM022,2026-07-16,Pork Skin,kg,6.16
RM022,2026-07-17,Pork Skin,kg,5.66
RM022,2026-07-18,Pork Skin,kg,6.74
RM022,2026-07-19,Pork Skin,kg,6.21
RM022,2026-07-20,Pork Skin,kg,4.82
RM022,2026-07-21,Pork Skin,kg,6.07
RM022,2026-07-22,Pork Skin,kg,5.62
RM022,2026-07-23,Pork Skin,kg,6.35
RM022,2026-07-24,Pork Skin,kg,6.7
RM022,2026-07-25,Pork Skin,kg,8.11
RM022,2026-07-26,Pork Skin,kg,6.56
RM022,2026-07-27,Pork Skin,kg,5.2
RM022,2026-07-28,Pork Skin,kg,6.04
RM022,2026-07-29,Pork Skin,kg,7.35
RM022,2026-07-30,Pork Skin,kg,6.42
RM022,2026-07-31,Pork Skin,kg,7.02
RM022,2026-08-01,Pork Skin,kg,8.76
RM022,2026-08-02,Pork Skin,kg,6.73
RM022,2026-08-03,Pork Skin,kg,5.1
RM022,2026-08-04,Pork Skin,kg,5.67
RM022,2026-08-05,Pork Skin,kg,5.81
RM022,2026-08-06,Pork Skin,kg,6.36
RM022,2026-08-07,Pork Skin,kg,5.92
RM022,2026-08-08,Pork Skin,kg,7.83
RM022,2026-08-09,Pork Skin,kg,5.65
RM023,2025-01-01,Raw Bananas,kg,10.18
RM023,2025-01-02,Raw Bananas,kg,9.69
RM023,2025-01-03,Raw Bananas,kg,11.35
RM023,2025-01-04,Raw Bananas,kg,12.11
RM023,2025-01-05,Raw Bananas,kg,9.71
RM023,2025-01-06,Raw Bananas,kg,8.06
RM023,2025-01-07,Raw Bananas,kg,9.05
RM023,2025-01-08,Raw Bananas,kg,9.76
RM023,2025-01-09,Raw Bananas,kg,8.85
RM023,2025-01-10,Raw Bananas,kg,11.18
RM023,2025-01-11,Raw Bananas,kg,11.63
RM023,2025-01-12,Raw Bananas,kg,10.47
RM023,2025-01-13,Raw Bananas,kg,7.72
RM023,2025-01-14,Raw Bananas,kg,9.52
RM023,2025-01-15,Raw Bananas,kg,10.7
RM023,2025-01-16,Raw Bananas,kg,9.51
RM023,2025-01-17,Raw Bananas,kg,11.8
RM023,2025-01-18,Raw Bananas,kg,12.66
RM023,2025-01-19,Raw Bananas,kg,10.6
RM023,2025-01-20,Raw Bananas,kg,8.97
RM023,2025-01-21,Raw Bananas,kg,9.15
RM023,2025-01-22,Raw Bananas,kg,11.7
RM023,2025-01-23,Raw Bananas,kg,9.9
RM023,2025-01-24,Raw Bananas,kg,10.92
RM023,2025-01-25,Raw Bananas,kg,11.51
RM023,2025-01-26,Raw Bananas,kg,11.4
RM023,2025-01-27,Raw Bananas,kg,9.69
RM023,2025-01-28,Raw Bananas,kg,9.95
RM023,2025-01-29,Raw Bananas,kg,10.59
RM023,2025-01-30,Raw Bananas,kg,11.71
RM023,2025-01-31,Raw Bananas,kg,11.1
RM023,2025-02-01,Raw Bananas,kg,9.51
RM023,2025-02-02,Raw Bananas,kg,10.87
RM023,2025-02-03,Raw Bananas,kg,9.24
RM023,2025-02-04,Raw Bananas,kg,9.0
RM023,2025-02-05,Raw Bananas,kg,9.01
RM023,2025-02-06,Raw Bananas,kg,10.6
RM023,2025-02-07,Raw Bananas,kg,9.4
RM023,2025-02-08,Raw Bananas,kg,10.84
RM023,2025-02-09,Raw Bananas,kg,11.39
RM023,2025-02-10,Raw Bananas,kg,9.21
RM023,2025-02-11,Raw Bananas,kg,8.07
RM023,2025-02-12,Raw Bananas,kg,10.55
RM023,2025-02-13,Raw Bananas,kg,9.4
RM023,2025-02-14,Raw Bananas,kg,10.42
RM023,2025-02-15,Raw Bananas,kg,12.63
RM023,2025-02-16,Raw Bananas,kg,10.65
RM023,2025-02-17,Raw Bananas,kg,8.33
RM023,2025-02-18,Raw Bananas,kg,10.7
RM023,2025-02-19,Raw Bananas,kg,10.07
RM023,2025-02-20,Raw Bananas,kg,11.63
RM023,2025-02-21,Raw Bananas,kg,12.34
RM023,2025-02-22,Raw Bananas,kg,14.46
RM023,2025-02-23,Raw Bananas,kg,11.94
RM023,2025-02-24,Raw Bananas,kg,9.81
RM023,2025-02-25,Raw Bananas,kg,10.95
RM023,2025-02-26,Raw Bananas,kg,9.51
RM023,2025-02-27,Raw Bananas,kg,12.56
RM023,2025-02-28,Raw Bananas,kg,12.02
RM023,2025-03-01,Raw Bananas,kg,11.91
RM023,2025-03-02,Raw Bananas,kg,9.78
RM023,2025-03-03,Raw Bananas,kg,8.72
RM023,2025-03-04,Raw Bananas,kg,11.26
RM023,2025-03-05,Raw Bananas,kg,9.23
RM023,2025-03-06,Raw Bananas,kg,11.35
RM023,2025-03-07,Raw Bananas,kg,11.4
RM023,2025-03-08,Raw Bananas,kg,11.39
RM023,2025-03-09,Raw Bananas,kg,10.08
RM023,2025-03-10,Raw Bananas,kg,8.38
RM023,2025-03-11,Raw Bananas,kg,10.06
RM023,2025-03-12,Raw Bananas,kg,10.05
RM023,2025-03-13,Raw Bananas,kg,8.76
RM023,2025-03-14,Raw Bananas,kg,10.76
RM023,2025-03-15,Raw Bananas,kg,11.63
RM023,2025-03-16,Raw Bananas,kg,11.06
RM023,2025-03-17,Raw Bananas,kg,8.16
RM023,2025-03-18,Raw Bananas,kg,11.1
RM023,2025-03-19,Raw Bananas,kg,10.6
RM023,2025-03-20,Raw Bananas,kg,10.92
RM023,2025-03-21,Raw Bananas,kg,10.97
RM023,2025-03-22,Raw Bananas,kg,13.65
RM023,2025-03-23,Raw Bananas,kg,11.82
RM023,2025-03-24,Raw Bananas,kg,9.07
RM023,2025-03-25,Raw Bananas,kg,9.51
RM023,2025-03-26,Raw Bananas,kg,10.69
RM023,2025-03-27,Raw Bananas,kg,11.67
RM023,2025-03-28,Raw Bananas,kg,13.78
RM023,2025-03-29,Raw Bananas,kg,12.56
RM023,2025-03-30,Raw Bananas,kg,11.44
RM023,2025-03-31,Raw Bananas,kg,7.94
RM023,2025-04-01,Raw Bananas,kg,10.0
RM023,2025-04-02,Raw Bananas,kg,10.45
RM023,2025-04-03,Raw Bananas,kg,8.93
RM023,2025-04-04,Raw Bananas,kg,11.34
RM023,2025-04-05,Raw Bananas,kg,11.27
RM023,2025-04-06,Raw Bananas,kg,10.96
RM023,2025-04-07,Raw Bananas,kg,7.3
RM023,2025-04-08,Raw Bananas,kg,9.72
RM023,2025-04-09,Raw Bananas,kg,9.38
RM023,2025-04-10,Raw Bananas,kg,9.64
RM023,2025-04-11,Raw Bananas,kg,10.13
RM023,2025-04-12,Raw Bananas,kg,9.97
RM023,2025-04-13,Raw Bananas,kg,11.47
RM023,2025-04-14,Raw Bananas,kg,7.46
RM023,2025-04-15,Raw Bananas,kg,8.76
RM023,2025-04-16,Raw Bananas,kg,9.08
RM023,2025-04-17,Raw Bananas,kg,10.99
RM023,2025-04-18,Raw Bananas,kg,11.65
RM023,2025-04-19,Raw Bananas,kg,11.97
RM023,2025-04-20,Raw Bananas,kg,12.52
RM023,2025-04-21,Raw Bananas,kg,8.71
RM023,2025-04-22,Raw Bananas,kg,10.13
RM023,2025-04-23,Raw Bananas,kg,11.09
RM023,2025-04-24,Raw Bananas,kg,10.98
RM023,2025-04-25,Raw Bananas,kg,12.74
RM023,2025-04-26,Raw Bananas,kg,11.1
RM023,2025-04-27,Raw Bananas,kg,12.47
RM023,2025-04-28,Raw Bananas,kg,9.58
RM023,2025-04-29,Raw Bananas,kg,10.7
RM023,2025-04-30,Raw Bananas,kg,12.29
RM023,2025-05-01,Raw Bananas,kg,9.91
RM023,2025-05-02,Raw Bananas,kg,10.79
RM023,2025-05-03,Raw Bananas,kg,11.21
RM023,2025-05-04,Raw Bananas,kg,10.19
RM023,2025-05-05,Raw Bananas,kg,9.04
RM023,2025-05-06,Raw Bananas,kg,9.51
RM023,2025-05-07,Raw Bananas,kg,7.88
RM023,2025-05-08,Raw Bananas,kg,9.42
RM023,2025-05-09,Raw Bananas,kg,8.83
RM023,2025-05-10,Raw Bananas,kg,12.44
RM023,2025-05-11,Raw Bananas,kg,10.1
RM023,2025-05-12,Raw Bananas,kg,7.9
RM023,2025-05-13,Raw Bananas,kg,8.84
RM023,2025-05-14,Raw Bananas,kg,9.35
RM023,2025-05-15,Raw Bananas,kg,9.94
RM023,2025-05-16,Raw Bananas,kg,12.61
RM023,2025-05-17,Raw Bananas,kg,11.89
RM023,2025-05-18,Raw Bananas,kg,10.54
RM023,2025-05-19,Raw Bananas,kg,8.88
RM023,2025-05-20,Raw Bananas,kg,10.6
RM023,2025-05-21,Raw Bananas,kg,10.14
RM023,2025-05-22,Raw Bananas,kg,11.86
RM023,2025-05-23,Raw Bananas,kg,11.51
RM023,2025-05-24,Raw Bananas,kg,12.32
RM023,2025-05-25,Raw Bananas,kg,11.34
RM023,2025-05-26,Raw Bananas,kg,8.2
RM023,2025-05-27,Raw Bananas,kg,10.23
RM023,2025-05-28,Raw Bananas,kg,10.14
RM023,2025-05-29,Raw Bananas,kg,11.26
RM023,2025-05-30,Raw Bananas,kg,10.84
RM023,2025-05-31,Raw Bananas,kg,12.04
RM023,2025-06-01,Raw Bananas,kg,10.27
RM023,2025-06-02,Raw Bananas,kg,9.85
RM023,2025-06-03,Raw Bananas,kg,10.15
RM023,2025-06-04,Raw Bananas,kg,9.15
RM023,2025-06-05,Raw Bananas,kg,10.07
RM023,2025-06-06,Raw Bananas,kg,10.54
RM023,2025-06-07,Raw Bananas,kg,11.81
RM023,2025-06-08,Raw Bananas,kg,10.35
RM023,2025-06-09,Raw Bananas,kg,8.21
RM023,2025-06-10,Raw Bananas,kg,9.42
RM023,2025-06-11,Raw Bananas,kg,10.23
RM023,2025-06-12,Raw Bananas,kg,10.59
RM023,2025-06-13,Raw Bananas,kg,10.83
RM023,2025-06-14,Raw Bananas,kg,12.67
RM023,2025-06-15,Raw Bananas,kg,11.0
RM023,2025-06-16,Raw Bananas,kg,8.92
RM023,2025-06-17,Raw Bananas,kg,6.65
RM023,2025-06-18,Raw Bananas,kg,9.8
RM023,2025-06-19,Raw Bananas,kg,11.67
RM023,2025-06-20,Raw Bananas,kg,13.04
RM023,2025-06-21,Raw Bananas,kg,11.89
RM023,2025-06-22,Raw Bananas,kg,9.73
RM023,2025-06-23,Raw Bananas,kg,9.43
RM023,2025-06-24,Raw Bananas,kg,10.76
RM023,2025-06-25,Raw Bananas,kg,9.48
RM023,2025-06-26,Raw Bananas,kg,11.49
RM023,2025-06-27,Raw Bananas,kg,12.67
RM023,2025-06-28,Raw Bananas,kg,11.75
RM023,2025-06-29,Raw Bananas,kg,10.87
RM023,2025-06-30,Raw Bananas,kg,9.42
RM023,2025-07-01,Raw Bananas,kg,9.49
RM023,2025-07-02,Raw Bananas,kg,11.18
RM023,2025-07-03,Raw Bananas,kg,11.17
RM023,2025-07-04,Raw Bananas,kg,10.68
RM023,2025-07-05,Raw Bananas,kg,11.67
RM023,2025-07-06,Raw Bananas,kg,9.98
RM023,2025-07-07,Raw Bananas,kg,8.57
RM023,2025-07-08,Raw Bananas,kg,7.71
RM023,2025-07-09,Raw Bananas,kg,9.07
RM023,2025-07-10,Raw Bananas,kg,10.04
RM023,2025-07-11,Raw Bananas,kg,10.4
RM023,2025-07-12,Raw Bananas,kg,12.38
RM023,2025-07-13,Raw Bananas,kg,9.33
RM023,2025-07-14,Raw Bananas,kg,7.61
RM023,2025-07-15,Raw Bananas,kg,9.18
RM023,2025-07-16,Raw Bananas,kg,9.22
RM023,2025-07-17,Raw Bananas,kg,10.76
RM023,2025-07-18,Raw Bananas,kg,9.02
RM023,2025-07-19,Raw Bananas,kg,12.97
RM023,2025-07-20,Raw Bananas,kg,11.26
RM023,2025-07-21,Raw Bananas,kg,9.23
RM023,2025-07-22,Raw Bananas,kg,9.03
RM023,2025-07-23,Raw Bananas,kg,10.89
RM023,2025-07-24,Raw Bananas,kg,10.69
RM023,2025-07-25,Raw Bananas,kg,11.82
RM023,2025-07-26,Raw Bananas,kg,11.44
RM023,2025-07-27,Raw Bananas,kg,11.3
RM023,2025-07-28,Raw Bananas,kg,8.8
RM023,2025-07-29,Raw Bananas,kg,8.97
RM023,2025-07-30,Raw Bananas,kg,9.61
RM023,2025-07-31,Raw Bananas,kg,10.79
RM023,2025-08-01,Raw Bananas,kg,9.83
RM023,2025-08-02,Raw Bananas,kg,12.56
RM023,2025-08-03,Raw Bananas,kg,11.58
RM023,2025-08-04,Raw Bananas,kg,7.92
RM023,2025-08-05,Raw Bananas,kg,9.13
RM023,2025-08-06,Raw Bananas,kg,9.52
RM023,2025-08-07,Raw Bananas,kg,9.69
RM023,2025-08-08,Raw Bananas,kg,9.49
RM023,2025-08-09,Raw Bananas,kg,11.64
RM023,2025-08-10,Raw Bananas,kg,10.34
RM023,2025-08-11,Raw Bananas,kg,7.71
RM023,2025-08-12,Raw Bananas,kg,8.49
RM023,2025-08-13,Raw Bananas,kg,9.27
RM023,2025-08-14,Raw Bananas,kg,9.64
RM023,2025-08-15,Raw Bananas,kg,10.89
RM023,2025-08-16,Raw Bananas,kg,11.83
RM023,2025-08-17,Raw Bananas,kg,12.18
RM023,2025-08-18,Raw Bananas,kg,6.99
RM023,2025-08-19,Raw Bananas,kg,9.63
RM023,2025-08-20,Raw Bananas,kg,9.0
RM023,2025-08-21,Raw Bananas,kg,10.35
RM023,2025-08-22,Raw Bananas,kg,11.47
RM023,2025-08-23,Raw Bananas,kg,11.63
RM023,2025-08-24,Raw Bananas,kg,12.05
RM023,2025-08-25,Raw Bananas,kg,9.27
RM023,2025-08-26,Raw Bananas,kg,10.91
RM023,2025-08-27,Raw Bananas,kg,10.08
RM023,2025-08-28,Raw Bananas,kg,11.48
RM023,2025-08-29,Raw Bananas,kg,12.34
RM023,2025-08-30,Raw Bananas,kg,12.6
RM023,2025-08-31,Raw Bananas,kg,11.38
RM023,2025-09-01,Raw Bananas,kg,8.48
RM023,2025-09-02,Raw Bananas,kg,8.41
RM023,2025-09-03,Raw Bananas,kg,9.54
RM023,2025-09-04,Raw Bananas,kg,10.91
RM023,2025-09-05,Raw Bananas,kg,8.89
RM023,2025-09-06,Raw Bananas,kg,11.05
RM023,2025-09-07,Raw Bananas,kg,9.92
RM023,2025-09-08,Raw Bananas,kg,8.44
RM023,2025-09-09,Raw Bananas,kg,8.23
RM023,2025-09-10,Raw Bananas,kg,10.99
RM023,2025-09-11,Raw Bananas,kg,9.44
RM023,2025-09-12,Raw Bananas,kg,9.92
RM023,2025-09-13,Raw Bananas,kg,10.77
RM023,2025-09-14,Raw Bananas,kg,10.72
RM023,2025-09-15,Raw Bananas,kg,9.89
RM023,2025-09-16,Raw Bananas,kg,7.5
RM023,2025-09-17,Raw Bananas,kg,9.02
RM023,2025-09-18,Raw Bananas,kg,8.29
RM023,2025-09-19,Raw Bananas,kg,10.18
RM023,2025-09-20,Raw Bananas,kg,11.7
RM023,2025-09-21,Raw Bananas,kg,11.2
RM023,2025-09-22,Raw Bananas,kg,9.42
RM023,2025-09-23,Raw Bananas,kg,9.66
RM023,2025-09-24,Raw Bananas,kg,10.78
RM023,2025-09-25,Raw Bananas,kg,11.84
RM023,2025-09-26,Raw Bananas,kg,12.39
RM023,2025-09-27,Raw Bananas,kg,11.46
RM023,2025-09-28,Raw Bananas,kg,9.4
RM023,2025-09-29,Raw Bananas,kg,10.53
RM023,2025-09-30,Raw Bananas,kg,9.33
RM023,2025-10-01,Raw Bananas,kg,9.21
RM023,2025-10-02,Raw Bananas,kg,9.85
RM023,2025-10-03,Raw Bananas,kg,10.78
RM023,2025-10-04,Raw Bananas,kg,12.76
RM023,2025-10-05,Raw Bananas,kg,10.77
RM023,2025-10-06,Raw Bananas,kg,9.22
RM023,2025-10-07,Raw Bananas,kg,10.38
RM023,2025-10-08,Raw Bananas,kg,9.54
RM023,2025-10-09,Raw Bananas,kg,9.95
RM023,2025-10-10,Raw Bananas,kg,10.17
RM023,2025-10-11,Raw Bananas,kg,11.16
RM023,2025-10-12,Raw Bananas,kg,9.37
RM023,2025-10-13,Raw Bananas,kg,8.41
RM023,2025-10-14,Raw Bananas,kg,7.93
RM023,2025-10-15,Raw Bananas,kg,9.88
RM023,2025-10-16,Raw Bananas,kg,9.7
RM023,2025-10-17,Raw Bananas,kg,11.42
RM023,2025-10-18,Raw Bananas,kg,11.82
RM023,2025-10-19,Raw Bananas,kg,10.24
RM023,2025-10-20,Raw Bananas,kg,9.24
RM023,2025-10-21,Raw Bananas,kg,8.98
RM023,2025-10-22,Raw Bananas,kg,11.85
RM023,2025-10-23,Raw Bananas,kg,11.0
RM023,2025-10-24,Raw Bananas,kg,11.54
RM023,2025-10-25,Raw Bananas,kg,11.81
RM023,2025-10-26,Raw Bananas,kg,10.94
RM023,2025-10-27,Raw Bananas,kg,9.35
RM023,2025-10-28,Raw Bananas,kg,8.89
RM023,2025-10-29,Raw Bananas,kg,9.5
RM023,2025-10-30,Raw Bananas,kg,11.7
RM023,2025-10-31,Raw Bananas,kg,10.45
RM023,2025-11-01,Raw Bananas,kg,12.48
RM023,2025-11-02,Raw Bananas,kg,12.69
RM023,2025-11-03,Raw Bananas,kg,8.84
RM023,2025-11-04,Raw Bananas,kg,9.71
RM023,2025-11-05,Raw Bananas,kg,8.98
RM023,2025-11-06,Raw Bananas,kg,9.59
RM023,2025-11-07,Raw Bananas,kg,10.21
RM023,2025-11-08,Raw Bananas,kg,10.68
RM023,2025-11-09,Raw Bananas,kg,9.78
RM023,2025-11-10,Raw Bananas,kg,8.12
RM023,2025-11-11,Raw Bananas,kg,7.95
RM023,2025-11-12,Raw Bananas,kg,9.91
RM023,2025-11-13,Raw Bananas,kg,7.68
RM023,2025-11-14,Raw Bananas,kg,11.37
RM023,2025-11-15,Raw Bananas,kg,11.44
RM023,2025-11-16,Raw Bananas,kg,10.21
RM023,2025-11-17,Raw Bananas,kg,9.13
RM023,2025-11-18,Raw Bananas,kg,10.81
RM023,2025-11-19,Raw Bananas,kg,8.7
RM023,2025-11-20,Raw Bananas,kg,11.65
RM023,2025-11-21,Raw Bananas,kg,13.92
RM023,2025-11-22,Raw Bananas,kg,11.79
RM023,2025-11-23,Raw Bananas,kg,11.29
RM023,2025-11-24,Raw Bananas,kg,8.3
RM023,2025-11-25,Raw Bananas,kg,9.91
RM023,2025-11-26,Raw Bananas,kg,9.8
RM023,2025-11-27,Raw Bananas,kg,11.1
RM023,2025-11-28,Raw Bananas,kg,13.01
RM023,2025-11-29,Raw Bananas,kg,12.19
RM023,2025-11-30,Raw Bananas,kg,10.49
RM023,2025-12-01,Raw Bananas,kg,9.12
RM023,2025-12-02,Raw Bananas,kg,10.6
RM023,2025-12-03,Raw Bananas,kg,8.98
RM023,2025-12-04,Raw Bananas,kg,10.12
RM023,2025-12-05,Raw Bananas,kg,9.73
RM023,2025-12-06,Raw Bananas,kg,10.91
RM023,2025-12-07,Raw Bananas,kg,10.01
RM023,2025-12-08,Raw Bananas,kg,7.88
RM023,2025-12-09,Raw Bananas,kg,10.29
RM023,2025-12-10,Raw Bananas,kg,9.34
RM023,2025-12-11,Raw Bananas,kg,10.93
RM023,2025-12-12,Raw Bananas,kg,11.51
RM023,2025-12-13,Raw Bananas,kg,11.31
RM023,2025-12-14,Raw Bananas,kg,8.98
RM023,2025-12-15,Raw Bananas,kg,8.46
RM023,2025-12-16,Raw Bananas,kg,8.8
RM023,2025-12-17,Raw Bananas,kg,10.36
RM023,2025-12-18,Raw Bananas,kg,9.09
RM023,2025-12-19,Raw Bananas,kg,11.63
RM023,2025-12-20,Raw Bananas,kg,11.3
RM023,2025-12-21,Raw Bananas,kg,11.15
RM023,2025-12-22,Raw Bananas,kg,9.26
RM023,2025-12-23,Raw Bananas,kg,9.17
RM023,2025-12-24,Raw Bananas,kg,11.38
RM023,2025-12-25,Raw Bananas,kg,11.56
RM023,2025-12-26,Raw Bananas,kg,11.7
RM023,2025-12-27,Raw Bananas,kg,12.02
RM023,2025-12-28,Raw Bananas,kg,11.3
RM023,2025-12-29,Raw Bananas,kg,9.21
RM023,2025-12-30,Raw Bananas,kg,8.88
RM023,2025-12-31,Raw Bananas,kg,11.17
RM023,2026-01-01,Raw Bananas,kg,11.12
RM023,2026-01-02,Raw Bananas,kg,10.83
RM023,2026-01-03,Raw Bananas,kg,10.92
RM023,2026-01-04,Raw Bananas,kg,11.28
RM023,2026-01-05,Raw Bananas,kg,8.77
RM023,2026-01-06,Raw Bananas,kg,8.07
RM023,2026-01-07,Raw Bananas,kg,9.94
RM023,2026-01-08,Raw Bananas,kg,10.42
RM023,2026-01-09,Raw Bananas,kg,8.98
RM023,2026-01-10,Raw Bananas,kg,10.8
RM023,2026-01-11,Raw Bananas,kg,10.27
RM023,2026-01-12,Raw Bananas,kg,8.38
RM023,2026-01-13,Raw Bananas,kg,8.67
RM023,2026-01-14,Raw Bananas,kg,9.41
RM023,2026-01-15,Raw Bananas,kg,9.13
RM023,2026-01-16,Raw Bananas,kg,12.13
RM023,2026-01-17,Raw Bananas,kg,10.59
RM023,2026-01-18,Raw Bananas,kg,10.65
RM023,2026-01-19,Raw Bananas,kg,8.66
RM023,2026-01-20,Raw Bananas,kg,10.04
RM023,2026-01-21,Raw Bananas,kg,9.99
RM023,2026-01-22,Raw Bananas,kg,11.74
RM023,2026-01-23,Raw Bananas,kg,10.74
RM023,2026-01-24,Raw Bananas,kg,11.92
RM023,2026-01-25,Raw Bananas,kg,11.53
RM023,2026-01-26,Raw Bananas,kg,9.11
RM023,2026-01-27,Raw Bananas,kg,9.25
RM023,2026-01-28,Raw Bananas,kg,11.6
RM023,2026-01-29,Raw Bananas,kg,9.91
RM023,2026-01-30,Raw Bananas,kg,12.68
RM023,2026-01-31,Raw Bananas,kg,11.44
RM023,2026-02-01,Raw Bananas,kg,10.7
RM023,2026-02-02,Raw Bananas,kg,9.8
RM023,2026-02-03,Raw Bananas,kg,8.62
RM023,2026-02-04,Raw Bananas,kg,7.75
RM023,2026-02-05,Raw Bananas,kg,10.32
RM023,2026-02-06,Raw Bananas,kg,11.4
RM023,2026-02-07,Raw Bananas,kg,11.91
RM023,2026-02-08,Raw Bananas,kg,10.55
RM023,2026-02-09,Raw Bananas,kg,7.7
RM023,2026-02-10,Raw Bananas,kg,8.52
RM023,2026-02-11,Raw Bananas,kg,10.51
RM023,2026-02-12,Raw Bananas,kg,9.52
RM023,2026-02-13,Raw Bananas,kg,11.27
RM023,2026-02-14,Raw Bananas,kg,12.27
RM023,2026-02-15,Raw Bananas,kg,11.61
RM023,2026-02-16,Raw Bananas,kg,9.99
RM023,2026-02-17,Raw Bananas,kg,11.07
RM023,2026-02-18,Raw Bananas,kg,9.77
RM023,2026-02-19,Raw Bananas,kg,12.0
RM023,2026-02-20,Raw Bananas,kg,11.44
RM023,2026-02-21,Raw Bananas,kg,13.67
RM023,2026-02-22,Raw Bananas,kg,12.21
RM023,2026-02-23,Raw Bananas,kg,9.11
RM023,2026-02-24,Raw Bananas,kg,8.37
RM023,2026-02-25,Raw Bananas,kg,10.19
RM023,2026-02-26,Raw Bananas,kg,11.17
RM023,2026-02-27,Raw Bananas,kg,11.92
RM023,2026-02-28,Raw Bananas,kg,11.44
RM023,2026-03-01,Raw Bananas,kg,11.54
RM023,2026-03-02,Raw Bananas,kg,8.08
RM023,2026-03-03,Raw Bananas,kg,10.78
RM023,2026-03-04,Raw Bananas,kg,10.64
RM023,2026-03-05,Raw Bananas,kg,10.22
RM023,2026-03-06,Raw Bananas,kg,12.66
RM023,2026-03-07,Raw Bananas,kg,11.27
RM023,2026-03-08,Raw Bananas,kg,11.12
RM023,2026-03-09,Raw Bananas,kg,7.52
RM023,2026-03-10,Raw Bananas,kg,10.16
RM023,2026-03-11,Raw Bananas,kg,9.13
RM023,2026-03-12,Raw Bananas,kg,10.31
RM023,2026-03-13,Raw Bananas,kg,9.69
RM023,2026-03-14,Raw Bananas,kg,10.16
RM023,2026-03-15,Raw Bananas,kg,10.57
RM023,2026-03-16,Raw Bananas,kg,9.54
RM023,2026-03-17,Raw Bananas,kg,10.39
RM023,2026-03-18,Raw Bananas,kg,9.87
RM023,2026-03-19,Raw Bananas,kg,10.64
RM023,2026-03-20,Raw Bananas,kg,10.11
RM023,2026-03-21,Raw Bananas,kg,10.78
RM023,2026-03-22,Raw Bananas,kg,10.9
RM023,2026-03-23,Raw Bananas,kg,9.46
RM023,2026-03-24,Raw Bananas,kg,10.98
RM023,2026-03-25,Raw Bananas,kg,9.64
RM023,2026-03-26,Raw Bananas,kg,10.92
RM023,2026-03-27,Raw Bananas,kg,12.41
RM023,2026-03-28,Raw Bananas,kg,12.87
RM023,2026-03-29,Raw Bananas,kg,10.73
RM023,2026-03-30,Raw Bananas,kg,8.49
RM023,2026-03-31,Raw Bananas,kg,9.29
RM023,2026-04-01,Raw Bananas,kg,11.03
RM023,2026-04-02,Raw Bananas,kg,10.11
RM023,2026-04-03,Raw Bananas,kg,12.45
RM023,2026-04-04,Raw Bananas,kg,12.1
RM023,2026-04-05,Raw Bananas,kg,9.16
RM023,2026-04-06,Raw Bananas,kg,9.23
RM023,2026-04-07,Raw Bananas,kg,9.84
RM023,2026-04-08,Raw Bananas,kg,8.1
RM023,2026-04-09,Raw Bananas,kg,11.49
RM023,2026-04-10,Raw Bananas,kg,9.68
RM023,2026-04-11,Raw Bananas,kg,11.85
RM023,2026-04-12,Raw Bananas,kg,10.21
RM023,2026-04-13,Raw Bananas,kg,8.25
RM023,2026-04-14,Raw Bananas,kg,8.29
RM023,2026-04-15,Raw Bananas,kg,11.42
RM023,2026-04-16,Raw Bananas,kg,9.52
RM023,2026-04-17,Raw Bananas,kg,10.8
RM023,2026-04-18,Raw Bananas,kg,12.95
RM023,2026-04-19,Raw Bananas,kg,9.99
RM023,2026-04-20,Raw Bananas,kg,8.48
RM023,2026-04-21,Raw Bananas,kg,9.15
RM023,2026-04-22,Raw Bananas,kg,10.15
RM023,2026-04-23,Raw Bananas,kg,10.69
RM023,2026-04-24,Raw Bananas,kg,11.63
RM023,2026-04-25,Raw Bananas,kg,12.07
RM023,2026-04-26,Raw Bananas,kg,13.58
RM023,2026-04-27,Raw Bananas,kg,10.23
RM023,2026-04-28,Raw Bananas,kg,11.82
RM023,2026-04-29,Raw Bananas,kg,10.25
RM023,2026-04-30,Raw Bananas,kg,11.02
RM023,2026-05-01,Raw Bananas,kg,11.28
RM023,2026-05-02,Raw Bananas,kg,10.53
RM023,2026-05-03,Raw Bananas,kg,11.03
RM023,2026-05-04,Raw Bananas,kg,7.8
RM023,2026-05-05,Raw Bananas,kg,9.38
RM023,2026-05-06,Raw Bananas,kg,11.7
RM023,2026-05-07,Raw Bananas,kg,10.25
RM023,2026-05-08,Raw Bananas,kg,11.73
RM023,2026-05-09,Raw Bananas,kg,10.74
RM023,2026-05-10,Raw Bananas,kg,7.82
RM023,2026-05-11,Raw Bananas,kg,7.75
RM023,2026-05-12,Raw Bananas,kg,9.06
RM023,2026-05-13,Raw Bananas,kg,8.67
RM023,2026-05-14,Raw Bananas,kg,8.51
RM023,2026-05-15,Raw Bananas,kg,10.94
RM023,2026-05-16,Raw Bananas,kg,12.05
RM023,2026-05-17,Raw Bananas,kg,11.71
RM023,2026-05-18,Raw Bananas,kg,9.37
RM023,2026-05-19,Raw Bananas,kg,9.21
RM023,2026-05-20,Raw Bananas,kg,9.63
RM023,2026-05-21,Raw Bananas,kg,9.96
RM023,2026-05-22,Raw Bananas,kg,12.28
RM023,2026-05-23,Raw Bananas,kg,13.1
RM023,2026-05-24,Raw Bananas,kg,9.79
RM023,2026-05-25,Raw Bananas,kg,7.33
RM023,2026-05-26,Raw Bananas,kg,10.23
RM023,2026-05-27,Raw Bananas,kg,9.83
RM023,2026-05-28,Raw Bananas,kg,10.74
RM023,2026-05-29,Raw Bananas,kg,12.21
RM023,2026-05-30,Raw Bananas,kg,12.64
RM023,2026-05-31,Raw Bananas,kg,11.31
RM023,2026-06-01,Raw Bananas,kg,9.36
RM023,2026-06-02,Raw Bananas,kg,10.05
RM023,2026-06-03,Raw Bananas,kg,11.56
RM023,2026-06-04,Raw Bananas,kg,10.68
RM023,2026-06-05,Raw Bananas,kg,12.84
RM023,2026-06-06,Raw Bananas,kg,10.59
RM023,2026-06-07,Raw Bananas,kg,10.25
RM023,2026-06-08,Raw Bananas,kg,8.23
RM023,2026-06-09,Raw Bananas,kg,10.5
RM023,2026-06-10,Raw Bananas,kg,8.83
RM023,2026-06-11,Raw Bananas,kg,9.18
RM023,2026-06-12,Raw Bananas,kg,10.29
RM023,2026-06-13,Raw Bananas,kg,11.29
RM023,2026-06-14,Raw Bananas,kg,9.03
RM023,2026-06-15,Raw Bananas,kg,8.18
RM023,2026-06-16,Raw Bananas,kg,8.59
RM023,2026-06-17,Raw Bananas,kg,9.98
RM023,2026-06-18,Raw Bananas,kg,10.44
RM023,2026-06-19,Raw Bananas,kg,11.14
RM023,2026-06-20,Raw Bananas,kg,10.44
RM023,2026-06-21,Raw Bananas,kg,10.19
RM023,2026-06-22,Raw Bananas,kg,8.31
RM023,2026-06-23,Raw Bananas,kg,10.93
RM023,2026-06-24,Raw Bananas,kg,12.14
RM023,2026-06-25,Raw Bananas,kg,10.6
RM023,2026-06-26,Raw Bananas,kg,12.64
RM023,2026-06-27,Raw Bananas,kg,11.43
RM023,2026-06-28,Raw Bananas,kg,9.12
RM023,2026-06-29,Raw Bananas,kg,9.96
RM023,2026-06-30,Raw Bananas,kg,9.39
RM023,2026-07-01,Raw Bananas,kg,10.46
RM023,2026-07-02,Raw Bananas,kg,10.53
RM023,2026-07-03,Raw Bananas,kg,11.87
RM023,2026-07-04,Raw Bananas,kg,12.54
RM023,2026-07-05,Raw Bananas,kg,9.93
RM023,2026-07-06,Raw Bananas,kg,7.69
RM023,2026-07-07,Raw Bananas,kg,9.91
RM023,2026-07-08,Raw Bananas,kg,10.12
RM023,2026-07-09,Raw Bananas,kg,10.52
RM023,2026-07-10,Raw Bananas,kg,11.83
RM023,2026-07-11,Raw Bananas,kg,10.96
RM023,2026-07-12,Raw Bananas,kg,10.61
RM023,2026-07-13,Raw Bananas,kg,8.6
RM023,2026-07-14,Raw Bananas,kg,8.11
RM023,2026-07-15,Raw Bananas,kg,10.59
RM023,2026-07-16,Raw Bananas,kg,9.38
RM023,2026-07-17,Raw Bananas,kg,9.58
RM023,2026-07-18,Raw Bananas,kg,12.92
RM023,2026-07-19,Raw Bananas,kg,10.51
RM023,2026-07-20,Raw Bananas,kg,8.93
RM023,2026-07-21,Raw Bananas,kg,10.01
RM023,2026-07-22,Raw Bananas,kg,10.76
RM023,2026-07-23,Raw Bananas,kg,10.26
RM023,2026-07-24,Raw Bananas,kg,12.0
RM023,2026-07-25,Raw Bananas,kg,13.31
RM023,2026-07-26,Raw Bananas,kg,11.74
RM023,2026-07-27,Raw Bananas,kg,9.4
RM023,2026-07-28,Raw Bananas,kg,9.85
RM023,2026-07-29,Raw Bananas,kg,10.04
RM023,2026-07-30,Raw Bananas,kg,10.3
RM023,2026-07-31,Raw Bananas,kg,11.26
RM023,2026-08-01,Raw Bananas,kg,12.93
RM023,2026-08-02,Raw Bananas,kg,13.44
RM023,2026-08-03,Raw Bananas,kg,8.92
RM023,2026-08-04,Raw Bananas,kg,10.53
RM023,2026-08-05,Raw Bananas,kg,9.82
RM023,2026-08-06,Raw Bananas,kg,9.0
RM023,2026-08-07,Raw Bananas,kg,10.33
RM023,2026-08-08,Raw Bananas,kg,11.49
RM023,2026-08-09,Raw Bananas,kg,10.0
RM024,2025-01-01,Turmeric Powder,kg,1.1
RM024,2025-01-02,Turmeric Powder,kg,0.95
RM024,2025-01-03,Turmeric Powder,kg,1.15
RM024,2025-01-04,Turmeric Powder,kg,1.03
RM024,2025-01-05,Turmeric Powder,kg,0.99
RM024,2025-01-06,Turmeric Powder,kg,0.79
RM024,2025-01-07,Turmeric Powder,kg,0.87
RM024,2025-01-08,Turmeric Powder,kg,1.01
RM024,2025-01-09,Turmeric Powder,kg,1.06
RM024,2025-01-10,Turmeric Powder,kg,0.9
RM024,2025-01-11,Turmeric Powder,kg,1.04
RM024,2025-01-12,Turmeric Powder,kg,1.15
RM024,2025-01-13,Turmeric Powder,kg,0.85
RM024,2025-01-14,Turmeric Powder,kg,0.79
RM024,2025-01-15,Turmeric Powder,kg,0.87
RM024,2025-01-16,Turmeric Powder,kg,1.03
RM024,2025-01-17,Turmeric Powder,kg,1.11
RM024,2025-01-18,Turmeric Powder,kg,1.33
RM024,2025-01-19,Turmeric Powder,kg,1.11
RM024,2025-01-20,Turmeric Powder,kg,1.02
RM024,2025-01-21,Turmeric Powder,kg,1.07
RM024,2025-01-22,Turmeric Powder,kg,0.98
RM024,2025-01-23,Turmeric Powder,kg,0.99
RM024,2025-01-24,Turmeric Powder,kg,1.23
RM024,2025-01-25,Turmeric Powder,kg,1.35
RM024,2025-01-26,Turmeric Powder,kg,1.24
RM024,2025-01-27,Turmeric Powder,kg,0.96
RM024,2025-01-28,Turmeric Powder,kg,0.92
RM024,2025-01-29,Turmeric Powder,kg,1.05
RM024,2025-01-30,Turmeric Powder,kg,1.16
RM024,2025-01-31,Turmeric Powder,kg,1.33
RM024,2025-02-01,Turmeric Powder,kg,1.18
RM024,2025-02-02,Turmeric Powder,kg,1.09
RM024,2025-02-03,Turmeric Powder,kg,0.89
RM024,2025-02-04,Turmeric Powder,kg,0.91
RM024,2025-02-05,Turmeric Powder,kg,1.06
RM024,2025-02-06,Turmeric Powder,kg,1.08
RM024,2025-02-07,Turmeric Powder,kg,0.96
RM024,2025-02-08,Turmeric Powder,kg,1.18
RM024,2025-02-09,Turmeric Powder,kg,1.03
RM024,2025-02-10,Turmeric Powder,kg,0.89
RM024,2025-02-11,Turmeric Powder,kg,0.88
RM024,2025-02-12,Turmeric Powder,kg,0.95
RM024,2025-02-13,Turmeric Powder,kg,1.0
RM024,2025-02-14,Turmeric Powder,kg,1.11
RM024,2025-02-15,Turmeric Powder,kg,1.34
RM024,2025-02-16,Turmeric Powder,kg,1.07
RM024,2025-02-17,Turmeric Powder,kg,0.88
RM024,2025-02-18,Turmeric Powder,kg,1.02
RM024,2025-02-19,Turmeric Powder,kg,1.07
RM024,2025-02-20,Turmeric Powder,kg,0.89
RM024,2025-02-21,Turmeric Powder,kg,1.24
RM024,2025-02-22,Turmeric Powder,kg,1.26
RM024,2025-02-23,Turmeric Powder,kg,1.19
RM024,2025-02-24,Turmeric Powder,kg,0.95
RM024,2025-02-25,Turmeric Powder,kg,1.1
RM024,2025-02-26,Turmeric Powder,kg,1.03
RM024,2025-02-27,Turmeric Powder,kg,1.07
RM024,2025-02-28,Turmeric Powder,kg,1.06
RM024,2025-03-01,Turmeric Powder,kg,1.13
RM024,2025-03-02,Turmeric Powder,kg,1.06
RM024,2025-03-03,Turmeric Powder,kg,0.92
RM024,2025-03-04,Turmeric Powder,kg,0.98
RM024,2025-03-05,Turmeric Powder,kg,1.1
RM024,2025-03-06,Turmeric Powder,kg,0.9
RM024,2025-03-07,Turmeric Powder,kg,1.14
RM024,2025-03-08,Turmeric Powder,kg,1.08
RM024,2025-03-09,Turmeric Powder,kg,1.03
RM024,2025-03-10,Turmeric Powder,kg,0.86
RM024,2025-03-11,Turmeric Powder,kg,0.93
RM024,2025-03-12,Turmeric Powder,kg,0.91
RM024,2025-03-13,Turmeric Powder,kg,0.83
RM024,2025-03-14,Turmeric Powder,kg,1.0
RM024,2025-03-15,Turmeric Powder,kg,1.28
RM024,2025-03-16,Turmeric Powder,kg,1.08
RM024,2025-03-17,Turmeric Powder,kg,0.91
RM024,2025-03-18,Turmeric Powder,kg,0.94
RM024,2025-03-19,Turmeric Powder,kg,0.92
RM024,2025-03-20,Turmeric Powder,kg,1.23
RM024,2025-03-21,Turmeric Powder,kg,1.21
RM024,2025-03-22,Turmeric Powder,kg,1.32
RM024,2025-03-23,Turmeric Powder,kg,1.21
RM024,2025-03-24,Turmeric Powder,kg,0.87
RM024,2025-03-25,Turmeric Powder,kg,1.04
RM024,2025-03-26,Turmeric Powder,kg,1.11
RM024,2025-03-27,Turmeric Powder,kg,1.03
RM024,2025-03-28,Turmeric Powder,kg,1.19
RM024,2025-03-29,Turmeric Powder,kg,1.27
RM024,2025-03-30,Turmeric Powder,kg,1.14
RM024,2025-03-31,Turmeric Powder,kg,1.0
RM024,2025-04-01,Turmeric Powder,kg,0.95
RM024,2025-04-02,Turmeric Powder,kg,1.04
RM024,2025-04-03,Turmeric Powder,kg,1.11
RM024,2025-04-04,Turmeric Powder,kg,1.2
RM024,2025-04-05,Turmeric Powder,kg,1.14
RM024,2025-04-06,Turmeric Powder,kg,1.05
RM024,2025-04-07,Turmeric Powder,kg,0.83
RM024,2025-04-08,Turmeric Powder,kg,0.9
RM024,2025-04-09,Turmeric Powder,kg,1.01
RM024,2025-04-10,Turmeric Powder,kg,1.05
RM024,2025-04-11,Turmeric Powder,kg,1.01
RM024,2025-04-12,Turmeric Powder,kg,1.2
RM024,2025-04-13,Turmeric Powder,kg,0.97
RM024,2025-04-14,Turmeric Powder,kg,0.8
RM024,2025-04-15,Turmeric Powder,kg,0.94
RM024,2025-04-16,Turmeric Powder,kg,1.06
RM024,2025-04-17,Turmeric Powder,kg,1.07
RM024,2025-04-18,Turmeric Powder,kg,1.12
RM024,2025-04-19,Turmeric Powder,kg,1.22
RM024,2025-04-20,Turmeric Powder,kg,1.29
RM024,2025-04-21,Turmeric Powder,kg,0.86
RM024,2025-04-22,Turmeric Powder,kg,0.95
RM024,2025-04-23,Turmeric Powder,kg,0.96
RM024,2025-04-24,Turmeric Powder,kg,1.03
RM024,2025-04-25,Turmeric Powder,kg,1.23
RM024,2025-04-26,Turmeric Powder,kg,1.18
RM024,2025-04-27,Turmeric Powder,kg,1.23
RM024,2025-04-28,Turmeric Powder,kg,0.99
RM024,2025-04-29,Turmeric Powder,kg,1.08
RM024,2025-04-30,Turmeric Powder,kg,1.03
RM024,2025-05-01,Turmeric Powder,kg,1.05
RM024,2025-05-02,Turmeric Powder,kg,1.16
RM024,2025-05-03,Turmeric Powder,kg,1.11
RM024,2025-05-04,Turmeric Powder,kg,1.01
RM024,2025-05-05,Turmeric Powder,kg,0.92
RM024,2025-05-06,Turmeric Powder,kg,0.86
RM024,2025-05-07,Turmeric Powder,kg,0.87
RM024,2025-05-08,Turmeric Powder,kg,1.01
RM024,2025-05-09,Turmeric Powder,kg,0.96
RM024,2025-05-10,Turmeric Powder,kg,1.26
RM024,2025-05-11,Turmeric Powder,kg,0.85
RM024,2025-05-12,Turmeric Powder,kg,0.78
RM024,2025-05-13,Turmeric Powder,kg,0.99
RM024,2025-05-14,Turmeric Powder,kg,1.04
RM024,2025-05-15,Turmeric Powder,kg,1.02
RM024,2025-05-16,Turmeric Powder,kg,1.17
RM024,2025-05-17,Turmeric Powder,kg,1.13
RM024,2025-05-18,Turmeric Powder,kg,1.08
RM024,2025-05-19,Turmeric Powder,kg,0.84
RM024,2025-05-20,Turmeric Powder,kg,0.93
RM024,2025-05-21,Turmeric Powder,kg,1.21
RM024,2025-05-22,Turmeric Powder,kg,1.25
RM024,2025-05-23,Turmeric Powder,kg,1.09
RM024,2025-05-24,Turmeric Powder,kg,1.27
RM024,2025-05-25,Turmeric Powder,kg,1.1
RM024,2025-05-26,Turmeric Powder,kg,1.03
RM024,2025-05-27,Turmeric Powder,kg,1.08
RM024,2025-05-28,Turmeric Powder,kg,1.02
RM024,2025-05-29,Turmeric Powder,kg,1.09
RM024,2025-05-30,Turmeric Powder,kg,1.19
RM024,2025-05-31,Turmeric Powder,kg,1.07
RM024,2025-06-01,Turmeric Powder,kg,1.24
RM024,2025-06-02,Turmeric Powder,kg,0.94
RM024,2025-06-03,Turmeric Powder,kg,0.95
RM024,2025-06-04,Turmeric Powder,kg,1.02
RM024,2025-06-05,Turmeric Powder,kg,1.15
RM024,2025-06-06,Turmeric Powder,kg,0.98
RM024,2025-06-07,Turmeric Powder,kg,1.32
RM024,2025-06-08,Turmeric Powder,kg,0.97
RM024,2025-06-09,Turmeric Powder,kg,0.8
RM024,2025-06-10,Turmeric Powder,kg,0.94
RM024,2025-06-11,Turmeric Powder,kg,0.99
RM024,2025-06-12,Turmeric Powder,kg,0.99
RM024,2025-06-13,Turmeric Powder,kg,0.95
RM024,2025-06-14,Turmeric Powder,kg,1.07
RM024,2025-06-15,Turmeric Powder,kg,0.97
RM024,2025-06-16,Turmeric Powder,kg,0.9
RM024,2025-06-17,Turmeric Powder,kg,1.01
RM024,2025-06-18,Turmeric Powder,kg,0.91
RM024,2025-06-19,Turmeric Powder,kg,1.05
RM024,2025-06-20,Turmeric Powder,kg,1.1
RM024,2025-06-21,Turmeric Powder,kg,1.1
RM024,2025-06-22,Turmeric Powder,kg,1.09
RM024,2025-06-23,Turmeric Powder,kg,0.89
RM024,2025-06-24,Turmeric Powder,kg,1.05
RM024,2025-06-25,Turmeric Powder,kg,1.22
RM024,2025-06-26,Turmeric Powder,kg,1.02
RM024,2025-06-27,Turmeric Powder,kg,1.29
RM024,2025-06-28,Turmeric Powder,kg,1.38
RM024,2025-06-29,Turmeric Powder,kg,1.05
RM024,2025-06-30,Turmeric Powder,kg,0.93
RM024,2025-07-01,Turmeric Powder,kg,1.08
RM024,2025-07-02,Turmeric Powder,kg,0.95
RM024,2025-07-03,Turmeric Powder,kg,1.09
RM024,2025-07-04,Turmeric Powder,kg,1.07
RM024,2025-07-05,Turmeric Powder,kg,1.14
RM024,2025-07-06,Turmeric Powder,kg,1.1
RM024,2025-07-07,Turmeric Powder,kg,1.0
RM024,2025-07-08,Turmeric Powder,kg,0.88
RM024,2025-07-09,Turmeric Powder,kg,0.87
RM024,2025-07-10,Turmeric Powder,kg,1.01
RM024,2025-07-11,Turmeric Powder,kg,1.15
RM024,2025-07-12,Turmeric Powder,kg,1.07
RM024,2025-07-13,Turmeric Powder,kg,1.04
RM024,2025-07-14,Turmeric Powder,kg,0.9
RM024,2025-07-15,Turmeric Powder,kg,0.86
RM024,2025-07-16,Turmeric Powder,kg,0.89
RM024,2025-07-17,Turmeric Powder,kg,1.17
RM024,2025-07-18,Turmeric Powder,kg,1.05
RM024,2025-07-19,Turmeric Powder,kg,1.23
RM024,2025-07-20,Turmeric Powder,kg,1.11
RM024,2025-07-21,Turmeric Powder,kg,0.97
RM024,2025-07-22,Turmeric Powder,kg,1.03
RM024,2025-07-23,Turmeric Powder,kg,1.09
RM024,2025-07-24,Turmeric Powder,kg,1.13
RM024,2025-07-25,Turmeric Powder,kg,1.25
RM024,2025-07-26,Turmeric Powder,kg,1.09
RM024,2025-07-27,Turmeric Powder,kg,1.04
RM024,2025-07-28,Turmeric Powder,kg,0.91
RM024,2025-07-29,Turmeric Powder,kg,0.98
RM024,2025-07-30,Turmeric Powder,kg,0.99
RM024,2025-07-31,Turmeric Powder,kg,0.98
RM024,2025-08-01,Turmeric Powder,kg,1.05
RM024,2025-08-02,Turmeric Powder,kg,1.14
RM024,2025-08-03,Turmeric Powder,kg,0.98
RM024,2025-08-04,Turmeric Powder,kg,0.86
RM024,2025-08-05,Turmeric Powder,kg,0.9
RM024,2025-08-06,Turmeric Powder,kg,0.95
RM024,2025-08-07,Turmeric Powder,kg,0.92
RM024,2025-08-08,Turmeric Powder,kg,0.87
RM024,2025-08-09,Turmeric Powder,kg,1.21
RM024,2025-08-10,Turmeric Powder,kg,1.04
RM024,2025-08-11,Turmeric Powder,kg,0.74
RM024,2025-08-12,Turmeric Powder,kg,0.87
RM024,2025-08-13,Turmeric Powder,kg,0.98
RM024,2025-08-14,Turmeric Powder,kg,0.93
RM024,2025-08-15,Turmeric Powder,kg,1.17
RM024,2025-08-16,Turmeric Powder,kg,1.02
RM024,2025-08-17,Turmeric Powder,kg,1.19
RM024,2025-08-18,Turmeric Powder,kg,0.87
RM024,2025-08-19,Turmeric Powder,kg,0.94
RM024,2025-08-20,Turmeric Powder,kg,1.09
RM024,2025-08-21,Turmeric Powder,kg,0.98
RM024,2025-08-22,Turmeric Powder,kg,1.14
RM024,2025-08-23,Turmeric Powder,kg,1.22
RM024,2025-08-24,Turmeric Powder,kg,1.07
RM024,2025-08-25,Turmeric Powder,kg,0.95
RM024,2025-08-26,Turmeric Powder,kg,0.99
RM024,2025-08-27,Turmeric Powder,kg,1.03
RM024,2025-08-28,Turmeric Powder,kg,1.21
RM024,2025-08-29,Turmeric Powder,kg,1.18
RM024,2025-08-30,Turmeric Powder,kg,1.27
RM024,2025-08-31,Turmeric Powder,kg,1.06
RM024,2025-09-01,Turmeric Powder,kg,1.04
RM024,2025-09-02,Turmeric Powder,kg,0.88
RM024,2025-09-03,Turmeric Powder,kg,0.95
RM024,2025-09-04,Turmeric Powder,kg,1.03
RM024,2025-09-05,Turmeric Powder,kg,1.13
RM024,2025-09-06,Turmeric Powder,kg,1.26
RM024,2025-09-07,Turmeric Powder,kg,0.92
RM024,2025-09-08,Turmeric Powder,kg,0.89
RM024,2025-09-09,Turmeric Powder,kg,1.06
RM024,2025-09-10,Turmeric Powder,kg,1.06
RM024,2025-09-11,Turmeric Powder,kg,1.02
RM024,2025-09-12,Turmeric Powder,kg,1.01
RM024,2025-09-13,Turmeric Powder,kg,1.09
RM024,2025-09-14,Turmeric Powder,kg,1.08
RM024,2025-09-15,Turmeric Powder,kg,0.73
RM024,2025-09-16,Turmeric Powder,kg,0.95
RM024,2025-09-17,Turmeric Powder,kg,0.96
RM024,2025-09-18,Turmeric Powder,kg,1.07
RM024,2025-09-19,Turmeric Powder,kg,1.01
RM024,2025-09-20,Turmeric Powder,kg,1.3
RM024,2025-09-21,Turmeric Powder,kg,1.17
RM024,2025-09-22,Turmeric Powder,kg,0.83
RM024,2025-09-23,Turmeric Powder,kg,0.98
RM024,2025-09-24,Turmeric Powder,kg,1.11
RM024,2025-09-25,Turmeric Powder,kg,1.04
RM024,2025-09-26,Turmeric Powder,kg,1.17
RM024,2025-09-27,Turmeric Powder,kg,1.21
RM024,2025-09-28,Turmeric Powder,kg,1.04
RM024,2025-09-29,Turmeric Powder,kg,0.92
RM024,2025-09-30,Turmeric Powder,kg,1.01
RM024,2025-10-01,Turmeric Powder,kg,0.97
RM024,2025-10-02,Turmeric Powder,kg,1.04
RM024,2025-10-03,Turmeric Powder,kg,1.27
RM024,2025-10-04,Turmeric Powder,kg,1.24
RM024,2025-10-05,Turmeric Powder,kg,1.13
RM024,2025-10-06,Turmeric Powder,kg,0.86
RM024,2025-10-07,Turmeric Powder,kg,0.99
RM024,2025-10-08,Turmeric Powder,kg,1.04
RM024,2025-10-09,Turmeric Powder,kg,0.98
RM024,2025-10-10,Turmeric Powder,kg,1.21
RM024,2025-10-11,Turmeric Powder,kg,1.1
RM024,2025-10-12,Turmeric Powder,kg,1.04
RM024,2025-10-13,Turmeric Powder,kg,0.84
RM024,2025-10-14,Turmeric Powder,kg,0.8
RM024,2025-10-15,Turmeric Powder,kg,0.96
RM024,2025-10-16,Turmeric Powder,kg,1.01
RM024,2025-10-17,Turmeric Powder,kg,1.1
RM024,2025-10-18,Turmeric Powder,kg,1.32
RM024,2025-10-19,Turmeric Powder,kg,1.02
RM024,2025-10-20,Turmeric Powder,kg,0.88
RM024,2025-10-21,Turmeric Powder,kg,1.05
RM024,2025-10-22,Turmeric Powder,kg,1.14
RM024,2025-10-23,Turmeric Powder,kg,1.14
RM024,2025-10-24,Turmeric Powder,kg,1.02
RM024,2025-10-25,Turmeric Powder,kg,1.49
RM024,2025-10-26,Turmeric Powder,kg,1.22
RM024,2025-10-27,Turmeric Powder,kg,0.89
RM024,2025-10-28,Turmeric Powder,kg,0.87
RM024,2025-10-29,Turmeric Powder,kg,1.13
RM024,2025-10-30,Turmeric Powder,kg,1.01
RM024,2025-10-31,Turmeric Powder,kg,1.06
RM024,2025-11-01,Turmeric Powder,kg,1.11
RM024,2025-11-02,Turmeric Powder,kg,1.12
RM024,2025-11-03,Turmeric Powder,kg,0.94
RM024,2025-11-04,Turmeric Powder,kg,1.08
RM024,2025-11-05,Turmeric Powder,kg,0.9
RM024,2025-11-06,Turmeric Powder,kg,1.01
RM024,2025-11-07,Turmeric Powder,kg,1.03
RM024,2025-11-08,Turmeric Powder,kg,1.17
RM024,2025-11-09,Turmeric Powder,kg,0.94
RM024,2025-11-10,Turmeric Powder,kg,0.91
RM024,2025-11-11,Turmeric Powder,kg,0.98
RM024,2025-11-12,Turmeric Powder,kg,0.99
RM024,2025-11-13,Turmeric Powder,kg,0.88
RM024,2025-11-14,Turmeric Powder,kg,1.03
RM024,2025-11-15,Turmeric Powder,kg,1.13
RM024,2025-11-16,Turmeric Powder,kg,1.13
RM024,2025-11-17,Turmeric Powder,kg,0.89
RM024,2025-11-18,Turmeric Powder,kg,0.96
RM024,2025-11-19,Turmeric Powder,kg,1.08
RM024,2025-11-20,Turmeric Powder,kg,1.2
RM024,2025-11-21,Turmeric Powder,kg,1.13
RM024,2025-11-22,Turmeric Powder,kg,1.39
RM024,2025-11-23,Turmeric Powder,kg,0.93
RM024,2025-11-24,Turmeric Powder,kg,0.94
RM024,2025-11-25,Turmeric Powder,kg,0.89
RM024,2025-11-26,Turmeric Powder,kg,1.17
RM024,2025-11-27,Turmeric Powder,kg,1.14
RM024,2025-11-28,Turmeric Powder,kg,1.23
RM024,2025-11-29,Turmeric Powder,kg,1.16
RM024,2025-11-30,Turmeric Powder,kg,0.9
RM024,2025-12-01,Turmeric Powder,kg,0.95
RM024,2025-12-02,Turmeric Powder,kg,1.13
RM024,2025-12-03,Turmeric Powder,kg,1.02
RM024,2025-12-04,Turmeric Powder,kg,0.99
RM024,2025-12-05,Turmeric Powder,kg,1.09
RM024,2025-12-06,Turmeric Powder,kg,1.19
RM024,2025-12-07,Turmeric Powder,kg,0.97
RM024,2025-12-08,Turmeric Powder,kg,0.81
RM024,2025-12-09,Turmeric Powder,kg,0.88
RM024,2025-12-10,Turmeric Powder,kg,0.9
RM024,2025-12-11,Turmeric Powder,kg,1.05
RM024,2025-12-12,Turmeric Powder,kg,1.01
RM024,2025-12-13,Turmeric Powder,kg,1.23
RM024,2025-12-14,Turmeric Powder,kg,0.96
RM024,2025-12-15,Turmeric Powder,kg,0.82
RM024,2025-12-16,Turmeric Powder,kg,1.03
RM024,2025-12-17,Turmeric Powder,kg,0.92
RM024,2025-12-18,Turmeric Powder,kg,1.11
RM024,2025-12-19,Turmeric Powder,kg,1.15
RM024,2025-12-20,Turmeric Powder,kg,1.2
RM024,2025-12-21,Turmeric Powder,kg,1.09
RM024,2025-12-22,Turmeric Powder,kg,0.98
RM024,2025-12-23,Turmeric Powder,kg,0.92
RM024,2025-12-24,Turmeric Powder,kg,1.23
RM024,2025-12-25,Turmeric Powder,kg,1.07
RM024,2025-12-26,Turmeric Powder,kg,1.04
RM024,2025-12-27,Turmeric Powder,kg,1.15
RM024,2025-12-28,Turmeric Powder,kg,1.22
RM024,2025-12-29,Turmeric Powder,kg,0.97
RM024,2025-12-30,Turmeric Powder,kg,0.96
RM024,2025-12-31,Turmeric Powder,kg,1.05
RM024,2026-01-01,Turmeric Powder,kg,1.2
RM024,2026-01-02,Turmeric Powder,kg,0.98
RM024,2026-01-03,Turmeric Powder,kg,0.94
RM024,2026-01-04,Turmeric Powder,kg,0.94
RM024,2026-01-05,Turmeric Powder,kg,0.92
RM024,2026-01-06,Turmeric Powder,kg,0.87
RM024,2026-01-07,Turmeric Powder,kg,0.78
RM024,2026-01-08,Turmeric Powder,kg,0.92
RM024,2026-01-09,Turmeric Powder,kg,1.07
RM024,2026-01-10,Turmeric Powder,kg,1.23
RM024,2026-01-11,Turmeric Powder,kg,1.17
RM024,2026-01-12,Turmeric Powder,kg,0.91
RM024,2026-01-13,Turmeric Powder,kg,0.85
RM024,2026-01-14,Turmeric Powder,kg,0.94
RM024,2026-01-15,Turmeric Powder,kg,1.05
RM024,2026-01-16,Turmeric Powder,kg,1.05
RM024,2026-01-17,Turmeric Powder,kg,1.2
RM024,2026-01-18,Turmeric Powder,kg,1.08
RM024,2026-01-19,Turmeric Powder,kg,0.81
RM024,2026-01-20,Turmeric Powder,kg,1.02
RM024,2026-01-21,Turmeric Powder,kg,0.89
RM024,2026-01-22,Turmeric Powder,kg,1.22
RM024,2026-01-23,Turmeric Powder,kg,1.17
RM024,2026-01-24,Turmeric Powder,kg,1.25
RM024,2026-01-25,Turmeric Powder,kg,1.11
RM024,2026-01-26,Turmeric Powder,kg,1.03
RM024,2026-01-27,Turmeric Powder,kg,0.97
RM024,2026-01-28,Turmeric Powder,kg,0.95
RM024,2026-01-29,Turmeric Powder,kg,0.99
RM024,2026-01-30,Turmeric Powder,kg,1.12
RM024,2026-01-31,Turmeric Powder,kg,1.37
RM024,2026-02-01,Turmeric Powder,kg,1.15
RM024,2026-02-02,Turmeric Powder,kg,0.93
RM024,2026-02-03,Turmeric Powder,kg,1.06
RM024,2026-02-04,Turmeric Powder,kg,1.15
RM024,2026-02-05,Turmeric Powder,kg,0.99
RM024,2026-02-06,Turmeric Powder,kg,1.06
RM024,2026-02-07,Turmeric Powder,kg,1.23
RM024,2026-02-08,Turmeric Powder,kg,1.0
RM024,2026-02-09,Turmeric Powder,kg,0.85
RM024,2026-02-10,Turmeric Powder,kg,0.96
RM024,2026-02-11,Turmeric Powder,kg,1.07
RM024,2026-02-12,Turmeric Powder,kg,1.09
RM024,2026-02-13,Turmeric Powder,kg,1.04
RM024,2026-02-14,Turmeric Powder,kg,1.27
RM024,2026-02-15,Turmeric Powder,kg,1.09
RM024,2026-02-16,Turmeric Powder,kg,0.97
RM024,2026-02-17,Turmeric Powder,kg,0.96
RM024,2026-02-18,Turmeric Powder,kg,1.07
RM024,2026-02-19,Turmeric Powder,kg,1.05
RM024,2026-02-20,Turmeric Powder,kg,1.23
RM024,2026-02-21,Turmeric Powder,kg,1.17
RM024,2026-02-22,Turmeric Powder,kg,1.16
RM024,2026-02-23,Turmeric Powder,kg,0.97
RM024,2026-02-24,Turmeric Powder,kg,0.94
RM024,2026-02-25,Turmeric Powder,kg,1.15
RM024,2026-02-26,Turmeric Powder,kg,0.95
RM024,2026-02-27,Turmeric Powder,kg,1.16
RM024,2026-02-28,Turmeric Powder,kg,1.34
RM024,2026-03-01,Turmeric Powder,kg,1.03
RM024,2026-03-02,Turmeric Powder,kg,0.88
RM024,2026-03-03,Turmeric Powder,kg,0.89
RM024,2026-03-04,Turmeric Powder,kg,1.0
RM024,2026-03-05,Turmeric Powder,kg,0.97
RM024,2026-03-06,Turmeric Powder,kg,1.07
RM024,2026-03-07,Turmeric Powder,kg,1.15
RM024,2026-03-08,Turmeric Powder,kg,1.1
RM024,2026-03-09,Turmeric Powder,kg,0.87
RM024,2026-03-10,Turmeric Powder,kg,0.96
RM024,2026-03-11,Turmeric Powder,kg,0.9
RM024,2026-03-12,Turmeric Powder,kg,0.98
RM024,2026-03-13,Turmeric Powder,kg,1.01
RM024,2026-03-14,Turmeric Powder,kg,1.08
RM024,2026-03-15,Turmeric Powder,kg,1.07
RM024,2026-03-16,Turmeric Powder,kg,0.85
RM024,2026-03-17,Turmeric Powder,kg,1.02
RM024,2026-03-18,Turmeric Powder,kg,1.08
RM024,2026-03-19,Turmeric Powder,kg,1.1
RM024,2026-03-20,Turmeric Powder,kg,1.14
RM024,2026-03-21,Turmeric Powder,kg,1.24
RM024,2026-03-22,Turmeric Powder,kg,1.23
RM024,2026-03-23,Turmeric Powder,kg,0.85
RM024,2026-03-24,Turmeric Powder,kg,0.98
RM024,2026-03-25,Turmeric Powder,kg,1.01
RM024,2026-03-26,Turmeric Powder,kg,1.23
RM024,2026-03-27,Turmeric Powder,kg,1.18
RM024,2026-03-28,Turmeric Powder,kg,1.2
RM024,2026-03-29,Turmeric Powder,kg,1.16
RM024,2026-03-30,Turmeric Powder,kg,0.93
RM024,2026-03-31,Turmeric Powder,kg,0.98
RM024,2026-04-01,Turmeric Powder,kg,0.98
RM024,2026-04-02,Turmeric Powder,kg,1.07
RM024,2026-04-03,Turmeric Powder,kg,1.07
RM024,2026-04-04,Turmeric Powder,kg,1.2
RM024,2026-04-05,Turmeric Powder,kg,1.12
RM024,2026-04-06,Turmeric Powder,kg,0.93
RM024,2026-04-07,Turmeric Powder,kg,0.95
RM024,2026-04-08,Turmeric Powder,kg,1.0
RM024,2026-04-09,Turmeric Powder,kg,0.96
RM024,2026-04-10,Turmeric Powder,kg,1.13
RM024,2026-04-11,Turmeric Powder,kg,1.07
RM024,2026-04-12,Turmeric Powder,kg,0.91
RM024,2026-04-13,Turmeric Powder,kg,0.88
RM024,2026-04-14,Turmeric Powder,kg,0.81
RM024,2026-04-15,Turmeric Powder,kg,0.97
RM024,2026-04-16,Turmeric Powder,kg,1.09
RM024,2026-04-17,Turmeric Powder,kg,1.08
RM024,2026-04-18,Turmeric Powder,kg,1.28
RM024,2026-04-19,Turmeric Powder,kg,1.17
RM024,2026-04-20,Turmeric Powder,kg,1.0
RM024,2026-04-21,Turmeric Powder,kg,1.1
RM024,2026-04-22,Turmeric Powder,kg,1.04
RM024,2026-04-23,Turmeric Powder,kg,1.16
RM024,2026-04-24,Turmeric Powder,kg,1.3
RM024,2026-04-25,Turmeric Powder,kg,1.26
RM024,2026-04-26,Turmeric Powder,kg,0.95
RM024,2026-04-27,Turmeric Powder,kg,1.01
RM024,2026-04-28,Turmeric Powder,kg,1.01
RM024,2026-04-29,Turmeric Powder,kg,0.96
RM024,2026-04-30,Turmeric Powder,kg,0.99
RM024,2026-05-01,Turmeric Powder,kg,1.2
RM024,2026-05-02,Turmeric Powder,kg,1.18
RM024,2026-05-03,Turmeric Powder,kg,1.01
RM024,2026-05-04,Turmeric Powder,kg,0.76
RM024,2026-05-05,Turmeric Powder,kg,1.03
RM024,2026-05-06,Turmeric Powder,kg,0.9
RM024,2026-05-07,Turmeric Powder,kg,1.02
RM024,2026-05-08,Turmeric Powder,kg,1.08
RM024,2026-05-09,Turmeric Powder,kg,1.16
RM024,2026-05-10,Turmeric Powder,kg,1.11
RM024,2026-05-11,Turmeric Powder,kg,0.9
RM024,2026-05-12,Turmeric Powder,kg,0.96
RM024,2026-05-13,Turmeric Powder,kg,1.1
RM024,2026-05-14,Turmeric Powder,kg,0.96
RM024,2026-05-15,Turmeric Powder,kg,1.16
RM024,2026-05-16,Turmeric Powder,kg,1.27
RM024,2026-05-17,Turmeric Powder,kg,1.06
RM024,2026-05-18,Turmeric Powder,kg,0.74
RM024,2026-05-19,Turmeric Powder,kg,0.98
RM024,2026-05-20,Turmeric Powder,kg,1.1
RM024,2026-05-21,Turmeric Powder,kg,1.19
RM024,2026-05-22,Turmeric Powder,kg,1.09
RM024,2026-05-23,Turmeric Powder,kg,1.2
RM024,2026-05-24,Turmeric Powder,kg,1.03
RM024,2026-05-25,Turmeric Powder,kg,0.83
RM024,2026-05-26,Turmeric Powder,kg,1.0
RM024,2026-05-27,Turmeric Powder,kg,1.22
RM024,2026-05-28,Turmeric Powder,kg,1.08
RM024,2026-05-29,Turmeric Powder,kg,1.37
RM024,2026-05-30,Turmeric Powder,kg,1.21
RM024,2026-05-31,Turmeric Powder,kg,1.03
RM024,2026-06-01,Turmeric Powder,kg,0.96
RM024,2026-06-02,Turmeric Powder,kg,0.92
RM024,2026-06-03,Turmeric Powder,kg,1.01
RM024,2026-06-04,Turmeric Powder,kg,1.13
RM024,2026-06-05,Turmeric Powder,kg,1.12
RM024,2026-06-06,Turmeric Powder,kg,1.01
RM024,2026-06-07,Turmeric Powder,kg,0.94
RM024,2026-06-08,Turmeric Powder,kg,0.85
RM024,2026-06-09,Turmeric Powder,kg,0.87
RM024,2026-06-10,Turmeric Powder,kg,0.9
RM024,2026-06-11,Turmeric Powder,kg,1.03
RM024,2026-06-12,Turmeric Powder,kg,1.16
RM024,2026-06-13,Turmeric Powder,kg,1.14
RM024,2026-06-14,Turmeric Powder,kg,0.92
RM024,2026-06-15,Turmeric Powder,kg,0.91
RM024,2026-06-16,Turmeric Powder,kg,0.93
RM024,2026-06-17,Turmeric Powder,kg,0.99
RM024,2026-06-18,Turmeric Powder,kg,1.15
RM024,2026-06-19,Turmeric Powder,kg,1.14
RM024,2026-06-20,Turmeric Powder,kg,1.28
RM024,2026-06-21,Turmeric Powder,kg,1.11
RM024,2026-06-22,Turmeric Powder,kg,0.92
RM024,2026-06-23,Turmeric Powder,kg,1.04
RM024,2026-06-24,Turmeric Powder,kg,1.17
RM024,2026-06-25,Turmeric Powder,kg,1.07
RM024,2026-06-26,Turmeric Powder,kg,1.38
RM024,2026-06-27,Turmeric Powder,kg,1.12
RM024,2026-06-28,Turmeric Powder,kg,1.05
RM024,2026-06-29,Turmeric Powder,kg,0.89
RM024,2026-06-30,Turmeric Powder,kg,0.86
RM024,2026-07-01,Turmeric Powder,kg,0.85
RM024,2026-07-02,Turmeric Powder,kg,1.07
RM024,2026-07-03,Turmeric Powder,kg,1.23
RM024,2026-07-04,Turmeric Powder,kg,1.03
RM024,2026-07-05,Turmeric Powder,kg,1.01
RM024,2026-07-06,Turmeric Powder,kg,0.88
RM024,2026-07-07,Turmeric Powder,kg,0.91
RM024,2026-07-08,Turmeric Powder,kg,0.89
RM024,2026-07-09,Turmeric Powder,kg,0.97
RM024,2026-07-10,Turmeric Powder,kg,1.01
RM024,2026-07-11,Turmeric Powder,kg,1.05
RM024,2026-07-12,Turmeric Powder,kg,1.09
RM024,2026-07-13,Turmeric Powder,kg,0.87
RM024,2026-07-14,Turmeric Powder,kg,0.98
RM024,2026-07-15,Turmeric Powder,kg,0.96
RM024,2026-07-16,Turmeric Powder,kg,1.05
RM024,2026-07-17,Turmeric Powder,kg,1.06
RM024,2026-07-18,Turmeric Powder,kg,1.07
RM024,2026-07-19,Turmeric Powder,kg,0.96
RM024,2026-07-20,Turmeric Powder,kg,0.86
RM024,2026-07-21,Turmeric Powder,kg,0.97
RM024,2026-07-22,Turmeric Powder,kg,1.18
RM024,2026-07-23,Turmeric Powder,kg,1.1
RM024,2026-07-24,Turmeric Powder,kg,1.18
RM024,2026-07-25,Turmeric Powder,kg,1.15
RM024,2026-07-26,Turmeric Powder,kg,1.12
RM024,2026-07-27,Turmeric Powder,kg,0.99
RM024,2026-07-28,Turmeric Powder,kg,1.04
RM024,2026-07-29,Turmeric Powder,kg,0.91
RM024,2026-07-30,Turmeric Powder,kg,1.07
RM024,2026-07-31,Turmeric Powder,kg,1.26
RM024,2026-08-01,Turmeric Powder,kg,1.34
RM024,2026-08-02,Turmeric Powder,kg,1.12
RM024,2026-08-03,Turmeric Powder,kg,0.96
RM024,2026-08-04,Turmeric Powder,kg,1.02
RM024,2026-08-05,Turmeric Powder,kg,0.98
RM024,2026-08-06,Turmeric Powder,kg,1.2
RM024,2026-08-07,Turmeric Powder,kg,1.1
RM024,2026-08-08,Turmeric Powder,kg,1.19
RM024,2026-08-09,Turmeric Powder,kg,0.94
RM025,2025-01-01,Water,L,23.73
RM025,2025-01-02,Water,L,29.1
RM025,2025-01-03,Water,L,30.56
RM025,2025-01-04,Water,L,31.28
RM025,2025-01-05,Water,L,26.78
RM025,2025-01-06,Water,L,21.93
RM025,2025-01-07,Water,L,26.02
RM025,2025-01-08,Water,L,25.87
RM025,2025-01-09,Water,L,29.64
RM025,2025-01-10,Water,L,25.78
RM025,2025-01-11,Water,L,26.4
RM025,2025-01-12,Water,L,23.53
RM025,2025-01-13,Water,L,20.49
RM025,2025-01-14,Water,L,26.95
RM025,2025-01-15,Water,L,26.11
RM025,2025-01-16,Water,L,25.59
RM025,2025-01-17,Water,L,27.74
RM025,2025-01-18,Water,L,29.8
RM025,2025-01-19,Water,L,28.47
RM025,2025-01-20,Water,L,22.07
RM025,2025-01-21,Water,L,25.19
RM025,2025-01-22,Water,L,25.32
RM025,2025-01-23,Water,L,31.3
RM025,2025-01-24,Water,L,23.39
RM025,2025-01-25,Water,L,32.86
RM025,2025-01-26,Water,L,26.72
RM025,2025-01-27,Water,L,23.76
RM025,2025-01-28,Water,L,25.37
RM025,2025-01-29,Water,L,25.89
RM025,2025-01-30,Water,L,27.27
RM025,2025-01-31,Water,L,33.28
RM025,2025-02-01,Water,L,25.2
RM025,2025-02-02,Water,L,28.02
RM025,2025-02-03,Water,L,19.87
RM025,2025-02-04,Water,L,18.01
RM025,2025-02-05,Water,L,24.66
RM025,2025-02-06,Water,L,23.47
RM025,2025-02-07,Water,L,25.66
RM025,2025-02-08,Water,L,30.48
RM025,2025-02-09,Water,L,22.39
RM025,2025-02-10,Water,L,21.18
RM025,2025-02-11,Water,L,20.83
RM025,2025-02-12,Water,L,22.87
RM025,2025-02-13,Water,L,26.64
RM025,2025-02-14,Water,L,26.92
RM025,2025-02-15,Water,L,29.18
RM025,2025-02-16,Water,L,26.03
RM025,2025-02-17,Water,L,22.58
RM025,2025-02-18,Water,L,26.94
RM025,2025-02-19,Water,L,23.05
RM025,2025-02-20,Water,L,26.52
RM025,2025-02-21,Water,L,32.62
RM025,2025-02-22,Water,L,33.28
RM025,2025-02-23,Water,L,27.6
RM025,2025-02-24,Water,L,20.28
RM025,2025-02-25,Water,L,27.03
RM025,2025-02-26,Water,L,26.2
RM025,2025-02-27,Water,L,28.34
RM025,2025-02-28,Water,L,31.77
RM025,2025-03-01,Water,L,33.53
RM025,2025-03-02,Water,L,27.21
RM025,2025-03-03,Water,L,21.29
RM025,2025-03-04,Water,L,20.67
RM025,2025-03-05,Water,L,26.23
RM025,2025-03-06,Water,L,23.27
RM025,2025-03-07,Water,L,26.4
RM025,2025-03-08,Water,L,29.07
RM025,2025-03-09,Water,L,25.68
RM025,2025-03-10,Water,L,20.02
RM025,2025-03-11,Water,L,22.57
RM025,2025-03-12,Water,L,25.09
RM025,2025-03-13,Water,L,25.26
RM025,2025-03-14,Water,L,29.64
RM025,2025-03-15,Water,L,26.6
RM025,2025-03-16,Water,L,29.85
RM025,2025-03-17,Water,L,20.99
RM025,2025-03-18,Water,L,23.81
RM025,2025-03-19,Water,L,26.94
RM025,2025-03-20,Water,L,26.22
RM025,2025-03-21,Water,L,28.87
RM025,2025-03-22,Water,L,29.47
RM025,2025-03-23,Water,L,31.6
RM025,2025-03-24,Water,L,20.2
RM025,2025-03-25,Water,L,24.4
RM025,2025-03-26,Water,L,27.9
RM025,2025-03-27,Water,L,32.59
RM025,2025-03-28,Water,L,32.48
RM025,2025-03-29,Water,L,34.67
RM025,2025-03-30,Water,L,25.37
RM025,2025-03-31,Water,L,20.82
RM025,2025-04-01,Water,L,22.39
RM025,2025-04-02,Water,L,24.34
RM025,2025-04-03,Water,L,24.76
RM025,2025-04-04,Water,L,25.99
RM025,2025-04-05,Water,L,27.66
RM025,2025-04-06,Water,L,23.39
RM025,2025-04-07,Water,L,21.03
RM025,2025-04-08,Water,L,21.18
RM025,2025-04-09,Water,L,26.21
RM025,2025-04-10,Water,L,24.08
RM025,2025-04-11,Water,L,29.57
RM025,2025-04-12,Water,L,27.03
RM025,2025-04-13,Water,L,25.53
RM025,2025-04-14,Water,L,20.49
RM025,2025-04-15,Water,L,23.28
RM025,2025-04-16,Water,L,25.64
RM025,2025-04-17,Water,L,22.08
RM025,2025-04-18,Water,L,29.22
RM025,2025-04-19,Water,L,29.84
RM025,2025-04-20,Water,L,27.23
RM025,2025-04-21,Water,L,22.69
RM025,2025-04-22,Water,L,25.15
RM025,2025-04-23,Water,L,25.2
RM025,2025-04-24,Water,L,29.17
RM025,2025-04-25,Water,L,32.05
RM025,2025-04-26,Water,L,31.34
RM025,2025-04-27,Water,L,26.89
RM025,2025-04-28,Water,L,18.27
RM025,2025-04-29,Water,L,24.48
RM025,2025-04-30,Water,L,23.12
RM025,2025-05-01,Water,L,27.86
RM025,2025-05-02,Water,L,26.52
RM025,2025-05-03,Water,L,26.94
RM025,2025-05-04,Water,L,24.72
RM025,2025-05-05,Water,L,21.08
RM025,2025-05-06,Water,L,19.82
RM025,2025-05-07,Water,L,24.89
RM025,2025-05-08,Water,L,26.18
RM025,2025-05-09,Water,L,31.01
RM025,2025-05-10,Water,L,25.72
RM025,2025-05-11,Water,L,26.77
RM025,2025-05-12,Water,L,21.59
RM025,2025-05-13,Water,L,21.11
RM025,2025-05-14,Water,L,24.45
RM025,2025-05-15,Water,L,27.73
RM025,2025-05-16,Water,L,28.83
RM025,2025-05-17,Water,L,28.79
RM025,2025-05-18,Water,L,28.13
RM025,2025-05-19,Water,L,21.93
RM025,2025-05-20,Water,L,21.82
RM025,2025-05-21,Water,L,24.58
RM025,2025-05-22,Water,L,29.09
RM025,2025-05-23,Water,L,30.6
RM025,2025-05-24,Water,L,31.84
RM025,2025-05-25,Water,L,29.04
RM025,2025-05-26,Water,L,21.75
RM025,2025-05-27,Water,L,25.47
RM025,2025-05-28,Water,L,25.23
RM025,2025-05-29,Water,L,23.35
RM025,2025-05-30,Water,L,30.01
RM025,2025-05-31,Water,L,30.19
RM025,2025-06-01,Water,L,23.07
RM025,2025-06-02,Water,L,22.06
RM025,2025-06-03,Water,L,22.59
RM025,2025-06-04,Water,L,25.41
RM025,2025-06-05,Water,L,28.38
RM025,2025-06-06,Water,L,26.16
RM025,2025-06-07,Water,L,24.73
RM025,2025-06-08,Water,L,25.55
RM025,2025-06-09,Water,L,22.09
RM025,2025-06-10,Water,L,26.21
RM025,2025-06-11,Water,L,24.7
RM025,2025-06-12,Water,L,21.36
RM025,2025-06-13,Water,L,24.74
RM025,2025-06-14,Water,L,27.0
RM025,2025-06-15,Water,L,28.76
RM025,2025-06-16,Water,L,21.44
RM025,2025-06-17,Water,L,24.71
RM025,2025-06-18,Water,L,26.16
RM025,2025-06-19,Water,L,26.52
RM025,2025-06-20,Water,L,31.21
RM025,2025-06-21,Water,L,32.93
RM025,2025-06-22,Water,L,30.9
RM025,2025-06-23,Water,L,21.62
RM025,2025-06-24,Water,L,25.33
RM025,2025-06-25,Water,L,25.07
RM025,2025-06-26,Water,L,33.52
RM025,2025-06-27,Water,L,27.73
RM025,2025-06-28,Water,L,33.27
RM025,2025-06-29,Water,L,27.31
RM025,2025-06-30,Water,L,23.72
RM025,2025-07-01,Water,L,28.52
RM025,2025-07-02,Water,L,22.66
RM025,2025-07-03,Water,L,27.28
RM025,2025-07-04,Water,L,30.5
RM025,2025-07-05,Water,L,26.28
RM025,2025-07-06,Water,L,26.74
RM025,2025-07-07,Water,L,22.34
RM025,2025-07-08,Water,L,22.19
RM025,2025-07-09,Water,L,23.65
RM025,2025-07-10,Water,L,29.08
RM025,2025-07-11,Water,L,21.92
RM025,2025-07-12,Water,L,25.17
RM025,2025-07-13,Water,L,23.15
RM025,2025-07-14,Water,L,19.99
RM025,2025-07-15,Water,L,23.13
RM025,2025-07-16,Water,L,24.34
RM025,2025-07-17,Water,L,24.51
RM025,2025-07-18,Water,L,26.47
RM025,2025-07-19,Water,L,25.76
RM025,2025-07-20,Water,L,30.87
RM025,2025-07-21,Water,L,23.18
RM025,2025-07-22,Water,L,24.2
RM025,2025-07-23,Water,L,26.58
RM025,2025-07-24,Water,L,27.09
RM025,2025-07-25,Water,L,30.92
RM025,2025-07-26,Water,L,31.56
RM025,2025-07-27,Water,L,28.19
RM025,2025-07-28,Water,L,26.45
RM025,2025-07-29,Water,L,26.2
RM025,2025-07-30,Water,L,25.53
RM025,2025-07-31,Water,L,21.56
RM025,2025-08-01,Water,L,28.75
RM025,2025-08-02,Water,L,28.69
RM025,2025-08-03,Water,L,24.71
RM025,2025-08-04,Water,L,20.39
RM025,2025-08-05,Water,L,23.4
RM025,2025-08-06,Water,L,25.68
RM025,2025-08-07,Water,L,24.5
RM025,2025-08-08,Water,L,22.83
RM025,2025-08-09,Water,L,31.79
RM025,2025-08-10,Water,L,23.87
RM025,2025-08-11,Water,L,21.81
RM025,2025-08-12,Water,L,22.14
RM025,2025-08-13,Water,L,24.63
RM025,2025-08-14,Water,L,22.32
RM025,2025-08-15,Water,L,23.23
RM025,2025-08-16,Water,L,31.45
RM025,2025-08-17,Water,L,26.47
RM025,2025-08-18,Water,L,21.02
RM025,2025-08-19,Water,L,26.39
RM025,2025-08-20,Water,L,30.4
RM025,2025-08-21,Water,L,28.46
RM025,2025-08-22,Water,L,30.33
RM025,2025-08-23,Water,L,30.27
RM025,2025-08-24,Water,L,28.09
RM025,2025-08-25,Water,L,21.79
RM025,2025-08-26,Water,L,23.2
RM025,2025-08-27,Water,L,28.18
RM025,2025-08-28,Water,L,23.68
RM025,2025-08-29,Water,L,28.65
RM025,2025-08-30,Water,L,35.52
RM025,2025-08-31,Water,L,26.84
RM025,2025-09-01,Water,L,20.79
RM025,2025-09-02,Water,L,25.58
RM025,2025-09-03,Water,L,22.54
RM025,2025-09-04,Water,L,23.87
RM025,2025-09-05,Water,L,26.56
RM025,2025-09-06,Water,L,26.74
RM025,2025-09-07,Water,L,24.98
RM025,2025-09-08,Water,L,20.55
RM025,2025-09-09,Water,L,23.61
RM025,2025-09-10,Water,L,19.88
RM025,2025-09-11,Water,L,23.18
RM025,2025-09-12,Water,L,28.11
RM025,2025-09-13,Water,L,27.44
RM025,2025-09-14,Water,L,24.97
RM025,2025-09-15,Water,L,20.21
RM025,2025-09-16,Water,L,21.24
RM025,2025-09-17,Water,L,28.89
RM025,2025-09-18,Water,L,29.32
RM025,2025-09-19,Water,L,29.08
RM025,2025-09-20,Water,L,32.73
RM025,2025-09-21,Water,L,28.57
RM025,2025-09-22,Water,L,22.02
RM025,2025-09-23,Water,L,28.21
RM025,2025-09-24,Water,L,25.03
RM025,2025-09-25,Water,L,28.02
RM025,2025-09-26,Water,L,31.09
RM025,2025-09-27,Water,L,31.56
RM025,2025-09-28,Water,L,26.02
RM025,2025-09-29,Water,L,21.73
RM025,2025-09-30,Water,L,23.96
RM025,2025-10-01,Water,L,26.31
RM025,2025-10-02,Water,L,27.98
RM025,2025-10-03,Water,L,27.29
RM025,2025-10-04,Water,L,33.41
RM025,2025-10-05,Water,L,26.59
RM025,2025-10-06,Water,L,20.99
RM025,2025-10-07,Water,L,21.37
RM025,2025-10-08,Water,L,24.64
RM025,2025-10-09,Water,L,28.63
RM025,2025-10-10,Water,L,28.22
RM025,2025-10-11,Water,L,28.1
RM025,2025-10-12,Water,L,25.63
RM025,2025-10-13,Water,L,18.16
RM025,2025-10-14,Water,L,21.51
RM025,2025-10-15,Water,L,22.85
RM025,2025-10-16,Water,L,25.11
RM025,2025-10-17,Water,L,29.4
RM025,2025-10-18,Water,L,29.84
RM025,2025-10-19,Water,L,24.51
RM025,2025-10-20,Water,L,21.66
RM025,2025-10-21,Water,L,25.31
RM025,2025-10-22,Water,L,27.45
RM025,2025-10-23,Water,L,25.27
RM025,2025-10-24,Water,L,31.99
RM025,2025-10-25,Water,L,34.05
RM025,2025-10-26,Water,L,30.08
RM025,2025-10-27,Water,L,25.73
RM025,2025-10-28,Water,L,27.89
RM025,2025-10-29,Water,L,25.63
RM025,2025-10-30,Water,L,24.52
RM025,2025-10-31,Water,L,26.4
RM025,2025-11-01,Water,L,29.41
RM025,2025-11-02,Water,L,23.69
RM025,2025-11-03,Water,L,19.62
RM025,2025-11-04,Water,L,24.59
RM025,2025-11-05,Water,L,25.93
RM025,2025-11-06,Water,L,20.58
RM025,2025-11-07,Water,L,24.39
RM025,2025-11-08,Water,L,31.6
RM025,2025-11-09,Water,L,26.16
RM025,2025-11-10,Water,L,21.61
RM025,2025-11-11,Water,L,19.45
RM025,2025-11-12,Water,L,23.75
RM025,2025-11-13,Water,L,22.41
RM025,2025-11-14,Water,L,27.93
RM025,2025-11-15,Water,L,28.18
RM025,2025-11-16,Water,L,27.65
RM025,2025-11-17,Water,L,19.96
RM025,2025-11-18,Water,L,24.22
RM025,2025-11-19,Water,L,25.09
RM025,2025-11-20,Water,L,27.83
RM025,2025-11-21,Water,L,27.97
RM025,2025-11-22,Water,L,34.79
RM025,2025-11-23,Water,L,24.76
RM025,2025-11-24,Water,L,25.09
RM025,2025-11-25,Water,L,26.89
RM025,2025-11-26,Water,L,27.58
RM025,2025-11-27,Water,L,29.26
RM025,2025-11-28,Water,L,30.47
RM025,2025-11-29,Water,L,29.57
RM025,2025-11-30,Water,L,28.35
RM025,2025-12-01,Water,L,21.0
RM025,2025-12-02,Water,L,21.26
RM025,2025-12-03,Water,L,25.56
RM025,2025-12-04,Water,L,22.98
RM025,2025-12-05,Water,L,25.47
RM025,2025-12-06,Water,L,32.15
RM025,2025-12-07,Water,L,24.25
RM025,2025-12-08,Water,L,22.74
RM025,2025-12-09,Water,L,21.53
RM025,2025-12-10,Water,L,25.19
RM025,2025-12-11,Water,L,26.42
RM025,2025-12-12,Water,L,28.63
RM025,2025-12-13,Water,L,27.55
RM025,2025-12-14,Water,L,26.23
RM025,2025-12-15,Water,L,19.86
RM025,2025-12-16,Water,L,26.54
RM025,2025-12-17,Water,L,25.72
RM025,2025-12-18,Water,L,25.66
RM025,2025-12-19,Water,L,28.37
RM025,2025-12-20,Water,L,27.36
RM025,2025-12-21,Water,L,26.02
RM025,2025-12-22,Water,L,20.98
RM025,2025-12-23,Water,L,24.62
RM025,2025-12-24,Water,L,29.7
RM025,2025-12-25,Water,L,29.02
RM025,2025-12-26,Water,L,32.1
RM025,2025-12-27,Water,L,29.84
RM025,2025-12-28,Water,L,25.61
RM025,2025-12-29,Water,L,21.54
RM025,2025-12-30,Water,L,27.5
RM025,2025-12-31,Water,L,29.47
RM025,2026-01-01,Water,L,25.61
RM025,2026-01-02,Water,L,26.89
RM025,2026-01-03,Water,L,26.67
RM025,2026-01-04,Water,L,26.06
RM025,2026-01-05,Water,L,22.68
RM025,2026-01-06,Water,L,18.3
RM025,2026-01-07,Water,L,26.17
RM025,2026-01-08,Water,L,26.28
RM025,2026-01-09,Water,L,23.22
RM025,2026-01-10,Water,L,26.98
RM025,2026-01-11,Water,L,25.61
RM025,2026-01-12,Water,L,24.09
RM025,2026-01-13,Water,L,27.36
RM025,2026-01-14,Water,L,25.77
RM025,2026-01-15,Water,L,24.45
RM025,2026-01-16,Water,L,30.75
RM025,2026-01-17,Water,L,32.5
RM025,2026-01-18,Water,L,27.81
RM025,2026-01-19,Water,L,22.51
RM025,2026-01-20,Water,L,27.46
RM025,2026-01-21,Water,L,24.07
RM025,2026-01-22,Water,L,25.25
RM025,2026-01-23,Water,L,32.3
RM025,2026-01-24,Water,L,29.98
RM025,2026-01-25,Water,L,31.6
RM025,2026-01-26,Water,L,25.56
RM025,2026-01-27,Water,L,25.1
RM025,2026-01-28,Water,L,27.12
RM025,2026-01-29,Water,L,28.35
RM025,2026-01-30,Water,L,27.22
RM025,2026-01-31,Water,L,31.32
RM025,2026-02-01,Water,L,25.99
RM025,2026-02-02,Water,L,18.26
RM025,2026-02-03,Water,L,21.76
RM025,2026-02-04,Water,L,23.24
RM025,2026-02-05,Water,L,22.96
RM025,2026-02-06,Water,L,31.51
RM025,2026-02-07,Water,L,33.5
RM025,2026-02-08,Water,L,25.24
RM025,2026-02-09,Water,L,19.39
RM025,2026-02-10,Water,L,23.5
RM025,2026-02-11,Water,L,23.65
RM025,2026-02-12,Water,L,25.18
RM025,2026-02-13,Water,L,26.75
RM025,2026-02-14,Water,L,24.94
RM025,2026-02-15,Water,L,24.77
RM025,2026-02-16,Water,L,19.46
RM025,2026-02-17,Water,L,22.67
RM025,2026-02-18,Water,L,25.27
RM025,2026-02-19,Water,L,23.9
RM025,2026-02-20,Water,L,31.33
RM025,2026-02-21,Water,L,29.44
RM025,2026-02-22,Water,L,27.8
RM025,2026-02-23,Water,L,24.94
RM025,2026-02-24,Water,L,25.91
RM025,2026-02-25,Water,L,21.59
RM025,2026-02-26,Water,L,25.47
RM025,2026-02-27,Water,L,29.6
RM025,2026-02-28,Water,L,30.14
RM025,2026-03-01,Water,L,29.6
RM025,2026-03-02,Water,L,25.13
RM025,2026-03-03,Water,L,24.75
RM025,2026-03-04,Water,L,26.75
RM025,2026-03-05,Water,L,23.84
RM025,2026-03-06,Water,L,28.59
RM025,2026-03-07,Water,L,29.23
RM025,2026-03-08,Water,L,24.75
RM025,2026-03-09,Water,L,21.08
RM025,2026-03-10,Water,L,25.39
RM025,2026-03-11,Water,L,25.28
RM025,2026-03-12,Water,L,21.87
RM025,2026-03-13,Water,L,25.18
RM025,2026-03-14,Water,L,28.05
RM025,2026-03-15,Water,L,28.16
RM025,2026-03-16,Water,L,23.29
RM025,2026-03-17,Water,L,25.3
RM025,2026-03-18,Water,L,28.92
RM025,2026-03-19,Water,L,30.79
RM025,2026-03-20,Water,L,28.43
RM025,2026-03-21,Water,L,33.46
RM025,2026-03-22,Water,L,26.12
RM025,2026-03-23,Water,L,23.86
RM025,2026-03-24,Water,L,23.87
RM025,2026-03-25,Water,L,25.82
RM025,2026-03-26,Water,L,25.62
RM025,2026-03-27,Water,L,30.84
RM025,2026-03-28,Water,L,31.91
RM025,2026-03-29,Water,L,27.34
RM025,2026-03-30,Water,L,24.84
RM025,2026-03-31,Water,L,24.47
RM025,2026-04-01,Water,L,23.75
RM025,2026-04-02,Water,L,28.89
RM025,2026-04-03,Water,L,25.24
RM025,2026-04-04,Water,L,29.59
RM025,2026-04-05,Water,L,24.9
RM025,2026-04-06,Water,L,18.83
RM025,2026-04-07,Water,L,20.58
RM025,2026-04-08,Water,L,22.02
RM025,2026-04-09,Water,L,25.84
RM025,2026-04-10,Water,L,25.9
RM025,2026-04-11,Water,L,30.62
RM025,2026-04-12,Water,L,26.93
RM025,2026-04-13,Water,L,22.21
RM025,2026-04-14,Water,L,22.08
RM025,2026-04-15,Water,L,26.06
RM025,2026-04-16,Water,L,26.96
RM025,2026-04-17,Water,L,32.46
RM025,2026-04-18,Water,L,34.65
RM025,2026-04-19,Water,L,29.05
RM025,2026-04-20,Water,L,23.35
RM025,2026-04-21,Water,L,25.22
RM025,2026-04-22,Water,L,25.42
RM025,2026-04-23,Water,L,22.88
RM025,2026-04-24,Water,L,27.71
RM025,2026-04-25,Water,L,35.65
RM025,2026-04-26,Water,L,27.95
RM025,2026-04-27,Water,L,22.02
RM025,2026-04-28,Water,L,24.67
RM025,2026-04-29,Water,L,27.4
RM025,2026-04-30,Water,L,24.84
RM025,2026-05-01,Water,L,28.72
RM025,2026-05-02,Water,L,29.42
RM025,2026-05-03,Water,L,25.39
RM025,2026-05-04,Water,L,21.39
RM025,2026-05-05,Water,L,22.22
RM025,2026-05-06,Water,L,26.36
RM025,2026-05-07,Water,L,24.45
RM025,2026-05-08,Water,L,27.59
RM025,2026-05-09,Water,L,33.59
RM025,2026-05-10,Water,L,26.72
RM025,2026-05-11,Water,L,19.92
RM025,2026-05-12,Water,L,22.33
RM025,2026-05-13,Water,L,23.78
RM025,2026-05-14,Water,L,27.03
RM025,2026-05-15,Water,L,29.35
RM025,2026-05-16,Water,L,27.44
RM025,2026-05-17,Water,L,23.83
RM025,2026-05-18,Water,L,19.9
RM025,2026-05-19,Water,L,25.55
RM025,2026-05-20,Water,L,23.73
RM025,2026-05-21,Water,L,26.88
RM025,2026-05-22,Water,L,26.35
RM025,2026-05-23,Water,L,27.77
RM025,2026-05-24,Water,L,27.21
RM025,2026-05-25,Water,L,23.98
RM025,2026-05-26,Water,L,26.87
RM025,2026-05-27,Water,L,23.7
RM025,2026-05-28,Water,L,28.46
RM025,2026-05-29,Water,L,28.54
RM025,2026-05-30,Water,L,32.15
RM025,2026-05-31,Water,L,31.1
RM025,2026-06-01,Water,L,21.55
RM025,2026-06-02,Water,L,23.55
RM025,2026-06-03,Water,L,21.49
RM025,2026-06-04,Water,L,26.54
RM025,2026-06-05,Water,L,27.82
RM025,2026-06-06,Water,L,31.58
RM025,2026-06-07,Water,L,22.6
RM025,2026-06-08,Water,L,21.31
RM025,2026-06-09,Water,L,21.63
RM025,2026-06-10,Water,L,24.05
RM025,2026-06-11,Water,L,25.11
RM025,2026-06-12,Water,L,26.12
RM025,2026-06-13,Water,L,30.82
RM025,2026-06-14,Water,L,26.12
RM025,2026-06-15,Water,L,22.84
RM025,2026-06-16,Water,L,24.82
RM025,2026-06-17,Water,L,23.36
RM025,2026-06-18,Water,L,25.67
RM025,2026-06-19,Water,L,28.2
RM025,2026-06-20,Water,L,31.93
RM025,2026-06-21,Water,L,28.84
RM025,2026-06-22,Water,L,26.47
RM025,2026-06-23,Water,L,26.38
RM025,2026-06-24,Water,L,29.84
RM025,2026-06-25,Water,L,29.47
RM025,2026-06-26,Water,L,30.89
RM025,2026-06-27,Water,L,32.63
RM025,2026-06-28,Water,L,28.28
RM025,2026-06-29,Water,L,23.67
RM025,2026-06-30,Water,L,22.43
RM025,2026-07-01,Water,L,28.97
RM025,2026-07-02,Water,L,25.47
RM025,2026-07-03,Water,L,29.87
RM025,2026-07-04,Water,L,32.0
RM025,2026-07-05,Water,L,22.78
RM025,2026-07-06,Water,L,19.95
RM025,2026-07-07,Water,L,24.64
RM025,2026-07-08,Water,L,24.5
RM025,2026-07-09,Water,L,23.36
RM025,2026-07-10,Water,L,26.82
RM025,2026-07-11,Water,L,28.91
RM025,2026-07-12,Water,L,28.15
RM025,2026-07-13,Water,L,24.19
RM025,2026-07-14,Water,L,22.92
RM025,2026-07-15,Water,L,27.44
RM025,2026-07-16,Water,L,26.96
RM025,2026-07-17,Water,L,28.81
RM025,2026-07-18,Water,L,29.13
RM025,2026-07-19,Water,L,30.68
RM025,2026-07-20,Water,L,23.94
RM025,2026-07-21,Water,L,26.69
RM025,2026-07-22,Water,L,21.98
RM025,2026-07-23,Water,L,31.39
RM025,2026-07-24,Water,L,31.72
RM025,2026-07-25,Water,L,33.21
RM025,2026-07-26,Water,L,29.07
RM025,2026-07-27,Water,L,19.06
RM025,2026-07-28,Water,L,22.82
RM025,2026-07-29,Water,L,27.1
RM025,2026-07-30,Water,L,25.19
RM025,2026-07-31,Water,L,29.41
RM025,2026-08-01,Water,L,32.11
RM025,2026-08-02,Water,L,25.22
RM025,2026-08-03,Water,L,19.16
RM025,2026-08-04,Water,L,23.43
RM025,2026-08-05,Water,L,25.15
RM025,2026-08-06,Water,L,26.27
RM025,2026-08-07,Water,L,28.45
RM025,2026-08-08,Water,L,30.02
RM025,2026-08-09,Water,L,24.14
RM026,2025-01-01,White Sugar,kg,6.84
RM026,2025-01-02,White Sugar,kg,6.93
RM026,2025-01-03,White Sugar,kg,7.63
RM026,2025-01-04,White Sugar,kg,7.61
RM026,2025-01-05,White Sugar,kg,7.12
RM026,2025-01-06,White Sugar,kg,6.29
RM026,2025-01-07,White Sugar,kg,6.4
RM026,2025-01-08,White Sugar,kg,6.0
RM026,2025-01-09,White Sugar,kg,6.17
RM026,2025-01-10,White Sugar,kg,7.6
RM026,2025-01-11,White Sugar,kg,7.16
RM026,2025-01-12,White Sugar,kg,7.56
RM026,2025-01-13,White Sugar,kg,5.94
RM026,2025-01-14,White Sugar,kg,6.46
RM026,2025-01-15,White Sugar,kg,6.73
RM026,2025-01-16,White Sugar,kg,7.49
RM026,2025-01-17,White Sugar,kg,7.34
RM026,2025-01-18,White Sugar,kg,7.96
RM026,2025-01-19,White Sugar,kg,8.32
RM026,2025-01-20,White Sugar,kg,7.27
RM026,2025-01-21,White Sugar,kg,7.91
RM026,2025-01-22,White Sugar,kg,6.62
RM026,2025-01-23,White Sugar,kg,7.54
RM026,2025-01-24,White Sugar,kg,7.91
RM026,2025-01-25,White Sugar,kg,9.41
RM026,2025-01-26,White Sugar,kg,7.8
RM026,2025-01-27,White Sugar,kg,7.7
RM026,2025-01-28,White Sugar,kg,6.21
RM026,2025-01-29,White Sugar,kg,7.01
RM026,2025-01-30,White Sugar,kg,6.41
RM026,2025-01-31,White Sugar,kg,7.57
RM026,2025-02-01,White Sugar,kg,7.6
RM026,2025-02-02,White Sugar,kg,8.1
RM026,2025-02-03,White Sugar,kg,5.9
RM026,2025-02-04,White Sugar,kg,6.04
RM026,2025-02-05,White Sugar,kg,6.97
RM026,2025-02-06,White Sugar,kg,7.54
RM026,2025-02-07,White Sugar,kg,7.68
RM026,2025-02-08,White Sugar,kg,7.68
RM026,2025-02-09,White Sugar,kg,6.3
RM026,2025-02-10,White Sugar,kg,5.23
RM026,2025-02-11,White Sugar,kg,6.13
RM026,2025-02-12,White Sugar,kg,7.52
RM026,2025-02-13,White Sugar,kg,5.94
RM026,2025-02-14,White Sugar,kg,9.07
RM026,2025-02-15,White Sugar,kg,9.56
RM026,2025-02-16,White Sugar,kg,8.8
RM026,2025-02-17,White Sugar,kg,6.61
RM026,2025-02-18,White Sugar,kg,7.36
RM026,2025-02-19,White Sugar,kg,6.95
RM026,2025-02-20,White Sugar,kg,7.46
RM026,2025-02-21,White Sugar,kg,8.04
RM026,2025-02-22,White Sugar,kg,8.18
RM026,2025-02-23,White Sugar,kg,8.7
RM026,2025-02-24,White Sugar,kg,7.17
RM026,2025-02-25,White Sugar,kg,7.33
RM026,2025-02-26,White Sugar,kg,6.89
RM026,2025-02-27,White Sugar,kg,7.07
RM026,2025-02-28,White Sugar,kg,8.95
RM026,2025-03-01,White Sugar,kg,8.13
RM026,2025-03-02,White Sugar,kg,6.66
RM026,2025-03-03,White Sugar,kg,6.09
RM026,2025-03-04,White Sugar,kg,7.41
RM026,2025-03-05,White Sugar,kg,6.55
RM026,2025-03-06,White Sugar,kg,6.84
RM026,2025-03-07,White Sugar,kg,7.42
RM026,2025-03-08,White Sugar,kg,9.0
RM026,2025-03-09,White Sugar,kg,6.89
RM026,2025-03-10,White Sugar,kg,6.23
RM026,2025-03-11,White Sugar,kg,6.57
RM026,2025-03-12,White Sugar,kg,6.42
RM026,2025-03-13,White Sugar,kg,6.67
RM026,2025-03-14,White Sugar,kg,8.63
RM026,2025-03-15,White Sugar,kg,8.41
RM026,2025-03-16,White Sugar,kg,8.04
RM026,2025-03-17,White Sugar,kg,6.34
RM026,2025-03-18,White Sugar,kg,7.12
RM026,2025-03-19,White Sugar,kg,7.99
RM026,2025-03-20,White Sugar,kg,7.38
RM026,2025-03-21,White Sugar,kg,8.06
RM026,2025-03-22,White Sugar,kg,9.49
RM026,2025-03-23,White Sugar,kg,7.67
RM026,2025-03-24,White Sugar,kg,7.1
RM026,2025-03-25,White Sugar,kg,7.0
RM026,2025-03-26,White Sugar,kg,8.15
RM026,2025-03-27,White Sugar,kg,7.44
RM026,2025-03-28,White Sugar,kg,7.6
RM026,2025-03-29,White Sugar,kg,8.91
RM026,2025-03-30,White Sugar,kg,7.14
RM026,2025-03-31,White Sugar,kg,5.77
RM026,2025-04-01,White Sugar,kg,7.76
RM026,2025-04-02,White Sugar,kg,6.65
RM026,2025-04-03,White Sugar,kg,7.0
RM026,2025-04-04,White Sugar,kg,7.48
RM026,2025-04-05,White Sugar,kg,8.4
RM026,2025-04-06,White Sugar,kg,7.53
RM026,2025-04-07,White Sugar,kg,5.62
RM026,2025-04-08,White Sugar,kg,7.0
RM026,2025-04-09,White Sugar,kg,6.82
RM026,2025-04-10,White Sugar,kg,8.3
RM026,2025-04-11,White Sugar,kg,6.76
RM026,2025-04-12,White Sugar,kg,6.57
RM026,2025-04-13,White Sugar,kg,6.55
RM026,2025-04-14,White Sugar,kg,6.07
RM026,2025-04-15,White Sugar,kg,5.16
RM026,2025-04-16,White Sugar,kg,7.25
RM026,2025-04-17,White Sugar,kg,7.14
RM026,2025-04-18,White Sugar,kg,7.98
RM026,2025-04-19,White Sugar,kg,7.99
RM026,2025-04-20,White Sugar,kg,8.8
RM026,2025-04-21,White Sugar,kg,6.28
RM026,2025-04-22,White Sugar,kg,8.54
RM026,2025-04-23,White Sugar,kg,6.96
RM026,2025-04-24,White Sugar,kg,7.62
RM026,2025-04-25,White Sugar,kg,7.53
RM026,2025-04-26,White Sugar,kg,7.61
RM026,2025-04-27,White Sugar,kg,8.0
RM026,2025-04-28,White Sugar,kg,5.76
RM026,2025-04-29,White Sugar,kg,7.39
RM026,2025-04-30,White Sugar,kg,7.06
RM026,2025-05-01,White Sugar,kg,7.56
RM026,2025-05-02,White Sugar,kg,7.44
RM026,2025-05-03,White Sugar,kg,8.94
RM026,2025-05-04,White Sugar,kg,7.3
RM026,2025-05-05,White Sugar,kg,6.53
RM026,2025-05-06,White Sugar,kg,6.55
RM026,2025-05-07,White Sugar,kg,5.86
RM026,2025-05-08,White Sugar,kg,7.56
RM026,2025-05-09,White Sugar,kg,7.96
RM026,2025-05-10,White Sugar,kg,7.55
RM026,2025-05-11,White Sugar,kg,8.52
RM026,2025-05-12,White Sugar,kg,5.61
RM026,2025-05-13,White Sugar,kg,6.59
RM026,2025-05-14,White Sugar,kg,6.97
RM026,2025-05-15,White Sugar,kg,6.77
RM026,2025-05-16,White Sugar,kg,6.88
RM026,2025-05-17,White Sugar,kg,7.33
RM026,2025-05-18,White Sugar,kg,8.23
RM026,2025-05-19,White Sugar,kg,6.19
RM026,2025-05-20,White Sugar,kg,6.52
RM026,2025-05-21,White Sugar,kg,6.93
RM026,2025-05-22,White Sugar,kg,7.95
RM026,2025-05-23,White Sugar,kg,9.77
RM026,2025-05-24,White Sugar,kg,8.61
RM026,2025-05-25,White Sugar,kg,7.7
RM026,2025-05-26,White Sugar,kg,7.85
RM026,2025-05-27,White Sugar,kg,7.39
RM026,2025-05-28,White Sugar,kg,6.89
RM026,2025-05-29,White Sugar,kg,6.95
RM026,2025-05-30,White Sugar,kg,9.92
RM026,2025-05-31,White Sugar,kg,8.98
RM026,2025-06-01,White Sugar,kg,6.8
RM026,2025-06-02,White Sugar,kg,6.39
RM026,2025-06-03,White Sugar,kg,6.15
RM026,2025-06-04,White Sugar,kg,5.78
RM026,2025-06-05,White Sugar,kg,7.33
RM026,2025-06-06,White Sugar,kg,7.35
RM026,2025-06-07,White Sugar,kg,7.67
RM026,2025-06-08,White Sugar,kg,6.47
RM026,2025-06-09,White Sugar,kg,6.06
RM026,2025-06-10,White Sugar,kg,6.29
RM026,2025-06-11,White Sugar,kg,5.82
RM026,2025-06-12,White Sugar,kg,7.47
RM026,2025-06-13,White Sugar,kg,6.89
RM026,2025-06-14,White Sugar,kg,8.28
RM026,2025-06-15,White Sugar,kg,7.24
RM026,2025-06-16,White Sugar,kg,5.69
RM026,2025-06-17,White Sugar,kg,6.63
RM026,2025-06-18,White Sugar,kg,7.28
RM026,2025-06-19,White Sugar,kg,7.17
RM026,2025-06-20,White Sugar,kg,8.08
RM026,2025-06-21,White Sugar,kg,7.92
RM026,2025-06-22,White Sugar,kg,7.81
RM026,2025-06-23,White Sugar,kg,6.24
RM026,2025-06-24,White Sugar,kg,8.16
RM026,2025-06-25,White Sugar,kg,6.7
RM026,2025-06-26,White Sugar,kg,7.55
RM026,2025-06-27,White Sugar,kg,8.31
RM026,2025-06-28,White Sugar,kg,9.77
RM026,2025-06-29,White Sugar,kg,8.45
RM026,2025-06-30,White Sugar,kg,6.13
RM026,2025-07-01,White Sugar,kg,5.7
RM026,2025-07-02,White Sugar,kg,6.12
RM026,2025-07-03,White Sugar,kg,6.6
RM026,2025-07-04,White Sugar,kg,7.26
RM026,2025-07-05,White Sugar,kg,8.16
RM026,2025-07-06,White Sugar,kg,6.71
RM026,2025-07-07,White Sugar,kg,6.31
RM026,2025-07-08,White Sugar,kg,6.52
RM026,2025-07-09,White Sugar,kg,6.68
RM026,2025-07-10,White Sugar,kg,7.25
RM026,2025-07-11,White Sugar,kg,6.87
RM026,2025-07-12,White Sugar,kg,9.12
RM026,2025-07-13,White Sugar,kg,7.07
RM026,2025-07-14,White Sugar,kg,6.13
RM026,2025-07-15,White Sugar,kg,6.23
RM026,2025-07-16,White Sugar,kg,8.14
RM026,2025-07-17,White Sugar,kg,6.29
RM026,2025-07-18,White Sugar,kg,7.66
RM026,2025-07-19,White Sugar,kg,8.28
RM026,2025-07-20,White Sugar,kg,7.59
RM026,2025-07-21,White Sugar,kg,5.9
RM026,2025-07-22,White Sugar,kg,7.63
RM026,2025-07-23,White Sugar,kg,7.11
RM026,2025-07-24,White Sugar,kg,7.1
RM026,2025-07-25,White Sugar,kg,7.74
RM026,2025-07-26,White Sugar,kg,9.11
RM026,2025-07-27,White Sugar,kg,7.59
RM026,2025-07-28,White Sugar,kg,6.06
RM026,2025-07-29,White Sugar,kg,6.17
RM026,2025-07-30,White Sugar,kg,6.15
RM026,2025-07-31,White Sugar,kg,7.15
RM026,2025-08-01,White Sugar,kg,7.35
RM026,2025-08-02,White Sugar,kg,8.86
RM026,2025-08-03,White Sugar,kg,7.02
RM026,2025-08-04,White Sugar,kg,6.85
RM026,2025-08-05,White Sugar,kg,6.73
RM026,2025-08-06,White Sugar,kg,5.45
RM026,2025-08-07,White Sugar,kg,7.06
RM026,2025-08-08,White Sugar,kg,6.82
RM026,2025-08-09,White Sugar,kg,8.94
RM026,2025-08-10,White Sugar,kg,6.53
RM026,2025-08-11,White Sugar,kg,5.52
RM026,2025-08-12,White Sugar,kg,7.46
RM026,2025-08-13,White Sugar,kg,6.69
RM026,2025-08-14,White Sugar,kg,6.97
RM026,2025-08-15,White Sugar,kg,7.62
RM026,2025-08-16,White Sugar,kg,6.64
RM026,2025-08-17,White Sugar,kg,8.15
RM026,2025-08-18,White Sugar,kg,5.86
RM026,2025-08-19,White Sugar,kg,6.32
RM026,2025-08-20,White Sugar,kg,7.2
RM026,2025-08-21,White Sugar,kg,8.27
RM026,2025-08-22,White Sugar,kg,8.87
RM026,2025-08-23,White Sugar,kg,9.0
RM026,2025-08-24,White Sugar,kg,8.26
RM026,2025-08-25,White Sugar,kg,6.29
RM026,2025-08-26,White Sugar,kg,7.75
RM026,2025-08-27,White Sugar,kg,7.4
RM026,2025-08-28,White Sugar,kg,8.47
RM026,2025-08-29,White Sugar,kg,9.54
RM026,2025-08-30,White Sugar,kg,7.95
RM026,2025-08-31,White Sugar,kg,6.98
RM026,2025-09-01,White Sugar,kg,6.21
RM026,2025-09-02,White Sugar,kg,6.47
RM026,2025-09-03,White Sugar,kg,6.3
RM026,2025-09-04,White Sugar,kg,6.5
RM026,2025-09-05,White Sugar,kg,7.69
RM026,2025-09-06,White Sugar,kg,7.14
RM026,2025-09-07,White Sugar,kg,7.29
RM026,2025-09-08,White Sugar,kg,6.13
RM026,2025-09-09,White Sugar,kg,5.85
RM026,2025-09-10,White Sugar,kg,5.89
RM026,2025-09-11,White Sugar,kg,7.63
RM026,2025-09-12,White Sugar,kg,7.35
RM026,2025-09-13,White Sugar,kg,7.73
RM026,2025-09-14,White Sugar,kg,7.17
RM026,2025-09-15,White Sugar,kg,6.95
RM026,2025-09-16,White Sugar,kg,6.45
RM026,2025-09-17,White Sugar,kg,6.51
RM026,2025-09-18,White Sugar,kg,7.17
RM026,2025-09-19,White Sugar,kg,8.72
RM026,2025-09-20,White Sugar,kg,8.89
RM026,2025-09-21,White Sugar,kg,8.32
RM026,2025-09-22,White Sugar,kg,7.69
RM026,2025-09-23,White Sugar,kg,6.9
RM026,2025-09-24,White Sugar,kg,8.47
RM026,2025-09-25,White Sugar,kg,8.13
RM026,2025-09-26,White Sugar,kg,9.63
RM026,2025-09-27,White Sugar,kg,9.1
RM026,2025-09-28,White Sugar,kg,7.77
RM026,2025-09-29,White Sugar,kg,5.68
RM026,2025-09-30,White Sugar,kg,7.29
RM026,2025-10-01,White Sugar,kg,6.55
RM026,2025-10-02,White Sugar,kg,6.99
RM026,2025-10-03,White Sugar,kg,8.96
RM026,2025-10-04,White Sugar,kg,7.89
RM026,2025-10-05,White Sugar,kg,7.52
RM026,2025-10-06,White Sugar,kg,6.15
RM026,2025-10-07,White Sugar,kg,6.36
RM026,2025-10-08,White Sugar,kg,6.52
RM026,2025-10-09,White Sugar,kg,7.32
RM026,2025-10-10,White Sugar,kg,7.04
RM026,2025-10-11,White Sugar,kg,7.77
RM026,2025-10-12,White Sugar,kg,6.9
RM026,2025-10-13,White Sugar,kg,5.72
RM026,2025-10-14,White Sugar,kg,6.57
RM026,2025-10-15,White Sugar,kg,6.3
RM026,2025-10-16,White Sugar,kg,6.95
RM026,2025-10-17,White Sugar,kg,7.38
RM026,2025-10-18,White Sugar,kg,9.12
RM026,2025-10-19,White Sugar,kg,7.91
RM026,2025-10-20,White Sugar,kg,6.19
RM026,2025-10-21,White Sugar,kg,7.4
RM026,2025-10-22,White Sugar,kg,7.43
RM026,2025-10-23,White Sugar,kg,7.24
RM026,2025-10-24,White Sugar,kg,7.6
RM026,2025-10-25,White Sugar,kg,8.94
RM026,2025-10-26,White Sugar,kg,7.64
RM026,2025-10-27,White Sugar,kg,6.74
RM026,2025-10-28,White Sugar,kg,7.14
RM026,2025-10-29,White Sugar,kg,7.91
RM026,2025-10-30,White Sugar,kg,7.89
RM026,2025-10-31,White Sugar,kg,8.8
RM026,2025-11-01,White Sugar,kg,8.66
RM026,2025-11-02,White Sugar,kg,8.03
RM026,2025-11-03,White Sugar,kg,6.98
RM026,2025-11-04,White Sugar,kg,5.61
RM026,2025-11-05,White Sugar,kg,7.62
RM026,2025-11-06,White Sugar,kg,6.9
RM026,2025-11-07,White Sugar,kg,8.67
RM026,2025-11-08,White Sugar,kg,8.28
RM026,2025-11-09,White Sugar,kg,8.11
RM026,2025-11-10,White Sugar,kg,5.99
RM026,2025-11-11,White Sugar,kg,6.8
RM026,2025-11-12,White Sugar,kg,6.42
RM026,2025-11-13,White Sugar,kg,6.14
RM026,2025-11-14,White Sugar,kg,5.46
RM026,2025-11-15,White Sugar,kg,9.87
RM026,2025-11-16,White Sugar,kg,8.23
RM026,2025-11-17,White Sugar,kg,5.91
RM026,2025-11-18,White Sugar,kg,6.31
RM026,2025-11-19,White Sugar,kg,8.19
RM026,2025-11-20,White Sugar,kg,8.02
RM026,2025-11-21,White Sugar,kg,8.69
RM026,2025-11-22,White Sugar,kg,10.49
RM026,2025-11-23,White Sugar,kg,7.04
RM026,2025-11-24,White Sugar,kg,6.71
RM026,2025-11-25,White Sugar,kg,7.29
RM026,2025-11-26,White Sugar,kg,6.77
RM026,2025-11-27,White Sugar,kg,7.25
RM026,2025-11-28,White Sugar,kg,9.6
RM026,2025-11-29,White Sugar,kg,7.66
RM026,2025-11-30,White Sugar,kg,8.05
RM026,2025-12-01,White Sugar,kg,6.42
RM026,2025-12-02,White Sugar,kg,5.59
RM026,2025-12-03,White Sugar,kg,6.73
RM026,2025-12-04,White Sugar,kg,6.67
RM026,2025-12-05,White Sugar,kg,6.94
RM026,2025-12-06,White Sugar,kg,7.68
RM026,2025-12-07,White Sugar,kg,7.82
RM026,2025-12-08,White Sugar,kg,5.97
RM026,2025-12-09,White Sugar,kg,6.26
RM026,2025-12-10,White Sugar,kg,7.38
RM026,2025-12-11,White Sugar,kg,5.79
RM026,2025-12-12,White Sugar,kg,7.29
RM026,2025-12-13,White Sugar,kg,8.25
RM026,2025-12-14,White Sugar,kg,7.33
RM026,2025-12-15,White Sugar,kg,6.66
RM026,2025-12-16,White Sugar,kg,7.26
RM026,2025-12-17,White Sugar,kg,6.14
RM026,2025-12-18,White Sugar,kg,6.42
RM026,2025-12-19,White Sugar,kg,8.44
RM026,2025-12-20,White Sugar,kg,8.17
RM026,2025-12-21,White Sugar,kg,7.95
RM026,2025-12-22,White Sugar,kg,6.47
RM026,2025-12-23,White Sugar,kg,7.23
RM026,2025-12-24,White Sugar,kg,6.69
RM026,2025-12-25,White Sugar,kg,7.79
RM026,2025-12-26,White Sugar,kg,8.79
RM026,2025-12-27,White Sugar,kg,9.33
RM026,2025-12-28,White Sugar,kg,7.36
RM026,2025-12-29,White Sugar,kg,6.21
RM026,2025-12-30,White Sugar,kg,6.12
RM026,2025-12-31,White Sugar,kg,5.98
RM026,2026-01-01,White Sugar,kg,7.84
RM026,2026-01-02,White Sugar,kg,7.35
RM026,2026-01-03,White Sugar,kg,8.31
RM026,2026-01-04,White Sugar,kg,6.72
RM026,2026-01-05,White Sugar,kg,6.09
RM026,2026-01-06,White Sugar,kg,6.08
RM026,2026-01-07,White Sugar,kg,6.57
RM026,2026-01-08,White Sugar,kg,6.22
RM026,2026-01-09,White Sugar,kg,7.53
RM026,2026-01-10,White Sugar,kg,7.97
RM026,2026-01-11,White Sugar,kg,7.69
RM026,2026-01-12,White Sugar,kg,6.14
RM026,2026-01-13,White Sugar,kg,6.22
RM026,2026-01-14,White Sugar,kg,7.32
RM026,2026-01-15,White Sugar,kg,7.2
RM026,2026-01-16,White Sugar,kg,8.11
RM026,2026-01-17,White Sugar,kg,9.02
RM026,2026-01-18,White Sugar,kg,8.41
RM026,2026-01-19,White Sugar,kg,6.89
RM026,2026-01-20,White Sugar,kg,7.79
RM026,2026-01-21,White Sugar,kg,6.37
RM026,2026-01-22,White Sugar,kg,7.39
RM026,2026-01-23,White Sugar,kg,8.61
RM026,2026-01-24,White Sugar,kg,8.78
RM026,2026-01-25,White Sugar,kg,8.52
RM026,2026-01-26,White Sugar,kg,6.74
RM026,2026-01-27,White Sugar,kg,6.56
RM026,2026-01-28,White Sugar,kg,6.47
RM026,2026-01-29,White Sugar,kg,6.42
RM026,2026-01-30,White Sugar,kg,8.64
RM026,2026-01-31,White Sugar,kg,8.69
RM026,2026-02-01,White Sugar,kg,8.55
RM026,2026-02-02,White Sugar,kg,7.16
RM026,2026-02-03,White Sugar,kg,7.22
RM026,2026-02-04,White Sugar,kg,7.03
RM026,2026-02-05,White Sugar,kg,6.77
RM026,2026-02-06,White Sugar,kg,7.33
RM026,2026-02-07,White Sugar,kg,8.03
RM026,2026-02-08,White Sugar,kg,7.53
RM026,2026-02-09,White Sugar,kg,5.48
RM026,2026-02-10,White Sugar,kg,6.58
RM026,2026-02-11,White Sugar,kg,6.96
RM026,2026-02-12,White Sugar,kg,7.75
RM026,2026-02-13,White Sugar,kg,6.78
RM026,2026-02-14,White Sugar,kg,8.21
RM026,2026-02-15,White Sugar,kg,8.05
RM026,2026-02-16,White Sugar,kg,5.93
RM026,2026-02-17,White Sugar,kg,6.12
RM026,2026-02-18,White Sugar,kg,7.08
RM026,2026-02-19,White Sugar,kg,8.27
RM026,2026-02-20,White Sugar,kg,9.37
RM026,2026-02-21,White Sugar,kg,8.38
RM026,2026-02-22,White Sugar,kg,7.26
RM026,2026-02-23,White Sugar,kg,5.83
RM026,2026-02-24,White Sugar,kg,6.8
RM026,2026-02-25,White Sugar,kg,7.15
RM026,2026-02-26,White Sugar,kg,7.12
RM026,2026-02-27,White Sugar,kg,7.53
RM026,2026-02-28,White Sugar,kg,8.29
RM026,2026-03-01,White Sugar,kg,8.12
RM026,2026-03-02,White Sugar,kg,6.18
RM026,2026-03-03,White Sugar,kg,6.23
RM026,2026-03-04,White Sugar,kg,7.7
RM026,2026-03-05,White Sugar,kg,6.55
RM026,2026-03-06,White Sugar,kg,8.39
RM026,2026-03-07,White Sugar,kg,7.05
RM026,2026-03-08,White Sugar,kg,6.24
RM026,2026-03-09,White Sugar,kg,5.98
RM026,2026-03-10,White Sugar,kg,7.0
RM026,2026-03-11,White Sugar,kg,5.97
RM026,2026-03-12,White Sugar,kg,6.46
RM026,2026-03-13,White Sugar,kg,6.52
RM026,2026-03-14,White Sugar,kg,8.08
RM026,2026-03-15,White Sugar,kg,5.99
RM026,2026-03-16,White Sugar,kg,5.56
RM026,2026-03-17,White Sugar,kg,6.52
RM026,2026-03-18,White Sugar,kg,6.58
RM026,2026-03-19,White Sugar,kg,8.32
RM026,2026-03-20,White Sugar,kg,7.05
RM026,2026-03-21,White Sugar,kg,9.13
RM026,2026-03-22,White Sugar,kg,8.86
RM026,2026-03-23,White Sugar,kg,6.13
RM026,2026-03-24,White Sugar,kg,6.73
RM026,2026-03-25,White Sugar,kg,7.67
RM026,2026-03-26,White Sugar,kg,8.36
RM026,2026-03-27,White Sugar,kg,7.3
RM026,2026-03-28,White Sugar,kg,7.83
RM026,2026-03-29,White Sugar,kg,7.77
RM026,2026-03-30,White Sugar,kg,6.33
RM026,2026-03-31,White Sugar,kg,5.52
RM026,2026-04-01,White Sugar,kg,6.76
RM026,2026-04-02,White Sugar,kg,7.29
RM026,2026-04-03,White Sugar,kg,8.11
RM026,2026-04-04,White Sugar,kg,8.55
RM026,2026-04-05,White Sugar,kg,7.67
RM026,2026-04-06,White Sugar,kg,6.14
RM026,2026-04-07,White Sugar,kg,6.84
RM026,2026-04-08,White Sugar,kg,7.19
RM026,2026-04-09,White Sugar,kg,6.66
RM026,2026-04-10,White Sugar,kg,6.35
RM026,2026-04-11,White Sugar,kg,6.63
RM026,2026-04-12,White Sugar,kg,7.95
RM026,2026-04-13,White Sugar,kg,5.67
RM026,2026-04-14,White Sugar,kg,6.66
RM026,2026-04-15,White Sugar,kg,6.82
RM026,2026-04-16,White Sugar,kg,8.14
RM026,2026-04-17,White Sugar,kg,8.53
RM026,2026-04-18,White Sugar,kg,9.16
RM026,2026-04-19,White Sugar,kg,7.82
RM026,2026-04-20,White Sugar,kg,6.28
RM026,2026-04-21,White Sugar,kg,6.73
RM026,2026-04-22,White Sugar,kg,8.02
RM026,2026-04-23,White Sugar,kg,7.89
RM026,2026-04-24,White Sugar,kg,7.79
RM026,2026-04-25,White Sugar,kg,10.27
RM026,2026-04-26,White Sugar,kg,7.26
RM026,2026-04-27,White Sugar,kg,6.68
RM026,2026-04-28,White Sugar,kg,6.19
RM026,2026-04-29,White Sugar,kg,5.95
RM026,2026-04-30,White Sugar,kg,6.86
RM026,2026-05-01,White Sugar,kg,7.37
RM026,2026-05-02,White Sugar,kg,8.7
RM026,2026-05-03,White Sugar,kg,6.43
RM026,2026-05-04,White Sugar,kg,5.47
RM026,2026-05-05,White Sugar,kg,6.5
RM026,2026-05-06,White Sugar,kg,6.47
RM026,2026-05-07,White Sugar,kg,8.63
RM026,2026-05-08,White Sugar,kg,6.96
RM026,2026-05-09,White Sugar,kg,8.59
RM026,2026-05-10,White Sugar,kg,7.54
RM026,2026-05-11,White Sugar,kg,5.91
RM026,2026-05-12,White Sugar,kg,6.94
RM026,2026-05-13,White Sugar,kg,7.68
RM026,2026-05-14,White Sugar,kg,7.95
RM026,2026-05-15,White Sugar,kg,8.88
RM026,2026-05-16,White Sugar,kg,8.67
RM026,2026-05-17,White Sugar,kg,6.99
RM026,2026-05-18,White Sugar,kg,6.53
RM026,2026-05-19,White Sugar,kg,5.95
RM026,2026-05-20,White Sugar,kg,6.9
RM026,2026-05-21,White Sugar,kg,7.77
RM026,2026-05-22,White Sugar,kg,8.81
RM026,2026-05-23,White Sugar,kg,8.94
RM026,2026-05-24,White Sugar,kg,8.76
RM026,2026-05-25,White Sugar,kg,6.62
RM026,2026-05-26,White Sugar,kg,7.1
RM026,2026-05-27,White Sugar,kg,8.13
RM026,2026-05-28,White Sugar,kg,7.91
RM026,2026-05-29,White Sugar,kg,8.62
RM026,2026-05-30,White Sugar,kg,8.78
RM026,2026-05-31,White Sugar,kg,9.44
RM026,2026-06-01,White Sugar,kg,6.85
RM026,2026-06-02,White Sugar,kg,6.75
RM026,2026-06-03,White Sugar,kg,6.7
RM026,2026-06-04,White Sugar,kg,7.38
RM026,2026-06-05,White Sugar,kg,7.28
RM026,2026-06-06,White Sugar,kg,8.44
RM026,2026-06-07,White Sugar,kg,7.88
RM026,2026-06-08,White Sugar,kg,6.31
RM026,2026-06-09,White Sugar,kg,5.95
RM026,2026-06-10,White Sugar,kg,7.2
RM026,2026-06-11,White Sugar,kg,7.3
RM026,2026-06-12,White Sugar,kg,7.03
RM026,2026-06-13,White Sugar,kg,9.24
RM026,2026-06-14,White Sugar,kg,7.91
RM026,2026-06-15,White Sugar,kg,4.87
RM026,2026-06-16,White Sugar,kg,5.22
RM026,2026-06-17,White Sugar,kg,6.19
RM026,2026-06-18,White Sugar,kg,7.6
RM026,2026-06-19,White Sugar,kg,8.98
RM026,2026-06-20,White Sugar,kg,7.74
RM026,2026-06-21,White Sugar,kg,7.25
RM026,2026-06-22,White Sugar,kg,6.48
RM026,2026-06-23,White Sugar,kg,6.63
RM026,2026-06-24,White Sugar,kg,6.68
RM026,2026-06-25,White Sugar,kg,7.91
RM026,2026-06-26,White Sugar,kg,8.76
RM026,2026-06-27,White Sugar,kg,8.28
RM026,2026-06-28,White Sugar,kg,7.82
RM026,2026-06-29,White Sugar,kg,5.56
RM026,2026-06-30,White Sugar,kg,6.64
RM026,2026-07-01,White Sugar,kg,6.3
RM026,2026-07-02,White Sugar,kg,7.23
RM026,2026-07-03,White Sugar,kg,7.32
RM026,2026-07-04,White Sugar,kg,8.88
RM026,2026-07-05,White Sugar,kg,7.78
RM026,2026-07-06,White Sugar,kg,5.3
RM026,2026-07-07,White Sugar,kg,5.47
RM026,2026-07-08,White Sugar,kg,6.11
RM026,2026-07-09,White Sugar,kg,6.47
RM026,2026-07-10,White Sugar,kg,7.71
RM026,2026-07-11,White Sugar,kg,8.23
RM026,2026-07-12,White Sugar,kg,6.81
RM026,2026-07-13,White Sugar,kg,6.07
RM026,2026-07-14,White Sugar,kg,6.0
RM026,2026-07-15,White Sugar,kg,7.65
RM026,2026-07-16,White Sugar,kg,7.4
RM026,2026-07-17,White Sugar,kg,7.75
RM026,2026-07-18,White Sugar,kg,10.34
RM026,2026-07-19,White Sugar,kg,7.97
RM026,2026-07-20,White Sugar,kg,6.05
RM026,2026-07-21,White Sugar,kg,8.07
RM026,2026-07-22,White Sugar,kg,7.87
RM026,2026-07-23,White Sugar,kg,8.37
RM026,2026-07-24,White Sugar,kg,6.45
RM026,2026-07-25,White Sugar,kg,8.64
RM026,2026-07-26,White Sugar,kg,8.34
RM026,2026-07-27,White Sugar,kg,6.21
RM026,2026-07-28,White Sugar,kg,7.11
RM026,2026-07-29,White Sugar,kg,6.86
RM026,2026-07-30,White Sugar,kg,7.48
RM026,2026-07-31,White Sugar,kg,7.74
RM026,2026-08-01,White Sugar,kg,7.81
RM026,2026-08-02,White Sugar,kg,7.44
RM026,2026-08-03,White Sugar,kg,5.66
RM026,2026-08-04,White Sugar,kg,7.4
RM026,2026-08-05,White Sugar,kg,6.46
RM026,2026-08-06,White Sugar,kg,7.1
RM026,2026-08-07,White Sugar,kg,7.53
RM026,2026-08-08,White Sugar,kg,8.19
RM026,2026-08-09,White Sugar,kg,7.13
RM027,2025-01-01,Peanuts,kg,9.08
RM027,2025-01-02,Peanuts,kg,10.82
RM027,2025-01-03,Peanuts,kg,9.85
RM027,2025-01-04,Peanuts,kg,9.65
RM027,2025-01-05,Peanuts,kg,9.77
RM027,2025-01-06,Peanuts,kg,7.86
RM027,2025-01-07,Peanuts,kg,8.89
RM027,2025-01-08,Peanuts,kg,9.14
RM027,2025-01-09,Peanuts,kg,9.41
RM027,2025-01-10,Peanuts,kg,11.21
RM027,2025-01-11,Peanuts,kg,13.26
RM027,2025-01-12,Peanuts,kg,11.29
RM027,2025-01-13,Peanuts,kg,9.14
RM027,2025-01-14,Peanuts,kg,8.36
RM027,2025-01-15,Peanuts,kg,9.92
RM027,2025-01-16,Peanuts,kg,9.72
RM027,2025-01-17,Peanuts,kg,10.96
RM027,2025-01-18,Peanuts,kg,12.73
RM027,2025-01-19,Peanuts,kg,12.36
RM027,2025-01-20,Peanuts,kg,8.15
RM027,2025-01-21,Peanuts,kg,8.62
RM027,2025-01-22,Peanuts,kg,10.68
RM027,2025-01-23,Peanuts,kg,10.27
RM027,2025-01-24,Peanuts,kg,9.85
RM027,2025-01-25,Peanuts,kg,12.46
RM027,2025-01-26,Peanuts,kg,10.12
RM027,2025-01-27,Peanuts,kg,9.05
RM027,2025-01-28,Peanuts,kg,9.53
RM027,2025-01-29,Peanuts,kg,10.64
RM027,2025-01-30,Peanuts,kg,10.27
RM027,2025-01-31,Peanuts,kg,11.53
RM027,2025-02-01,Peanuts,kg,11.95
RM027,2025-02-02,Peanuts,kg,10.84
RM027,2025-02-03,Peanuts,kg,9.03
RM027,2025-02-04,Peanuts,kg,9.84
RM027,2025-02-05,Peanuts,kg,9.35
RM027,2025-02-06,Peanuts,kg,9.49
RM027,2025-02-07,Peanuts,kg,11.82
RM027,2025-02-08,Peanuts,kg,12.05
RM027,2025-02-09,Peanuts,kg,10.25
RM027,2025-02-10,Peanuts,kg,9.07
RM027,2025-02-11,Peanuts,kg,9.85
RM027,2025-02-12,Peanuts,kg,9.26
RM027,2025-02-13,Peanuts,kg,10.95
RM027,2025-02-14,Peanuts,kg,11.54
RM027,2025-02-15,Peanuts,kg,10.08
RM027,2025-02-16,Peanuts,kg,12.57
RM027,2025-02-17,Peanuts,kg,9.5
RM027,2025-02-18,Peanuts,kg,9.64
RM027,2025-02-19,Peanuts,kg,10.84
RM027,2025-02-20,Peanuts,kg,10.37
RM027,2025-02-21,Peanuts,kg,12.94
RM027,2025-02-22,Peanuts,kg,11.83
RM027,2025-02-23,Peanuts,kg,11.81
RM027,2025-02-24,Peanuts,kg,9.09
RM027,2025-02-25,Peanuts,kg,10.68
RM027,2025-02-26,Peanuts,kg,10.22
RM027,2025-02-27,Peanuts,kg,9.4
RM027,2025-02-28,Peanuts,kg,12.44
RM027,2025-03-01,Peanuts,kg,12.37
RM027,2025-03-02,Peanuts,kg,10.66
RM027,2025-03-03,Peanuts,kg,8.6
RM027,2025-03-04,Peanuts,kg,9.21
RM027,2025-03-05,Peanuts,kg,10.81
RM027,2025-03-06,Peanuts,kg,10.21
RM027,2025-03-07,Peanuts,kg,10.9
RM027,2025-03-08,Peanuts,kg,10.73
RM027,2025-03-09,Peanuts,kg,10.56
RM027,2025-03-10,Peanuts,kg,8.76
RM027,2025-03-11,Peanuts,kg,9.3
RM027,2025-03-12,Peanuts,kg,8.61
RM027,2025-03-13,Peanuts,kg,8.77
RM027,2025-03-14,Peanuts,kg,11.31
RM027,2025-03-15,Peanuts,kg,12.57
RM027,2025-03-16,Peanuts,kg,11.19
RM027,2025-03-17,Peanuts,kg,9.4
RM027,2025-03-18,Peanuts,kg,8.9
RM027,2025-03-19,Peanuts,kg,10.94
RM027,2025-03-20,Peanuts,kg,12.21
RM027,2025-03-21,Peanuts,kg,10.23
RM027,2025-03-22,Peanuts,kg,11.62
RM027,2025-03-23,Peanuts,kg,12.4
RM027,2025-03-24,Peanuts,kg,8.92
RM027,2025-03-25,Peanuts,kg,8.81
RM027,2025-03-26,Peanuts,kg,10.45
RM027,2025-03-27,Peanuts,kg,10.97
RM027,2025-03-28,Peanuts,kg,12.62
RM027,2025-03-29,Peanuts,kg,11.22
RM027,2025-03-30,Peanuts,kg,10.26
RM027,2025-03-31,Peanuts,kg,8.06
RM027,2025-04-01,Peanuts,kg,9.21
RM027,2025-04-02,Peanuts,kg,9.51
RM027,2025-04-03,Peanuts,kg,8.53
RM027,2025-04-04,Peanuts,kg,10.98
RM027,2025-04-05,Peanuts,kg,12.2
RM027,2025-04-06,Peanuts,kg,10.63
RM027,2025-04-07,Peanuts,kg,9.24
RM027,2025-04-08,Peanuts,kg,9.86
RM027,2025-04-09,Peanuts,kg,10.03
RM027,2025-04-10,Peanuts,kg,10.96
RM027,2025-04-11,Peanuts,kg,10.48
RM027,2025-04-12,Peanuts,kg,12.57
RM027,2025-04-13,Peanuts,kg,10.55
RM027,2025-04-14,Peanuts,kg,8.61
RM027,2025-04-15,Peanuts,kg,8.27
RM027,2025-04-16,Peanuts,kg,10.82
RM027,2025-04-17,Peanuts,kg,10.27
RM027,2025-04-18,Peanuts,kg,10.56
RM027,2025-04-19,Peanuts,kg,12.56
RM027,2025-04-20,Peanuts,kg,9.88
RM027,2025-04-21,Peanuts,kg,8.53
RM027,2025-04-22,Peanuts,kg,9.85
RM027,2025-04-23,Peanuts,kg,10.95
RM027,2025-04-24,Peanuts,kg,12.39
RM027,2025-04-25,Peanuts,kg,11.65
RM027,2025-04-26,Peanuts,kg,12.79
RM027,2025-04-27,Peanuts,kg,10.84
RM027,2025-04-28,Peanuts,kg,10.54
RM027,2025-04-29,Peanuts,kg,9.55
RM027,2025-04-30,Peanuts,kg,10.3
RM027,2025-05-01,Peanuts,kg,11.25
RM027,2025-05-02,Peanuts,kg,11.23
RM027,2025-05-03,Peanuts,kg,11.52
RM027,2025-05-04,Peanuts,kg,11.42
RM027,2025-05-05,Peanuts,kg,6.75
RM027,2025-05-06,Peanuts,kg,9.33
RM027,2025-05-07,Peanuts,kg,10.5
RM027,2025-05-08,Peanuts,kg,11.39
RM027,2025-05-09,Peanuts,kg,11.6
RM027,2025-05-10,Peanuts,kg,11.71
RM027,2025-05-11,Peanuts,kg,11.31
RM027,2025-05-12,Peanuts,kg,9.16
RM027,2025-05-13,Peanuts,kg,8.77
RM027,2025-05-14,Peanuts,kg,9.26
RM027,2025-05-15,Peanuts,kg,11.24
RM027,2025-05-16,Peanuts,kg,12.02
RM027,2025-05-17,Peanuts,kg,12.74
RM027,2025-05-18,Peanuts,kg,11.35
RM027,2025-05-19,Peanuts,kg,10.03
RM027,2025-05-20,Peanuts,kg,8.49
RM027,2025-05-21,Peanuts,kg,11.6
RM027,2025-05-22,Peanuts,kg,8.62
RM027,2025-05-23,Peanuts,kg,11.99
RM027,2025-05-24,Peanuts,kg,12.85
RM027,2025-05-25,Peanuts,kg,11.73
RM027,2025-05-26,Peanuts,kg,9.4
RM027,2025-05-27,Peanuts,kg,9.45
RM027,2025-05-28,Peanuts,kg,9.57
RM027,2025-05-29,Peanuts,kg,9.92
RM027,2025-05-30,Peanuts,kg,10.63
RM027,2025-05-31,Peanuts,kg,14.01
RM027,2025-06-01,Peanuts,kg,9.41
RM027,2025-06-02,Peanuts,kg,9.01
RM027,2025-06-03,Peanuts,kg,10.11
RM027,2025-06-04,Peanuts,kg,9.79
RM027,2025-06-05,Peanuts,kg,9.0
RM027,2025-06-06,Peanuts,kg,11.89
RM027,2025-06-07,Peanuts,kg,11.14
RM027,2025-06-08,Peanuts,kg,9.85
RM027,2025-06-09,Peanuts,kg,7.91
RM027,2025-06-10,Peanuts,kg,9.3
RM027,2025-06-11,Peanuts,kg,8.92
RM027,2025-06-12,Peanuts,kg,10.46
RM027,2025-06-13,Peanuts,kg,10.8
RM027,2025-06-14,Peanuts,kg,11.06
RM027,2025-06-15,Peanuts,kg,10.89
RM027,2025-06-16,Peanuts,kg,10.07
RM027,2025-06-17,Peanuts,kg,9.58
RM027,2025-06-18,Peanuts,kg,10.19
RM027,2025-06-19,Peanuts,kg,12.27
RM027,2025-06-20,Peanuts,kg,11.78
RM027,2025-06-21,Peanuts,kg,12.72
RM027,2025-06-22,Peanuts,kg,12.22
RM027,2025-06-23,Peanuts,kg,10.26
RM027,2025-06-24,Peanuts,kg,9.56
RM027,2025-06-25,Peanuts,kg,8.78
RM027,2025-06-26,Peanuts,kg,12.1
RM027,2025-06-27,Peanuts,kg,13.42
RM027,2025-06-28,Peanuts,kg,11.73
RM027,2025-06-29,Peanuts,kg,11.35
RM027,2025-06-30,Peanuts,kg,9.18
RM027,2025-07-01,Peanuts,kg,9.34
RM027,2025-07-02,Peanuts,kg,10.14
RM027,2025-07-03,Peanuts,kg,11.23
RM027,2025-07-04,Peanuts,kg,10.98
RM027,2025-07-05,Peanuts,kg,12.58
RM027,2025-07-06,Peanuts,kg,9.67
RM027,2025-07-07,Peanuts,kg,8.32
RM027,2025-07-08,Peanuts,kg,8.39
RM027,2025-07-09,Peanuts,kg,8.69
RM027,2025-07-10,Peanuts,kg,9.95
RM027,2025-07-11,Peanuts,kg,10.29
RM027,2025-07-12,Peanuts,kg,12.09
RM027,2025-07-13,Peanuts,kg,11.98
RM027,2025-07-14,Peanuts,kg,8.44
RM027,2025-07-15,Peanuts,kg,8.92
RM027,2025-07-16,Peanuts,kg,10.61
RM027,2025-07-17,Peanuts,kg,10.24
RM027,2025-07-18,Peanuts,kg,13.16
RM027,2025-07-19,Peanuts,kg,13.26
RM027,2025-07-20,Peanuts,kg,10.3
RM027,2025-07-21,Peanuts,kg,10.31
RM027,2025-07-22,Peanuts,kg,11.3
RM027,2025-07-23,Peanuts,kg,9.38
RM027,2025-07-24,Peanuts,kg,10.95
RM027,2025-07-25,Peanuts,kg,11.05
RM027,2025-07-26,Peanuts,kg,11.15
RM027,2025-07-27,Peanuts,kg,11.3
RM027,2025-07-28,Peanuts,kg,9.39
RM027,2025-07-29,Peanuts,kg,11.54
RM027,2025-07-30,Peanuts,kg,9.49
RM027,2025-07-31,Peanuts,kg,11.8
RM027,2025-08-01,Peanuts,kg,11.62
RM027,2025-08-02,Peanuts,kg,11.86
RM027,2025-08-03,Peanuts,kg,11.69
RM027,2025-08-04,Peanuts,kg,7.62
RM027,2025-08-05,Peanuts,kg,10.41
RM027,2025-08-06,Peanuts,kg,9.89
RM027,2025-08-07,Peanuts,kg,10.61
RM027,2025-08-08,Peanuts,kg,10.06
RM027,2025-08-09,Peanuts,kg,10.91
RM027,2025-08-10,Peanuts,kg,10.18
RM027,2025-08-11,Peanuts,kg,8.14
RM027,2025-08-12,Peanuts,kg,8.85
RM027,2025-08-13,Peanuts,kg,10.15
RM027,2025-08-14,Peanuts,kg,11.03
RM027,2025-08-15,Peanuts,kg,11.9
RM027,2025-08-16,Peanuts,kg,12.99
RM027,2025-08-17,Peanuts,kg,11.26
RM027,2025-08-18,Peanuts,kg,9.78
RM027,2025-08-19,Peanuts,kg,10.08
RM027,2025-08-20,Peanuts,kg,9.84
RM027,2025-08-21,Peanuts,kg,10.82
RM027,2025-08-22,Peanuts,kg,10.36
RM027,2025-08-23,Peanuts,kg,12.95
RM027,2025-08-24,Peanuts,kg,10.37
RM027,2025-08-25,Peanuts,kg,10.31
RM027,2025-08-26,Peanuts,kg,9.36
RM027,2025-08-27,Peanuts,kg,10.59
RM027,2025-08-28,Peanuts,kg,10.2
RM027,2025-08-29,Peanuts,kg,10.91
RM027,2025-08-30,Peanuts,kg,11.35
RM027,2025-08-31,Peanuts,kg,9.84
RM027,2025-09-01,Peanuts,kg,7.75
RM027,2025-09-02,Peanuts,kg,10.0
RM027,2025-09-03,Peanuts,kg,9.2
RM027,2025-09-04,Peanuts,kg,11.83
RM027,2025-09-05,Peanuts,kg,9.01
RM027,2025-09-06,Peanuts,kg,12.41
RM027,2025-09-07,Peanuts,kg,11.19
RM027,2025-09-08,Peanuts,kg,8.72
RM027,2025-09-09,Peanuts,kg,9.24
RM027,2025-09-10,Peanuts,kg,9.69
RM027,2025-09-11,Peanuts,kg,10.21
RM027,2025-09-12,Peanuts,kg,12.03
RM027,2025-09-13,Peanuts,kg,12.11
RM027,2025-09-14,Peanuts,kg,11.1
RM027,2025-09-15,Peanuts,kg,7.37
RM027,2025-09-16,Peanuts,kg,8.69
RM027,2025-09-17,Peanuts,kg,11.55
RM027,2025-09-18,Peanuts,kg,10.67
RM027,2025-09-19,Peanuts,kg,10.17
RM027,2025-09-20,Peanuts,kg,12.6
RM027,2025-09-21,Peanuts,kg,10.83
RM027,2025-09-22,Peanuts,kg,9.03
RM027,2025-09-23,Peanuts,kg,10.54
RM027,2025-09-24,Peanuts,kg,10.89
RM027,2025-09-25,Peanuts,kg,11.88
RM027,2025-09-26,Peanuts,kg,9.83
RM027,2025-09-27,Peanuts,kg,12.6
RM027,2025-09-28,Peanuts,kg,10.61
RM027,2025-09-29,Peanuts,kg,9.73
RM027,2025-09-30,Peanuts,kg,9.87
RM027,2025-10-01,Peanuts,kg,10.62
RM027,2025-10-02,Peanuts,kg,11.24
RM027,2025-10-03,Peanuts,kg,7.84
RM027,2025-10-04,Peanuts,kg,11.63
RM027,2025-10-05,Peanuts,kg,9.82
RM027,2025-10-06,Peanuts,kg,8.1
RM027,2025-10-07,Peanuts,kg,8.79
RM027,2025-10-08,Peanuts,kg,10.99
RM027,2025-10-09,Peanuts,kg,10.03
RM027,2025-10-10,Peanuts,kg,10.21
RM027,2025-10-11,Peanuts,kg,11.47
RM027,2025-10-12,Peanuts,kg,10.08
RM027,2025-10-13,Peanuts,kg,7.66
RM027,2025-10-14,Peanuts,kg,9.12
RM027,2025-10-15,Peanuts,kg,8.85
RM027,2025-10-16,Peanuts,kg,10.09
RM027,2025-10-17,Peanuts,kg,12.02
RM027,2025-10-18,Peanuts,kg,14.5
RM027,2025-10-19,Peanuts,kg,11.07
RM027,2025-10-20,Peanuts,kg,8.32
RM027,2025-10-21,Peanuts,kg,9.76
RM027,2025-10-22,Peanuts,kg,10.19
RM027,2025-10-23,Peanuts,kg,9.82
RM027,2025-10-24,Peanuts,kg,12.81
RM027,2025-10-25,Peanuts,kg,12.23
RM027,2025-10-26,Peanuts,kg,11.89
RM027,2025-10-27,Peanuts,kg,8.06
RM027,2025-10-28,Peanuts,kg,10.72
RM027,2025-10-29,Peanuts,kg,11.54
RM027,2025-10-30,Peanuts,kg,9.89
RM027,2025-10-31,Peanuts,kg,11.42
RM027,2025-11-01,Peanuts,kg,11.21
RM027,2025-11-02,Peanuts,kg,11.09
RM027,2025-11-03,Peanuts,kg,8.47
RM027,2025-11-04,Peanuts,kg,9.15
RM027,2025-11-05,Peanuts,kg,8.57
RM027,2025-11-06,Peanuts,kg,10.83
RM027,2025-11-07,Peanuts,kg,10.97
RM027,2025-11-08,Peanuts,kg,10.6
RM027,2025-11-09,Peanuts,kg,11.12
RM027,2025-11-10,Peanuts,kg,7.03
RM027,2025-11-11,Peanuts,kg,10.54
RM027,2025-11-12,Peanuts,kg,8.43
RM027,2025-11-13,Peanuts,kg,10.23
RM027,2025-11-14,Peanuts,kg,11.92
RM027,2025-11-15,Peanuts,kg,13.33
RM027,2025-11-16,Peanuts,kg,9.74
RM027,2025-11-17,Peanuts,kg,8.53
RM027,2025-11-18,Peanuts,kg,10.28
RM027,2025-11-19,Peanuts,kg,11.27
RM027,2025-11-20,Peanuts,kg,10.81
RM027,2025-11-21,Peanuts,kg,11.05
RM027,2025-11-22,Peanuts,kg,12.58
RM027,2025-11-23,Peanuts,kg,11.52
RM027,2025-11-24,Peanuts,kg,9.27
RM027,2025-11-25,Peanuts,kg,10.97
RM027,2025-11-26,Peanuts,kg,8.88
RM027,2025-11-27,Peanuts,kg,9.96
RM027,2025-11-28,Peanuts,kg,11.79
RM027,2025-11-29,Peanuts,kg,11.18
RM027,2025-11-30,Peanuts,kg,10.36
RM027,2025-12-01,Peanuts,kg,8.37
RM027,2025-12-02,Peanuts,kg,9.49
RM027,2025-12-03,Peanuts,kg,9.49
RM027,2025-12-04,Peanuts,kg,10.44
RM027,2025-12-05,Peanuts,kg,10.9
RM027,2025-12-06,Peanuts,kg,10.76
RM027,2025-12-07,Peanuts,kg,10.6
RM027,2025-12-08,Peanuts,kg,7.19
RM027,2025-12-09,Peanuts,kg,9.33
RM027,2025-12-10,Peanuts,kg,8.63
RM027,2025-12-11,Peanuts,kg,9.78
RM027,2025-12-12,Peanuts,kg,12.05
RM027,2025-12-13,Peanuts,kg,11.49
RM027,2025-12-14,Peanuts,kg,9.36
RM027,2025-12-15,Peanuts,kg,8.72
RM027,2025-12-16,Peanuts,kg,9.78
RM027,2025-12-17,Peanuts,kg,10.13
RM027,2025-12-18,Peanuts,kg,10.24
RM027,2025-12-19,Peanuts,kg,11.09
RM027,2025-12-20,Peanuts,kg,13.69
RM027,2025-12-21,Peanuts,kg,10.68
RM027,2025-12-22,Peanuts,kg,8.98
RM027,2025-12-23,Peanuts,kg,10.28
RM027,2025-12-24,Peanuts,kg,10.23
RM027,2025-12-25,Peanuts,kg,12.93
RM027,2025-12-26,Peanuts,kg,11.47
RM027,2025-12-27,Peanuts,kg,13.48
RM027,2025-12-28,Peanuts,kg,11.76
RM027,2025-12-29,Peanuts,kg,9.58
RM027,2025-12-30,Peanuts,kg,10.18
RM027,2025-12-31,Peanuts,kg,10.54
RM027,2026-01-01,Peanuts,kg,10.94
RM027,2026-01-02,Peanuts,kg,11.01
RM027,2026-01-03,Peanuts,kg,11.12
RM027,2026-01-04,Peanuts,kg,9.52
RM027,2026-01-05,Peanuts,kg,8.84
RM027,2026-01-06,Peanuts,kg,9.43
RM027,2026-01-07,Peanuts,kg,8.43
RM027,2026-01-08,Peanuts,kg,10.04
RM027,2026-01-09,Peanuts,kg,10.15
RM027,2026-01-10,Peanuts,kg,11.37
RM027,2026-01-11,Peanuts,kg,9.99
RM027,2026-01-12,Peanuts,kg,8.44
RM027,2026-01-13,Peanuts,kg,9.29
RM027,2026-01-14,Peanuts,kg,9.8
RM027,2026-01-15,Peanuts,kg,9.55
RM027,2026-01-16,Peanuts,kg,12.16
RM027,2026-01-17,Peanuts,kg,10.23
RM027,2026-01-18,Peanuts,kg,11.37
RM027,2026-01-19,Peanuts,kg,8.45
RM027,2026-01-20,Peanuts,kg,8.74
RM027,2026-01-21,Peanuts,kg,12.25
RM027,2026-01-22,Peanuts,kg,12.1
RM027,2026-01-23,Peanuts,kg,9.44
RM027,2026-01-24,Peanuts,kg,12.57
RM027,2026-01-25,Peanuts,kg,10.81
RM027,2026-01-26,Peanuts,kg,9.04
RM027,2026-01-27,Peanuts,kg,9.01
RM027,2026-01-28,Peanuts,kg,10.59
RM027,2026-01-29,Peanuts,kg,11.27
RM027,2026-01-30,Peanuts,kg,10.64
RM027,2026-01-31,Peanuts,kg,11.34
RM027,2026-02-01,Peanuts,kg,8.52
RM027,2026-02-02,Peanuts,kg,8.74
RM027,2026-02-03,Peanuts,kg,9.36
RM027,2026-02-04,Peanuts,kg,9.22
RM027,2026-02-05,Peanuts,kg,9.61
RM027,2026-02-06,Peanuts,kg,8.64
RM027,2026-02-07,Peanuts,kg,10.87
RM027,2026-02-08,Peanuts,kg,9.2
RM027,2026-02-09,Peanuts,kg,8.92
RM027,2026-02-10,Peanuts,kg,9.64
RM027,2026-02-11,Peanuts,kg,9.54
RM027,2026-02-12,Peanuts,kg,10.04
RM027,2026-02-13,Peanuts,kg,10.5
RM027,2026-02-14,Peanuts,kg,12.64
RM027,2026-02-15,Peanuts,kg,10.58
RM027,2026-02-16,Peanuts,kg,9.87
RM027,2026-02-17,Peanuts,kg,9.34
RM027,2026-02-18,Peanuts,kg,10.89
RM027,2026-02-19,Peanuts,kg,10.39
RM027,2026-02-20,Peanuts,kg,11.78
RM027,2026-02-21,Peanuts,kg,12.52
RM027,2026-02-22,Peanuts,kg,11.32
RM027,2026-02-23,Peanuts,kg,8.51
RM027,2026-02-24,Peanuts,kg,10.86
RM027,2026-02-25,Peanuts,kg,9.52
RM027,2026-02-26,Peanuts,kg,11.63
RM027,2026-02-27,Peanuts,kg,11.9
RM027,2026-02-28,Peanuts,kg,12.74
RM027,2026-03-01,Peanuts,kg,10.99
RM027,2026-03-02,Peanuts,kg,8.6
RM027,2026-03-03,Peanuts,kg,9.4
RM027,2026-03-04,Peanuts,kg,9.9
RM027,2026-03-05,Peanuts,kg,9.84
RM027,2026-03-06,Peanuts,kg,11.61
RM027,2026-03-07,Peanuts,kg,11.06
RM027,2026-03-08,Peanuts,kg,10.53
RM027,2026-03-09,Peanuts,kg,8.81
RM027,2026-03-10,Peanuts,kg,9.71
RM027,2026-03-11,Peanuts,kg,8.55
RM027,2026-03-12,Peanuts,kg,11.1
RM027,2026-03-13,Peanuts,kg,9.13
RM027,2026-03-14,Peanuts,kg,10.07
RM027,2026-03-15,Peanuts,kg,9.06
RM027,2026-03-16,Peanuts,kg,8.48
RM027,2026-03-17,Peanuts,kg,9.47
RM027,2026-03-18,Peanuts,kg,10.76
RM027,2026-03-19,Peanuts,kg,10.72
RM027,2026-03-20,Peanuts,kg,11.76
RM027,2026-03-21,Peanuts,kg,13.58
RM027,2026-03-22,Peanuts,kg,11.11
RM027,2026-03-23,Peanuts,kg,9.54
RM027,2026-03-24,Peanuts,kg,10.45
RM027,2026-03-25,Peanuts,kg,9.79
RM027,2026-03-26,Peanuts,kg,11.4
RM027,2026-03-27,Peanuts,kg,10.24
RM027,2026-03-28,Peanuts,kg,11.88
RM027,2026-03-29,Peanuts,kg,11.19
RM027,2026-03-30,Peanuts,kg,8.76
RM027,2026-03-31,Peanuts,kg,8.98
RM027,2026-04-01,Peanuts,kg,9.82
RM027,2026-04-02,Peanuts,kg,9.99
RM027,2026-04-03,Peanuts,kg,11.42
RM027,2026-04-04,Peanuts,kg,10.86
RM027,2026-04-05,Peanuts,kg,10.32
RM027,2026-04-06,Peanuts,kg,8.01
RM027,2026-04-07,Peanuts,kg,9.47
RM027,2026-04-08,Peanuts,kg,9.22
RM027,2026-04-09,Peanuts,kg,9.97
RM027,2026-04-10,Peanuts,kg,11.88
RM027,2026-04-11,Peanuts,kg,12.41
RM027,2026-04-12,Peanuts,kg,9.77
RM027,2026-04-13,Peanuts,kg,7.9
RM027,2026-04-14,Peanuts,kg,8.72
RM027,2026-04-15,Peanuts,kg,10.19
RM027,2026-04-16,Peanuts,kg,10.78
RM027,2026-04-17,Peanuts,kg,11.98
RM027,2026-04-18,Peanuts,kg,12.73
RM027,2026-04-19,Peanuts,kg,10.53
RM027,2026-04-20,Peanuts,kg,9.04
RM027,2026-04-21,Peanuts,kg,8.87
RM027,2026-04-22,Peanuts,kg,10.63
RM027,2026-04-23,Peanuts,kg,11.05
RM027,2026-04-24,Peanuts,kg,12.83
RM027,2026-04-25,Peanuts,kg,12.85
RM027,2026-04-26,Peanuts,kg,11.8
RM027,2026-04-27,Peanuts,kg,9.65
RM027,2026-04-28,Peanuts,kg,9.99
RM027,2026-04-29,Peanuts,kg,10.44
RM027,2026-04-30,Peanuts,kg,12.01
RM027,2026-05-01,Peanuts,kg,11.45
RM027,2026-05-02,Peanuts,kg,11.48
RM027,2026-05-03,Peanuts,kg,11.25
RM027,2026-05-04,Peanuts,kg,7.74
RM027,2026-05-05,Peanuts,kg,9.16
RM027,2026-05-06,Peanuts,kg,9.84
RM027,2026-05-07,Peanuts,kg,11.07
RM027,2026-05-08,Peanuts,kg,10.04
RM027,2026-05-09,Peanuts,kg,11.16
RM027,2026-05-10,Peanuts,kg,10.0
RM027,2026-05-11,Peanuts,kg,7.58
RM027,2026-05-12,Peanuts,kg,10.07
RM027,2026-05-13,Peanuts,kg,8.58
RM027,2026-05-14,Peanuts,kg,8.98
RM027,2026-05-15,Peanuts,kg,10.06
RM027,2026-05-16,Peanuts,kg,11.63
RM027,2026-05-17,Peanuts,kg,9.29
RM027,2026-05-18,Peanuts,kg,10.28
RM027,2026-05-19,Peanuts,kg,10.88
RM027,2026-05-20,Peanuts,kg,10.64
RM027,2026-05-21,Peanuts,kg,10.84
RM027,2026-05-22,Peanuts,kg,13.54
RM027,2026-05-23,Peanuts,kg,12.66
RM027,2026-05-24,Peanuts,kg,11.6
RM027,2026-05-25,Peanuts,kg,8.74
RM027,2026-05-26,Peanuts,kg,10.55
RM027,2026-05-27,Peanuts,kg,9.39
RM027,2026-05-28,Peanuts,kg,12.19
RM027,2026-05-29,Peanuts,kg,12.46
RM027,2026-05-30,Peanuts,kg,11.21
RM027,2026-05-31,Peanuts,kg,10.04
RM027,2026-06-01,Peanuts,kg,8.43
RM027,2026-06-02,Peanuts,kg,9.16
RM027,2026-06-03,Peanuts,kg,10.4
RM027,2026-06-04,Peanuts,kg,10.0
RM027,2026-06-05,Peanuts,kg,10.09
RM027,2026-06-06,Peanuts,kg,10.72
RM027,2026-06-07,Peanuts,kg,10.05
RM027,2026-06-08,Peanuts,kg,8.3
RM027,2026-06-09,Peanuts,kg,8.65
RM027,2026-06-10,Peanuts,kg,9.76
RM027,2026-06-11,Peanuts,kg,10.62
RM027,2026-06-12,Peanuts,kg,11.05
RM027,2026-06-13,Peanuts,kg,12.4
RM027,2026-06-14,Peanuts,kg,9.86
RM027,2026-06-15,Peanuts,kg,8.88
RM027,2026-06-16,Peanuts,kg,8.85
RM027,2026-06-17,Peanuts,kg,11.64
RM027,2026-06-18,Peanuts,kg,11.25
RM027,2026-06-19,Peanuts,kg,13.27
RM027,2026-06-20,Peanuts,kg,13.63
RM027,2026-06-21,Peanuts,kg,12.49
RM027,2026-06-22,Peanuts,kg,8.79
RM027,2026-06-23,Peanuts,kg,10.99
RM027,2026-06-24,Peanuts,kg,10.22
RM027,2026-06-25,Peanuts,kg,12.18
RM027,2026-06-26,Peanuts,kg,13.08
RM027,2026-06-27,Peanuts,kg,11.91
RM027,2026-06-28,Peanuts,kg,10.54
RM027,2026-06-29,Peanuts,kg,8.72
RM027,2026-06-30,Peanuts,kg,9.8
RM027,2026-07-01,Peanuts,kg,9.41
RM027,2026-07-02,Peanuts,kg,10.54
RM027,2026-07-03,Peanuts,kg,10.08
RM027,2026-07-04,Peanuts,kg,11.7
RM027,2026-07-05,Peanuts,kg,10.12
RM027,2026-07-06,Peanuts,kg,7.48
RM027,2026-07-07,Peanuts,kg,10.57
RM027,2026-07-08,Peanuts,kg,10.22
RM027,2026-07-09,Peanuts,kg,10.23
RM027,2026-07-10,Peanuts,kg,10.15
RM027,2026-07-11,Peanuts,kg,10.17
RM027,2026-07-12,Peanuts,kg,9.76
RM027,2026-07-13,Peanuts,kg,8.74
RM027,2026-07-14,Peanuts,kg,8.03
RM027,2026-07-15,Peanuts,kg,10.15
RM027,2026-07-16,Peanuts,kg,10.03
RM027,2026-07-17,Peanuts,kg,11.3
RM027,2026-07-18,Peanuts,kg,12.12
RM027,2026-07-19,Peanuts,kg,12.4
RM027,2026-07-20,Peanuts,kg,9.8
RM027,2026-07-21,Peanuts,kg,10.05
RM027,2026-07-22,Peanuts,kg,10.15
RM027,2026-07-23,Peanuts,kg,11.18
RM027,2026-07-24,Peanuts,kg,11.04
RM027,2026-07-25,Peanuts,kg,13.53
RM027,2026-07-26,Peanuts,kg,10.08
RM027,2026-07-27,Peanuts,kg,8.38
RM027,2026-07-28,Peanuts,kg,10.14
RM027,2026-07-29,Peanuts,kg,10.96
RM027,2026-07-30,Peanuts,kg,12.22
RM027,2026-07-31,Peanuts,kg,11.98
RM027,2026-08-01,Peanuts,kg,12.67
RM027,2026-08-02,Peanuts,kg,11.68
RM027,2026-08-03,Peanuts,kg,9.45
RM027,2026-08-04,Peanuts,kg,9.55
RM027,2026-08-05,Peanuts,kg,9.68
RM027,2026-08-06,Peanuts,kg,8.72
RM027,2026-08-07,Peanuts,kg,11.58
RM027,2026-08-08,Peanuts,kg,10.08
RM027,2026-08-09,Peanuts,kg,9.93
RM028,2025-01-01,Sea Salt,kg,4.16
RM028,2025-01-02,Sea Salt,kg,3.91
RM028,2025-01-03,Sea Salt,kg,4.24
RM028,2025-01-04,Sea Salt,kg,4.6
RM028,2025-01-05,Sea Salt,kg,3.8
RM028,2025-01-06,Sea Salt,kg,2.98
RM028,2025-01-07,Sea Salt,kg,3.7
RM028,2025-01-08,Sea Salt,kg,3.83
RM028,2025-01-09,Sea Salt,kg,4.58
RM028,2025-01-10,Sea Salt,kg,4.61
RM028,2025-01-11,Sea Salt,kg,4.68
RM028,2025-01-12,Sea Salt,kg,4.41
RM028,2025-01-13,Sea Salt,kg,3.4
RM028,2025-01-14,Sea Salt,kg,3.78
RM028,2025-01-15,Sea Salt,kg,3.68
RM028,2025-01-16,Sea Salt,kg,4.53
RM028,2025-01-17,Sea Salt,kg,4.2
RM028,2025-01-18,Sea Salt,kg,5.89
RM028,2025-01-19,Sea Salt,kg,4.2
RM028,2025-01-20,Sea Salt,kg,3.76
RM028,2025-01-21,Sea Salt,kg,4.45
RM028,2025-01-22,Sea Salt,kg,4.47
RM028,2025-01-23,Sea Salt,kg,3.57
RM028,2025-01-24,Sea Salt,kg,4.79
RM028,2025-01-25,Sea Salt,kg,4.68
RM028,2025-01-26,Sea Salt,kg,4.6
RM028,2025-01-27,Sea Salt,kg,4.15
RM028,2025-01-28,Sea Salt,kg,4.26
RM028,2025-01-29,Sea Salt,kg,3.63
RM028,2025-01-30,Sea Salt,kg,4.37
RM028,2025-01-31,Sea Salt,kg,4.55
RM028,2025-02-01,Sea Salt,kg,4.57
RM028,2025-02-02,Sea Salt,kg,4.34
RM028,2025-02-03,Sea Salt,kg,3.61
RM028,2025-02-04,Sea Salt,kg,4.01
RM028,2025-02-05,Sea Salt,kg,3.86
RM028,2025-02-06,Sea Salt,kg,3.91
RM028,2025-02-07,Sea Salt,kg,4.24
RM028,2025-02-08,Sea Salt,kg,4.45
RM028,2025-02-09,Sea Salt,kg,3.67
RM028,2025-02-10,Sea Salt,kg,3.27
RM028,2025-02-11,Sea Salt,kg,3.52
RM028,2025-02-12,Sea Salt,kg,4.07
RM028,2025-02-13,Sea Salt,kg,4.78
RM028,2025-02-14,Sea Salt,kg,4.89
RM028,2025-02-15,Sea Salt,kg,4.88
RM028,2025-02-16,Sea Salt,kg,4.14
RM028,2025-02-17,Sea Salt,kg,3.7
RM028,2025-02-18,Sea Salt,kg,4.19
RM028,2025-02-19,Sea Salt,kg,4.01
RM028,2025-02-20,Sea Salt,kg,4.14
RM028,2025-02-21,Sea Salt,kg,5.28
RM028,2025-02-22,Sea Salt,kg,5.14
RM028,2025-02-23,Sea Salt,kg,4.52
RM028,2025-02-24,Sea Salt,kg,3.6
RM028,2025-02-25,Sea Salt,kg,3.88
RM028,2025-02-26,Sea Salt,kg,4.5
RM028,2025-02-27,Sea Salt,kg,4.78
RM028,2025-02-28,Sea Salt,kg,4.48
RM028,2025-03-01,Sea Salt,kg,4.81
RM028,2025-03-02,Sea Salt,kg,4.11
RM028,2025-03-03,Sea Salt,kg,3.05
RM028,2025-03-04,Sea Salt,kg,3.38
RM028,2025-03-05,Sea Salt,kg,3.32
RM028,2025-03-06,Sea Salt,kg,3.76
RM028,2025-03-07,Sea Salt,kg,3.95
RM028,2025-03-08,Sea Salt,kg,4.12
RM028,2025-03-09,Sea Salt,kg,3.92
RM028,2025-03-10,Sea Salt,kg,3.32
RM028,2025-03-11,Sea Salt,kg,3.73
RM028,2025-03-12,Sea Salt,kg,4.38
RM028,2025-03-13,Sea Salt,kg,4.2
RM028,2025-03-14,Sea Salt,kg,4.4
RM028,2025-03-15,Sea Salt,kg,5.15
RM028,2025-03-16,Sea Salt,kg,4.52
RM028,2025-03-17,Sea Salt,kg,3.6
RM028,2025-03-18,Sea Salt,kg,4.1
RM028,2025-03-19,Sea Salt,kg,4.35
RM028,2025-03-20,Sea Salt,kg,4.83
RM028,2025-03-21,Sea Salt,kg,4.98
RM028,2025-03-22,Sea Salt,kg,4.72
RM028,2025-03-23,Sea Salt,kg,4.54
RM028,2025-03-24,Sea Salt,kg,3.61
RM028,2025-03-25,Sea Salt,kg,4.18
RM028,2025-03-26,Sea Salt,kg,4.84
RM028,2025-03-27,Sea Salt,kg,4.81
RM028,2025-03-28,Sea Salt,kg,4.27
RM028,2025-03-29,Sea Salt,kg,4.92
RM028,2025-03-30,Sea Salt,kg,4.89
RM028,2025-03-31,Sea Salt,kg,3.67
RM028,2025-04-01,Sea Salt,kg,3.93
RM028,2025-04-02,Sea Salt,kg,4.01
RM028,2025-04-03,Sea Salt,kg,3.84
RM028,2025-04-04,Sea Salt,kg,4.42
RM028,2025-04-05,Sea Salt,kg,5.5
RM028,2025-04-06,Sea Salt,kg,3.85
RM028,2025-04-07,Sea Salt,kg,3.22
RM028,2025-04-08,Sea Salt,kg,4.07
RM028,2025-04-09,Sea Salt,kg,3.87
RM028,2025-04-10,Sea Salt,kg,3.74
RM028,2025-04-11,Sea Salt,kg,3.96
RM028,2025-04-12,Sea Salt,kg,4.52
RM028,2025-04-13,Sea Salt,kg,3.7
RM028,2025-04-14,Sea Salt,kg,3.5
RM028,2025-04-15,Sea Salt,kg,3.52
RM028,2025-04-16,Sea Salt,kg,3.74
RM028,2025-04-17,Sea Salt,kg,4.26
RM028,2025-04-18,Sea Salt,kg,4.03
RM028,2025-04-19,Sea Salt,kg,4.43
RM028,2025-04-20,Sea Salt,kg,4.96
RM028,2025-04-21,Sea Salt,kg,3.73
RM028,2025-04-22,Sea Salt,kg,4.1
RM028,2025-04-23,Sea Salt,kg,3.93
RM028,2025-04-24,Sea Salt,kg,4.98
RM028,2025-04-25,Sea Salt,kg,5.21
RM028,2025-04-26,Sea Salt,kg,4.76
RM028,2025-04-27,Sea Salt,kg,4.34
RM028,2025-04-28,Sea Salt,kg,3.56
RM028,2025-04-29,Sea Salt,kg,4.02
RM028,2025-04-30,Sea Salt,kg,4.04
RM028,2025-05-01,Sea Salt,kg,4.09
RM028,2025-05-02,Sea Salt,kg,5.06
RM028,2025-05-03,Sea Salt,kg,4.31
RM028,2025-05-04,Sea Salt,kg,4.17
RM028,2025-05-05,Sea Salt,kg,3.6
RM028,2025-05-06,Sea Salt,kg,3.87
RM028,2025-05-07,Sea Salt,kg,3.4
RM028,2025-05-08,Sea Salt,kg,3.85
RM028,2025-05-09,Sea Salt,kg,4.19
RM028,2025-05-10,Sea Salt,kg,4.76
RM028,2025-05-11,Sea Salt,kg,4.11
RM028,2025-05-12,Sea Salt,kg,3.75
RM028,2025-05-13,Sea Salt,kg,2.96
RM028,2025-05-14,Sea Salt,kg,4.43
RM028,2025-05-15,Sea Salt,kg,4.36
RM028,2025-05-16,Sea Salt,kg,3.69
RM028,2025-05-17,Sea Salt,kg,4.89
RM028,2025-05-18,Sea Salt,kg,3.97
RM028,2025-05-19,Sea Salt,kg,3.74
RM028,2025-05-20,Sea Salt,kg,3.77
RM028,2025-05-21,Sea Salt,kg,4.1
RM028,2025-05-22,Sea Salt,kg,4.88
RM028,2025-05-23,Sea Salt,kg,4.61
RM028,2025-05-24,Sea Salt,kg,4.89
RM028,2025-05-25,Sea Salt,kg,4.77
RM028,2025-05-26,Sea Salt,kg,3.82
RM028,2025-05-27,Sea Salt,kg,4.04
RM028,2025-05-28,Sea Salt,kg,3.8
RM028,2025-05-29,Sea Salt,kg,4.04
RM028,2025-05-30,Sea Salt,kg,4.89
RM028,2025-05-31,Sea Salt,kg,4.99
RM028,2025-06-01,Sea Salt,kg,3.96
RM028,2025-06-02,Sea Salt,kg,3.73
RM028,2025-06-03,Sea Salt,kg,4.02
RM028,2025-06-04,Sea Salt,kg,3.74
RM028,2025-06-05,Sea Salt,kg,4.11
RM028,2025-06-06,Sea Salt,kg,4.18
RM028,2025-06-07,Sea Salt,kg,4.14
RM028,2025-06-08,Sea Salt,kg,3.49
RM028,2025-06-09,Sea Salt,kg,3.12
RM028,2025-06-10,Sea Salt,kg,3.76
RM028,2025-06-11,Sea Salt,kg,3.65
RM028,2025-06-12,Sea Salt,kg,4.03
RM028,2025-06-13,Sea Salt,kg,4.66
RM028,2025-06-14,Sea Salt,kg,4.53
RM028,2025-06-15,Sea Salt,kg,4.11
RM028,2025-06-16,Sea Salt,kg,3.79
RM028,2025-06-17,Sea Salt,kg,4.06
RM028,2025-06-18,Sea Salt,kg,4.25
RM028,2025-06-19,Sea Salt,kg,4.18
RM028,2025-06-20,Sea Salt,kg,4.52
RM028,2025-06-21,Sea Salt,kg,5.58
RM028,2025-06-22,Sea Salt,kg,4.96
RM028,2025-06-23,Sea Salt,kg,3.82
RM028,2025-06-24,Sea Salt,kg,3.55
RM028,2025-06-25,Sea Salt,kg,3.6
RM028,2025-06-26,Sea Salt,kg,3.75
RM028,2025-06-27,Sea Salt,kg,4.36
RM028,2025-06-28,Sea Salt,kg,5.23
RM028,2025-06-29,Sea Salt,kg,4.17
RM028,2025-06-30,Sea Salt,kg,3.87
RM028,2025-07-01,Sea Salt,kg,4.09
RM028,2025-07-02,Sea Salt,kg,3.96
RM028,2025-07-03,Sea Salt,kg,4.21
RM028,2025-07-04,Sea Salt,kg,3.94
RM028,2025-07-05,Sea Salt,kg,4.65
RM028,2025-07-06,Sea Salt,kg,3.85
RM028,2025-07-07,Sea Salt,kg,3.17
RM028,2025-07-08,Sea Salt,kg,3.99
RM028,2025-07-09,Sea Salt,kg,3.83
RM028,2025-07-10,Sea Salt,kg,3.7
RM028,2025-07-11,Sea Salt,kg,4.68
RM028,2025-07-12,Sea Salt,kg,4.7
RM028,2025-07-13,Sea Salt,kg,4.37
RM028,2025-07-14,Sea Salt,kg,3.54
RM028,2025-07-15,Sea Salt,kg,4.09
RM028,2025-07-16,Sea Salt,kg,4.14
RM028,2025-07-17,Sea Salt,kg,4.47
RM028,2025-07-18,Sea Salt,kg,4.44
RM028,2025-07-19,Sea Salt,kg,5.19
RM028,2025-07-20,Sea Salt,kg,4.67
RM028,2025-07-21,Sea Salt,kg,3.36
RM028,2025-07-22,Sea Salt,kg,3.77
RM028,2025-07-23,Sea Salt,kg,3.76
RM028,2025-07-24,Sea Salt,kg,4.93
RM028,2025-07-25,Sea Salt,kg,4.56
RM028,2025-07-26,Sea Salt,kg,4.67
RM028,2025-07-27,Sea Salt,kg,4.41
RM028,2025-07-28,Sea Salt,kg,3.75
RM028,2025-07-29,Sea Salt,kg,3.88
RM028,2025-07-30,Sea Salt,kg,4.38
RM028,2025-07-31,Sea Salt,kg,4.01
RM028,2025-08-01,Sea Salt,kg,4.74
RM028,2025-08-02,Sea Salt,kg,4.69
RM028,2025-08-03,Sea Salt,kg,4.38
RM028,2025-08-04,Sea Salt,kg,3.3
RM028,2025-08-05,Sea Salt,kg,3.41
RM028,2025-08-06,Sea Salt,kg,3.19
RM028,2025-08-07,Sea Salt,kg,3.76
RM028,2025-08-08,Sea Salt,kg,4.19
RM028,2025-08-09,Sea Salt,kg,4.33
RM028,2025-08-10,Sea Salt,kg,4.38
RM028,2025-08-11,Sea Salt,kg,3.63
RM028,2025-08-12,Sea Salt,kg,3.84
RM028,2025-08-13,Sea Salt,kg,3.98
RM028,2025-08-14,Sea Salt,kg,4.51
RM028,2025-08-15,Sea Salt,kg,4.41
RM028,2025-08-16,Sea Salt,kg,5.02
RM028,2025-08-17,Sea Salt,kg,4.51
RM028,2025-08-18,Sea Salt,kg,3.96
RM028,2025-08-19,Sea Salt,kg,4.51
RM028,2025-08-20,Sea Salt,kg,3.62
RM028,2025-08-21,Sea Salt,kg,4.06
RM028,2025-08-22,Sea Salt,kg,4.93
RM028,2025-08-23,Sea Salt,kg,5.24
RM028,2025-08-24,Sea Salt,kg,4.37
RM028,2025-08-25,Sea Salt,kg,3.52
RM028,2025-08-26,Sea Salt,kg,4.03
RM028,2025-08-27,Sea Salt,kg,3.77
RM028,2025-08-28,Sea Salt,kg,4.3
RM028,2025-08-29,Sea Salt,kg,4.6
RM028,2025-08-30,Sea Salt,kg,4.97
RM028,2025-08-31,Sea Salt,kg,3.93
RM028,2025-09-01,Sea Salt,kg,2.99
RM028,2025-09-02,Sea Salt,kg,4.0
RM028,2025-09-03,Sea Salt,kg,3.84
RM028,2025-09-04,Sea Salt,kg,3.38
RM028,2025-09-05,Sea Salt,kg,4.34
RM028,2025-09-06,Sea Salt,kg,4.76
RM028,2025-09-07,Sea Salt,kg,3.99
RM028,2025-09-08,Sea Salt,kg,3.11
RM028,2025-09-09,Sea Salt,kg,3.62
RM028,2025-09-10,Sea Salt,kg,4.72
RM028,2025-09-11,Sea Salt,kg,3.81
RM028,2025-09-12,Sea Salt,kg,4.79
RM028,2025-09-13,Sea Salt,kg,5.15
RM028,2025-09-14,Sea Salt,kg,3.97
RM028,2025-09-15,Sea Salt,kg,3.56
RM028,2025-09-16,Sea Salt,kg,3.45
RM028,2025-09-17,Sea Salt,kg,4.11
RM028,2025-09-18,Sea Salt,kg,4.56
RM028,2025-09-19,Sea Salt,kg,4.69
RM028,2025-09-20,Sea Salt,kg,5.85
RM028,2025-09-21,Sea Salt,kg,4.55
RM028,2025-09-22,Sea Salt,kg,3.64
RM028,2025-09-23,Sea Salt,kg,3.41
RM028,2025-09-24,Sea Salt,kg,4.31
RM028,2025-09-25,Sea Salt,kg,4.31
RM028,2025-09-26,Sea Salt,kg,4.39
RM028,2025-09-27,Sea Salt,kg,4.09
RM028,2025-09-28,Sea Salt,kg,3.88
RM028,2025-09-29,Sea Salt,kg,3.57
RM028,2025-09-30,Sea Salt,kg,3.45
RM028,2025-10-01,Sea Salt,kg,3.76
RM028,2025-10-02,Sea Salt,kg,4.5
RM028,2025-10-03,Sea Salt,kg,4.19
RM028,2025-10-04,Sea Salt,kg,4.71
RM028,2025-10-05,Sea Salt,kg,4.15
RM028,2025-10-06,Sea Salt,kg,3.49
RM028,2025-10-07,Sea Salt,kg,3.71
RM028,2025-10-08,Sea Salt,kg,3.68
RM028,2025-10-09,Sea Salt,kg,3.93
RM028,2025-10-10,Sea Salt,kg,3.82
RM028,2025-10-11,Sea Salt,kg,4.84
RM028,2025-10-12,Sea Salt,kg,4.41
RM028,2025-10-13,Sea Salt,kg,3.31
RM028,2025-10-14,Sea Salt,kg,3.66
RM028,2025-10-15,Sea Salt,kg,4.18
RM028,2025-10-16,Sea Salt,kg,4.74
RM028,2025-10-17,Sea Salt,kg,4.7
RM028,2025-10-18,Sea Salt,kg,5.1
RM028,2025-10-19,Sea Salt,kg,4.92
RM028,2025-10-20,Sea Salt,kg,3.88
RM028,2025-10-21,Sea Salt,kg,4.16
RM028,2025-10-22,Sea Salt,kg,4.33
RM028,2025-10-23,Sea Salt,kg,4.87
RM028,2025-10-24,Sea Salt,kg,4.69
RM028,2025-10-25,Sea Salt,kg,4.71
RM028,2025-10-26,Sea Salt,kg,3.93
RM028,2025-10-27,Sea Salt,kg,3.44
RM028,2025-10-28,Sea Salt,kg,4.38
RM028,2025-10-29,Sea Salt,kg,3.9
RM028,2025-10-30,Sea Salt,kg,4.13
RM028,2025-10-31,Sea Salt,kg,4.45
RM028,2025-11-01,Sea Salt,kg,4.85
RM028,2025-11-02,Sea Salt,kg,3.71
RM028,2025-11-03,Sea Salt,kg,3.45
RM028,2025-11-04,Sea Salt,kg,3.87
RM028,2025-11-05,Sea Salt,kg,3.02
RM028,2025-11-06,Sea Salt,kg,4.33
RM028,2025-11-07,Sea Salt,kg,3.9
RM028,2025-11-08,Sea Salt,kg,4.47
RM028,2025-11-09,Sea Salt,kg,4.42
RM028,2025-11-10,Sea Salt,kg,3.69
RM028,2025-11-11,Sea Salt,kg,3.71
RM028,2025-11-12,Sea Salt,kg,4.06
RM028,2025-11-13,Sea Salt,kg,4.32
RM028,2025-11-14,Sea Salt,kg,4.88
RM028,2025-11-15,Sea Salt,kg,5.07
RM028,2025-11-16,Sea Salt,kg,4.32
RM028,2025-11-17,Sea Salt,kg,3.15
RM028,2025-11-18,Sea Salt,kg,3.54
RM028,2025-11-19,Sea Salt,kg,4.06
RM028,2025-11-20,Sea Salt,kg,4.57
RM028,2025-11-21,Sea Salt,kg,5.09
RM028,2025-11-22,Sea Salt,kg,5.03
RM028,2025-11-23,Sea Salt,kg,4.21
RM028,2025-11-24,Sea Salt,kg,3.04
RM028,2025-11-25,Sea Salt,kg,4.21
RM028,2025-11-26,Sea Salt,kg,3.94
RM028,2025-11-27,Sea Salt,kg,4.69
RM028,2025-11-28,Sea Salt,kg,4.63
RM028,2025-11-29,Sea Salt,kg,5.45
RM028,2025-11-30,Sea Salt,kg,4.36
RM028,2025-12-01,Sea Salt,kg,3.4
RM028,2025-12-02,Sea Salt,kg,4.12
RM028,2025-12-03,Sea Salt,kg,3.88
RM028,2025-12-04,Sea Salt,kg,4.07
RM028,2025-12-05,Sea Salt,kg,4.29
RM028,2025-12-06,Sea Salt,kg,4.82
RM028,2025-12-07,Sea Salt,kg,3.96
RM028,2025-12-08,Sea Salt,kg,3.34
RM028,2025-12-09,Sea Salt,kg,3.83
RM028,2025-12-10,Sea Salt,kg,3.26
RM028,2025-12-11,Sea Salt,kg,3.46
RM028,2025-12-12,Sea Salt,kg,4.42
RM028,2025-12-13,Sea Salt,kg,4.4
RM028,2025-12-14,Sea Salt,kg,4.46
RM028,2025-12-15,Sea Salt,kg,3.29
RM028,2025-12-16,Sea Salt,kg,4.52
RM028,2025-12-17,Sea Salt,kg,4.2
RM028,2025-12-18,Sea Salt,kg,3.81
RM028,2025-12-19,Sea Salt,kg,4.86
RM028,2025-12-20,Sea Salt,kg,5.23
RM028,2025-12-21,Sea Salt,kg,4.68
RM028,2025-12-22,Sea Salt,kg,3.88
RM028,2025-12-23,Sea Salt,kg,4.36
RM028,2025-12-24,Sea Salt,kg,4.69
RM028,2025-12-25,Sea Salt,kg,3.82
RM028,2025-12-26,Sea Salt,kg,4.29
RM028,2025-12-27,Sea Salt,kg,5.7
RM028,2025-12-28,Sea Salt,kg,4.24
RM028,2025-12-29,Sea Salt,kg,4.02
RM028,2025-12-30,Sea Salt,kg,4.27
RM028,2025-12-31,Sea Salt,kg,4.1
RM028,2026-01-01,Sea Salt,kg,4.71
RM028,2026-01-02,Sea Salt,kg,4.55
RM028,2026-01-03,Sea Salt,kg,4.77
RM028,2026-01-04,Sea Salt,kg,3.64
RM028,2026-01-05,Sea Salt,kg,3.86
RM028,2026-01-06,Sea Salt,kg,4.04
RM028,2026-01-07,Sea Salt,kg,4.34
RM028,2026-01-08,Sea Salt,kg,3.64
RM028,2026-01-09,Sea Salt,kg,3.96
RM028,2026-01-10,Sea Salt,kg,4.63
RM028,2026-01-11,Sea Salt,kg,3.92
RM028,2026-01-12,Sea Salt,kg,2.79
RM028,2026-01-13,Sea Salt,kg,4.01
RM028,2026-01-14,Sea Salt,kg,3.75
RM028,2026-01-15,Sea Salt,kg,4.48
RM028,2026-01-16,Sea Salt,kg,5.09
RM028,2026-01-17,Sea Salt,kg,5.04
RM028,2026-01-18,Sea Salt,kg,4.46
RM028,2026-01-19,Sea Salt,kg,3.92
RM028,2026-01-20,Sea Salt,kg,4.42
RM028,2026-01-21,Sea Salt,kg,4.14
RM028,2026-01-22,Sea Salt,kg,4.77
RM028,2026-01-23,Sea Salt,kg,4.78
RM028,2026-01-24,Sea Salt,kg,4.89
RM028,2026-01-25,Sea Salt,kg,4.09
RM028,2026-01-26,Sea Salt,kg,3.52
RM028,2026-01-27,Sea Salt,kg,3.81
RM028,2026-01-28,Sea Salt,kg,3.18
RM028,2026-01-29,Sea Salt,kg,4.34
RM028,2026-01-30,Sea Salt,kg,4.59
RM028,2026-01-31,Sea Salt,kg,4.53
RM028,2026-02-01,Sea Salt,kg,4.0
RM028,2026-02-02,Sea Salt,kg,3.41
RM028,2026-02-03,Sea Salt,kg,3.99
RM028,2026-02-04,Sea Salt,kg,4.09
RM028,2026-02-05,Sea Salt,kg,3.97
RM028,2026-02-06,Sea Salt,kg,4.13
RM028,2026-02-07,Sea Salt,kg,4.85
RM028,2026-02-08,Sea Salt,kg,4.16
RM028,2026-02-09,Sea Salt,kg,3.48
RM028,2026-02-10,Sea Salt,kg,3.14
RM028,2026-02-11,Sea Salt,kg,3.75
RM028,2026-02-12,Sea Salt,kg,4.31
RM028,2026-02-13,Sea Salt,kg,4.55
RM028,2026-02-14,Sea Salt,kg,4.53
RM028,2026-02-15,Sea Salt,kg,4.39
RM028,2026-02-16,Sea Salt,kg,3.51
RM028,2026-02-17,Sea Salt,kg,4.17
RM028,2026-02-18,Sea Salt,kg,3.89
RM028,2026-02-19,Sea Salt,kg,4.27
RM028,2026-02-20,Sea Salt,kg,4.55
RM028,2026-02-21,Sea Salt,kg,5.1
RM028,2026-02-22,Sea Salt,kg,4.3
RM028,2026-02-23,Sea Salt,kg,3.52
RM028,2026-02-24,Sea Salt,kg,4.32
RM028,2026-02-25,Sea Salt,kg,3.52
RM028,2026-02-26,Sea Salt,kg,4.81
RM028,2026-02-27,Sea Salt,kg,4.15
RM028,2026-02-28,Sea Salt,kg,5.19
RM028,2026-03-01,Sea Salt,kg,4.13
RM028,2026-03-02,Sea Salt,kg,3.88
RM028,2026-03-03,Sea Salt,kg,3.62
RM028,2026-03-04,Sea Salt,kg,3.71
RM028,2026-03-05,Sea Salt,kg,3.58
RM028,2026-03-06,Sea Salt,kg,3.77
RM028,2026-03-07,Sea Salt,kg,4.29
RM028,2026-03-08,Sea Salt,kg,4.17
RM028,2026-03-09,Sea Salt,kg,3.36
RM028,2026-03-10,Sea Salt,kg,3.55
RM028,2026-03-11,Sea Salt,kg,3.5
RM028,2026-03-12,Sea Salt,kg,4.78
RM028,2026-03-13,Sea Salt,kg,4.07
RM028,2026-03-14,Sea Salt,kg,4.43
RM028,2026-03-15,Sea Salt,kg,3.94
RM028,2026-03-16,Sea Salt,kg,3.61
RM028,2026-03-17,Sea Salt,kg,3.87
RM028,2026-03-18,Sea Salt,kg,4.43
RM028,2026-03-19,Sea Salt,kg,4.02
RM028,2026-03-20,Sea Salt,kg,5.09
RM028,2026-03-21,Sea Salt,kg,5.13
RM028,2026-03-22,Sea Salt,kg,3.97
RM028,2026-03-23,Sea Salt,kg,4.13
RM028,2026-03-24,Sea Salt,kg,3.61
RM028,2026-03-25,Sea Salt,kg,4.26
RM028,2026-03-26,Sea Salt,kg,4.28
RM028,2026-03-27,Sea Salt,kg,4.92
RM028,2026-03-28,Sea Salt,kg,5.48
RM028,2026-03-29,Sea Salt,kg,3.94
RM028,2026-03-30,Sea Salt,kg,3.44
RM028,2026-03-31,Sea Salt,kg,3.62
RM028,2026-04-01,Sea Salt,kg,4.11
RM028,2026-04-02,Sea Salt,kg,3.89
RM028,2026-04-03,Sea Salt,kg,4.34
RM028,2026-04-04,Sea Salt,kg,4.65
RM028,2026-04-05,Sea Salt,kg,3.98
RM028,2026-04-06,Sea Salt,kg,3.71
RM028,2026-04-07,Sea Salt,kg,3.22
RM028,2026-04-08,Sea Salt,kg,3.98
RM028,2026-04-09,Sea Salt,kg,3.81
RM028,2026-04-10,Sea Salt,kg,4.85
RM028,2026-04-11,Sea Salt,kg,4.21
RM028,2026-04-12,Sea Salt,kg,4.16
RM028,2026-04-13,Sea Salt,kg,3.27
RM028,2026-04-14,Sea Salt,kg,3.3
RM028,2026-04-15,Sea Salt,kg,4.02
RM028,2026-04-16,Sea Salt,kg,4.33
RM028,2026-04-17,Sea Salt,kg,4.68
RM028,2026-04-18,Sea Salt,kg,5.16
RM028,2026-04-19,Sea Salt,kg,4.82
RM028,2026-04-20,Sea Salt,kg,3.89
RM028,2026-04-21,Sea Salt,kg,4.1
RM028,2026-04-22,Sea Salt,kg,4.19
RM028,2026-04-23,Sea Salt,kg,4.23
RM028,2026-04-24,Sea Salt,kg,4.06
RM028,2026-04-25,Sea Salt,kg,4.92
RM028,2026-04-26,Sea Salt,kg,4.41
RM028,2026-04-27,Sea Salt,kg,3.23
RM028,2026-04-28,Sea Salt,kg,3.7
RM028,2026-04-29,Sea Salt,kg,4.6
RM028,2026-04-30,Sea Salt,kg,3.86
RM028,2026-05-01,Sea Salt,kg,4.97
RM028,2026-05-02,Sea Salt,kg,4.85
RM028,2026-05-03,Sea Salt,kg,3.82
RM028,2026-05-04,Sea Salt,kg,3.07
RM028,2026-05-05,Sea Salt,kg,3.02
RM028,2026-05-06,Sea Salt,kg,3.57
RM028,2026-05-07,Sea Salt,kg,4.0
RM028,2026-05-08,Sea Salt,kg,4.16
RM028,2026-05-09,Sea Salt,kg,4.33
RM028,2026-05-10,Sea Salt,kg,3.98
RM028,2026-05-11,Sea Salt,kg,2.87
RM028,2026-05-12,Sea Salt,kg,4.18
RM028,2026-05-13,Sea Salt,kg,3.6
RM028,2026-05-14,Sea Salt,kg,4.16
RM028,2026-05-15,Sea Salt,kg,4.05
RM028,2026-05-16,Sea Salt,kg,4.36
RM028,2026-05-17,Sea Salt,kg,3.9
RM028,2026-05-18,Sea Salt,kg,3.69
RM028,2026-05-19,Sea Salt,kg,3.52
RM028,2026-05-20,Sea Salt,kg,4.21
RM028,2026-05-21,Sea Salt,kg,3.68
RM028,2026-05-22,Sea Salt,kg,5.12
RM028,2026-05-23,Sea Salt,kg,5.25
RM028,2026-05-24,Sea Salt,kg,4.6
RM028,2026-05-25,Sea Salt,kg,3.33
RM028,2026-05-26,Sea Salt,kg,4.49
RM028,2026-05-27,Sea Salt,kg,4.23
RM028,2026-05-28,Sea Salt,kg,5.06
RM028,2026-05-29,Sea Salt,kg,4.67
RM028,2026-05-30,Sea Salt,kg,3.92
RM028,2026-05-31,Sea Salt,kg,4.08
RM028,2026-06-01,Sea Salt,kg,3.51
RM028,2026-06-02,Sea Salt,kg,3.92
RM028,2026-06-03,Sea Salt,kg,4.08
RM028,2026-06-04,Sea Salt,kg,3.81
RM028,2026-06-05,Sea Salt,kg,4.36
RM028,2026-06-06,Sea Salt,kg,4.25
RM028,2026-06-07,Sea Salt,kg,3.48
RM028,2026-06-08,Sea Salt,kg,3.2
RM028,2026-06-09,Sea Salt,kg,4.03
RM028,2026-06-10,Sea Salt,kg,3.88
RM028,2026-06-11,Sea Salt,kg,4.21
RM028,2026-06-12,Sea Salt,kg,4.49
RM028,2026-06-13,Sea Salt,kg,4.07
RM028,2026-06-14,Sea Salt,kg,4.23
RM028,2026-06-15,Sea Salt,kg,3.57
RM028,2026-06-16,Sea Salt,kg,3.99
RM028,2026-06-17,Sea Salt,kg,3.92
RM028,2026-06-18,Sea Salt,kg,4.33
RM028,2026-06-19,Sea Salt,kg,4.57
RM028,2026-06-20,Sea Salt,kg,5.15
RM028,2026-06-21,Sea Salt,kg,4.46
RM028,2026-06-22,Sea Salt,kg,3.19
RM028,2026-06-23,Sea Salt,kg,3.84
RM028,2026-06-24,Sea Salt,kg,3.98
RM028,2026-06-25,Sea Salt,kg,4.27
RM028,2026-06-26,Sea Salt,kg,4.77
RM028,2026-06-27,Sea Salt,kg,4.8
RM028,2026-06-28,Sea Salt,kg,4.59
RM028,2026-06-29,Sea Salt,kg,3.16
RM028,2026-06-30,Sea Salt,kg,3.71
RM028,2026-07-01,Sea Salt,kg,4.24
RM028,2026-07-02,Sea Salt,kg,4.39
RM028,2026-07-03,Sea Salt,kg,4.33
RM028,2026-07-04,Sea Salt,kg,4.42
RM028,2026-07-05,Sea Salt,kg,4.16
RM028,2026-07-06,Sea Salt,kg,3.32
RM028,2026-07-07,Sea Salt,kg,3.67
RM028,2026-07-08,Sea Salt,kg,3.9
RM028,2026-07-09,Sea Salt,kg,4.17
RM028,2026-07-10,Sea Salt,kg,3.59
RM028,2026-07-11,Sea Salt,kg,4.55
RM028,2026-07-12,Sea Salt,kg,4.56
RM028,2026-07-13,Sea Salt,kg,3.2
RM028,2026-07-14,Sea Salt,kg,3.84
RM028,2026-07-15,Sea Salt,kg,4.1
RM028,2026-07-16,Sea Salt,kg,4.24
RM028,2026-07-17,Sea Salt,kg,4.61
RM028,2026-07-18,Sea Salt,kg,5.07
RM028,2026-07-19,Sea Salt,kg,3.75
RM028,2026-07-20,Sea Salt,kg,3.63
RM028,2026-07-21,Sea Salt,kg,4.27
RM028,2026-07-22,Sea Salt,kg,4.56
RM028,2026-07-23,Sea Salt,kg,4.8
RM028,2026-07-24,Sea Salt,kg,4.05
RM028,2026-07-25,Sea Salt,kg,5.26
RM028,2026-07-26,Sea Salt,kg,4.6
RM028,2026-07-27,Sea Salt,kg,4.02
RM028,2026-07-28,Sea Salt,kg,3.42
RM028,2026-07-29,Sea Salt,kg,4.07
RM028,2026-07-30,Sea Salt,kg,4.48
RM028,2026-07-31,Sea Salt,kg,4.19
RM028,2026-08-01,Sea Salt,kg,4.21
RM028,2026-08-02,Sea Salt,kg,4.75
RM028,2026-08-03,Sea Salt,kg,3.92
RM028,2026-08-04,Sea Salt,kg,3.57
RM028,2026-08-05,Sea Salt,kg,3.47
RM028,2026-08-06,Sea Salt,kg,3.73
RM028,2026-08-07,Sea Salt,kg,4.47
RM028,2026-08-08,Sea Salt,kg,4.57
RM028,2026-08-09,Sea Salt,kg,4.31
RM029,2025-01-01,Honey,L,2.75
RM029,2025-01-02,Honey,L,3.14
RM029,2025-01-03,Honey,L,3.04
RM029,2025-01-04,Honey,L,3.48
RM029,2025-01-05,Honey,L,3.03
RM029,2025-01-06,Honey,L,2.36
RM029,2025-01-07,Honey,L,2.58
RM029,2025-01-08,Honey,L,2.72
RM029,2025-01-09,Honey,L,2.72
RM029,2025-01-10,Honey,L,3.08
RM029,2025-01-11,Honey,L,3.57
RM029,2025-01-12,Honey,L,3.06
RM029,2025-01-13,Honey,L,2.03
RM029,2025-01-14,Honey,L,2.8
RM029,2025-01-15,Honey,L,3.11
RM029,2025-01-16,Honey,L,2.98
RM029,2025-01-17,Honey,L,3.51
RM029,2025-01-18,Honey,L,3.68
RM029,2025-01-19,Honey,L,2.66
RM029,2025-01-20,Honey,L,2.9
RM029,2025-01-21,Honey,L,3.14
RM029,2025-01-22,Honey,L,3.25
RM029,2025-01-23,Honey,L,3.34
RM029,2025-01-24,Honey,L,3.49
RM029,2025-01-25,Honey,L,3.84
RM029,2025-01-26,Honey,L,3.79
RM029,2025-01-27,Honey,L,2.61
RM029,2025-01-28,Honey,L,3.12
RM029,2025-01-29,Honey,L,3.07
RM029,2025-01-30,Honey,L,3.37
RM029,2025-01-31,Honey,L,3.43
RM029,2025-02-01,Honey,L,2.84
RM029,2025-02-02,Honey,L,2.86
RM029,2025-02-03,Honey,L,2.36
RM029,2025-02-04,Honey,L,2.41
RM029,2025-02-05,Honey,L,2.95
RM029,2025-02-06,Honey,L,2.76
RM029,2025-02-07,Honey,L,3.13
RM029,2025-02-08,Honey,L,2.95
RM029,2025-02-09,Honey,L,3.28
RM029,2025-02-10,Honey,L,2.31
RM029,2025-02-11,Honey,L,3.12
RM029,2025-02-12,Honey,L,3.14
RM029,2025-02-13,Honey,L,3.16
RM029,2025-02-14,Honey,L,3.38
RM029,2025-02-15,Honey,L,3.32
RM029,2025-02-16,Honey,L,3.63
RM029,2025-02-17,Honey,L,2.61
RM029,2025-02-18,Honey,L,3.02
RM029,2025-02-19,Honey,L,3.66
RM029,2025-02-20,Honey,L,2.95
RM029,2025-02-21,Honey,L,3.74
RM029,2025-02-22,Honey,L,3.99
RM029,2025-02-23,Honey,L,3.41
RM029,2025-02-24,Honey,L,3.11
RM029,2025-02-25,Honey,L,2.86
RM029,2025-02-26,Honey,L,2.81
RM029,2025-02-27,Honey,L,3.15
RM029,2025-02-28,Honey,L,3.52
RM029,2025-03-01,Honey,L,3.72
RM029,2025-03-02,Honey,L,3.02
RM029,2025-03-03,Honey,L,2.5
RM029,2025-03-04,Honey,L,2.25
RM029,2025-03-05,Honey,L,3.21
RM029,2025-03-06,Honey,L,3.15
RM029,2025-03-07,Honey,L,3.43
RM029,2025-03-08,Honey,L,3.84
RM029,2025-03-09,Honey,L,3.05
RM029,2025-03-10,Honey,L,2.68
RM029,2025-03-11,Honey,L,3.14
RM029,2025-03-12,Honey,L,3.02
RM029,2025-03-13,Honey,L,3.05
RM029,2025-03-14,Honey,L,3.22
RM029,2025-03-15,Honey,L,3.32
RM029,2025-03-16,Honey,L,3.25
RM029,2025-03-17,Honey,L,2.61
RM029,2025-03-18,Honey,L,2.78
RM029,2025-03-19,Honey,L,3.02
RM029,2025-03-20,Honey,L,3.59
RM029,2025-03-21,Honey,L,3.66
RM029,2025-03-22,Honey,L,3.72
RM029,2025-03-23,Honey,L,3.53
RM029,2025-03-24,Honey,L,2.89
RM029,2025-03-25,Honey,L,3.08
RM029,2025-03-26,Honey,L,3.08
RM029,2025-03-27,Honey,L,3.71
RM029,2025-03-28,Honey,L,3.28
RM029,2025-03-29,Honey,L,3.73
RM029,2025-03-30,Honey,L,3.35
RM029,2025-03-31,Honey,L,2.36
RM029,2025-04-01,Honey,L,3.04
RM029,2025-04-02,Honey,L,2.9
RM029,2025-04-03,Honey,L,3.04
RM029,2025-04-04,Honey,L,3.64
RM029,2025-04-05,Honey,L,3.45
RM029,2025-04-06,Honey,L,2.9
RM029,2025-04-07,Honey,L,2.45
RM029,2025-04-08,Honey,L,2.85
RM029,2025-04-09,Honey,L,2.36
RM029,2025-04-10,Honey,L,2.97
RM029,2025-04-11,Honey,L,3.51
RM029,2025-04-12,Honey,L,3.32
RM029,2025-04-13,Honey,L,2.94
RM029,2025-04-14,Honey,L,2.56
RM029,2025-04-15,Honey,L,2.52
RM029,2025-04-16,Honey,L,3.02
RM029,2025-04-17,Honey,L,3.07
RM029,2025-04-18,Honey,L,3.35
RM029,2025-04-19,Honey,L,3.93
RM029,2025-04-20,Honey,L,3.03
RM029,2025-04-21,Honey,L,2.71
RM029,2025-04-22,Honey,L,2.91
RM029,2025-04-23,Honey,L,3.35
RM029,2025-04-24,Honey,L,3.12
RM029,2025-04-25,Honey,L,3.6
RM029,2025-04-26,Honey,L,3.57
RM029,2025-04-27,Honey,L,3.5
RM029,2025-04-28,Honey,L,2.76
RM029,2025-04-29,Honey,L,2.7
RM029,2025-04-30,Honey,L,3.03
RM029,2025-05-01,Honey,L,3.13
RM029,2025-05-02,Honey,L,3.1
RM029,2025-05-03,Honey,L,3.94
RM029,2025-05-04,Honey,L,3.12
RM029,2025-05-05,Honey,L,2.73
RM029,2025-05-06,Honey,L,2.76
RM029,2025-05-07,Honey,L,2.94
RM029,2025-05-08,Honey,L,3.27
RM029,2025-05-09,Honey,L,3.26
RM029,2025-05-10,Honey,L,3.59
RM029,2025-05-11,Honey,L,2.59
RM029,2025-05-12,Honey,L,2.85
RM029,2025-05-13,Honey,L,2.88
RM029,2025-05-14,Honey,L,3.17
RM029,2025-05-15,Honey,L,3.27
RM029,2025-05-16,Honey,L,3.87
RM029,2025-05-17,Honey,L,4.23
RM029,2025-05-18,Honey,L,3.08
RM029,2025-05-19,Honey,L,2.7
RM029,2025-05-20,Honey,L,2.88
RM029,2025-05-21,Honey,L,3.19
RM029,2025-05-22,Honey,L,3.22
RM029,2025-05-23,Honey,L,3.36
RM029,2025-05-24,Honey,L,3.68
RM029,2025-05-25,Honey,L,3.19
RM029,2025-05-26,Honey,L,2.71
RM029,2025-05-27,Honey,L,3.13
RM029,2025-05-28,Honey,L,3.08
RM029,2025-05-29,Honey,L,3.33
RM029,2025-05-30,Honey,L,3.74
RM029,2025-05-31,Honey,L,3.54
RM029,2025-06-01,Honey,L,3.34
RM029,2025-06-02,Honey,L,2.82
RM029,2025-06-03,Honey,L,2.68
RM029,2025-06-04,Honey,L,3.23
RM029,2025-06-05,Honey,L,3.11
RM029,2025-06-06,Honey,L,3.1
RM029,2025-06-07,Honey,L,3.04
RM029,2025-06-08,Honey,L,3.18
RM029,2025-06-09,Honey,L,2.16
RM029,2025-06-10,Honey,L,2.52
RM029,2025-06-11,Honey,L,2.7
RM029,2025-06-12,Honey,L,3.18
RM029,2025-06-13,Honey,L,3.27
RM029,2025-06-14,Honey,L,3.72
RM029,2025-06-15,Honey,L,3.57
RM029,2025-06-16,Honey,L,2.68
RM029,2025-06-17,Honey,L,3.12
RM029,2025-06-18,Honey,L,2.79
RM029,2025-06-19,Honey,L,3.27
RM029,2025-06-20,Honey,L,3.33
RM029,2025-06-21,Honey,L,4.23
RM029,2025-06-22,Honey,L,3.24
RM029,2025-06-23,Honey,L,2.71
RM029,2025-06-24,Honey,L,2.54
RM029,2025-06-25,Honey,L,3.56
RM029,2025-06-26,Honey,L,3.09
RM029,2025-06-27,Honey,L,2.85
RM029,2025-06-28,Honey,L,4.13
RM029,2025-06-29,Honey,L,3.04
RM029,2025-06-30,Honey,L,2.4
RM029,2025-07-01,Honey,L,3.37
RM029,2025-07-02,Honey,L,2.76
RM029,2025-07-03,Honey,L,3.12
RM029,2025-07-04,Honey,L,3.77
RM029,2025-07-05,Honey,L,3.35
RM029,2025-07-06,Honey,L,3.37
RM029,2025-07-07,Honey,L,2.54
RM029,2025-07-08,Honey,L,2.85
RM029,2025-07-09,Honey,L,3.05
RM029,2025-07-10,Honey,L,2.95
RM029,2025-07-11,Honey,L,3.16
RM029,2025-07-12,Honey,L,3.61
RM029,2025-07-13,Honey,L,3.19
RM029,2025-07-14,Honey,L,2.38
RM029,2025-07-15,Honey,L,3.0
RM029,2025-07-16,Honey,L,2.83
RM029,2025-07-17,Honey,L,3.45
RM029,2025-07-18,Honey,L,4.07
RM029,2025-07-19,Honey,L,4.27
RM029,2025-07-20,Honey,L,3.62
RM029,2025-07-21,Honey,L,3.13
RM029,2025-07-22,Honey,L,3.24
RM029,2025-07-23,Honey,L,2.75
RM029,2025-07-24,Honey,L,3.27
RM029,2025-07-25,Honey,L,3.66
RM029,2025-07-26,Honey,L,3.1
RM029,2025-07-27,Honey,L,3.84
RM029,2025-07-28,Honey,L,2.79
RM029,2025-07-29,Honey,L,2.76
RM029,2025-07-30,Honey,L,2.76
RM029,2025-07-31,Honey,L,3.08
RM029,2025-08-01,Honey,L,3.33
RM029,2025-08-02,Honey,L,3.15
RM029,2025-08-03,Honey,L,3.4
RM029,2025-08-04,Honey,L,2.35
RM029,2025-08-05,Honey,L,2.59
RM029,2025-08-06,Honey,L,2.97
RM029,2025-08-07,Honey,L,3.18
RM029,2025-08-08,Honey,L,2.96
RM029,2025-08-09,Honey,L,3.62
RM029,2025-08-10,Honey,L,3.0
RM029,2025-08-11,Honey,L,2.64
RM029,2025-08-12,Honey,L,2.47
RM029,2025-08-13,Honey,L,3.36
RM029,2025-08-14,Honey,L,3.18
RM029,2025-08-15,Honey,L,3.42
RM029,2025-08-16,Honey,L,3.58
RM029,2025-08-17,Honey,L,3.03
RM029,2025-08-18,Honey,L,2.6
RM029,2025-08-19,Honey,L,3.15
RM029,2025-08-20,Honey,L,3.23
RM029,2025-08-21,Honey,L,3.55
RM029,2025-08-22,Honey,L,3.96
RM029,2025-08-23,Honey,L,3.69
RM029,2025-08-24,Honey,L,3.5
RM029,2025-08-25,Honey,L,2.76
RM029,2025-08-26,Honey,L,2.79
RM029,2025-08-27,Honey,L,3.13
RM029,2025-08-28,Honey,L,3.67
RM029,2025-08-29,Honey,L,3.47
RM029,2025-08-30,Honey,L,3.75
RM029,2025-08-31,Honey,L,2.98
RM029,2025-09-01,Honey,L,2.62
RM029,2025-09-02,Honey,L,2.69
RM029,2025-09-03,Honey,L,2.65
RM029,2025-09-04,Honey,L,2.7
RM029,2025-09-05,Honey,L,3.02
RM029,2025-09-06,Honey,L,3.49
RM029,2025-09-07,Honey,L,3.0
RM029,2025-09-08,Honey,L,2.79
RM029,2025-09-09,Honey,L,2.84
RM029,2025-09-10,Honey,L,2.7
RM029,2025-09-11,Honey,L,3.17
RM029,2025-09-12,Honey,L,3.72
RM029,2025-09-13,Honey,L,3.36
RM029,2025-09-14,Honey,L,3.57
RM029,2025-09-15,Honey,L,2.25
RM029,2025-09-16,Honey,L,2.9
RM029,2025-09-17,Honey,L,3.01
RM029,2025-09-18,Honey,L,3.33
RM029,2025-09-19,Honey,L,3.65
RM029,2025-09-20,Honey,L,3.37
RM029,2025-09-21,Honey,L,3.35
RM029,2025-09-22,Honey,L,2.92
RM029,2025-09-23,Honey,L,3.25
RM029,2025-09-24,Honey,L,3.07
RM029,2025-09-25,Honey,L,3.8
RM029,2025-09-26,Honey,L,3.17
RM029,2025-09-27,Honey,L,3.59
RM029,2025-09-28,Honey,L,3.58
RM029,2025-09-29,Honey,L,2.86
RM029,2025-09-30,Honey,L,3.04
RM029,2025-10-01,Honey,L,2.92
RM029,2025-10-02,Honey,L,3.03
RM029,2025-10-03,Honey,L,3.16
RM029,2025-10-04,Honey,L,3.49
RM029,2025-10-05,Honey,L,3.05
RM029,2025-10-06,Honey,L,2.41
RM029,2025-10-07,Honey,L,2.91
RM029,2025-10-08,Honey,L,2.46
RM029,2025-10-09,Honey,L,3.23
RM029,2025-10-10,Honey,L,3.43
RM029,2025-10-11,Honey,L,3.47
RM029,2025-10-12,Honey,L,2.97
RM029,2025-10-13,Honey,L,2.66
RM029,2025-10-14,Honey,L,2.61
RM029,2025-10-15,Honey,L,3.13
RM029,2025-10-16,Honey,L,3.41
RM029,2025-10-17,Honey,L,3.68
RM029,2025-10-18,Honey,L,3.44
RM029,2025-10-19,Honey,L,3.7
RM029,2025-10-20,Honey,L,3.26
RM029,2025-10-21,Honey,L,3.37
RM029,2025-10-22,Honey,L,3.04
RM029,2025-10-23,Honey,L,3.0
RM029,2025-10-24,Honey,L,3.95
RM029,2025-10-25,Honey,L,4.5
RM029,2025-10-26,Honey,L,3.49
RM029,2025-10-27,Honey,L,2.51
RM029,2025-10-28,Honey,L,2.57
RM029,2025-10-29,Honey,L,3.59
RM029,2025-10-30,Honey,L,3.12
RM029,2025-10-31,Honey,L,3.53
RM029,2025-11-01,Honey,L,3.56
RM029,2025-11-02,Honey,L,2.99
RM029,2025-11-03,Honey,L,2.47
RM029,2025-11-04,Honey,L,2.61
RM029,2025-11-05,Honey,L,2.65
RM029,2025-11-06,Honey,L,3.03
RM029,2025-11-07,Honey,L,3.21
RM029,2025-11-08,Honey,L,3.58
RM029,2025-11-09,Honey,L,3.05
RM029,2025-11-10,Honey,L,3.11
RM029,2025-11-11,Honey,L,2.45
RM029,2025-11-12,Honey,L,2.81
RM029,2025-11-13,Honey,L,3.12
RM029,2025-11-14,Honey,L,3.33
RM029,2025-11-15,Honey,L,3.87
RM029,2025-11-16,Honey,L,3.39
RM029,2025-11-17,Honey,L,2.89
RM029,2025-11-18,Honey,L,3.2
RM029,2025-11-19,Honey,L,3.01
RM029,2025-11-20,Honey,L,3.28
RM029,2025-11-21,Honey,L,3.52
RM029,2025-11-22,Honey,L,4.25
RM029,2025-11-23,Honey,L,3.4
RM029,2025-11-24,Honey,L,3.04
RM029,2025-11-25,Honey,L,3.67
RM029,2025-11-26,Honey,L,2.82
RM029,2025-11-27,Honey,L,3.15
RM029,2025-11-28,Honey,L,3.37
RM029,2025-11-29,Honey,L,3.61
RM029,2025-11-30,Honey,L,3.15
RM029,2025-12-01,Honey,L,2.51
RM029,2025-12-02,Honey,L,2.52
RM029,2025-12-03,Honey,L,2.64
RM029,2025-12-04,Honey,L,2.78
RM029,2025-12-05,Honey,L,2.88
RM029,2025-12-06,Honey,L,3.59
RM029,2025-12-07,Honey,L,3.13
RM029,2025-12-08,Honey,L,2.4
RM029,2025-12-09,Honey,L,2.54
RM029,2025-12-10,Honey,L,2.79
RM029,2025-12-11,Honey,L,3.13
RM029,2025-12-12,Honey,L,3.26
RM029,2025-12-13,Honey,L,2.9
RM029,2025-12-14,Honey,L,3.19
RM029,2025-12-15,Honey,L,2.52
RM029,2025-12-16,Honey,L,2.73
RM029,2025-12-17,Honey,L,2.99
RM029,2025-12-18,Honey,L,3.36
RM029,2025-12-19,Honey,L,3.51
RM029,2025-12-20,Honey,L,3.93
RM029,2025-12-21,Honey,L,3.31
RM029,2025-12-22,Honey,L,2.99
RM029,2025-12-23,Honey,L,3.02
RM029,2025-12-24,Honey,L,2.9
RM029,2025-12-25,Honey,L,2.85
RM029,2025-12-26,Honey,L,3.1
RM029,2025-12-27,Honey,L,3.79
RM029,2025-12-28,Honey,L,3.23
RM029,2025-12-29,Honey,L,2.68
RM029,2025-12-30,Honey,L,3.4
RM029,2025-12-31,Honey,L,3.15
RM029,2026-01-01,Honey,L,2.92
RM029,2026-01-02,Honey,L,2.85
RM029,2026-01-03,Honey,L,3.44
RM029,2026-01-04,Honey,L,2.99
RM029,2026-01-05,Honey,L,2.27
RM029,2026-01-06,Honey,L,3.04
RM029,2026-01-07,Honey,L,2.66
RM029,2026-01-08,Honey,L,2.99
RM029,2026-01-09,Honey,L,2.87
RM029,2026-01-10,Honey,L,3.8
RM029,2026-01-11,Honey,L,3.22
RM029,2026-01-12,Honey,L,2.67
RM029,2026-01-13,Honey,L,2.92
RM029,2026-01-14,Honey,L,3.2
RM029,2026-01-15,Honey,L,2.63
RM029,2026-01-16,Honey,L,3.49
RM029,2026-01-17,Honey,L,3.25
RM029,2026-01-18,Honey,L,3.19
RM029,2026-01-19,Honey,L,3.06
RM029,2026-01-20,Honey,L,3.03
RM029,2026-01-21,Honey,L,3.28
RM029,2026-01-22,Honey,L,3.6
RM029,2026-01-23,Honey,L,3.57
RM029,2026-01-24,Honey,L,3.52
RM029,2026-01-25,Honey,L,3.84
RM029,2026-01-26,Honey,L,2.8
RM029,2026-01-27,Honey,L,3.04
RM029,2026-01-28,Honey,L,2.92
RM029,2026-01-29,Honey,L,3.26
RM029,2026-01-30,Honey,L,3.26
RM029,2026-01-31,Honey,L,3.72
RM029,2026-02-01,Honey,L,3.25
RM029,2026-02-02,Honey,L,2.57
RM029,2026-02-03,Honey,L,2.72
RM029,2026-02-04,Honey,L,3.09
RM029,2026-02-05,Honey,L,2.97
RM029,2026-02-06,Honey,L,2.94
RM029,2026-02-07,Honey,L,3.56
RM029,2026-02-08,Honey,L,3.32
RM029,2026-02-09,Honey,L,2.81
RM029,2026-02-10,Honey,L,3.04
RM029,2026-02-11,Honey,L,3.07
RM029,2026-02-12,Honey,L,3.2
RM029,2026-02-13,Honey,L,2.96
RM029,2026-02-14,Honey,L,3.31
RM029,2026-02-15,Honey,L,2.84
RM029,2026-02-16,Honey,L,2.74
RM029,2026-02-17,Honey,L,3.5
RM029,2026-02-18,Honey,L,3.3
RM029,2026-02-19,Honey,L,3.12
RM029,2026-02-20,Honey,L,3.34
RM029,2026-02-21,Honey,L,3.49
RM029,2026-02-22,Honey,L,3.42
RM029,2026-02-23,Honey,L,3.03
RM029,2026-02-24,Honey,L,3.35
RM029,2026-02-25,Honey,L,3.01
RM029,2026-02-26,Honey,L,3.04
RM029,2026-02-27,Honey,L,3.16
RM029,2026-02-28,Honey,L,3.43
RM029,2026-03-01,Honey,L,3.1
RM029,2026-03-02,Honey,L,2.87
RM029,2026-03-03,Honey,L,2.71
RM029,2026-03-04,Honey,L,2.73
RM029,2026-03-05,Honey,L,3.25
RM029,2026-03-06,Honey,L,3.18
RM029,2026-03-07,Honey,L,3.5
RM029,2026-03-08,Honey,L,2.94
RM029,2026-03-09,Honey,L,2.47
RM029,2026-03-10,Honey,L,3.01
RM029,2026-03-11,Honey,L,3.23
RM029,2026-03-12,Honey,L,2.58
RM029,2026-03-13,Honey,L,4.01
RM029,2026-03-14,Honey,L,3.65
RM029,2026-03-15,Honey,L,3.05
RM029,2026-03-16,Honey,L,2.55
RM029,2026-03-17,Honey,L,3.72
RM029,2026-03-18,Honey,L,2.66
RM029,2026-03-19,Honey,L,3.11
RM029,2026-03-20,Honey,L,2.82
RM029,2026-03-21,Honey,L,3.54
RM029,2026-03-22,Honey,L,3.38
RM029,2026-03-23,Honey,L,2.76
RM029,2026-03-24,Honey,L,2.99
RM029,2026-03-25,Honey,L,2.92
RM029,2026-03-26,Honey,L,3.08
RM029,2026-03-27,Honey,L,3.36
RM029,2026-03-28,Honey,L,3.48
RM029,2026-03-29,Honey,L,3.37
RM029,2026-03-30,Honey,L,2.48
RM029,2026-03-31,Honey,L,3.05
RM029,2026-04-01,Honey,L,2.6
RM029,2026-04-02,Honey,L,3.15
RM029,2026-04-03,Honey,L,3.26
RM029,2026-04-04,Honey,L,3.44
RM029,2026-04-05,Honey,L,2.64
RM029,2026-04-06,Honey,L,2.73
RM029,2026-04-07,Honey,L,2.78
RM029,2026-04-08,Honey,L,3.12
RM029,2026-04-09,Honey,L,3.26
RM029,2026-04-10,Honey,L,3.37
RM029,2026-04-11,Honey,L,3.51
RM029,2026-04-12,Honey,L,3.59
RM029,2026-04-13,Honey,L,2.84
RM029,2026-04-14,Honey,L,3.35
RM029,2026-04-15,Honey,L,3.32
RM029,2026-04-16,Honey,L,3.21
RM029,2026-04-17,Honey,L,3.28
RM029,2026-04-18,Honey,L,3.18
RM029,2026-04-19,Honey,L,3.5
RM029,2026-04-20,Honey,L,2.9
RM029,2026-04-21,Honey,L,2.95
RM029,2026-04-22,Honey,L,3.44
RM029,2026-04-23,Honey,L,3.76
RM029,2026-04-24,Honey,L,3.5
RM029,2026-04-25,Honey,L,3.56
RM029,2026-04-26,Honey,L,3.17
RM029,2026-04-27,Honey,L,2.63
RM029,2026-04-28,Honey,L,3.08
RM029,2026-04-29,Honey,L,3.13
RM029,2026-04-30,Honey,L,3.24
RM029,2026-05-01,Honey,L,3.09
RM029,2026-05-02,Honey,L,3.41
RM029,2026-05-03,Honey,L,3.19
RM029,2026-05-04,Honey,L,2.34
RM029,2026-05-05,Honey,L,2.91
RM029,2026-05-06,Honey,L,2.84
RM029,2026-05-07,Honey,L,2.8
RM029,2026-05-08,Honey,L,3.21
RM029,2026-05-09,Honey,L,3.87
RM029,2026-05-10,Honey,L,3.1
RM029,2026-05-11,Honey,L,2.58
RM029,2026-05-12,Honey,L,2.55
RM029,2026-05-13,Honey,L,2.79
RM029,2026-05-14,Honey,L,3.15
RM029,2026-05-15,Honey,L,3.43
RM029,2026-05-16,Honey,L,3.88
RM029,2026-05-17,Honey,L,3.62
RM029,2026-05-18,Honey,L,2.79
RM029,2026-05-19,Honey,L,3.52
RM029,2026-05-20,Honey,L,3.0
RM029,2026-05-21,Honey,L,3.26
RM029,2026-05-22,Honey,L,3.24
RM029,2026-05-23,Honey,L,3.8
RM029,2026-05-24,Honey,L,3.42
RM029,2026-05-25,Honey,L,2.89
RM029,2026-05-26,Honey,L,3.6
RM029,2026-05-27,Honey,L,2.91
RM029,2026-05-28,Honey,L,2.96
RM029,2026-05-29,Honey,L,3.06
RM029,2026-05-30,Honey,L,3.5
RM029,2026-05-31,Honey,L,3.01
RM029,2026-06-01,Honey,L,2.57
RM029,2026-06-02,Honey,L,2.56
RM029,2026-06-03,Honey,L,2.28
RM029,2026-06-04,Honey,L,3.13
RM029,2026-06-05,Honey,L,3.03
RM029,2026-06-06,Honey,L,3.29
RM029,2026-06-07,Honey,L,3.04
RM029,2026-06-08,Honey,L,2.35
RM029,2026-06-09,Honey,L,2.3
RM029,2026-06-10,Honey,L,2.8
RM029,2026-06-11,Honey,L,2.98
RM029,2026-06-12,Honey,L,2.83
RM029,2026-06-13,Honey,L,3.34
RM029,2026-06-14,Honey,L,3.5
RM029,2026-06-15,Honey,L,2.65
RM029,2026-06-16,Honey,L,3.04
RM029,2026-06-17,Honey,L,2.91
RM029,2026-06-18,Honey,L,3.19
RM029,2026-06-19,Honey,L,3.91
RM029,2026-06-20,Honey,L,3.43
RM029,2026-06-21,Honey,L,3.41
RM029,2026-06-22,Honey,L,2.67
RM029,2026-06-23,Honey,L,3.08
RM029,2026-06-24,Honey,L,3.05
RM029,2026-06-25,Honey,L,3.77
RM029,2026-06-26,Honey,L,3.35
RM029,2026-06-27,Honey,L,3.83
RM029,2026-06-28,Honey,L,3.43
RM029,2026-06-29,Honey,L,2.62
RM029,2026-06-30,Honey,L,3.15
RM029,2026-07-01,Honey,L,3.21
RM029,2026-07-02,Honey,L,2.92
RM029,2026-07-03,Honey,L,2.97
RM029,2026-07-04,Honey,L,3.09
RM029,2026-07-05,Honey,L,3.36
RM029,2026-07-06,Honey,L,2.34
RM029,2026-07-07,Honey,L,2.59
RM029,2026-07-08,Honey,L,2.57
RM029,2026-07-09,Honey,L,3.28
RM029,2026-07-10,Honey,L,3.15
RM029,2026-07-11,Honey,L,3.11
RM029,2026-07-12,Honey,L,3.33
RM029,2026-07-13,Honey,L,2.61
RM029,2026-07-14,Honey,L,2.5
RM029,2026-07-15,Honey,L,3.11
RM029,2026-07-16,Honey,L,3.25
RM029,2026-07-17,Honey,L,3.27
RM029,2026-07-18,Honey,L,3.89
RM029,2026-07-19,Honey,L,3.17
RM029,2026-07-20,Honey,L,2.48
RM029,2026-07-21,Honey,L,2.99
RM029,2026-07-22,Honey,L,3.06
RM029,2026-07-23,Honey,L,3.33
RM029,2026-07-24,Honey,L,3.3
RM029,2026-07-25,Honey,L,4.26
RM029,2026-07-26,Honey,L,3.17
RM029,2026-07-27,Honey,L,2.78
RM029,2026-07-28,Honey,L,2.88
RM029,2026-07-29,Honey,L,3.26
RM029,2026-07-30,Honey,L,3.06
RM029,2026-07-31,Honey,L,3.2
RM029,2026-08-01,Honey,L,3.68
RM029,2026-08-02,Honey,L,3.2
RM029,2026-08-03,Honey,L,2.63
RM029,2026-08-04,Honey,L,2.97
RM029,2026-08-05,Honey,L,3.16
RM029,2026-08-06,Honey,L,2.8
RM029,2026-08-07,Honey,L,3.18
RM029,2026-08-08,Honey,L,3.73
RM029,2026-08-09,Honey,L,3.23
RM030,2025-01-01,Oil,L,6.8
RM030,2025-01-02,Oil,L,7.4
RM030,2025-01-03,Oil,L,8.21
RM030,2025-01-04,Oil,L,9.04
RM030,2025-01-05,Oil,L,8.18
RM030,2025-01-06,Oil,L,5.38
RM030,2025-01-07,Oil,L,6.76
RM030,2025-01-08,Oil,L,6.48
RM030,2025-01-09,Oil,L,6.85
RM030,2025-01-10,Oil,L,7.69
RM030,2025-01-11,Oil,L,8.65
RM030,2025-01-12,Oil,L,8.1
RM030,2025-01-13,Oil,L,5.27
RM030,2025-01-14,Oil,L,7.27
RM030,2025-01-15,Oil,L,6.09
RM030,2025-01-16,Oil,L,7.83
RM030,2025-01-17,Oil,L,7.43
RM030,2025-01-18,Oil,L,9.09
RM030,2025-01-19,Oil,L,7.52
RM030,2025-01-20,Oil,L,6.59
RM030,2025-01-21,Oil,L,7.12
RM030,2025-01-22,Oil,L,8.12
RM030,2025-01-23,Oil,L,7.39
RM030,2025-01-24,Oil,L,9.24
RM030,2025-01-25,Oil,L,9.45
RM030,2025-01-26,Oil,L,7.2
RM030,2025-01-27,Oil,L,6.92
RM030,2025-01-28,Oil,L,5.87
RM030,2025-01-29,Oil,L,6.52
RM030,2025-01-30,Oil,L,7.17
RM030,2025-01-31,Oil,L,7.38
RM030,2025-02-01,Oil,L,8.04
RM030,2025-02-02,Oil,L,6.89
RM030,2025-02-03,Oil,L,5.72
RM030,2025-02-04,Oil,L,6.29
RM030,2025-02-05,Oil,L,6.69
RM030,2025-02-06,Oil,L,6.79
RM030,2025-02-07,Oil,L,6.96
RM030,2025-02-08,Oil,L,8.3
RM030,2025-02-09,Oil,L,6.98
RM030,2025-02-10,Oil,L,5.8
RM030,2025-02-11,Oil,L,6.97
RM030,2025-02-12,Oil,L,7.74
RM030,2025-02-13,Oil,L,7.14
RM030,2025-02-14,Oil,L,7.63
RM030,2025-02-15,Oil,L,8.7
RM030,2025-02-16,Oil,L,7.38
RM030,2025-02-17,Oil,L,6.37
RM030,2025-02-18,Oil,L,7.48
RM030,2025-02-19,Oil,L,7.07
RM030,2025-02-20,Oil,L,8.57
RM030,2025-02-21,Oil,L,7.61
RM030,2025-02-22,Oil,L,7.7
RM030,2025-02-23,Oil,L,8.81
RM030,2025-02-24,Oil,L,7.07
RM030,2025-02-25,Oil,L,6.93
RM030,2025-02-26,Oil,L,7.19
RM030,2025-02-27,Oil,L,6.87
RM030,2025-02-28,Oil,L,8.29
RM030,2025-03-01,Oil,L,7.78
RM030,2025-03-02,Oil,L,7.44
RM030,2025-03-03,Oil,L,6.15
RM030,2025-03-04,Oil,L,7.82
RM030,2025-03-05,Oil,L,6.18
RM030,2025-03-06,Oil,L,6.87
RM030,2025-03-07,Oil,L,7.1
RM030,2025-03-08,Oil,L,7.84
RM030,2025-03-09,Oil,L,7.41
RM030,2025-03-10,Oil,L,6.5
RM030,2025-03-11,Oil,L,5.77
RM030,2025-03-12,Oil,L,6.7
RM030,2025-03-13,Oil,L,8.39
RM030,2025-03-14,Oil,L,7.04
RM030,2025-03-15,Oil,L,7.58
RM030,2025-03-16,Oil,L,8.49
RM030,2025-03-17,Oil,L,6.15
RM030,2025-03-18,Oil,L,6.46
RM030,2025-03-19,Oil,L,7.34
RM030,2025-03-20,Oil,L,8.0
RM030,2025-03-21,Oil,L,7.82
RM030,2025-03-22,Oil,L,7.73
RM030,2025-03-23,Oil,L,8.71
RM030,2025-03-24,Oil,L,6.46
RM030,2025-03-25,Oil,L,7.08
RM030,2025-03-26,Oil,L,8.06
RM030,2025-03-27,Oil,L,6.43
RM030,2025-03-28,Oil,L,7.48
RM030,2025-03-29,Oil,L,8.92
RM030,2025-03-30,Oil,L,7.61
RM030,2025-03-31,Oil,L,6.56
RM030,2025-04-01,Oil,L,6.81
RM030,2025-04-02,Oil,L,6.3
RM030,2025-04-03,Oil,L,5.82
RM030,2025-04-04,Oil,L,8.01
RM030,2025-04-05,Oil,L,8.07
RM030,2025-04-06,Oil,L,7.28
RM030,2025-04-07,Oil,L,6.4
RM030,2025-04-08,Oil,L,5.69
RM030,2025-04-09,Oil,L,6.08
RM030,2025-04-10,Oil,L,6.48
RM030,2025-04-11,Oil,L,7.83
RM030,2025-04-12,Oil,L,8.59
RM030,2025-04-13,Oil,L,7.59
RM030,2025-04-14,Oil,L,6.25
RM030,2025-04-15,Oil,L,6.27
RM030,2025-04-16,Oil,L,7.22
RM030,2025-04-17,Oil,L,7.23
RM030,2025-04-18,Oil,L,8.22
RM030,2025-04-19,Oil,L,7.58
RM030,2025-04-20,Oil,L,8.11
RM030,2025-04-21,Oil,L,7.03
RM030,2025-04-22,Oil,L,6.88
RM030,2025-04-23,Oil,L,7.23
RM030,2025-04-24,Oil,L,8.27
RM030,2025-04-25,Oil,L,7.95
RM030,2025-04-26,Oil,L,8.33
RM030,2025-04-27,Oil,L,7.76
RM030,2025-04-28,Oil,L,6.86
RM030,2025-04-29,Oil,L,6.67
RM030,2025-04-30,Oil,L,6.7
RM030,2025-05-01,Oil,L,6.64
RM030,2025-05-02,Oil,L,7.77
RM030,2025-05-03,Oil,L,8.06
RM030,2025-05-04,Oil,L,7.73
RM030,2025-05-05,Oil,L,5.65
RM030,2025-05-06,Oil,L,6.76
RM030,2025-05-07,Oil,L,6.38
RM030,2025-05-08,Oil,L,7.17
RM030,2025-05-09,Oil,L,6.83
RM030,2025-05-10,Oil,L,7.87
RM030,2025-05-11,Oil,L,7.05
RM030,2025-05-12,Oil,L,7.26
RM030,2025-05-13,Oil,L,6.4
RM030,2025-05-14,Oil,L,6.7
RM030,2025-05-15,Oil,L,6.42
RM030,2025-05-16,Oil,L,8.71
RM030,2025-05-17,Oil,L,8.33
RM030,2025-05-18,Oil,L,7.05
RM030,2025-05-19,Oil,L,6.63
RM030,2025-05-20,Oil,L,6.66
RM030,2025-05-21,Oil,L,7.09
RM030,2025-05-22,Oil,L,7.42
RM030,2025-05-23,Oil,L,8.11
RM030,2025-05-24,Oil,L,8.33
RM030,2025-05-25,Oil,L,7.1
RM030,2025-05-26,Oil,L,5.78
RM030,2025-05-27,Oil,L,6.39
RM030,2025-05-28,Oil,L,7.43
RM030,2025-05-29,Oil,L,8.16
RM030,2025-05-30,Oil,L,7.7
RM030,2025-05-31,Oil,L,7.78
RM030,2025-06-01,Oil,L,8.04
RM030,2025-06-02,Oil,L,5.98
RM030,2025-06-03,Oil,L,6.72
RM030,2025-06-04,Oil,L,6.88
RM030,2025-06-05,Oil,L,6.14
RM030,2025-06-06,Oil,L,6.98
RM030,2025-06-07,Oil,L,7.6
RM030,2025-06-08,Oil,L,7.82
RM030,2025-06-09,Oil,L,6.18
RM030,2025-06-10,Oil,L,6.38
RM030,2025-06-11,Oil,L,6.38
RM030,2025-06-12,Oil,L,7.34
RM030,2025-06-13,Oil,L,8.03
RM030,2025-06-14,Oil,L,9.13
RM030,2025-06-15,Oil,L,7.69
RM030,2025-06-16,Oil,L,6.16
RM030,2025-06-17,Oil,L,8.2
RM030,2025-06-18,Oil,L,7.08
RM030,2025-06-19,Oil,L,7.94
RM030,2025-06-20,Oil,L,8.02
RM030,2025-06-21,Oil,L,11.08
RM030,2025-06-22,Oil,L,8.95
RM030,2025-06-23,Oil,L,6.37
RM030,2025-06-24,Oil,L,6.23
RM030,2025-06-25,Oil,L,7.04
RM030,2025-06-26,Oil,L,7.99
RM030,2025-06-27,Oil,L,8.19
RM030,2025-06-28,Oil,L,9.11
RM030,2025-06-29,Oil,L,7.19
RM030,2025-06-30,Oil,L,5.71
RM030,2025-07-01,Oil,L,6.99
RM030,2025-07-02,Oil,L,6.2
RM030,2025-07-03,Oil,L,6.68
RM030,2025-07-04,Oil,L,7.87
RM030,2025-07-05,Oil,L,7.47
RM030,2025-07-06,Oil,L,6.94
RM030,2025-07-07,Oil,L,5.38
RM030,2025-07-08,Oil,L,5.9
RM030,2025-07-09,Oil,L,6.89
RM030,2025-07-10,Oil,L,6.52
RM030,2025-07-11,Oil,L,7.44
RM030,2025-07-12,Oil,L,7.7
RM030,2025-07-13,Oil,L,7.7
RM030,2025-07-14,Oil,L,5.25
RM030,2025-07-15,Oil,L,6.22
RM030,2025-07-16,Oil,L,7.69
RM030,2025-07-17,Oil,L,7.94
RM030,2025-07-18,Oil,L,8.16
RM030,2025-07-19,Oil,L,8.37
RM030,2025-07-20,Oil,L,7.87
RM030,2025-07-21,Oil,L,6.84
RM030,2025-07-22,Oil,L,7.36
RM030,2025-07-23,Oil,L,6.89
RM030,2025-07-24,Oil,L,8.05
RM030,2025-07-25,Oil,L,8.1
RM030,2025-07-26,Oil,L,7.63
RM030,2025-07-27,Oil,L,6.37
RM030,2025-07-28,Oil,L,7.24
RM030,2025-07-29,Oil,L,6.09
RM030,2025-07-30,Oil,L,7.14
RM030,2025-07-31,Oil,L,7.9
RM030,2025-08-01,Oil,L,8.24
RM030,2025-08-02,Oil,L,7.0
RM030,2025-08-03,Oil,L,7.58
RM030,2025-08-04,Oil,L,5.68
RM030,2025-08-05,Oil,L,6.25
RM030,2025-08-06,Oil,L,6.32
RM030,2025-08-07,Oil,L,6.5
RM030,2025-08-08,Oil,L,7.44
RM030,2025-08-09,Oil,L,7.69
RM030,2025-08-10,Oil,L,6.67
RM030,2025-08-11,Oil,L,6.91
RM030,2025-08-12,Oil,L,5.74
RM030,2025-08-13,Oil,L,7.58
RM030,2025-08-14,Oil,L,6.59
RM030,2025-08-15,Oil,L,7.36
RM030,2025-08-16,Oil,L,7.97
RM030,2025-08-17,Oil,L,7.91
RM030,2025-08-18,Oil,L,5.81
RM030,2025-08-19,Oil,L,8.49
RM030,2025-08-20,Oil,L,8.73
RM030,2025-08-21,Oil,L,8.16
RM030,2025-08-22,Oil,L,9.2
RM030,2025-08-23,Oil,L,9.96
RM030,2025-08-24,Oil,L,8.19
RM030,2025-08-25,Oil,L,6.15
RM030,2025-08-26,Oil,L,7.39
RM030,2025-08-27,Oil,L,6.99
RM030,2025-08-28,Oil,L,7.36
RM030,2025-08-29,Oil,L,8.76
RM030,2025-08-30,Oil,L,8.64
RM030,2025-08-31,Oil,L,8.59
RM030,2025-09-01,Oil,L,5.7
RM030,2025-09-02,Oil,L,6.29
RM030,2025-09-03,Oil,L,5.61
RM030,2025-09-04,Oil,L,7.77
RM030,2025-09-05,Oil,L,6.72
RM030,2025-09-06,Oil,L,7.12
RM030,2025-09-07,Oil,L,8.28
RM030,2025-09-08,Oil,L,5.91
RM030,2025-09-09,Oil,L,5.95
RM030,2025-09-10,Oil,L,6.69
RM030,2025-09-11,Oil,L,6.25
RM030,2025-09-12,Oil,L,8.02
RM030,2025-09-13,Oil,L,9.19
RM030,2025-09-14,Oil,L,7.05
RM030,2025-09-15,Oil,L,6.36
RM030,2025-09-16,Oil,L,7.89
RM030,2025-09-17,Oil,L,6.49
RM030,2025-09-18,Oil,L,8.08
RM030,2025-09-19,Oil,L,7.0
RM030,2025-09-20,Oil,L,9.73
RM030,2025-09-21,Oil,L,8.91
RM030,2025-09-22,Oil,L,6.89
RM030,2025-09-23,Oil,L,7.18
RM030,2025-09-24,Oil,L,6.7
RM030,2025-09-25,Oil,L,8.14
RM030,2025-09-26,Oil,L,7.73
RM030,2025-09-27,Oil,L,10.21
RM030,2025-09-28,Oil,L,7.41
RM030,2025-09-29,Oil,L,7.04
RM030,2025-09-30,Oil,L,6.19
RM030,2025-10-01,Oil,L,7.75
RM030,2025-10-02,Oil,L,7.02
RM030,2025-10-03,Oil,L,6.86
RM030,2025-10-04,Oil,L,7.94
RM030,2025-10-05,Oil,L,7.1
RM030,2025-10-06,Oil,L,6.17
RM030,2025-10-07,Oil,L,7.12
RM030,2025-10-08,Oil,L,6.75
RM030,2025-10-09,Oil,L,7.18
RM030,2025-10-10,Oil,L,7.65
RM030,2025-10-11,Oil,L,7.87
RM030,2025-10-12,Oil,L,6.62
RM030,2025-10-13,Oil,L,6.41
RM030,2025-10-14,Oil,L,6.51
RM030,2025-10-15,Oil,L,7.39
RM030,2025-10-16,Oil,L,7.05
RM030,2025-10-17,Oil,L,8.82
RM030,2025-10-18,Oil,L,8.4
RM030,2025-10-19,Oil,L,7.6
RM030,2025-10-20,Oil,L,5.92
RM030,2025-10-21,Oil,L,6.4
RM030,2025-10-22,Oil,L,7.11
RM030,2025-10-23,Oil,L,7.74
RM030,2025-10-24,Oil,L,8.29
RM030,2025-10-25,Oil,L,8.12
RM030,2025-10-26,Oil,L,8.77
RM030,2025-10-27,Oil,L,6.02
RM030,2025-10-28,Oil,L,6.17
RM030,2025-10-29,Oil,L,7.01
RM030,2025-10-30,Oil,L,7.64
RM030,2025-10-31,Oil,L,7.98
RM030,2025-11-01,Oil,L,7.31
RM030,2025-11-02,Oil,L,7.48
RM030,2025-11-03,Oil,L,6.1
RM030,2025-11-04,Oil,L,5.88
RM030,2025-11-05,Oil,L,6.96
RM030,2025-11-06,Oil,L,7.1
RM030,2025-11-07,Oil,L,7.62
RM030,2025-11-08,Oil,L,8.44
RM030,2025-11-09,Oil,L,5.91
RM030,2025-11-10,Oil,L,5.69
RM030,2025-11-11,Oil,L,6.41
RM030,2025-11-12,Oil,L,6.72
RM030,2025-11-13,Oil,L,6.98
RM030,2025-11-14,Oil,L,8.13
RM030,2025-11-15,Oil,L,8.19
RM030,2025-11-16,Oil,L,8.45
RM030,2025-11-17,Oil,L,5.77
RM030,2025-11-18,Oil,L,6.35
RM030,2025-11-19,Oil,L,6.71
RM030,2025-11-20,Oil,L,7.24
RM030,2025-11-21,Oil,L,7.04
RM030,2025-11-22,Oil,L,8.11
RM030,2025-11-23,Oil,L,7.71
RM030,2025-11-24,Oil,L,5.98
RM030,2025-11-25,Oil,L,7.63
RM030,2025-11-26,Oil,L,7.5
RM030,2025-11-27,Oil,L,7.58
RM030,2025-11-28,Oil,L,7.5
RM030,2025-11-29,Oil,L,7.74
RM030,2025-11-30,Oil,L,7.74
RM030,2025-12-01,Oil,L,6.74
RM030,2025-12-02,Oil,L,6.64
RM030,2025-12-03,Oil,L,6.65
RM030,2025-12-04,Oil,L,7.06
RM030,2025-12-05,Oil,L,8.31
RM030,2025-12-06,Oil,L,8.5
RM030,2025-12-07,Oil,L,6.52
RM030,2025-12-08,Oil,L,6.13
RM030,2025-12-09,Oil,L,6.98
RM030,2025-12-10,Oil,L,6.9
RM030,2025-12-11,Oil,L,6.09
RM030,2025-12-12,Oil,L,8.1
RM030,2025-12-13,Oil,L,8.5
RM030,2025-12-14,Oil,L,7.71
RM030,2025-12-15,Oil,L,5.74
RM030,2025-12-16,Oil,L,7.12
RM030,2025-12-17,Oil,L,6.09
RM030,2025-12-18,Oil,L,8.24
RM030,2025-12-19,Oil,L,8.39
RM030,2025-12-20,Oil,L,9.09
RM030,2025-12-21,Oil,L,8.2
RM030,2025-12-22,Oil,L,6.92
RM030,2025-12-23,Oil,L,7.15
RM030,2025-12-24,Oil,L,7.13
RM030,2025-12-25,Oil,L,7.89
RM030,2025-12-26,Oil,L,8.54
RM030,2025-12-27,Oil,L,8.53
RM030,2025-12-28,Oil,L,8.66
RM030,2025-12-29,Oil,L,6.04
RM030,2025-12-30,Oil,L,7.28
RM030,2025-12-31,Oil,L,7.33
RM030,2026-01-01,Oil,L,7.73
RM030,2026-01-02,Oil,L,8.04
RM030,2026-01-03,Oil,L,9.57
RM030,2026-01-04,Oil,L,6.82
RM030,2026-01-05,Oil,L,5.1
RM030,2026-01-06,Oil,L,6.07
RM030,2026-01-07,Oil,L,6.7
RM030,2026-01-08,Oil,L,7.75
RM030,2026-01-09,Oil,L,6.82
RM030,2026-01-10,Oil,L,8.02
RM030,2026-01-11,Oil,L,7.21
RM030,2026-01-12,Oil,L,6.51
RM030,2026-01-13,Oil,L,7.93
RM030,2026-01-14,Oil,L,7.43
RM030,2026-01-15,Oil,L,7.89
RM030,2026-01-16,Oil,L,7.94
RM030,2026-01-17,Oil,L,8.65
RM030,2026-01-18,Oil,L,8.73
RM030,2026-01-19,Oil,L,6.09
RM030,2026-01-20,Oil,L,7.0
RM030,2026-01-21,Oil,L,7.89
RM030,2026-01-22,Oil,L,8.32
RM030,2026-01-23,Oil,L,7.31
RM030,2026-01-24,Oil,L,9.19
RM030,2026-01-25,Oil,L,7.38
RM030,2026-01-26,Oil,L,7.69
RM030,2026-01-27,Oil,L,5.91
RM030,2026-01-28,Oil,L,6.33
RM030,2026-01-29,Oil,L,7.18
RM030,2026-01-30,Oil,L,7.45
RM030,2026-01-31,Oil,L,8.52
RM030,2026-02-01,Oil,L,7.14
RM030,2026-02-02,Oil,L,6.59
RM030,2026-02-03,Oil,L,7.16
RM030,2026-02-04,Oil,L,6.3
RM030,2026-02-05,Oil,L,6.35
RM030,2026-02-06,Oil,L,6.74
RM030,2026-02-07,Oil,L,8.43
RM030,2026-02-08,Oil,L,6.94
RM030,2026-02-09,Oil,L,5.57
RM030,2026-02-10,Oil,L,6.3
RM030,2026-02-11,Oil,L,7.16
RM030,2026-02-12,Oil,L,7.27
RM030,2026-02-13,Oil,L,8.85
RM030,2026-02-14,Oil,L,9.11
RM030,2026-02-15,Oil,L,8.06
RM030,2026-02-16,Oil,L,6.93
RM030,2026-02-17,Oil,L,7.85
RM030,2026-02-18,Oil,L,7.16
RM030,2026-02-19,Oil,L,8.4
RM030,2026-02-20,Oil,L,7.14
RM030,2026-02-21,Oil,L,9.74
RM030,2026-02-22,Oil,L,7.69
RM030,2026-02-23,Oil,L,6.0
RM030,2026-02-24,Oil,L,5.92
RM030,2026-02-25,Oil,L,7.16
RM030,2026-02-26,Oil,L,6.68
RM030,2026-02-27,Oil,L,7.94
RM030,2026-02-28,Oil,L,8.23
RM030,2026-03-01,Oil,L,7.16
RM030,2026-03-02,Oil,L,5.2
RM030,2026-03-03,Oil,L,7.07
RM030,2026-03-04,Oil,L,5.49
RM030,2026-03-05,Oil,L,6.67
RM030,2026-03-06,Oil,L,7.72
RM030,2026-03-07,Oil,L,7.66
RM030,2026-03-08,Oil,L,7.82
RM030,2026-03-09,Oil,L,6.22
RM030,2026-03-10,Oil,L,5.73
RM030,2026-03-11,Oil,L,7.34
RM030,2026-03-12,Oil,L,5.98
RM030,2026-03-13,Oil,L,8.0
RM030,2026-03-14,Oil,L,7.84
RM030,2026-03-15,Oil,L,7.57
RM030,2026-03-16,Oil,L,7.38
RM030,2026-03-17,Oil,L,7.64
RM030,2026-03-18,Oil,L,7.77
RM030,2026-03-19,Oil,L,7.62
RM030,2026-03-20,Oil,L,8.07
RM030,2026-03-21,Oil,L,9.65
RM030,2026-03-22,Oil,L,7.73
RM030,2026-03-23,Oil,L,6.55
RM030,2026-03-24,Oil,L,6.71
RM030,2026-03-25,Oil,L,8.41
RM030,2026-03-26,Oil,L,7.63
RM030,2026-03-27,Oil,L,8.37
RM030,2026-03-28,Oil,L,10.74
RM030,2026-03-29,Oil,L,7.15
RM030,2026-03-30,Oil,L,6.26
RM030,2026-03-31,Oil,L,6.39
RM030,2026-04-01,Oil,L,6.42
RM030,2026-04-02,Oil,L,6.13
RM030,2026-04-03,Oil,L,7.32
RM030,2026-04-04,Oil,L,8.62
RM030,2026-04-05,Oil,L,7.66
RM030,2026-04-06,Oil,L,5.52
RM030,2026-04-07,Oil,L,7.27
RM030,2026-04-08,Oil,L,6.19
RM030,2026-04-09,Oil,L,6.13
RM030,2026-04-10,Oil,L,7.3
RM030,2026-04-11,Oil,L,8.38
RM030,2026-04-12,Oil,L,6.66
RM030,2026-04-13,Oil,L,6.72
RM030,2026-04-14,Oil,L,7.77
RM030,2026-04-15,Oil,L,6.78
RM030,2026-04-16,Oil,L,8.05
RM030,2026-04-17,Oil,L,7.4
RM030,2026-04-18,Oil,L,10.64
RM030,2026-04-19,Oil,L,8.83
RM030,2026-04-20,Oil,L,7.18
RM030,2026-04-21,Oil,L,6.66
RM030,2026-04-22,Oil,L,6.19
RM030,2026-04-23,Oil,L,6.68
RM030,2026-04-24,Oil,L,8.7
RM030,2026-04-25,Oil,L,8.23
RM030,2026-04-26,Oil,L,8.26
RM030,2026-04-27,Oil,L,6.92
RM030,2026-04-28,Oil,L,8.02
RM030,2026-04-29,Oil,L,6.27
RM030,2026-04-30,Oil,L,7.89
RM030,2026-05-01,Oil,L,8.3
RM030,2026-05-02,Oil,L,8.75
RM030,2026-05-03,Oil,L,7.22
RM030,2026-05-04,Oil,L,5.56
RM030,2026-05-05,Oil,L,5.97
RM030,2026-05-06,Oil,L,6.94
RM030,2026-05-07,Oil,L,6.43
RM030,2026-05-08,Oil,L,7.67
RM030,2026-05-09,Oil,L,8.49
RM030,2026-05-10,Oil,L,6.77
RM030,2026-05-11,Oil,L,5.75
RM030,2026-05-12,Oil,L,6.23
RM030,2026-05-13,Oil,L,6.99
RM030,2026-05-14,Oil,L,7.6
RM030,2026-05-15,Oil,L,8.05
RM030,2026-05-16,Oil,L,8.7
RM030,2026-05-17,Oil,L,7.56
RM030,2026-05-18,Oil,L,6.67
RM030,2026-05-19,Oil,L,7.4
RM030,2026-05-20,Oil,L,6.29
RM030,2026-05-21,Oil,L,7.18
RM030,2026-05-22,Oil,L,8.66
RM030,2026-05-23,Oil,L,9.44
RM030,2026-05-24,Oil,L,6.64
RM030,2026-05-25,Oil,L,6.83
RM030,2026-05-26,Oil,L,7.25
RM030,2026-05-27,Oil,L,7.56
RM030,2026-05-28,Oil,L,8.07
RM030,2026-05-29,Oil,L,8.8
RM030,2026-05-30,Oil,L,7.81
RM030,2026-05-31,Oil,L,7.01
RM030,2026-06-01,Oil,L,6.56
RM030,2026-06-02,Oil,L,6.31
RM030,2026-06-03,Oil,L,6.37
RM030,2026-06-04,Oil,L,7.46
RM030,2026-06-05,Oil,L,7.35
RM030,2026-06-06,Oil,L,8.25
RM030,2026-06-07,Oil,L,6.64
RM030,2026-06-08,Oil,L,6.02
RM030,2026-06-09,Oil,L,6.23
RM030,2026-06-10,Oil,L,8.03
RM030,2026-06-11,Oil,L,6.49
RM030,2026-06-12,Oil,L,8.28
RM030,2026-06-13,Oil,L,9.11
RM030,2026-06-14,Oil,L,6.76
RM030,2026-06-15,Oil,L,6.15
RM030,2026-06-16,Oil,L,6.52
RM030,2026-06-17,Oil,L,8.87
RM030,2026-06-18,Oil,L,7.48
RM030,2026-06-19,Oil,L,7.06
RM030,2026-06-20,Oil,L,8.87
RM030,2026-06-21,Oil,L,6.54
RM030,2026-06-22,Oil,L,6.64
RM030,2026-06-23,Oil,L,6.42
RM030,2026-06-24,Oil,L,6.75
RM030,2026-06-25,Oil,L,8.42
RM030,2026-06-26,Oil,L,8.8
RM030,2026-06-27,Oil,L,7.17
RM030,2026-06-28,Oil,L,8.07
RM030,2026-06-29,Oil,L,6.68
RM030,2026-06-30,Oil,L,6.3
RM030,2026-07-01,Oil,L,7.49
RM030,2026-07-02,Oil,L,6.78
RM030,2026-07-03,Oil,L,6.49
RM030,2026-07-04,Oil,L,7.91
RM030,2026-07-05,Oil,L,7.09
RM030,2026-07-06,Oil,L,4.95
RM030,2026-07-07,Oil,L,7.0
RM030,2026-07-08,Oil,L,6.42
RM030,2026-07-09,Oil,L,6.14
RM030,2026-07-10,Oil,L,7.57
RM030,2026-07-11,Oil,L,7.64
RM030,2026-07-12,Oil,L,6.76
RM030,2026-07-13,Oil,L,6.88
RM030,2026-07-14,Oil,L,7.03
RM030,2026-07-15,Oil,L,6.98
RM030,2026-07-16,Oil,L,7.32
RM030,2026-07-17,Oil,L,8.08
RM030,2026-07-18,Oil,L,8.86
RM030,2026-07-19,Oil,L,7.45
RM030,2026-07-20,Oil,L,5.4
RM030,2026-07-21,Oil,L,7.34
RM030,2026-07-22,Oil,L,7.9
RM030,2026-07-23,Oil,L,7.03
RM030,2026-07-24,Oil,L,9.06
RM030,2026-07-25,Oil,L,9.78
RM030,2026-07-26,Oil,L,7.82
RM030,2026-07-27,Oil,L,5.99
RM030,2026-07-28,Oil,L,7.78
RM030,2026-07-29,Oil,L,7.66
RM030,2026-07-30,Oil,L,6.71
RM030,2026-07-31,Oil,L,8.13
RM030,2026-08-01,Oil,L,8.15
RM030,2026-08-02,Oil,L,6.64
RM030,2026-08-03,Oil,L,6.24
RM030,2026-08-04,Oil,L,5.45
RM030,2026-08-05,Oil,L,6.09
RM030,2026-08-06,Oil,L,7.27
RM030,2026-08-07,Oil,L,6.3
RM030,2026-08-08,Oil,L,8.49
RM030,2026-08-09,Oil,L,7.09
