receipt_date,item_code,material_name,received_quantity,unit,supplier_name
2026-01-01,RM-001,"Food Grade Sunset Yellow / Orange Dye",77,kg,"Approved Industrial Supplier"
2026-01-09,RM-001,"Food Grade Sunset Yellow / Orange Dye",74,kg,"Approved Industrial Supplier"
2026-01-17,RM-001,"Food Grade Sunset Yellow / Orange Dye",74,kg,"Approved Industrial Supplier"
2026-01-25,RM-001,"Food Grade Sunset Yellow / Orange Dye",76,kg,"Approved Industrial Supplier"
2026-02-02,RM-001,"Food Grade Sunset Yellow / Orange Dye",84,kg,"Approved Industrial Supplier"
2026-02-10,RM-001,"Food Grade Sunset Yellow / Orange Dye",75,kg,"Approved Industrial Supplier"
2026-02-18,RM-001,"Food Grade Sunset Yellow / Orange Dye",75,kg,"Approved Industrial Supplier"
2026-02-26,RM-001,"Food Grade Sunset Yellow / Orange Dye",76,kg,"Approved Industrial Supplier"
2026-03-06,RM-001,"Food Grade Sunset Yellow / Orange Dye",83,kg,"Approved Industrial Supplier"
2026-03-14,RM-001,"Food Grade Sunset Yellow / Orange Dye",87,kg,"Approved Industrial Supplier"
2026-03-22,RM-001,"Food Grade Sunset Yellow / Orange Dye",82,kg,"Approved Industrial Supplier"
2026-03-30,RM-001,"Food Grade Sunset Yellow / Orange Dye",76,kg,"Approved Industrial Supplier"
2026-04-07,RM-001,"Food Grade Sunset Yellow / Orange Dye",86,kg,"Approved Industrial Supplier"
2026-04-15,RM-001,"Food Grade Sunset Yellow / Orange Dye",82,kg,"Approved Industrial Supplier"
2026-04-23,RM-001,"Food Grade Sunset Yellow / Orange Dye",78,kg,"Approved Industrial Supplier"
2026-05-01,RM-001,"Food Grade Sunset Yellow / Orange Dye",75,kg,"Approved Industrial Supplier"
2026-05-09,RM-001,"Food Grade Sunset Yellow / Orange Dye",87,kg,"Approved Industrial Supplier"
2026-05-17,RM-001,"Food Grade Sunset Yellow / Orange Dye",79,kg,"Approved Industrial Supplier"
2026-05-25,RM-001,"Food Grade Sunset Yellow / Orange Dye",75,kg,"Approved Industrial Supplier"
2026-06-02,RM-001,"Food Grade Sunset Yellow / Orange Dye",86,kg,"Approved Industrial Supplier"
2026-06-10,RM-001,"Food Grade Sunset Yellow / Orange Dye",79,kg,"Approved Industrial Supplier"
2026-06-18,RM-001,"Food Grade Sunset Yellow / Orange Dye",86,kg,"Approved Industrial Supplier"
2026-06-26,RM-001,"Food Grade Sunset Yellow / Orange Dye",87,kg,"Approved Industrial Supplier"
2026-07-04,RM-001,"Food Grade Sunset Yellow / Orange Dye",83,kg,"Approved Industrial Supplier"
2026-07-12,RM-001,"Food Grade Sunset Yellow / Orange Dye",74,kg,"Approved Industrial Supplier"
2026-07-20,RM-001,"Food Grade Sunset Yellow / Orange Dye",75,kg,"Approved Industrial Supplier"
2026-07-28,RM-001,"Food Grade Sunset Yellow / Orange Dye",83,kg,"Approved Industrial Supplier"
2026-08-05,RM-001,"Food Grade Sunset Yellow / Orange Dye",83,kg,"Approved Industrial Supplier"
2026-08-13,RM-001,"Food Grade Sunset Yellow / Orange Dye",87,kg,"Approved Industrial Supplier"
2026-08-21,RM-001,"Food Grade Sunset Yellow / Orange Dye",74,kg,"Approved Industrial Supplier"
2026-08-29,RM-001,"Food Grade Sunset Yellow / Orange Dye",83,kg,"Approved Industrial Supplier"
2026-01-01,RM-002,"Baking Powder",93,kg,"Approved Industrial Supplier"
2026-01-10,RM-002,"Baking Powder",97,kg,"Approved Industrial Supplier"
2026-01-19,RM-002,"Baking Powder",107,kg,"Approved Industrial Supplier"
2026-01-28,RM-002,"Baking Powder",99,kg,"Approved Industrial Supplier"
2026-02-06,RM-002,"Baking Powder",107,kg,"Approved Industrial Supplier"
2026-02-15,RM-002,"Baking Powder",108,kg,"Approved Industrial Supplier"
2026-02-24,RM-002,"Baking Powder",95,kg,"Approved Industrial Supplier"
2026-03-05,RM-002,"Baking Powder",107,kg,"Approved Industrial Supplier"
2026-03-14,RM-002,"Baking Powder",108,kg,"Approved Industrial Supplier"
2026-03-23,RM-002,"Baking Powder",93,kg,"Approved Industrial Supplier"
2026-04-01,RM-002,"Baking Powder",107,kg,"Approved Industrial Supplier"
2026-04-10,RM-002,"Baking Powder",95,kg,"Approved Industrial Supplier"
2026-04-19,RM-002,"Baking Powder",108,kg,"Approved Industrial Supplier"
2026-04-28,RM-002,"Baking Powder",105,kg,"Approved Industrial Supplier"
2026-05-07,RM-002,"Baking Powder",95,kg,"Approved Industrial Supplier"
2026-05-16,RM-002,"Baking Powder",93,kg,"Approved Industrial Supplier"
2026-05-25,RM-002,"Baking Powder",101,kg,"Approved Industrial Supplier"
2026-06-03,RM-002,"Baking Powder",100,kg,"Approved Industrial Supplier"
2026-06-12,RM-002,"Baking Powder",95,kg,"Approved Industrial Supplier"
2026-06-21,RM-002,"Baking Powder",97,kg,"Approved Industrial Supplier"
2026-06-30,RM-002,"Baking Powder",103,kg,"Approved Industrial Supplier"
2026-07-09,RM-002,"Baking Powder",100,kg,"Approved Industrial Supplier"
2026-07-18,RM-002,"Baking Powder",106,kg,"Approved Industrial Supplier"
2026-07-27,RM-002,"Baking Powder",93,kg,"Approved Industrial Supplier"
2026-08-05,RM-002,"Baking Powder",100,kg,"Approved Industrial Supplier"
2026-08-14,RM-002,"Baking Powder",100,kg,"Approved Industrial Supplier"
2026-08-23,RM-002,"Baking Powder",108,kg,"Approved Industrial Supplier"
2026-09-01,RM-002,"Baking Powder",95,kg,"Approved Industrial Supplier"
2026-01-01,RM-003,"Cream of Tartar",42,kg,"Approved Industrial Supplier"
2026-01-11,RM-003,"Cream of Tartar",42,kg,"Approved Industrial Supplier"
2026-01-21,RM-003,"Cream of Tartar",42,kg,"Approved Industrial Supplier"
2026-01-31,RM-003,"Cream of Tartar",43,kg,"Approved Industrial Supplier"
2026-02-10,RM-003,"Cream of Tartar",42,kg,"Approved Industrial Supplier"
2026-02-20,RM-003,"Cream of Tartar",41,kg,"Approved Industrial Supplier"
2026-03-02,RM-003,"Cream of Tartar",38,kg,"Approved Industrial Supplier"
2026-03-12,RM-003,"Cream of Tartar",41,kg,"Approved Industrial Supplier"
2026-03-22,RM-003,"Cream of Tartar",38,kg,"Approved Industrial Supplier"
2026-04-01,RM-003,"Cream of Tartar",38,kg,"Approved Industrial Supplier"
2026-04-11,RM-003,"Cream of Tartar",40,kg,"Approved Industrial Supplier"
2026-04-21,RM-003,"Cream of Tartar",43,kg,"Approved Industrial Supplier"
2026-05-01,RM-003,"Cream of Tartar",40,kg,"Approved Industrial Supplier"
2026-05-11,RM-003,"Cream of Tartar",40,kg,"Approved Industrial Supplier"
2026-05-21,RM-003,"Cream of Tartar",43,kg,"Approved Industrial Supplier"
2026-05-31,RM-003,"Cream of Tartar",44,kg,"Approved Industrial Supplier"
2026-06-10,RM-003,"Cream of Tartar",39,kg,"Approved Industrial Supplier"
2026-06-20,RM-003,"Cream of Tartar",40,kg,"Approved Industrial Supplier"
2026-06-30,RM-003,"Cream of Tartar",43,kg,"Approved Industrial Supplier"
2026-07-10,RM-003,"Cream of Tartar",43,kg,"Approved Industrial Supplier"
2026-07-20,RM-003,"Cream of Tartar",40,kg,"Approved Industrial Supplier"
2026-07-30,RM-003,"Cream of Tartar",42,kg,"Approved Industrial Supplier"
2026-08-09,RM-003,"Cream of Tartar",39,kg,"Approved Industrial Supplier"
2026-08-19,RM-003,"Cream of Tartar",42,kg,"Approved Industrial Supplier"
2026-08-29,RM-003,"Cream of Tartar",44,kg,"Approved Industrial Supplier"
2026-01-01,RM-004,"Instant Dry Yeast",128,kg,"Approved Industrial Supplier"
2026-01-12,RM-004,"Instant Dry Yeast",123,kg,"Approved Industrial Supplier"
2026-01-23,RM-004,"Instant Dry Yeast",120,kg,"Approved Industrial Supplier"
2026-02-03,RM-004,"Instant Dry Yeast",131,kg,"Approved Industrial Supplier"
2026-02-14,RM-004,"Instant Dry Yeast",115,kg,"Approved Industrial Supplier"
2026-02-25,RM-004,"Instant Dry Yeast",116,kg,"Approved Industrial Supplier"
2026-03-08,RM-004,"Instant Dry Yeast",121,kg,"Approved Industrial Supplier"
2026-03-19,RM-004,"Instant Dry Yeast",130,kg,"Approved Industrial Supplier"
2026-03-30,RM-004,"Instant Dry Yeast",120,kg,"Approved Industrial Supplier"
2026-04-10,RM-004,"Instant Dry Yeast",112,kg,"Approved Industrial Supplier"
2026-04-21,RM-004,"Instant Dry Yeast",119,kg,"Approved Industrial Supplier"
2026-05-02,RM-004,"Instant Dry Yeast",130,kg,"Approved Industrial Supplier"
2026-05-13,RM-004,"Instant Dry Yeast",118,kg,"Approved Industrial Supplier"
2026-05-24,RM-004,"Instant Dry Yeast",121,kg,"Approved Industrial Supplier"
2026-06-04,RM-004,"Instant Dry Yeast",127,kg,"Approved Industrial Supplier"
2026-06-15,RM-004,"Instant Dry Yeast",113,kg,"Approved Industrial Supplier"
2026-06-26,RM-004,"Instant Dry Yeast",115,kg,"Approved Industrial Supplier"
2026-07-07,RM-004,"Instant Dry Yeast",130,kg,"Approved Industrial Supplier"
2026-07-18,RM-004,"Instant Dry Yeast",111,kg,"Approved Industrial Supplier"
2026-07-29,RM-004,"Instant Dry Yeast",132,kg,"Approved Industrial Supplier"
2026-08-09,RM-004,"Instant Dry Yeast",116,kg,"Approved Industrial Supplier"
2026-08-20,RM-004,"Instant Dry Yeast",116,kg,"Approved Industrial Supplier"
2026-08-31,RM-004,"Instant Dry Yeast",111,kg,"Approved Industrial Supplier"
2026-01-01,RM-005,"Cane Vinegar",158,L,"Approved Industrial Supplier"
2026-01-13,RM-005,"Cane Vinegar",161,L,"Approved Industrial Supplier"
2026-01-25,RM-005,"Cane Vinegar",142,L,"Approved Industrial Supplier"
2026-02-06,RM-005,"Cane Vinegar",153,L,"Approved Industrial Supplier"
2026-02-18,RM-005,"Cane Vinegar",151,L,"Approved Industrial Supplier"
2026-03-02,RM-005,"Cane Vinegar",144,L,"Approved Industrial Supplier"
2026-03-14,RM-005,"Cane Vinegar",159,L,"Approved Industrial Supplier"
2026-03-26,RM-005,"Cane Vinegar",150,L,"Approved Industrial Supplier"
2026-04-07,RM-005,"Cane Vinegar",164,L,"Approved Industrial Supplier"
2026-04-19,RM-005,"Cane Vinegar",162,L,"Approved Industrial Supplier"
2026-05-01,RM-005,"Cane Vinegar",163,L,"Approved Industrial Supplier"
2026-05-13,RM-005,"Cane Vinegar",143,L,"Approved Industrial Supplier"
2026-05-25,RM-005,"Cane Vinegar",152,L,"Approved Industrial Supplier"
2026-06-06,RM-005,"Cane Vinegar",152,L,"Approved Industrial Supplier"
2026-06-18,RM-005,"Cane Vinegar",165,L,"Approved Industrial Supplier"
2026-06-30,RM-005,"Cane Vinegar",139,L,"Approved Industrial Supplier"
2026-07-12,RM-005,"Cane Vinegar",147,L,"Approved Industrial Supplier"
2026-07-24,RM-005,"Cane Vinegar",154,L,"Approved Industrial Supplier"
2026-08-05,RM-005,"Cane Vinegar",150,L,"Approved Industrial Supplier"
2026-08-17,RM-005,"Cane Vinegar",151,L,"Approved Industrial Supplier"
2026-08-29,RM-005,"Cane Vinegar",154,L,"Approved Industrial Supplier"
2026-01-01,RM-006,"Soy Sauce",210,L,"Approved Industrial Supplier"
2026-01-14,RM-006,"Soy Sauce",185,L,"Approved Industrial Supplier"
2026-01-27,RM-006,"Soy Sauce",214,L,"Approved Industrial Supplier"
2026-02-09,RM-006,"Soy Sauce",206,L,"Approved Industrial Supplier"
2026-02-22,RM-006,"Soy Sauce",209,L,"Approved Industrial Supplier"
2026-03-07,RM-006,"Soy Sauce",189,L,"Approved Industrial Supplier"
2026-03-20,RM-006,"Soy Sauce",209,L,"Approved Industrial Supplier"
2026-04-02,RM-006,"Soy Sauce",187,L,"Approved Industrial Supplier"
2026-04-15,RM-006,"Soy Sauce",207,L,"Approved Industrial Supplier"
2026-04-28,RM-006,"Soy Sauce",202,L,"Approved Industrial Supplier"
2026-05-11,RM-006,"Soy Sauce",199,L,"Approved Industrial Supplier"
2026-05-24,RM-006,"Soy Sauce",190,L,"Approved Industrial Supplier"
2026-06-06,RM-006,"Soy Sauce",187,L,"Approved Industrial Supplier"
2026-06-19,RM-006,"Soy Sauce",203,L,"Approved Industrial Supplier"
2026-07-02,RM-006,"Soy Sauce",193,L,"Approved Industrial Supplier"
2026-07-15,RM-006,"Soy Sauce",195,L,"Approved Industrial Supplier"
2026-07-28,RM-006,"Soy Sauce",207,L,"Approved Industrial Supplier"
2026-08-10,RM-006,"Soy Sauce",198,L,"Approved Industrial Supplier"
2026-08-23,RM-006,"Soy Sauce",198,L,"Approved Industrial Supplier"
2026-01-01,RM-007,"Condensed Milk",250,kg,"Approved Industrial Supplier"
2026-01-09,RM-007,"Condensed Milk",241,kg,"Approved Industrial Supplier"
2026-01-17,RM-007,"Condensed Milk",258,kg,"Approved Industrial Supplier"
2026-01-25,RM-007,"Condensed Milk",230,kg,"Approved Industrial Supplier"
2026-02-02,RM-007,"Condensed Milk",245,kg,"Approved Industrial Supplier"
2026-02-10,RM-007,"Condensed Milk",259,kg,"Approved Industrial Supplier"
2026-02-18,RM-007,"Condensed Milk",272,kg,"Approved Industrial Supplier"
2026-02-26,RM-007,"Condensed Milk",249,kg,"Approved Industrial Supplier"
2026-03-06,RM-007,"Condensed Milk",271,kg,"Approved Industrial Supplier"
2026-03-14,RM-007,"Condensed Milk",271,kg,"Approved Industrial Supplier"
2026-03-22,RM-007,"Condensed Milk",251,kg,"Approved Industrial Supplier"
2026-03-30,RM-007,"Condensed Milk",263,kg,"Approved Industrial Supplier"
2026-04-07,RM-007,"Condensed Milk",247,kg,"Approved Industrial Supplier"
2026-04-15,RM-007,"Condensed Milk",270,kg,"Approved Industrial Supplier"
2026-04-23,RM-007,"Condensed Milk",250,kg,"Approved Industrial Supplier"
2026-05-01,RM-007,"Condensed Milk",255,kg,"Approved Industrial Supplier"
2026-05-09,RM-007,"Condensed Milk",241,kg,"Approved Industrial Supplier"
2026-05-17,RM-007,"Condensed Milk",255,kg,"Approved Industrial Supplier"
2026-05-25,RM-007,"Condensed Milk",238,kg,"Approved Industrial Supplier"
2026-06-02,RM-007,"Condensed Milk",231,kg,"Approved Industrial Supplier"
2026-06-10,RM-007,"Condensed Milk",254,kg,"Approved Industrial Supplier"
2026-06-18,RM-007,"Condensed Milk",234,kg,"Approved Industrial Supplier"
2026-06-26,RM-007,"Condensed Milk",263,kg,"Approved Industrial Supplier"
2026-07-04,RM-007,"Condensed Milk",273,kg,"Approved Industrial Supplier"
2026-07-12,RM-007,"Condensed Milk",260,kg,"Approved Industrial Supplier"
2026-07-20,RM-007,"Condensed Milk",261,kg,"Approved Industrial Supplier"
2026-07-28,RM-007,"Condensed Milk",270,kg,"Approved Industrial Supplier"
2026-08-05,RM-007,"Condensed Milk",240,kg,"Approved Industrial Supplier"
2026-08-13,RM-007,"Condensed Milk",247,kg,"Approved Industrial Supplier"
2026-08-21,RM-007,"Condensed Milk",248,kg,"Approved Industrial Supplier"
2026-08-29,RM-007,"Condensed Milk",275,kg,"Approved Industrial Supplier"
2026-01-01,RM-008,"Evaporated Milk",197,L,"Approved Industrial Supplier"
2026-01-10,RM-008,"Evaporated Milk",203,L,"Approved Industrial Supplier"
2026-01-19,RM-008,"Evaporated Milk",199,L,"Approved Industrial Supplier"
2026-01-28,RM-008,"Evaporated Milk",185,L,"Approved Industrial Supplier"
2026-02-06,RM-008,"Evaporated Milk",205,L,"Approved Industrial Supplier"
2026-02-15,RM-008,"Evaporated Milk",209,L,"Approved Industrial Supplier"
2026-02-24,RM-008,"Evaporated Milk",193,L,"Approved Industrial Supplier"
2026-03-05,RM-008,"Evaporated Milk",186,L,"Approved Industrial Supplier"
2026-03-14,RM-008,"Evaporated Milk",216,L,"Approved Industrial Supplier"
2026-03-23,RM-008,"Evaporated Milk",210,L,"Approved Industrial Supplier"
2026-04-01,RM-008,"Evaporated Milk",204,L,"Approved Industrial Supplier"
2026-04-10,RM-008,"Evaporated Milk",197,L,"Approved Industrial Supplier"
2026-04-19,RM-008,"Evaporated Milk",213,L,"Approved Industrial Supplier"
2026-04-28,RM-008,"Evaporated Milk",203,L,"Approved Industrial Supplier"
2026-05-07,RM-008,"Evaporated Milk",204,L,"Approved Industrial Supplier"
2026-05-16,RM-008,"Evaporated Milk",219,L,"Approved Industrial Supplier"
2026-05-25,RM-008,"Evaporated Milk",214,L,"Approved Industrial Supplier"
2026-06-03,RM-008,"Evaporated Milk",203,L,"Approved Industrial Supplier"
2026-06-12,RM-008,"Evaporated Milk",211,L,"Approved Industrial Supplier"
2026-06-21,RM-008,"Evaporated Milk",206,L,"Approved Industrial Supplier"
2026-06-30,RM-008,"Evaporated Milk",193,L,"Approved Industrial Supplier"
2026-07-09,RM-008,"Evaporated Milk",218,L,"Approved Industrial Supplier"
2026-07-18,RM-008,"Evaporated Milk",214,L,"Approved Industrial Supplier"
2026-07-27,RM-008,"Evaporated Milk",186,L,"Approved Industrial Supplier"
2026-08-05,RM-008,"Evaporated Milk",189,L,"Approved Industrial Supplier"
2026-08-14,RM-008,"Evaporated Milk",209,L,"Approved Industrial Supplier"
2026-08-23,RM-008,"Evaporated Milk",190,L,"Approved Industrial Supplier"
2026-09-01,RM-008,"Evaporated Milk",204,L,"Approved Industrial Supplier"
2026-01-01,RM-009,"Powdered Milk",175,kg,"Approved Industrial Supplier"
2026-01-11,RM-009,"Powdered Milk",183,kg,"Approved Industrial Supplier"
2026-01-21,RM-009,"Powdered Milk",188,kg,"Approved Industrial Supplier"
2026-01-31,RM-009,"Powdered Milk",178,kg,"Approved Industrial Supplier"
2026-02-10,RM-009,"Powdered Milk",171,kg,"Approved Industrial Supplier"
2026-02-20,RM-009,"Powdered Milk",177,kg,"Approved Industrial Supplier"
2026-03-02,RM-009,"Powdered Milk",179,kg,"Approved Industrial Supplier"
2026-03-12,RM-009,"Powdered Milk",197,kg,"Approved Industrial Supplier"
2026-03-22,RM-009,"Powdered Milk",175,kg,"Approved Industrial Supplier"
2026-04-01,RM-009,"Powdered Milk",172,kg,"Approved Industrial Supplier"
2026-04-11,RM-009,"Powdered Milk",171,kg,"Approved Industrial Supplier"
2026-04-21,RM-009,"Powdered Milk",193,kg,"Approved Industrial Supplier"
2026-05-01,RM-009,"Powdered Milk",168,kg,"Approved Industrial Supplier"
2026-05-11,RM-009,"Powdered Milk",193,kg,"Approved Industrial Supplier"
2026-05-21,RM-009,"Powdered Milk",177,kg,"Approved Industrial Supplier"
2026-05-31,RM-009,"Powdered Milk",174,kg,"Approved Industrial Supplier"
2026-06-10,RM-009,"Powdered Milk",194,kg,"Approved Industrial Supplier"
2026-06-20,RM-009,"Powdered Milk",190,kg,"Approved Industrial Supplier"
2026-06-30,RM-009,"Powdered Milk",188,kg,"Approved Industrial Supplier"
2026-07-10,RM-009,"Powdered Milk",179,kg,"Approved Industrial Supplier"
2026-07-20,RM-009,"Powdered Milk",190,kg,"Approved Industrial Supplier"
2026-07-30,RM-009,"Powdered Milk",176,kg,"Approved Industrial Supplier"
2026-08-09,RM-009,"Powdered Milk",171,kg,"Approved Industrial Supplier"
2026-08-19,RM-009,"Powdered Milk",170,kg,"Approved Industrial Supplier"
2026-08-29,RM-009,"Powdered Milk",179,kg,"Approved Industrial Supplier"
2026-01-01,RM-010,"Fresh Whole Egg Whites",162,kg,"Approved Industrial Supplier"
2026-01-12,RM-010,"Fresh Whole Egg Whites",173,kg,"Approved Industrial Supplier"
2026-01-23,RM-010,"Fresh Whole Egg Whites",162,kg,"Approved Industrial Supplier"
2026-02-03,RM-010,"Fresh Whole Egg Whites",160,kg,"Approved Industrial Supplier"
2026-02-14,RM-010,"Fresh Whole Egg Whites",152,kg,"Approved Industrial Supplier"
2026-02-25,RM-010,"Fresh Whole Egg Whites",170,kg,"Approved Industrial Supplier"
2026-03-08,RM-010,"Fresh Whole Egg Whites",168,kg,"Approved Industrial Supplier"
2026-03-19,RM-010,"Fresh Whole Egg Whites",157,kg,"Approved Industrial Supplier"
2026-03-30,RM-010,"Fresh Whole Egg Whites",176,kg,"Approved Industrial Supplier"
2026-04-10,RM-010,"Fresh Whole Egg Whites",158,kg,"Approved Industrial Supplier"
2026-04-21,RM-010,"Fresh Whole Egg Whites",172,kg,"Approved Industrial Supplier"
2026-05-02,RM-010,"Fresh Whole Egg Whites",162,kg,"Approved Industrial Supplier"
2026-05-13,RM-010,"Fresh Whole Egg Whites",172,kg,"Approved Industrial Supplier"
2026-05-24,RM-010,"Fresh Whole Egg Whites",173,kg,"Approved Industrial Supplier"
2026-06-04,RM-010,"Fresh Whole Egg Whites",159,kg,"Approved Industrial Supplier"
2026-06-15,RM-010,"Fresh Whole Egg Whites",153,kg,"Approved Industrial Supplier"
2026-06-26,RM-010,"Fresh Whole Egg Whites",157,kg,"Approved Industrial Supplier"
2026-07-07,RM-010,"Fresh Whole Egg Whites",164,kg,"Approved Industrial Supplier"
2026-07-18,RM-010,"Fresh Whole Egg Whites",156,kg,"Approved Industrial Supplier"
2026-07-29,RM-010,"Fresh Whole Egg Whites",168,kg,"Approved Industrial Supplier"
2026-08-09,RM-010,"Fresh Whole Egg Whites",169,kg,"Approved Industrial Supplier"
2026-08-20,RM-010,"Fresh Whole Egg Whites",156,kg,"Approved Industrial Supplier"
2026-08-31,RM-010,"Fresh Whole Egg Whites",162,kg,"Approved Industrial Supplier"
2026-01-01,RM-011,"Fresh Whole Eggs",327,kg,"Approved Industrial Supplier"
2026-01-13,RM-011,"Fresh Whole Eggs",322,kg,"Approved Industrial Supplier"
2026-01-25,RM-011,"Fresh Whole Eggs",381,kg,"Approved Industrial Supplier"
2026-02-06,RM-011,"Fresh Whole Eggs",336,kg,"Approved Industrial Supplier"
2026-02-18,RM-011,"Fresh Whole Eggs",352,kg,"Approved Industrial Supplier"
2026-03-02,RM-011,"Fresh Whole Eggs",324,kg,"Approved Industrial Supplier"
2026-03-14,RM-011,"Fresh Whole Eggs",331,kg,"Approved Industrial Supplier"
2026-03-26,RM-011,"Fresh Whole Eggs",326,kg,"Approved Industrial Supplier"
2026-04-07,RM-011,"Fresh Whole Eggs",325,kg,"Approved Industrial Supplier"
2026-04-19,RM-011,"Fresh Whole Eggs",384,kg,"Approved Industrial Supplier"
2026-05-01,RM-011,"Fresh Whole Eggs",334,kg,"Approved Industrial Supplier"
2026-05-13,RM-011,"Fresh Whole Eggs",323,kg,"Approved Industrial Supplier"
2026-05-25,RM-011,"Fresh Whole Eggs",355,kg,"Approved Industrial Supplier"
2026-06-06,RM-011,"Fresh Whole Eggs",349,kg,"Approved Industrial Supplier"
2026-06-18,RM-011,"Fresh Whole Eggs",327,kg,"Approved Industrial Supplier"
2026-06-30,RM-011,"Fresh Whole Eggs",362,kg,"Approved Industrial Supplier"
2026-07-12,RM-011,"Fresh Whole Eggs",381,kg,"Approved Industrial Supplier"
2026-07-24,RM-011,"Fresh Whole Eggs",357,kg,"Approved Industrial Supplier"
2026-08-05,RM-011,"Fresh Whole Eggs",363,kg,"Approved Industrial Supplier"
2026-08-17,RM-011,"Fresh Whole Eggs",333,kg,"Approved Industrial Supplier"
2026-08-29,RM-011,"Fresh Whole Eggs",355,kg,"Approved Industrial Supplier"
2026-01-01,RM-012,"All-Vegetable Shortening",202,kg,"Approved Industrial Supplier"
2026-01-14,RM-012,"All-Vegetable Shortening",204,kg,"Approved Industrial Supplier"
2026-01-27,RM-012,"All-Vegetable Shortening",199,kg,"Approved Industrial Supplier"
2026-02-09,RM-012,"All-Vegetable Shortening",189,kg,"Approved Industrial Supplier"
2026-02-22,RM-012,"All-Vegetable Shortening",217,kg,"Approved Industrial Supplier"
2026-03-07,RM-012,"All-Vegetable Shortening",203,kg,"Approved Industrial Supplier"
2026-03-20,RM-012,"All-Vegetable Shortening",191,kg,"Approved Industrial Supplier"
2026-04-02,RM-012,"All-Vegetable Shortening",213,kg,"Approved Industrial Supplier"
2026-04-15,RM-012,"All-Vegetable Shortening",190,kg,"Approved Industrial Supplier"
2026-04-28,RM-012,"All-Vegetable Shortening",197,kg,"Approved Industrial Supplier"
2026-05-11,RM-012,"All-Vegetable Shortening",203,kg,"Approved Industrial Supplier"
2026-05-24,RM-012,"All-Vegetable Shortening",186,kg,"Approved Industrial Supplier"
2026-06-06,RM-012,"All-Vegetable Shortening",201,kg,"Approved Industrial Supplier"
2026-06-19,RM-012,"All-Vegetable Shortening",210,kg,"Approved Industrial Supplier"
2026-07-02,RM-012,"All-Vegetable Shortening",201,kg,"Approved Industrial Supplier"
2026-07-15,RM-012,"All-Vegetable Shortening",200,kg,"Approved Industrial Supplier"
2026-07-28,RM-012,"All-Vegetable Shortening",202,kg,"Approved Industrial Supplier"
2026-08-10,RM-012,"All-Vegetable Shortening",188,kg,"Approved Industrial Supplier"
2026-08-23,RM-012,"All-Vegetable Shortening",193,kg,"Approved Industrial Supplier"
2026-01-01,RM-013,"Baking Shortening",235,kg,"Approved Industrial Supplier"
2026-01-09,RM-013,"Baking Shortening",224,kg,"Approved Industrial Supplier"
2026-01-17,RM-013,"Baking Shortening",225,kg,"Approved Industrial Supplier"
2026-01-25,RM-013,"Baking Shortening",224,kg,"Approved Industrial Supplier"
2026-02-02,RM-013,"Baking Shortening",221,kg,"Approved Industrial Supplier"
2026-02-10,RM-013,"Baking Shortening",237,kg,"Approved Industrial Supplier"
2026-02-18,RM-013,"Baking Shortening",225,kg,"Approved Industrial Supplier"
2026-02-26,RM-013,"Baking Shortening",238,kg,"Approved Industrial Supplier"
2026-03-06,RM-013,"Baking Shortening",207,kg,"Approved Industrial Supplier"
2026-03-14,RM-013,"Baking Shortening",232,kg,"Approved Industrial Supplier"
2026-03-22,RM-013,"Baking Shortening",226,kg,"Approved Industrial Supplier"
2026-03-30,RM-013,"Baking Shortening",214,kg,"Approved Industrial Supplier"
2026-04-07,RM-013,"Baking Shortening",215,kg,"Approved Industrial Supplier"
2026-04-15,RM-013,"Baking Shortening",210,kg,"Approved Industrial Supplier"
2026-04-23,RM-013,"Baking Shortening",238,kg,"Approved Industrial Supplier"
2026-05-01,RM-013,"Baking Shortening",240,kg,"Approved Industrial Supplier"
2026-05-09,RM-013,"Baking Shortening",228,kg,"Approved Industrial Supplier"
2026-05-17,RM-013,"Baking Shortening",217,kg,"Approved Industrial Supplier"
2026-05-25,RM-013,"Baking Shortening",238,kg,"Approved Industrial Supplier"
2026-06-02,RM-013,"Baking Shortening",221,kg,"Approved Industrial Supplier"
2026-06-10,RM-013,"Baking Shortening",223,kg,"Approved Industrial Supplier"
2026-06-18,RM-013,"Baking Shortening",239,kg,"Approved Industrial Supplier"
2026-06-26,RM-013,"Baking Shortening",226,kg,"Approved Industrial Supplier"
2026-07-04,RM-013,"Baking Shortening",240,kg,"Approved Industrial Supplier"
2026-07-12,RM-013,"Baking Shortening",218,kg,"Approved Industrial Supplier"
2026-07-20,RM-013,"Baking Shortening",231,kg,"Approved Industrial Supplier"
2026-07-28,RM-013,"Baking Shortening",239,kg,"Approved Industrial Supplier"
2026-08-05,RM-013,"Baking Shortening",233,kg,"Approved Industrial Supplier"
2026-08-13,RM-013,"Baking Shortening",203,kg,"Approved Industrial Supplier"
2026-08-21,RM-013,"Baking Shortening",218,kg,"Approved Industrial Supplier"
2026-08-29,RM-013,"Baking Shortening",236,kg,"Approved Industrial Supplier"
2026-01-01,RM-014,"Salted Creamery Butter",250,kg,"Approved Industrial Supplier"
2026-01-10,RM-014,"Salted Creamery Butter",279,kg,"Approved Industrial Supplier"
2026-01-19,RM-014,"Salted Creamery Butter",282,kg,"Approved Industrial Supplier"
2026-01-28,RM-014,"Salted Creamery Butter",279,kg,"Approved Industrial Supplier"
2026-02-06,RM-014,"Salted Creamery Butter",253,kg,"Approved Industrial Supplier"
2026-02-15,RM-014,"Salted Creamery Butter",278,kg,"Approved Industrial Supplier"
2026-02-24,RM-014,"Salted Creamery Butter",282,kg,"Approved Industrial Supplier"
2026-03-05,RM-014,"Salted Creamery Butter",280,kg,"Approved Industrial Supplier"
2026-03-14,RM-014,"Salted Creamery Butter",245,kg,"Approved Industrial Supplier"
2026-03-23,RM-014,"Salted Creamery Butter",265,kg,"Approved Industrial Supplier"
2026-04-01,RM-014,"Salted Creamery Butter",245,kg,"Approved Industrial Supplier"
2026-04-10,RM-014,"Salted Creamery Butter",249,kg,"Approved Industrial Supplier"
2026-04-19,RM-014,"Salted Creamery Butter",277,kg,"Approved Industrial Supplier"
2026-04-28,RM-014,"Salted Creamery Butter",266,kg,"Approved Industrial Supplier"
2026-05-07,RM-014,"Salted Creamery Butter",270,kg,"Approved Industrial Supplier"
2026-05-16,RM-014,"Salted Creamery Butter",258,kg,"Approved Industrial Supplier"
2026-05-25,RM-014,"Salted Creamery Butter",275,kg,"Approved Industrial Supplier"
2026-06-03,RM-014,"Salted Creamery Butter",242,kg,"Approved Industrial Supplier"
2026-06-12,RM-014,"Salted Creamery Butter",264,kg,"Approved Industrial Supplier"
2026-06-21,RM-014,"Salted Creamery Butter",240,kg,"Approved Industrial Supplier"
2026-06-30,RM-014,"Salted Creamery Butter",244,kg,"Approved Industrial Supplier"
2026-07-09,RM-014,"Salted Creamery Butter",266,kg,"Approved Industrial Supplier"
2026-07-18,RM-014,"Salted Creamery Butter",270,kg,"Approved Industrial Supplier"
2026-07-27,RM-014,"Salted Creamery Butter",279,kg,"Approved Industrial Supplier"
2026-08-05,RM-014,"Salted Creamery Butter",261,kg,"Approved Industrial Supplier"
2026-08-14,RM-014,"Salted Creamery Butter",256,kg,"Approved Industrial Supplier"
2026-08-23,RM-014,"Salted Creamery Butter",268,kg,"Approved Industrial Supplier"
2026-09-01,RM-014,"Salted Creamery Butter",242,kg,"Approved Industrial Supplier"
2026-01-01,RM-015,"Seedless Raisins",79,kg,"Approved Industrial Supplier"
2026-01-11,RM-015,"Seedless Raisins",80,kg,"Approved Industrial Supplier"
2026-01-21,RM-015,"Seedless Raisins",88,kg,"Approved Industrial Supplier"
2026-01-31,RM-015,"Seedless Raisins",82,kg,"Approved Industrial Supplier"
2026-02-10,RM-015,"Seedless Raisins",83,kg,"Approved Industrial Supplier"
2026-02-20,RM-015,"Seedless Raisins",86,kg,"Approved Industrial Supplier"
2026-03-02,RM-015,"Seedless Raisins",79,kg,"Approved Industrial Supplier"
2026-03-12,RM-015,"Seedless Raisins",87,kg,"Approved Industrial Supplier"
2026-03-22,RM-015,"Seedless Raisins",85,kg,"Approved Industrial Supplier"
2026-04-01,RM-015,"Seedless Raisins",80,kg,"Approved Industrial Supplier"
2026-04-11,RM-015,"Seedless Raisins",87,kg,"Approved Industrial Supplier"
2026-04-21,RM-015,"Seedless Raisins",76,kg,"Approved Industrial Supplier"
2026-05-01,RM-015,"Seedless Raisins",76,kg,"Approved Industrial Supplier"
2026-05-11,RM-015,"Seedless Raisins",76,kg,"Approved Industrial Supplier"
2026-05-21,RM-015,"Seedless Raisins",81,kg,"Approved Industrial Supplier"
2026-05-31,RM-015,"Seedless Raisins",77,kg,"Approved Industrial Supplier"
2026-06-10,RM-015,"Seedless Raisins",76,kg,"Approved Industrial Supplier"
2026-06-20,RM-015,"Seedless Raisins",82,kg,"Approved Industrial Supplier"
2026-06-30,RM-015,"Seedless Raisins",77,kg,"Approved Industrial Supplier"
2026-07-10,RM-015,"Seedless Raisins",86,kg,"Approved Industrial Supplier"
2026-07-20,RM-015,"Seedless Raisins",86,kg,"Approved Industrial Supplier"
2026-07-30,RM-015,"Seedless Raisins",81,kg,"Approved Industrial Supplier"
2026-08-09,RM-015,"Seedless Raisins",80,kg,"Approved Industrial Supplier"
2026-08-19,RM-015,"Seedless Raisins",81,kg,"Approved Industrial Supplier"
2026-08-29,RM-015,"Seedless Raisins",79,kg,"Approved Industrial Supplier"
2026-01-01,RM-016,"Vanilla Extract",31,L,"Approved Industrial Supplier"
2026-01-12,RM-016,"Vanilla Extract",30,L,"Approved Industrial Supplier"
2026-01-23,RM-016,"Vanilla Extract",32,L,"Approved Industrial Supplier"
2026-02-03,RM-016,"Vanilla Extract",33,L,"Approved Industrial Supplier"
2026-02-14,RM-016,"Vanilla Extract",31,L,"Approved Industrial Supplier"
2026-02-25,RM-016,"Vanilla Extract",33,L,"Approved Industrial Supplier"
2026-03-08,RM-016,"Vanilla Extract",28,L,"Approved Industrial Supplier"
2026-03-19,RM-016,"Vanilla Extract",32,L,"Approved Industrial Supplier"
2026-03-30,RM-016,"Vanilla Extract",32,L,"Approved Industrial Supplier"
2026-04-10,RM-016,"Vanilla Extract",31,L,"Approved Industrial Supplier"
2026-04-21,RM-016,"Vanilla Extract",30,L,"Approved Industrial Supplier"
2026-05-02,RM-016,"Vanilla Extract",28,L,"Approved Industrial Supplier"
2026-05-13,RM-016,"Vanilla Extract",28,L,"Approved Industrial Supplier"
2026-05-24,RM-016,"Vanilla Extract",31,L,"Approved Industrial Supplier"
2026-06-04,RM-016,"Vanilla Extract",32,L,"Approved Industrial Supplier"
2026-06-15,RM-016,"Vanilla Extract",30,L,"Approved Industrial Supplier"
2026-06-26,RM-016,"Vanilla Extract",30,L,"Approved Industrial Supplier"
2026-07-07,RM-016,"Vanilla Extract",28,L,"Approved Industrial Supplier"
2026-07-18,RM-016,"Vanilla Extract",29,L,"Approved Industrial Supplier"
2026-07-29,RM-016,"Vanilla Extract",28,L,"Approved Industrial Supplier"
2026-08-09,RM-016,"Vanilla Extract",28,L,"Approved Industrial Supplier"
2026-08-20,RM-016,"Vanilla Extract",30,L,"Approved Industrial Supplier"
2026-08-31,RM-016,"Vanilla Extract",30,L,"Approved Industrial Supplier"
2026-01-01,RM-017,"All-Purpose Wheat Flour",501,kg,"Approved Industrial Supplier"
2026-01-13,RM-017,"All-Purpose Wheat Flour",490,kg,"Approved Industrial Supplier"
2026-01-25,RM-017,"All-Purpose Wheat Flour",530,kg,"Approved Industrial Supplier"
2026-02-06,RM-017,"All-Purpose Wheat Flour",519,kg,"Approved Industrial Supplier"
2026-02-18,RM-017,"All-Purpose Wheat Flour",491,kg,"Approved Industrial Supplier"
2026-03-02,RM-017,"All-Purpose Wheat Flour",473,kg,"Approved Industrial Supplier"
2026-03-14,RM-017,"All-Purpose Wheat Flour",531,kg,"Approved Industrial Supplier"
2026-03-26,RM-017,"All-Purpose Wheat Flour",475,kg,"Approved Industrial Supplier"
2026-04-07,RM-017,"All-Purpose Wheat Flour",488,kg,"Approved Industrial Supplier"
2026-04-19,RM-017,"All-Purpose Wheat Flour",481,kg,"Approved Industrial Supplier"
2026-05-01,RM-017,"All-Purpose Wheat Flour",505,kg,"Approved Industrial Supplier"
2026-05-13,RM-017,"All-Purpose Wheat Flour",510,kg,"Approved Industrial Supplier"
2026-05-25,RM-017,"All-Purpose Wheat Flour",528,kg,"Approved Industrial Supplier"
2026-06-06,RM-017,"All-Purpose Wheat Flour",520,kg,"Approved Industrial Supplier"
2026-06-18,RM-017,"All-Purpose Wheat Flour",541,kg,"Approved Industrial Supplier"
2026-06-30,RM-017,"All-Purpose Wheat Flour",522,kg,"Approved Industrial Supplier"
2026-07-12,RM-017,"All-Purpose Wheat Flour",534,kg,"Approved Industrial Supplier"
2026-07-24,RM-017,"All-Purpose Wheat Flour",535,kg,"Approved Industrial Supplier"
2026-08-05,RM-017,"All-Purpose Wheat Flour",499,kg,"Approved Industrial Supplier"
2026-08-17,RM-017,"All-Purpose Wheat Flour",469,kg,"Approved Industrial Supplier"
2026-08-29,RM-017,"All-Purpose Wheat Flour",472,kg,"Approved Industrial Supplier"
2026-01-01,RM-018,"Cornstarch",129,kg,"Approved Industrial Supplier"
2026-01-14,RM-018,"Cornstarch",133,kg,"Approved Industrial Supplier"
2026-01-27,RM-018,"Cornstarch",151,kg,"Approved Industrial Supplier"
2026-02-09,RM-018,"Cornstarch",130,kg,"Approved Industrial Supplier"
2026-02-22,RM-018,"Cornstarch",135,kg,"Approved Industrial Supplier"
2026-03-07,RM-018,"Cornstarch",153,kg,"Approved Industrial Supplier"
2026-03-20,RM-018,"Cornstarch",150,kg,"Approved Industrial Supplier"
2026-04-02,RM-018,"Cornstarch",136,kg,"Approved Industrial Supplier"
2026-04-15,RM-018,"Cornstarch",151,kg,"Approved Industrial Supplier"
2026-04-28,RM-018,"Cornstarch",136,kg,"Approved Industrial Supplier"
2026-05-11,RM-018,"Cornstarch",136,kg,"Approved Industrial Supplier"
2026-05-24,RM-018,"Cornstarch",129,kg,"Approved Industrial Supplier"
2026-06-06,RM-018,"Cornstarch",130,kg,"Approved Industrial Supplier"
2026-06-19,RM-018,"Cornstarch",135,kg,"Approved Industrial Supplier"
2026-07-02,RM-018,"Cornstarch",150,kg,"Approved Industrial Supplier"
2026-07-15,RM-018,"Cornstarch",140,kg,"Approved Industrial Supplier"
2026-07-28,RM-018,"Cornstarch",145,kg,"Approved Industrial Supplier"
2026-08-10,RM-018,"Cornstarch",137,kg,"Approved Industrial Supplier"
2026-08-23,RM-018,"Cornstarch",134,kg,"Approved Industrial Supplier"
2026-01-01,RM-019,"Glutinous Rice (Malagkit for Pinipig)",325,kg,"Approved Industrial Supplier"
2026-01-09,RM-019,"Glutinous Rice (Malagkit for Pinipig)",326,kg,"Approved Industrial Supplier"
2026-01-17,RM-019,"Glutinous Rice (Malagkit for Pinipig)",326,kg,"Approved Industrial Supplier"
2026-01-25,RM-019,"Glutinous Rice (Malagkit for Pinipig)",325,kg,"Approved Industrial Supplier"
2026-02-02,RM-019,"Glutinous Rice (Malagkit for Pinipig)",312,kg,"Approved Industrial Supplier"
2026-02-10,RM-019,"Glutinous Rice (Malagkit for Pinipig)",302,kg,"Approved Industrial Supplier"
2026-02-18,RM-019,"Glutinous Rice (Malagkit for Pinipig)",293,kg,"Approved Industrial Supplier"
2026-02-26,RM-019,"Glutinous Rice (Malagkit for Pinipig)",310,kg,"Approved Industrial Supplier"
2026-03-06,RM-019,"Glutinous Rice (Malagkit for Pinipig)",326,kg,"Approved Industrial Supplier"
2026-03-14,RM-019,"Glutinous Rice (Malagkit for Pinipig)",328,kg,"Approved Industrial Supplier"
2026-03-22,RM-019,"Glutinous Rice (Malagkit for Pinipig)",310,kg,"Approved Industrial Supplier"
2026-03-30,RM-019,"Glutinous Rice (Malagkit for Pinipig)",306,kg,"Approved Industrial Supplier"
2026-04-07,RM-019,"Glutinous Rice (Malagkit for Pinipig)",311,kg,"Approved Industrial Supplier"
2026-04-15,RM-019,"Glutinous Rice (Malagkit for Pinipig)",292,kg,"Approved Industrial Supplier"
2026-04-23,RM-019,"Glutinous Rice (Malagkit for Pinipig)",303,kg,"Approved Industrial Supplier"
2026-05-01,RM-019,"Glutinous Rice (Malagkit for Pinipig)",329,kg,"Approved Industrial Supplier"
2026-05-09,RM-019,"Glutinous Rice (Malagkit for Pinipig)",315,kg,"Approved Industrial Supplier"
2026-05-17,RM-019,"Glutinous Rice (Malagkit for Pinipig)",326,kg,"Approved Industrial Supplier"
2026-05-25,RM-019,"Glutinous Rice (Malagkit for Pinipig)",309,kg,"Approved Industrial Supplier"
2026-06-02,RM-019,"Glutinous Rice (Malagkit for Pinipig)",322,kg,"Approved Industrial Supplier"
2026-06-10,RM-019,"Glutinous Rice (Malagkit for Pinipig)",301,kg,"Approved Industrial Supplier"
2026-06-18,RM-019,"Glutinous Rice (Malagkit for Pinipig)",321,kg,"Approved Industrial Supplier"
2026-06-26,RM-019,"Glutinous Rice (Malagkit for Pinipig)",300,kg,"Approved Industrial Supplier"
2026-07-04,RM-019,"Glutinous Rice (Malagkit for Pinipig)",289,kg,"Approved Industrial Supplier"
2026-07-12,RM-019,"Glutinous Rice (Malagkit for Pinipig)",321,kg,"Approved Industrial Supplier"
2026-07-20,RM-019,"Glutinous Rice (Malagkit for Pinipig)",287,kg,"Approved Industrial Supplier"
2026-07-28,RM-019,"Glutinous Rice (Malagkit for Pinipig)",321,kg,"Approved Industrial Supplier"
2026-08-05,RM-019,"Glutinous Rice (Malagkit for Pinipig)",308,kg,"Approved Industrial Supplier"
2026-08-13,RM-019,"Glutinous Rice (Malagkit for Pinipig)",326,kg,"Approved Industrial Supplier"
2026-08-21,RM-019,"Glutinous Rice (Malagkit for Pinipig)",296,kg,"Approved Industrial Supplier"
2026-08-29,RM-019,"Glutinous Rice (Malagkit for Pinipig)",327,kg,"Approved Industrial Supplier"
2026-01-01,RM-020,"Hard Wheat Bread Flour",552,kg,"Approved Industrial Supplier"
2026-01-10,RM-020,"Hard Wheat Bread Flour",558,kg,"Approved Industrial Supplier"
2026-01-19,RM-020,"Hard Wheat Bread Flour",638,kg,"Approved Industrial Supplier"
2026-01-28,RM-020,"Hard Wheat Bread Flour",568,kg,"Approved Industrial Supplier"
2026-02-06,RM-020,"Hard Wheat Bread Flour",573,kg,"Approved Industrial Supplier"
2026-02-15,RM-020,"Hard Wheat Bread Flour",657,kg,"Approved Industrial Supplier"
2026-02-24,RM-020,"Hard Wheat Bread Flour",653,kg,"Approved Industrial Supplier"
2026-03-05,RM-020,"Hard Wheat Bread Flour",639,kg,"Approved Industrial Supplier"
2026-03-14,RM-020,"Hard Wheat Bread Flour",609,kg,"Approved Industrial Supplier"
2026-03-23,RM-020,"Hard Wheat Bread Flour",593,kg,"Approved Industrial Supplier"
2026-04-01,RM-020,"Hard Wheat Bread Flour",602,kg,"Approved Industrial Supplier"
2026-04-10,RM-020,"Hard Wheat Bread Flour",594,kg,"Approved Industrial Supplier"
2026-04-19,RM-020,"Hard Wheat Bread Flour",610,kg,"Approved Industrial Supplier"
2026-04-28,RM-020,"Hard Wheat Bread Flour",655,kg,"Approved Industrial Supplier"
2026-05-07,RM-020,"Hard Wheat Bread Flour",630,kg,"Approved Industrial Supplier"
2026-05-16,RM-020,"Hard Wheat Bread Flour",603,kg,"Approved Industrial Supplier"
2026-05-25,RM-020,"Hard Wheat Bread Flour",655,kg,"Approved Industrial Supplier"
2026-06-03,RM-020,"Hard Wheat Bread Flour",649,kg,"Approved Industrial Supplier"
2026-06-12,RM-020,"Hard Wheat Bread Flour",595,kg,"Approved Industrial Supplier"
2026-06-21,RM-020,"Hard Wheat Bread Flour",599,kg,"Approved Industrial Supplier"
2026-06-30,RM-020,"Hard Wheat Bread Flour",613,kg,"Approved Industrial Supplier"
2026-07-09,RM-020,"Hard Wheat Bread Flour",581,kg,"Approved Industrial Supplier"
2026-07-18,RM-020,"Hard Wheat Bread Flour",591,kg,"Approved Industrial Supplier"
2026-07-27,RM-020,"Hard Wheat Bread Flour",620,kg,"Approved Industrial Supplier"
2026-08-05,RM-020,"Hard Wheat Bread Flour",643,kg,"Approved Industrial Supplier"
2026-08-14,RM-020,"Hard Wheat Bread Flour",647,kg,"Approved Industrial Supplier"
2026-08-23,RM-020,"Hard Wheat Bread Flour",654,kg,"Approved Industrial Supplier"
2026-09-01,RM-020,"Hard Wheat Bread Flour",561,kg,"Approved Industrial Supplier"
2026-01-01,RM-021,"Purified Water",769,L,"Approved Industrial Supplier"
2026-01-11,RM-021,"Purified Water",800,L,"Approved Industrial Supplier"
2026-01-21,RM-021,"Purified Water",763,L,"Approved Industrial Supplier"
2026-01-31,RM-021,"Purified Water",837,L,"Approved Industrial Supplier"
2026-02-10,RM-021,"Purified Water",784,L,"Approved Industrial Supplier"
2026-02-20,RM-021,"Purified Water",824,L,"Approved Industrial Supplier"
2026-03-02,RM-021,"Purified Water",838,L,"Approved Industrial Supplier"
2026-03-12,RM-021,"Purified Water",836,L,"Approved Industrial Supplier"
2026-03-22,RM-021,"Purified Water",774,L,"Approved Industrial Supplier"
2026-04-01,RM-021,"Purified Water",784,L,"Approved Industrial Supplier"
2026-04-11,RM-021,"Purified Water",818,L,"Approved Industrial Supplier"
2026-04-21,RM-021,"Purified Water",792,L,"Approved Industrial Supplier"
2026-05-01,RM-021,"Purified Water",819,L,"Approved Industrial Supplier"
2026-05-11,RM-021,"Purified Water",820,L,"Approved Industrial Supplier"
2026-05-21,RM-021,"Purified Water",801,L,"Approved Industrial Supplier"
2026-05-31,RM-021,"Purified Water",783,L,"Approved Industrial Supplier"
2026-06-10,RM-021,"Purified Water",813,L,"Approved Industrial Supplier"
2026-06-20,RM-021,"Purified Water",769,L,"Approved Industrial Supplier"
2026-06-30,RM-021,"Purified Water",758,L,"Approved Industrial Supplier"
2026-07-10,RM-021,"Purified Water",879,L,"Approved Industrial Supplier"
2026-07-20,RM-021,"Purified Water",878,L,"Approved Industrial Supplier"
2026-07-30,RM-021,"Purified Water",848,L,"Approved Industrial Supplier"
2026-08-09,RM-021,"Purified Water",815,L,"Approved Industrial Supplier"
2026-08-19,RM-021,"Purified Water",780,L,"Approved Industrial Supplier"
2026-08-29,RM-021,"Purified Water",767,L,"Approved Industrial Supplier"
2026-01-01,RM-022,"Cleaned Chicken Crop (Butse)",170,kg,"Approved Industrial Supplier"
2026-01-12,RM-022,"Cleaned Chicken Crop (Butse)",175,kg,"Approved Industrial Supplier"
2026-01-23,RM-022,"Cleaned Chicken Crop (Butse)",197,kg,"Approved Industrial Supplier"
2026-02-03,RM-022,"Cleaned Chicken Crop (Butse)",176,kg,"Approved Industrial Supplier"
2026-02-14,RM-022,"Cleaned Chicken Crop (Butse)",182,kg,"Approved Industrial Supplier"
2026-02-25,RM-022,"Cleaned Chicken Crop (Butse)",167,kg,"Approved Industrial Supplier"
2026-03-08,RM-022,"Cleaned Chicken Crop (Butse)",186,kg,"Approved Industrial Supplier"
2026-03-19,RM-022,"Cleaned Chicken Crop (Butse)",189,kg,"Approved Industrial Supplier"
2026-03-30,RM-022,"Cleaned Chicken Crop (Butse)",187,kg,"Approved Industrial Supplier"
2026-04-10,RM-022,"Cleaned Chicken Crop (Butse)",184,kg,"Approved Industrial Supplier"
2026-04-21,RM-022,"Cleaned Chicken Crop (Butse)",171,kg,"Approved Industrial Supplier"
2026-05-02,RM-022,"Cleaned Chicken Crop (Butse)",186,kg,"Approved Industrial Supplier"
2026-05-13,RM-022,"Cleaned Chicken Crop (Butse)",190,kg,"Approved Industrial Supplier"
2026-05-24,RM-022,"Cleaned Chicken Crop (Butse)",169,kg,"Approved Industrial Supplier"
2026-06-04,RM-022,"Cleaned Chicken Crop (Butse)",188,kg,"Approved Industrial Supplier"
2026-06-15,RM-022,"Cleaned Chicken Crop (Butse)",169,kg,"Approved Industrial Supplier"
2026-06-26,RM-022,"Cleaned Chicken Crop (Butse)",178,kg,"Approved Industrial Supplier"
2026-07-07,RM-022,"Cleaned Chicken Crop (Butse)",166,kg,"Approved Industrial Supplier"
2026-07-18,RM-022,"Cleaned Chicken Crop (Butse)",180,kg,"Approved Industrial Supplier"
2026-07-29,RM-022,"Cleaned Chicken Crop (Butse)",176,kg,"Approved Industrial Supplier"
2026-08-09,RM-022,"Cleaned Chicken Crop (Butse)",196,kg,"Approved Industrial Supplier"
2026-08-20,RM-022,"Cleaned Chicken Crop (Butse)",175,kg,"Approved Industrial Supplier"
2026-08-31,RM-022,"Cleaned Chicken Crop (Butse)",174,kg,"Approved Industrial Supplier"
2026-01-01,RM-023,"Pork Skin with Back Fat",388,kg,"Approved Industrial Supplier"
2026-01-13,RM-023,"Pork Skin with Back Fat",436,kg,"Approved Industrial Supplier"
2026-01-25,RM-023,"Pork Skin with Back Fat",419,kg,"Approved Industrial Supplier"
2026-02-06,RM-023,"Pork Skin with Back Fat",393,kg,"Approved Industrial Supplier"
2026-02-18,RM-023,"Pork Skin with Back Fat",389,kg,"Approved Industrial Supplier"
2026-03-02,RM-023,"Pork Skin with Back Fat",376,kg,"Approved Industrial Supplier"
2026-03-14,RM-023,"Pork Skin with Back Fat",439,kg,"Approved Industrial Supplier"
2026-03-26,RM-023,"Pork Skin with Back Fat",438,kg,"Approved Industrial Supplier"
2026-04-07,RM-023,"Pork Skin with Back Fat",379,kg,"Approved Industrial Supplier"
2026-04-19,RM-023,"Pork Skin with Back Fat",386,kg,"Approved Industrial Supplier"
2026-05-01,RM-023,"Pork Skin with Back Fat",434,kg,"Approved Industrial Supplier"
2026-05-13,RM-023,"Pork Skin with Back Fat",377,kg,"Approved Industrial Supplier"
2026-05-25,RM-023,"Pork Skin with Back Fat",389,kg,"Approved Industrial Supplier"
2026-06-06,RM-023,"Pork Skin with Back Fat",385,kg,"Approved Industrial Supplier"
2026-06-18,RM-023,"Pork Skin with Back Fat",385,kg,"Approved Industrial Supplier"
2026-06-30,RM-023,"Pork Skin with Back Fat",427,kg,"Approved Industrial Supplier"
2026-07-12,RM-023,"Pork Skin with Back Fat",398,kg,"Approved Industrial Supplier"
2026-07-24,RM-023,"Pork Skin with Back Fat",409,kg,"Approved Industrial Supplier"
2026-08-05,RM-023,"Pork Skin with Back Fat",415,kg,"Approved Industrial Supplier"
2026-08-17,RM-023,"Pork Skin with Back Fat",438,kg,"Approved Industrial Supplier"
2026-08-29,RM-023,"Pork Skin with Back Fat",390,kg,"Approved Industrial Supplier"
2026-01-01,RM-024,"Raw Shelled Peanuts",416,kg,"Approved Industrial Supplier"
2026-01-14,RM-024,"Raw Shelled Peanuts",402,kg,"Approved Industrial Supplier"
2026-01-27,RM-024,"Raw Shelled Peanuts",411,kg,"Approved Industrial Supplier"
2026-02-09,RM-024,"Raw Shelled Peanuts",374,kg,"Approved Industrial Supplier"
2026-02-22,RM-024,"Raw Shelled Peanuts",402,kg,"Approved Industrial Supplier"
2026-03-07,RM-024,"Raw Shelled Peanuts",365,kg,"Approved Industrial Supplier"
2026-03-20,RM-024,"Raw Shelled Peanuts",367,kg,"Approved Industrial Supplier"
2026-04-02,RM-024,"Raw Shelled Peanuts",366,kg,"Approved Industrial Supplier"
2026-04-15,RM-024,"Raw Shelled Peanuts",353,kg,"Approved Industrial Supplier"
2026-04-28,RM-024,"Raw Shelled Peanuts",372,kg,"Approved Industrial Supplier"
2026-05-11,RM-024,"Raw Shelled Peanuts",372,kg,"Approved Industrial Supplier"
2026-05-24,RM-024,"Raw Shelled Peanuts",380,kg,"Approved Industrial Supplier"
2026-06-06,RM-024,"Raw Shelled Peanuts",360,kg,"Approved Industrial Supplier"
2026-06-19,RM-024,"Raw Shelled Peanuts",406,kg,"Approved Industrial Supplier"
2026-07-02,RM-024,"Raw Shelled Peanuts",382,kg,"Approved Industrial Supplier"
2026-07-15,RM-024,"Raw Shelled Peanuts",404,kg,"Approved Industrial Supplier"
2026-07-28,RM-024,"Raw Shelled Peanuts",389,kg,"Approved Industrial Supplier"
2026-08-10,RM-024,"Raw Shelled Peanuts",365,kg,"Approved Industrial Supplier"
2026-08-23,RM-024,"Raw Shelled Peanuts",399,kg,"Approved Industrial Supplier"
2026-01-01,RM-025,"Toasted Sesame Seeds",58,kg,"Approved Industrial Supplier"
2026-01-09,RM-025,"Toasted Sesame Seeds",60,kg,"Approved Industrial Supplier"
2026-01-17,RM-025,"Toasted Sesame Seeds",57,kg,"Approved Industrial Supplier"
2026-01-25,RM-025,"Toasted Sesame Seeds",65,kg,"Approved Industrial Supplier"
2026-02-02,RM-025,"Toasted Sesame Seeds",61,kg,"Approved Industrial Supplier"
2026-02-10,RM-025,"Toasted Sesame Seeds",66,kg,"Approved Industrial Supplier"
2026-02-18,RM-025,"Toasted Sesame Seeds",56,kg,"Approved Industrial Supplier"
2026-02-26,RM-025,"Toasted Sesame Seeds",60,kg,"Approved Industrial Supplier"
2026-03-06,RM-025,"Toasted Sesame Seeds",60,kg,"Approved Industrial Supplier"
2026-03-14,RM-025,"Toasted Sesame Seeds",60,kg,"Approved Industrial Supplier"
2026-03-22,RM-025,"Toasted Sesame Seeds",61,kg,"Approved Industrial Supplier"
2026-03-30,RM-025,"Toasted Sesame Seeds",65,kg,"Approved Industrial Supplier"
2026-04-07,RM-025,"Toasted Sesame Seeds",66,kg,"Approved Industrial Supplier"
2026-04-15,RM-025,"Toasted Sesame Seeds",61,kg,"Approved Industrial Supplier"
2026-04-23,RM-025,"Toasted Sesame Seeds",56,kg,"Approved Industrial Supplier"
2026-05-01,RM-025,"Toasted Sesame Seeds",59,kg,"Approved Industrial Supplier"
2026-05-09,RM-025,"Toasted Sesame Seeds",57,kg,"Approved Industrial Supplier"
2026-05-17,RM-025,"Toasted Sesame Seeds",57,kg,"Approved Industrial Supplier"
2026-05-25,RM-025,"Toasted Sesame Seeds",65,kg,"Approved Industrial Supplier"
2026-06-02,RM-025,"Toasted Sesame Seeds",59,kg,"Approved Industrial Supplier"
2026-06-10,RM-025,"Toasted Sesame Seeds",64,kg,"Approved Industrial Supplier"
2026-06-18,RM-025,"Toasted Sesame Seeds",61,kg,"Approved Industrial Supplier"
2026-06-26,RM-025,"Toasted Sesame Seeds",59,kg,"Approved Industrial Supplier"
2026-07-04,RM-025,"Toasted Sesame Seeds",60,kg,"Approved Industrial Supplier"
2026-07-12,RM-025,"Toasted Sesame Seeds",62,kg,"Approved Industrial Supplier"
2026-07-20,RM-025,"Toasted Sesame Seeds",64,kg,"Approved Industrial Supplier"
2026-07-28,RM-025,"Toasted Sesame Seeds",64,kg,"Approved Industrial Supplier"
2026-08-05,RM-025,"Toasted Sesame Seeds",59,kg,"Approved Industrial Supplier"
2026-08-13,RM-025,"Toasted Sesame Seeds",56,kg,"Approved Industrial Supplier"
2026-08-21,RM-025,"Toasted Sesame Seeds",60,kg,"Approved Industrial Supplier"
2026-08-29,RM-025,"Toasted Sesame Seeds",57,kg,"Approved Industrial Supplier"
2026-01-01,RM-026,"Palm Cooking Oil",465,L,"Approved Industrial Supplier"
2026-01-10,RM-026,"Palm Cooking Oil",425,L,"Approved Industrial Supplier"
2026-01-19,RM-026,"Palm Cooking Oil",486,L,"Approved Industrial Supplier"
2026-01-28,RM-026,"Palm Cooking Oil",447,L,"Approved Industrial Supplier"
2026-02-06,RM-026,"Palm Cooking Oil",470,L,"Approved Industrial Supplier"
2026-02-15,RM-026,"Palm Cooking Oil",420,L,"Approved Industrial Supplier"
2026-02-24,RM-026,"Palm Cooking Oil",435,L,"Approved Industrial Supplier"
2026-03-05,RM-026,"Palm Cooking Oil",488,L,"Approved Industrial Supplier"
2026-03-14,RM-026,"Palm Cooking Oil",472,L,"Approved Industrial Supplier"
2026-03-23,RM-026,"Palm Cooking Oil",470,L,"Approved Industrial Supplier"
2026-04-01,RM-026,"Palm Cooking Oil",490,L,"Approved Industrial Supplier"
2026-04-10,RM-026,"Palm Cooking Oil",462,L,"Approved Industrial Supplier"
2026-04-19,RM-026,"Palm Cooking Oil",448,L,"Approved Industrial Supplier"
2026-04-28,RM-026,"Palm Cooking Oil",494,L,"Approved Industrial Supplier"
2026-05-07,RM-026,"Palm Cooking Oil",420,L,"Approved Industrial Supplier"
2026-05-16,RM-026,"Palm Cooking Oil",467,L,"Approved Industrial Supplier"
2026-05-25,RM-026,"Palm Cooking Oil",488,L,"Approved Industrial Supplier"
2026-06-03,RM-026,"Palm Cooking Oil",488,L,"Approved Industrial Supplier"
2026-06-12,RM-026,"Palm Cooking Oil",429,L,"Approved Industrial Supplier"
2026-06-21,RM-026,"Palm Cooking Oil",493,L,"Approved Industrial Supplier"
2026-06-30,RM-026,"Palm Cooking Oil",493,L,"Approved Industrial Supplier"
2026-07-09,RM-026,"Palm Cooking Oil",450,L,"Approved Industrial Supplier"
2026-07-18,RM-026,"Palm Cooking Oil",430,L,"Approved Industrial Supplier"
2026-07-27,RM-026,"Palm Cooking Oil",428,L,"Approved Industrial Supplier"
2026-08-05,RM-026,"Palm Cooking Oil",432,L,"Approved Industrial Supplier"
2026-08-14,RM-026,"Palm Cooking Oil",475,L,"Approved Industrial Supplier"
2026-08-23,RM-026,"Palm Cooking Oil",430,L,"Approved Industrial Supplier"
2026-09-01,RM-026,"Palm Cooking Oil",437,L,"Approved Industrial Supplier"
2026-01-01,RM-027,"Pure Pork Lard",242,L,"Approved Industrial Supplier"
2026-01-11,RM-027,"Pure Pork Lard",255,L,"Approved Industrial Supplier"
2026-01-21,RM-027,"Pure Pork Lard",271,L,"Approved Industrial Supplier"
2026-01-31,RM-027,"Pure Pork Lard",260,L,"Approved Industrial Supplier"
2026-02-10,RM-027,"Pure Pork Lard",269,L,"Approved Industrial Supplier"
2026-02-20,RM-027,"Pure Pork Lard",249,L,"Approved Industrial Supplier"
2026-03-02,RM-027,"Pure Pork Lard",245,L,"Approved Industrial Supplier"
2026-03-12,RM-027,"Pure Pork Lard",230,L,"Approved Industrial Supplier"
2026-03-22,RM-027,"Pure Pork Lard",274,L,"Approved Industrial Supplier"
2026-04-01,RM-027,"Pure Pork Lard",252,L,"Approved Industrial Supplier"
2026-04-11,RM-027,"Pure Pork Lard",242,L,"Approved Industrial Supplier"
2026-04-21,RM-027,"Pure Pork Lard",244,L,"Approved Industrial Supplier"
2026-05-01,RM-027,"Pure Pork Lard",255,L,"Approved Industrial Supplier"
2026-05-11,RM-027,"Pure Pork Lard",238,L,"Approved Industrial Supplier"
2026-05-21,RM-027,"Pure Pork Lard",245,L,"Approved Industrial Supplier"
2026-05-31,RM-027,"Pure Pork Lard",267,L,"Approved Industrial Supplier"
2026-06-10,RM-027,"Pure Pork Lard",246,L,"Approved Industrial Supplier"
2026-06-20,RM-027,"Pure Pork Lard",233,L,"Approved Industrial Supplier"
2026-06-30,RM-027,"Pure Pork Lard",242,L,"Approved Industrial Supplier"
2026-07-10,RM-027,"Pure Pork Lard",268,L,"Approved Industrial Supplier"
2026-07-20,RM-027,"Pure Pork Lard",237,L,"Approved Industrial Supplier"
2026-07-30,RM-027,"Pure Pork Lard",273,L,"Approved Industrial Supplier"
2026-08-09,RM-027,"Pure Pork Lard",236,L,"Approved Industrial Supplier"
2026-08-19,RM-027,"Pure Pork Lard",259,L,"Approved Industrial Supplier"
2026-08-29,RM-027,"Pure Pork Lard",253,L,"Approved Industrial Supplier"
2026-01-01,RM-028,"Refined Peanut Oil",149,L,"Approved Industrial Supplier"
2026-01-12,RM-028,"Refined Peanut Oil",140,L,"Approved Industrial Supplier"
2026-01-23,RM-028,"Refined Peanut Oil",141,L,"Approved Industrial Supplier"
2026-02-03,RM-028,"Refined Peanut Oil",163,L,"Approved Industrial Supplier"
2026-02-14,RM-028,"Refined Peanut Oil",157,L,"Approved Industrial Supplier"
2026-02-25,RM-028,"Refined Peanut Oil",160,L,"Approved Industrial Supplier"
2026-03-08,RM-028,"Refined Peanut Oil",158,L,"Approved Industrial Supplier"
2026-03-19,RM-028,"Refined Peanut Oil",146,L,"Approved Industrial Supplier"
2026-03-30,RM-028,"Refined Peanut Oil",161,L,"Approved Industrial Supplier"
2026-04-10,RM-028,"Refined Peanut Oil",139,L,"Approved Industrial Supplier"
2026-04-21,RM-028,"Refined Peanut Oil",147,L,"Approved Industrial Supplier"
2026-05-02,RM-028,"Refined Peanut Oil",144,L,"Approved Industrial Supplier"
2026-05-13,RM-028,"Refined Peanut Oil",155,L,"Approved Industrial Supplier"
2026-05-24,RM-028,"Refined Peanut Oil",157,L,"Approved Industrial Supplier"
2026-06-04,RM-028,"Refined Peanut Oil",157,L,"Approved Industrial Supplier"
2026-06-15,RM-028,"Refined Peanut Oil",164,L,"Approved Industrial Supplier"
2026-06-26,RM-028,"Refined Peanut Oil",142,L,"Approved Industrial Supplier"
2026-07-07,RM-028,"Refined Peanut Oil",162,L,"Approved Industrial Supplier"
2026-07-18,RM-028,"Refined Peanut Oil",146,L,"Approved Industrial Supplier"
2026-07-29,RM-028,"Refined Peanut Oil",156,L,"Approved Industrial Supplier"
2026-08-09,RM-028,"Refined Peanut Oil",153,L,"Approved Industrial Supplier"
2026-08-20,RM-028,"Refined Peanut Oil",150,L,"Approved Industrial Supplier"
2026-08-31,RM-028,"Refined Peanut Oil",145,L,"Approved Industrial Supplier"
2026-01-01,RM-029,"Fresh Carrots",122,kg,"Approved Industrial Supplier"
2026-01-13,RM-029,"Fresh Carrots",126,kg,"Approved Industrial Supplier"
2026-01-25,RM-029,"Fresh Carrots",113,kg,"Approved Industrial Supplier"
2026-02-06,RM-029,"Fresh Carrots",112,kg,"Approved Industrial Supplier"
2026-02-18,RM-029,"Fresh Carrots",111,kg,"Approved Industrial Supplier"
2026-03-02,RM-029,"Fresh Carrots",120,kg,"Approved Industrial Supplier"
2026-03-14,RM-029,"Fresh Carrots",124,kg,"Approved Industrial Supplier"
2026-03-26,RM-029,"Fresh Carrots",120,kg,"Approved Industrial Supplier"
2026-04-07,RM-029,"Fresh Carrots",122,kg,"Approved Industrial Supplier"
2026-04-19,RM-029,"Fresh Carrots",117,kg,"Approved Industrial Supplier"
2026-05-01,RM-029,"Fresh Carrots",123,kg,"Approved Industrial Supplier"
2026-05-13,RM-029,"Fresh Carrots",114,kg,"Approved Industrial Supplier"
2026-05-25,RM-029,"Fresh Carrots",118,kg,"Approved Industrial Supplier"
2026-06-06,RM-029,"Fresh Carrots",120,kg,"Approved Industrial Supplier"
2026-06-18,RM-029,"Fresh Carrots",132,kg,"Approved Industrial Supplier"
2026-06-30,RM-029,"Fresh Carrots",131,kg,"Approved Industrial Supplier"
2026-07-12,RM-029,"Fresh Carrots",114,kg,"Approved Industrial Supplier"
2026-07-24,RM-029,"Fresh Carrots",118,kg,"Approved Industrial Supplier"
2026-08-05,RM-029,"Fresh Carrots",124,kg,"Approved Industrial Supplier"
2026-08-17,RM-029,"Fresh Carrots",117,kg,"Approved Industrial Supplier"
2026-08-29,RM-029,"Fresh Carrots",122,kg,"Approved Industrial Supplier"
2026-01-01,RM-030,"Fresh Cassava Tubers",266,kg,"Approved Industrial Supplier"
2026-01-14,RM-030,"Fresh Cassava Tubers",251,kg,"Approved Industrial Supplier"
2026-01-27,RM-030,"Fresh Cassava Tubers",243,kg,"Approved Industrial Supplier"
2026-02-09,RM-030,"Fresh Cassava Tubers",270,kg,"Approved Industrial Supplier"
2026-02-22,RM-030,"Fresh Cassava Tubers",283,kg,"Approved Industrial Supplier"
2026-03-07,RM-030,"Fresh Cassava Tubers",256,kg,"Approved Industrial Supplier"
2026-03-20,RM-030,"Fresh Cassava Tubers",263,kg,"Approved Industrial Supplier"
2026-04-02,RM-030,"Fresh Cassava Tubers",272,kg,"Approved Industrial Supplier"
2026-04-15,RM-030,"Fresh Cassava Tubers",270,kg,"Approved Industrial Supplier"
2026-04-28,RM-030,"Fresh Cassava Tubers",262,kg,"Approved Industrial Supplier"
2026-05-11,RM-030,"Fresh Cassava Tubers",261,kg,"Approved Industrial Supplier"
2026-05-24,RM-030,"Fresh Cassava Tubers",247,kg,"Approved Industrial Supplier"
2026-06-06,RM-030,"Fresh Cassava Tubers",282,kg,"Approved Industrial Supplier"
2026-06-19,RM-030,"Fresh Cassava Tubers",243,kg,"Approved Industrial Supplier"
2026-07-02,RM-030,"Fresh Cassava Tubers",273,kg,"Approved Industrial Supplier"
2026-07-15,RM-030,"Fresh Cassava Tubers",257,kg,"Approved Industrial Supplier"
2026-07-28,RM-030,"Fresh Cassava Tubers",274,kg,"Approved Industrial Supplier"
2026-08-10,RM-030,"Fresh Cassava Tubers",248,kg,"Approved Industrial Supplier"
2026-08-23,RM-030,"Fresh Cassava Tubers",273,kg,"Approved Industrial Supplier"
2026-01-01,RM-031,"Fresh Garlic",109,kg,"Approved Industrial Supplier"
2026-01-09,RM-031,"Fresh Garlic",109,kg,"Approved Industrial Supplier"
2026-01-17,RM-031,"Fresh Garlic",99,kg,"Approved Industrial Supplier"
2026-01-25,RM-031,"Fresh Garlic",107,kg,"Approved Industrial Supplier"
2026-02-02,RM-031,"Fresh Garlic",94,kg,"Approved Industrial Supplier"
2026-02-10,RM-031,"Fresh Garlic",92,kg,"Approved Industrial Supplier"
2026-02-18,RM-031,"Fresh Garlic",93,kg,"Approved Industrial Supplier"
2026-02-26,RM-031,"Fresh Garlic",108,kg,"Approved Industrial Supplier"
2026-03-06,RM-031,"Fresh Garlic",93,kg,"Approved Industrial Supplier"
2026-03-14,RM-031,"Fresh Garlic",93,kg,"Approved Industrial Supplier"
2026-03-22,RM-031,"Fresh Garlic",92,kg,"Approved Industrial Supplier"
2026-03-30,RM-031,"Fresh Garlic",108,kg,"Approved Industrial Supplier"
2026-04-07,RM-031,"Fresh Garlic",98,kg,"Approved Industrial Supplier"
2026-04-15,RM-031,"Fresh Garlic",94,kg,"Approved Industrial Supplier"
2026-04-23,RM-031,"Fresh Garlic",96,kg,"Approved Industrial Supplier"
2026-05-01,RM-031,"Fresh Garlic",94,kg,"Approved Industrial Supplier"
2026-05-09,RM-031,"Fresh Garlic",108,kg,"Approved Industrial Supplier"
2026-05-17,RM-031,"Fresh Garlic",99,kg,"Approved Industrial Supplier"
2026-05-25,RM-031,"Fresh Garlic",108,kg,"Approved Industrial Supplier"
2026-06-02,RM-031,"Fresh Garlic",104,kg,"Approved Industrial Supplier"
2026-06-10,RM-031,"Fresh Garlic",92,kg,"Approved Industrial Supplier"
2026-06-18,RM-031,"Fresh Garlic",101,kg,"Approved Industrial Supplier"
2026-06-26,RM-031,"Fresh Garlic",108,kg,"Approved Industrial Supplier"
2026-07-04,RM-031,"Fresh Garlic",107,kg,"Approved Industrial Supplier"
2026-07-12,RM-031,"Fresh Garlic",93,kg,"Approved Industrial Supplier"
2026-07-20,RM-031,"Fresh Garlic",99,kg,"Approved Industrial Supplier"
2026-07-28,RM-031,"Fresh Garlic",97,kg,"Approved Industrial Supplier"
2026-08-05,RM-031,"Fresh Garlic",102,kg,"Approved Industrial Supplier"
2026-08-13,RM-031,"Fresh Garlic",96,kg,"Approved Industrial Supplier"
2026-08-21,RM-031,"Fresh Garlic",95,kg,"Approved Industrial Supplier"
2026-08-29,RM-031,"Fresh Garlic",98,kg,"Approved Industrial Supplier"
2026-01-01,RM-032,"Fresh Ginger",87,kg,"Approved Industrial Supplier"
2026-01-10,RM-032,"Fresh Ginger",85,kg,"Approved Industrial Supplier"
2026-01-19,RM-032,"Fresh Ginger",76,kg,"Approved Industrial Supplier"
2026-01-28,RM-032,"Fresh Ginger",74,kg,"Approved Industrial Supplier"
2026-02-06,RM-032,"Fresh Ginger",86,kg,"Approved Industrial Supplier"
2026-02-15,RM-032,"Fresh Ginger",76,kg,"Approved Industrial Supplier"
2026-02-24,RM-032,"Fresh Ginger",78,kg,"Approved Industrial Supplier"
2026-03-05,RM-032,"Fresh Ginger",82,kg,"Approved Industrial Supplier"
2026-03-14,RM-032,"Fresh Ginger",74,kg,"Approved Industrial Supplier"
2026-03-23,RM-032,"Fresh Ginger",79,kg,"Approved Industrial Supplier"
2026-04-01,RM-032,"Fresh Ginger",81,kg,"Approved Industrial Supplier"
2026-04-10,RM-032,"Fresh Ginger",79,kg,"Approved Industrial Supplier"
2026-04-19,RM-032,"Fresh Ginger",83,kg,"Approved Industrial Supplier"
2026-04-28,RM-032,"Fresh Ginger",87,kg,"Approved Industrial Supplier"
2026-05-07,RM-032,"Fresh Ginger",76,kg,"Approved Industrial Supplier"
2026-05-16,RM-032,"Fresh Ginger",83,kg,"Approved Industrial Supplier"
2026-05-25,RM-032,"Fresh Ginger",80,kg,"Approved Industrial Supplier"
2026-06-03,RM-032,"Fresh Ginger",78,kg,"Approved Industrial Supplier"
2026-06-12,RM-032,"Fresh Ginger",78,kg,"Approved Industrial Supplier"
2026-06-21,RM-032,"Fresh Ginger",84,kg,"Approved Industrial Supplier"
2026-06-30,RM-032,"Fresh Ginger",76,kg,"Approved Industrial Supplier"
2026-07-09,RM-032,"Fresh Ginger",86,kg,"Approved Industrial Supplier"
2026-07-18,RM-032,"Fresh Ginger",83,kg,"Approved Industrial Supplier"
2026-07-27,RM-032,"Fresh Ginger",76,kg,"Approved Industrial Supplier"
2026-08-05,RM-032,"Fresh Ginger",79,kg,"Approved Industrial Supplier"
2026-08-14,RM-032,"Fresh Ginger",84,kg,"Approved Industrial Supplier"
2026-08-23,RM-032,"Fresh Ginger",85,kg,"Approved Industrial Supplier"
2026-09-01,RM-032,"Fresh Ginger",87,kg,"Approved Industrial Supplier"
2026-01-01,RM-033,"Fresh Grated Coconut Meat",225,kg,"Approved Industrial Supplier"
2026-01-11,RM-033,"Fresh Grated Coconut Meat",230,kg,"Approved Industrial Supplier"
2026-01-21,RM-033,"Fresh Grated Coconut Meat",220,kg,"Approved Industrial Supplier"
2026-01-31,RM-033,"Fresh Grated Coconut Meat",204,kg,"Approved Industrial Supplier"
2026-02-10,RM-033,"Fresh Grated Coconut Meat",215,kg,"Approved Industrial Supplier"
2026-02-20,RM-033,"Fresh Grated Coconut Meat",233,kg,"Approved Industrial Supplier"
2026-03-02,RM-033,"Fresh Grated Coconut Meat",235,kg,"Approved Industrial Supplier"
2026-03-12,RM-033,"Fresh Grated Coconut Meat",208,kg,"Approved Industrial Supplier"
2026-03-22,RM-033,"Fresh Grated Coconut Meat",207,kg,"Approved Industrial Supplier"
2026-04-01,RM-033,"Fresh Grated Coconut Meat",218,kg,"Approved Industrial Supplier"
2026-04-11,RM-033,"Fresh Grated Coconut Meat",210,kg,"Approved Industrial Supplier"
2026-04-21,RM-033,"Fresh Grated Coconut Meat",207,kg,"Approved Industrial Supplier"
2026-05-01,RM-033,"Fresh Grated Coconut Meat",217,kg,"Approved Industrial Supplier"
2026-05-11,RM-033,"Fresh Grated Coconut Meat",227,kg,"Approved Industrial Supplier"
2026-05-21,RM-033,"Fresh Grated Coconut Meat",210,kg,"Approved Industrial Supplier"
2026-05-31,RM-033,"Fresh Grated Coconut Meat",238,kg,"Approved Industrial Supplier"
2026-06-10,RM-033,"Fresh Grated Coconut Meat",210,kg,"Approved Industrial Supplier"
2026-06-20,RM-033,"Fresh Grated Coconut Meat",214,kg,"Approved Industrial Supplier"
2026-06-30,RM-033,"Fresh Grated Coconut Meat",214,kg,"Approved Industrial Supplier"
2026-07-10,RM-033,"Fresh Grated Coconut Meat",206,kg,"Approved Industrial Supplier"
2026-07-20,RM-033,"Fresh Grated Coconut Meat",204,kg,"Approved Industrial Supplier"
2026-07-30,RM-033,"Fresh Grated Coconut Meat",204,kg,"Approved Industrial Supplier"
2026-08-09,RM-033,"Fresh Grated Coconut Meat",235,kg,"Approved Industrial Supplier"
2026-08-19,RM-033,"Fresh Grated Coconut Meat",218,kg,"Approved Industrial Supplier"
2026-08-29,RM-033,"Fresh Grated Coconut Meat",231,kg,"Approved Industrial Supplier"
2026-01-01,RM-034,"Fresh Mature Coconut Meat",183,kg,"Approved Industrial Supplier"
2026-01-12,RM-034,"Fresh Mature Coconut Meat",201,kg,"Approved Industrial Supplier"
2026-01-23,RM-034,"Fresh Mature Coconut Meat",205,kg,"Approved Industrial Supplier"
2026-02-03,RM-034,"Fresh Mature Coconut Meat",176,kg,"Approved Industrial Supplier"
2026-02-14,RM-034,"Fresh Mature Coconut Meat",191,kg,"Approved Industrial Supplier"
2026-02-25,RM-034,"Fresh Mature Coconut Meat",205,kg,"Approved Industrial Supplier"
2026-03-08,RM-034,"Fresh Mature Coconut Meat",186,kg,"Approved Industrial Supplier"
2026-03-19,RM-034,"Fresh Mature Coconut Meat",187,kg,"Approved Industrial Supplier"
2026-03-30,RM-034,"Fresh Mature Coconut Meat",185,kg,"Approved Industrial Supplier"
2026-04-10,RM-034,"Fresh Mature Coconut Meat",192,kg,"Approved Industrial Supplier"
2026-04-21,RM-034,"Fresh Mature Coconut Meat",187,kg,"Approved Industrial Supplier"
2026-05-02,RM-034,"Fresh Mature Coconut Meat",200,kg,"Approved Industrial Supplier"
2026-05-13,RM-034,"Fresh Mature Coconut Meat",191,kg,"Approved Industrial Supplier"
2026-05-24,RM-034,"Fresh Mature Coconut Meat",194,kg,"Approved Industrial Supplier"
2026-06-04,RM-034,"Fresh Mature Coconut Meat",205,kg,"Approved Industrial Supplier"
2026-06-15,RM-034,"Fresh Mature Coconut Meat",207,kg,"Approved Industrial Supplier"
2026-06-26,RM-034,"Fresh Mature Coconut Meat",203,kg,"Approved Industrial Supplier"
2026-07-07,RM-034,"Fresh Mature Coconut Meat",199,kg,"Approved Industrial Supplier"
2026-07-18,RM-034,"Fresh Mature Coconut Meat",191,kg,"Approved Industrial Supplier"
2026-07-29,RM-034,"Fresh Mature Coconut Meat",184,kg,"Approved Industrial Supplier"
2026-08-09,RM-034,"Fresh Mature Coconut Meat",199,kg,"Approved Industrial Supplier"
2026-08-20,RM-034,"Fresh Mature Coconut Meat",181,kg,"Approved Industrial Supplier"
2026-08-31,RM-034,"Fresh Mature Coconut Meat",180,kg,"Approved Industrial Supplier"
2026-01-01,RM-035,"Fresh Purple Yam Tubers",179,kg,"Approved Industrial Supplier"
2026-01-13,RM-035,"Fresh Purple Yam Tubers",178,kg,"Approved Industrial Supplier"
2026-01-25,RM-035,"Fresh Purple Yam Tubers",157,kg,"Approved Industrial Supplier"
2026-02-06,RM-035,"Fresh Purple Yam Tubers",173,kg,"Approved Industrial Supplier"
2026-02-18,RM-035,"Fresh Purple Yam Tubers",162,kg,"Approved Industrial Supplier"
2026-03-02,RM-035,"Fresh Purple Yam Tubers",169,kg,"Approved Industrial Supplier"
2026-03-14,RM-035,"Fresh Purple Yam Tubers",170,kg,"Approved Industrial Supplier"
2026-03-26,RM-035,"Fresh Purple Yam Tubers",172,kg,"Approved Industrial Supplier"
2026-04-07,RM-035,"Fresh Purple Yam Tubers",164,kg,"Approved Industrial Supplier"
2026-04-19,RM-035,"Fresh Purple Yam Tubers",166,kg,"Approved Industrial Supplier"
2026-05-01,RM-035,"Fresh Purple Yam Tubers",164,kg,"Approved Industrial Supplier"
2026-05-13,RM-035,"Fresh Purple Yam Tubers",173,kg,"Approved Industrial Supplier"
2026-05-25,RM-035,"Fresh Purple Yam Tubers",177,kg,"Approved Industrial Supplier"
2026-06-06,RM-035,"Fresh Purple Yam Tubers",167,kg,"Approved Industrial Supplier"
2026-06-18,RM-035,"Fresh Purple Yam Tubers",163,kg,"Approved Industrial Supplier"
2026-06-30,RM-035,"Fresh Purple Yam Tubers",162,kg,"Approved Industrial Supplier"
2026-07-12,RM-035,"Fresh Purple Yam Tubers",158,kg,"Approved Industrial Supplier"
2026-07-24,RM-035,"Fresh Purple Yam Tubers",186,kg,"Approved Industrial Supplier"
2026-08-05,RM-035,"Fresh Purple Yam Tubers",169,kg,"Approved Industrial Supplier"
2026-08-17,RM-035,"Fresh Purple Yam Tubers",159,kg,"Approved Industrial Supplier"
2026-08-29,RM-035,"Fresh Purple Yam Tubers",163,kg,"Approved Industrial Supplier"
2026-01-01,RM-036,"Fresh Sweet Potato",180,kg,"Approved Industrial Supplier"
2026-01-14,RM-036,"Fresh Sweet Potato",186,kg,"Approved Industrial Supplier"
2026-01-27,RM-036,"Fresh Sweet Potato",169,kg,"Approved Industrial Supplier"
2026-02-09,RM-036,"Fresh Sweet Potato",172,kg,"Approved Industrial Supplier"
2026-02-22,RM-036,"Fresh Sweet Potato",169,kg,"Approved Industrial Supplier"
2026-03-07,RM-036,"Fresh Sweet Potato",188,kg,"Approved Industrial Supplier"
2026-03-20,RM-036,"Fresh Sweet Potato",193,kg,"Approved Industrial Supplier"
2026-04-02,RM-036,"Fresh Sweet Potato",170,kg,"Approved Industrial Supplier"
2026-04-15,RM-036,"Fresh Sweet Potato",190,kg,"Approved Industrial Supplier"
2026-04-28,RM-036,"Fresh Sweet Potato",166,kg,"Approved Industrial Supplier"
2026-05-11,RM-036,"Fresh Sweet Potato",181,kg,"Approved Industrial Supplier"
2026-05-24,RM-036,"Fresh Sweet Potato",172,kg,"Approved Industrial Supplier"
2026-06-06,RM-036,"Fresh Sweet Potato",172,kg,"Approved Industrial Supplier"
2026-06-19,RM-036,"Fresh Sweet Potato",175,kg,"Approved Industrial Supplier"
2026-07-02,RM-036,"Fresh Sweet Potato",182,kg,"Approved Industrial Supplier"
2026-07-15,RM-036,"Fresh Sweet Potato",170,kg,"Approved Industrial Supplier"
2026-07-28,RM-036,"Fresh Sweet Potato",176,kg,"Approved Industrial Supplier"
2026-08-10,RM-036,"Fresh Sweet Potato",183,kg,"Approved Industrial Supplier"
2026-08-23,RM-036,"Fresh Sweet Potato",168,kg,"Approved Industrial Supplier"
2026-01-01,RM-037,"Green Raw Papaya",143,kg,"Approved Industrial Supplier"
2026-01-09,RM-037,"Green Raw Papaya",154,kg,"Approved Industrial Supplier"
2026-01-17,RM-037,"Green Raw Papaya",131,kg,"Approved Industrial Supplier"
2026-01-25,RM-037,"Green Raw Papaya",141,kg,"Approved Industrial Supplier"
2026-02-02,RM-037,"Green Raw Papaya",134,kg,"Approved Industrial Supplier"
2026-02-10,RM-037,"Green Raw Papaya",138,kg,"Approved Industrial Supplier"
2026-02-18,RM-037,"Green Raw Papaya",133,kg,"Approved Industrial Supplier"
2026-02-26,RM-037,"Green Raw Papaya",138,kg,"Approved Industrial Supplier"
2026-03-06,RM-037,"Green Raw Papaya",132,kg,"Approved Industrial Supplier"
2026-03-14,RM-037,"Green Raw Papaya",135,kg,"Approved Industrial Supplier"
2026-03-22,RM-037,"Green Raw Papaya",142,kg,"Approved Industrial Supplier"
2026-03-30,RM-037,"Green Raw Papaya",148,kg,"Approved Industrial Supplier"
2026-04-07,RM-037,"Green Raw Papaya",130,kg,"Approved Industrial Supplier"
2026-04-15,RM-037,"Green Raw Papaya",153,kg,"Approved Industrial Supplier"
2026-04-23,RM-037,"Green Raw Papaya",134,kg,"Approved Industrial Supplier"
2026-05-01,RM-037,"Green Raw Papaya",147,kg,"Approved Industrial Supplier"
2026-05-09,RM-037,"Green Raw Papaya",143,kg,"Approved Industrial Supplier"
2026-05-17,RM-037,"Green Raw Papaya",146,kg,"Approved Industrial Supplier"
2026-05-25,RM-037,"Green Raw Papaya",131,kg,"Approved Industrial Supplier"
2026-06-02,RM-037,"Green Raw Papaya",143,kg,"Approved Industrial Supplier"
2026-06-10,RM-037,"Green Raw Papaya",134,kg,"Approved Industrial Supplier"
2026-06-18,RM-037,"Green Raw Papaya",147,kg,"Approved Industrial Supplier"
2026-06-26,RM-037,"Green Raw Papaya",133,kg,"Approved Industrial Supplier"
2026-07-04,RM-037,"Green Raw Papaya",147,kg,"Approved Industrial Supplier"
2026-07-12,RM-037,"Green Raw Papaya",147,kg,"Approved Industrial Supplier"
2026-07-20,RM-037,"Green Raw Papaya",134,kg,"Approved Industrial Supplier"
2026-07-28,RM-037,"Green Raw Papaya",135,kg,"Approved Industrial Supplier"
2026-08-05,RM-037,"Green Raw Papaya",147,kg,"Approved Industrial Supplier"
2026-08-13,RM-037,"Green Raw Papaya",137,kg,"Approved Industrial Supplier"
2026-08-21,RM-037,"Green Raw Papaya",131,kg,"Approved Industrial Supplier"
2026-08-29,RM-037,"Green Raw Papaya",138,kg,"Approved Industrial Supplier"
2026-01-01,RM-038,"Pandan Leaves",30,kg,"Approved Industrial Supplier"
2026-01-10,RM-038,"Pandan Leaves",31,kg,"Approved Industrial Supplier"
2026-01-19,RM-038,"Pandan Leaves",32,kg,"Approved Industrial Supplier"
2026-01-28,RM-038,"Pandan Leaves",31,kg,"Approved Industrial Supplier"
2026-02-06,RM-038,"Pandan Leaves",32,kg,"Approved Industrial Supplier"
2026-02-15,RM-038,"Pandan Leaves",32,kg,"Approved Industrial Supplier"
2026-02-24,RM-038,"Pandan Leaves",31,kg,"Approved Industrial Supplier"
2026-03-05,RM-038,"Pandan Leaves",32,kg,"Approved Industrial Supplier"
2026-03-14,RM-038,"Pandan Leaves",31,kg,"Approved Industrial Supplier"
2026-03-23,RM-038,"Pandan Leaves",28,kg,"Approved Industrial Supplier"
2026-04-01,RM-038,"Pandan Leaves",32,kg,"Approved Industrial Supplier"
2026-04-10,RM-038,"Pandan Leaves",31,kg,"Approved Industrial Supplier"
2026-04-19,RM-038,"Pandan Leaves",31,kg,"Approved Industrial Supplier"
2026-04-28,RM-038,"Pandan Leaves",32,kg,"Approved Industrial Supplier"
2026-05-07,RM-038,"Pandan Leaves",29,kg,"Approved Industrial Supplier"
2026-05-16,RM-038,"Pandan Leaves",30,kg,"Approved Industrial Supplier"
2026-05-25,RM-038,"Pandan Leaves",28,kg,"Approved Industrial Supplier"
2026-06-03,RM-038,"Pandan Leaves",33,kg,"Approved Industrial Supplier"
2026-06-12,RM-038,"Pandan Leaves",31,kg,"Approved Industrial Supplier"
2026-06-21,RM-038,"Pandan Leaves",32,kg,"Approved Industrial Supplier"
2026-06-30,RM-038,"Pandan Leaves",28,kg,"Approved Industrial Supplier"
2026-07-09,RM-038,"Pandan Leaves",29,kg,"Approved Industrial Supplier"
2026-07-18,RM-038,"Pandan Leaves",28,kg,"Approved Industrial Supplier"
2026-07-27,RM-038,"Pandan Leaves",28,kg,"Approved Industrial Supplier"
2026-08-05,RM-038,"Pandan Leaves",29,kg,"Approved Industrial Supplier"
2026-08-14,RM-038,"Pandan Leaves",30,kg,"Approved Industrial Supplier"
2026-08-23,RM-038,"Pandan Leaves",28,kg,"Approved Industrial Supplier"
2026-09-01,RM-038,"Pandan Leaves",28,kg,"Approved Industrial Supplier"
2026-01-01,RM-039,"Red Bell Peppers",68,kg,"Approved Industrial Supplier"
2026-01-11,RM-039,"Red Bell Peppers",71,kg,"Approved Industrial Supplier"
2026-01-21,RM-039,"Red Bell Peppers",66,kg,"Approved Industrial Supplier"
2026-01-31,RM-039,"Red Bell Peppers",76,kg,"Approved Industrial Supplier"
2026-02-10,RM-039,"Red Bell Peppers",69,kg,"Approved Industrial Supplier"
2026-02-20,RM-039,"Red Bell Peppers",73,kg,"Approved Industrial Supplier"
2026-03-02,RM-039,"Red Bell Peppers",70,kg,"Approved Industrial Supplier"
2026-03-12,RM-039,"Red Bell Peppers",66,kg,"Approved Industrial Supplier"
2026-03-22,RM-039,"Red Bell Peppers",69,kg,"Approved Industrial Supplier"
2026-04-01,RM-039,"Red Bell Peppers",66,kg,"Approved Industrial Supplier"
2026-04-11,RM-039,"Red Bell Peppers",75,kg,"Approved Industrial Supplier"
2026-04-21,RM-039,"Red Bell Peppers",65,kg,"Approved Industrial Supplier"
2026-05-01,RM-039,"Red Bell Peppers",77,kg,"Approved Industrial Supplier"
2026-05-11,RM-039,"Red Bell Peppers",77,kg,"Approved Industrial Supplier"
2026-05-21,RM-039,"Red Bell Peppers",67,kg,"Approved Industrial Supplier"
2026-05-31,RM-039,"Red Bell Peppers",71,kg,"Approved Industrial Supplier"
2026-06-10,RM-039,"Red Bell Peppers",66,kg,"Approved Industrial Supplier"
2026-06-20,RM-039,"Red Bell Peppers",72,kg,"Approved Industrial Supplier"
2026-06-30,RM-039,"Red Bell Peppers",70,kg,"Approved Industrial Supplier"
2026-07-10,RM-039,"Red Bell Peppers",73,kg,"Approved Industrial Supplier"
2026-07-20,RM-039,"Red Bell Peppers",65,kg,"Approved Industrial Supplier"
2026-07-30,RM-039,"Red Bell Peppers",68,kg,"Approved Industrial Supplier"
2026-08-09,RM-039,"Red Bell Peppers",72,kg,"Approved Industrial Supplier"
2026-08-19,RM-039,"Red Bell Peppers",67,kg,"Approved Industrial Supplier"
2026-08-29,RM-039,"Red Bell Peppers",74,kg,"Approved Industrial Supplier"
2026-01-01,RM-040,"Red Chili Peppers (Siling Labuyo)",49,kg,"Approved Industrial Supplier"
2026-01-12,RM-040,"Red Chili Peppers (Siling Labuyo)",53,kg,"Approved Industrial Supplier"
2026-01-23,RM-040,"Red Chili Peppers (Siling Labuyo)",54,kg,"Approved Industrial Supplier"
2026-02-03,RM-040,"Red Chili Peppers (Siling Labuyo)",47,kg,"Approved Industrial Supplier"
2026-02-14,RM-040,"Red Chili Peppers (Siling Labuyo)",55,kg,"Approved Industrial Supplier"
2026-02-25,RM-040,"Red Chili Peppers (Siling Labuyo)",54,kg,"Approved Industrial Supplier"
2026-03-08,RM-040,"Red Chili Peppers (Siling Labuyo)",52,kg,"Approved Industrial Supplier"
2026-03-19,RM-040,"Red Chili Peppers (Siling Labuyo)",53,kg,"Approved Industrial Supplier"
2026-03-30,RM-040,"Red Chili Peppers (Siling Labuyo)",48,kg,"Approved Industrial Supplier"
2026-04-10,RM-040,"Red Chili Peppers (Siling Labuyo)",49,kg,"Approved Industrial Supplier"
2026-04-21,RM-040,"Red Chili Peppers (Siling Labuyo)",50,kg,"Approved Industrial Supplier"
2026-05-02,RM-040,"Red Chili Peppers (Siling Labuyo)",52,kg,"Approved Industrial Supplier"
2026-05-13,RM-040,"Red Chili Peppers (Siling Labuyo)",55,kg,"Approved Industrial Supplier"
2026-05-24,RM-040,"Red Chili Peppers (Siling Labuyo)",54,kg,"Approved Industrial Supplier"
2026-06-04,RM-040,"Red Chili Peppers (Siling Labuyo)",49,kg,"Approved Industrial Supplier"
2026-06-15,RM-040,"Red Chili Peppers (Siling Labuyo)",49,kg,"Approved Industrial Supplier"
2026-06-26,RM-040,"Red Chili Peppers (Siling Labuyo)",52,kg,"Approved Industrial Supplier"
2026-07-07,RM-040,"Red Chili Peppers (Siling Labuyo)",51,kg,"Approved Industrial Supplier"
2026-07-18,RM-040,"Red Chili Peppers (Siling Labuyo)",48,kg,"Approved Industrial Supplier"
2026-07-29,RM-040,"Red Chili Peppers (Siling Labuyo)",53,kg,"Approved Industrial Supplier"
2026-08-09,RM-040,"Red Chili Peppers (Siling Labuyo)",54,kg,"Approved Industrial Supplier"
2026-08-20,RM-040,"Red Chili Peppers (Siling Labuyo)",50,kg,"Approved Industrial Supplier"
2026-08-31,RM-040,"Red Chili Peppers (Siling Labuyo)",50,kg,"Approved Industrial Supplier"
2026-01-01,RM-041,"Red Onions",132,kg,"Approved Industrial Supplier"
2026-01-13,RM-041,"Red Onions",141,kg,"Approved Industrial Supplier"
2026-01-25,RM-041,"Red Onions",133,kg,"Approved Industrial Supplier"
2026-02-06,RM-041,"Red Onions",126,kg,"Approved Industrial Supplier"
2026-02-18,RM-041,"Red Onions",127,kg,"Approved Industrial Supplier"
2026-03-02,RM-041,"Red Onions",121,kg,"Approved Industrial Supplier"
2026-03-14,RM-041,"Red Onions",128,kg,"Approved Industrial Supplier"
2026-03-26,RM-041,"Red Onions",130,kg,"Approved Industrial Supplier"
2026-04-07,RM-041,"Red Onions",135,kg,"Approved Industrial Supplier"
2026-04-19,RM-041,"Red Onions",142,kg,"Approved Industrial Supplier"
2026-05-01,RM-041,"Red Onions",123,kg,"Approved Industrial Supplier"
2026-05-13,RM-041,"Red Onions",140,kg,"Approved Industrial Supplier"
2026-05-25,RM-041,"Red Onions",137,kg,"Approved Industrial Supplier"
2026-06-06,RM-041,"Red Onions",134,kg,"Approved Industrial Supplier"
2026-06-18,RM-041,"Red Onions",143,kg,"Approved Industrial Supplier"
2026-06-30,RM-041,"Red Onions",134,kg,"Approved Industrial Supplier"
2026-07-12,RM-041,"Red Onions",132,kg,"Approved Industrial Supplier"
2026-07-24,RM-041,"Red Onions",123,kg,"Approved Industrial Supplier"
2026-08-05,RM-041,"Red Onions",129,kg,"Approved Industrial Supplier"
2026-08-17,RM-041,"Red Onions",138,kg,"Approved Industrial Supplier"
2026-08-29,RM-041,"Red Onions",142,kg,"Approved Industrial Supplier"
2026-01-01,RM-042,"Unripe Green Saba Bananas",526,kg,"Approved Industrial Supplier"
2026-01-14,RM-042,"Unripe Green Saba Bananas",509,kg,"Approved Industrial Supplier"
2026-01-27,RM-042,"Unripe Green Saba Bananas",518,kg,"Approved Industrial Supplier"
2026-02-09,RM-042,"Unripe Green Saba Bananas",503,kg,"Approved Industrial Supplier"
2026-02-22,RM-042,"Unripe Green Saba Bananas",501,kg,"Approved Industrial Supplier"
2026-03-07,RM-042,"Unripe Green Saba Bananas",458,kg,"Approved Industrial Supplier"
2026-03-20,RM-042,"Unripe Green Saba Bananas",508,kg,"Approved Industrial Supplier"
2026-04-02,RM-042,"Unripe Green Saba Bananas",478,kg,"Approved Industrial Supplier"
2026-04-15,RM-042,"Unripe Green Saba Bananas",490,kg,"Approved Industrial Supplier"
2026-04-28,RM-042,"Unripe Green Saba Bananas",455,kg,"Approved Industrial Supplier"
2026-05-11,RM-042,"Unripe Green Saba Bananas",448,kg,"Approved Industrial Supplier"
2026-05-24,RM-042,"Unripe Green Saba Bananas",444,kg,"Approved Industrial Supplier"
2026-06-06,RM-042,"Unripe Green Saba Bananas",453,kg,"Approved Industrial Supplier"
2026-06-19,RM-042,"Unripe Green Saba Bananas",525,kg,"Approved Industrial Supplier"
2026-07-02,RM-042,"Unripe Green Saba Bananas",458,kg,"Approved Industrial Supplier"
2026-07-15,RM-042,"Unripe Green Saba Bananas",445,kg,"Approved Industrial Supplier"
2026-07-28,RM-042,"Unripe Green Saba Bananas",485,kg,"Approved Industrial Supplier"
2026-08-10,RM-042,"Unripe Green Saba Bananas",492,kg,"Approved Industrial Supplier"
2026-08-23,RM-042,"Unripe Green Saba Bananas",492,kg,"Approved Industrial Supplier"
2026-01-01,RM-043,"Fresh Acetes Shrimp (Alamang)",241,kg,"Approved Industrial Supplier"
2026-01-09,RM-043,"Fresh Acetes Shrimp (Alamang)",233,kg,"Approved Industrial Supplier"
2026-01-17,RM-043,"Fresh Acetes Shrimp (Alamang)",225,kg,"Approved Industrial Supplier"
2026-01-25,RM-043,"Fresh Acetes Shrimp (Alamang)",231,kg,"Approved Industrial Supplier"
2026-02-02,RM-043,"Fresh Acetes Shrimp (Alamang)",223,kg,"Approved Industrial Supplier"
2026-02-10,RM-043,"Fresh Acetes Shrimp (Alamang)",235,kg,"Approved Industrial Supplier"
2026-02-18,RM-043,"Fresh Acetes Shrimp (Alamang)",204,kg,"Approved Industrial Supplier"
2026-02-26,RM-043,"Fresh Acetes Shrimp (Alamang)",222,kg,"Approved Industrial Supplier"
2026-03-06,RM-043,"Fresh Acetes Shrimp (Alamang)",224,kg,"Approved Industrial Supplier"
2026-03-14,RM-043,"Fresh Acetes Shrimp (Alamang)",232,kg,"Approved Industrial Supplier"
2026-03-22,RM-043,"Fresh Acetes Shrimp (Alamang)",212,kg,"Approved Industrial Supplier"
2026-03-30,RM-043,"Fresh Acetes Shrimp (Alamang)",210,kg,"Approved Industrial Supplier"
2026-04-07,RM-043,"Fresh Acetes Shrimp (Alamang)",219,kg,"Approved Industrial Supplier"
2026-04-15,RM-043,"Fresh Acetes Shrimp (Alamang)",218,kg,"Approved Industrial Supplier"
2026-04-23,RM-043,"Fresh Acetes Shrimp (Alamang)",233,kg,"Approved Industrial Supplier"
2026-05-01,RM-043,"Fresh Acetes Shrimp (Alamang)",206,kg,"Approved Industrial Supplier"
2026-05-09,RM-043,"Fresh Acetes Shrimp (Alamang)",220,kg,"Approved Industrial Supplier"
2026-05-17,RM-043,"Fresh Acetes Shrimp (Alamang)",209,kg,"Approved Industrial Supplier"
2026-05-25,RM-043,"Fresh Acetes Shrimp (Alamang)",217,kg,"Approved Industrial Supplier"
2026-06-02,RM-043,"Fresh Acetes Shrimp (Alamang)",208,kg,"Approved Industrial Supplier"
2026-06-10,RM-043,"Fresh Acetes Shrimp (Alamang)",204,kg,"Approved Industrial Supplier"
2026-06-18,RM-043,"Fresh Acetes Shrimp (Alamang)",217,kg,"Approved Industrial Supplier"
2026-06-26,RM-043,"Fresh Acetes Shrimp (Alamang)",242,kg,"Approved Industrial Supplier"
2026-07-04,RM-043,"Fresh Acetes Shrimp (Alamang)",205,kg,"Approved Industrial Supplier"
2026-07-12,RM-043,"Fresh Acetes Shrimp (Alamang)",237,kg,"Approved Industrial Supplier"
2026-07-20,RM-043,"Fresh Acetes Shrimp (Alamang)",204,kg,"Approved Industrial Supplier"
2026-07-28,RM-043,"Fresh Acetes Shrimp (Alamang)",208,kg,"Approved Industrial Supplier"
2026-08-05,RM-043,"Fresh Acetes Shrimp (Alamang)",230,kg,"Approved Industrial Supplier"
2026-08-13,RM-043,"Fresh Acetes Shrimp (Alamang)",215,kg,"Approved Industrial Supplier"
2026-08-21,RM-043,"Fresh Acetes Shrimp (Alamang)",206,kg,"Approved Industrial Supplier"
2026-08-29,RM-043,"Fresh Acetes Shrimp (Alamang)",204,kg,"Approved Industrial Supplier"
2026-01-01,RM-044,"Fresh Bangus (Milkfish) Skin",195,kg,"Approved Industrial Supplier"
2026-01-10,RM-044,"Fresh Bangus (Milkfish) Skin",186,kg,"Approved Industrial Supplier"
2026-01-19,RM-044,"Fresh Bangus (Milkfish) Skin",191,kg,"Approved Industrial Supplier"
2026-01-28,RM-044,"Fresh Bangus (Milkfish) Skin",188,kg,"Approved Industrial Supplier"
2026-02-06,RM-044,"Fresh Bangus (Milkfish) Skin",177,kg,"Approved Industrial Supplier"
2026-02-15,RM-044,"Fresh Bangus (Milkfish) Skin",204,kg,"Approved Industrial Supplier"
2026-02-24,RM-044,"Fresh Bangus (Milkfish) Skin",194,kg,"Approved Industrial Supplier"
2026-03-05,RM-044,"Fresh Bangus (Milkfish) Skin",208,kg,"Approved Industrial Supplier"
2026-03-14,RM-044,"Fresh Bangus (Milkfish) Skin",181,kg,"Approved Industrial Supplier"
2026-03-23,RM-044,"Fresh Bangus (Milkfish) Skin",187,kg,"Approved Industrial Supplier"
2026-04-01,RM-044,"Fresh Bangus (Milkfish) Skin",204,kg,"Approved Industrial Supplier"
2026-04-10,RM-044,"Fresh Bangus (Milkfish) Skin",205,kg,"Approved Industrial Supplier"
2026-04-19,RM-044,"Fresh Bangus (Milkfish) Skin",181,kg,"Approved Industrial Supplier"
2026-04-28,RM-044,"Fresh Bangus (Milkfish) Skin",202,kg,"Approved Industrial Supplier"
2026-05-07,RM-044,"Fresh Bangus (Milkfish) Skin",196,kg,"Approved Industrial Supplier"
2026-05-16,RM-044,"Fresh Bangus (Milkfish) Skin",178,kg,"Approved Industrial Supplier"
2026-05-25,RM-044,"Fresh Bangus (Milkfish) Skin",182,kg,"Approved Industrial Supplier"
2026-06-03,RM-044,"Fresh Bangus (Milkfish) Skin",205,kg,"Approved Industrial Supplier"
2026-06-12,RM-044,"Fresh Bangus (Milkfish) Skin",181,kg,"Approved Industrial Supplier"
2026-06-21,RM-044,"Fresh Bangus (Milkfish) Skin",208,kg,"Approved Industrial Supplier"
2026-06-30,RM-044,"Fresh Bangus (Milkfish) Skin",198,kg,"Approved Industrial Supplier"
2026-07-09,RM-044,"Fresh Bangus (Milkfish) Skin",183,kg,"Approved Industrial Supplier"
2026-07-18,RM-044,"Fresh Bangus (Milkfish) Skin",187,kg,"Approved Industrial Supplier"
2026-07-27,RM-044,"Fresh Bangus (Milkfish) Skin",206,kg,"Approved Industrial Supplier"
2026-08-05,RM-044,"Fresh Bangus (Milkfish) Skin",201,kg,"Approved Industrial Supplier"
2026-08-14,RM-044,"Fresh Bangus (Milkfish) Skin",178,kg,"Approved Industrial Supplier"
2026-08-23,RM-044,"Fresh Bangus (Milkfish) Skin",192,kg,"Approved Industrial Supplier"
2026-09-01,RM-044,"Fresh Bangus (Milkfish) Skin",194,kg,"Approved Industrial Supplier"
2026-01-01,RM-045,"Fresh Chiton Mollusk (Kibit)",324,kg,"Approved Industrial Supplier"
2026-01-11,RM-045,"Fresh Chiton Mollusk (Kibit)",343,kg,"Approved Industrial Supplier"
2026-01-21,RM-045,"Fresh Chiton Mollusk (Kibit)",321,kg,"Approved Industrial Supplier"
2026-01-31,RM-045,"Fresh Chiton Mollusk (Kibit)",331,kg,"Approved Industrial Supplier"
2026-02-10,RM-045,"Fresh Chiton Mollusk (Kibit)",326,kg,"Approved Industrial Supplier"
2026-02-20,RM-045,"Fresh Chiton Mollusk (Kibit)",319,kg,"Approved Industrial Supplier"
2026-03-02,RM-045,"Fresh Chiton Mollusk (Kibit)",314,kg,"Approved Industrial Supplier"
2026-03-12,RM-045,"Fresh Chiton Mollusk (Kibit)",320,kg,"Approved Industrial Supplier"
2026-03-22,RM-045,"Fresh Chiton Mollusk (Kibit)",346,kg,"Approved Industrial Supplier"
2026-04-01,RM-045,"Fresh Chiton Mollusk (Kibit)",302,kg,"Approved Industrial Supplier"
2026-04-11,RM-045,"Fresh Chiton Mollusk (Kibit)",307,kg,"Approved Industrial Supplier"
2026-04-21,RM-045,"Fresh Chiton Mollusk (Kibit)",308,kg,"Approved Industrial Supplier"
2026-05-01,RM-045,"Fresh Chiton Mollusk (Kibit)",313,kg,"Approved Industrial Supplier"
2026-05-11,RM-045,"Fresh Chiton Mollusk (Kibit)",322,kg,"Approved Industrial Supplier"
2026-05-21,RM-045,"Fresh Chiton Mollusk (Kibit)",304,kg,"Approved Industrial Supplier"
2026-05-31,RM-045,"Fresh Chiton Mollusk (Kibit)",302,kg,"Approved Industrial Supplier"
2026-06-10,RM-045,"Fresh Chiton Mollusk (Kibit)",344,kg,"Approved Industrial Supplier"
2026-06-20,RM-045,"Fresh Chiton Mollusk (Kibit)",322,kg,"Approved Industrial Supplier"
2026-06-30,RM-045,"Fresh Chiton Mollusk (Kibit)",344,kg,"Approved Industrial Supplier"
2026-07-10,RM-045,"Fresh Chiton Mollusk (Kibit)",345,kg,"Approved Industrial Supplier"
2026-07-20,RM-045,"Fresh Chiton Mollusk (Kibit)",352,kg,"Approved Industrial Supplier"
2026-07-30,RM-045,"Fresh Chiton Mollusk (Kibit)",347,kg,"Approved Industrial Supplier"
2026-08-09,RM-045,"Fresh Chiton Mollusk (Kibit)",345,kg,"Approved Industrial Supplier"
2026-08-19,RM-045,"Fresh Chiton Mollusk (Kibit)",315,kg,"Approved Industrial Supplier"
2026-08-29,RM-045,"Fresh Chiton Mollusk (Kibit)",294,kg,"Approved Industrial Supplier"
2026-01-01,RM-046,"Fresh Kabasi Fish",163,kg,"Approved Industrial Supplier"
2026-01-12,RM-046,"Fresh Kabasi Fish",168,kg,"Approved Industrial Supplier"
2026-01-23,RM-046,"Fresh Kabasi Fish",169,kg,"Approved Industrial Supplier"
2026-02-03,RM-046,"Fresh Kabasi Fish",160,kg,"Approved Industrial Supplier"
2026-02-14,RM-046,"Fresh Kabasi Fish",157,kg,"Approved Industrial Supplier"
2026-02-25,RM-046,"Fresh Kabasi Fish",168,kg,"Approved Industrial Supplier"
2026-03-08,RM-046,"Fresh Kabasi Fish",150,kg,"Approved Industrial Supplier"
2026-03-19,RM-046,"Fresh Kabasi Fish",164,kg,"Approved Industrial Supplier"
2026-03-30,RM-046,"Fresh Kabasi Fish",148,kg,"Approved Industrial Supplier"
2026-04-10,RM-046,"Fresh Kabasi Fish",160,kg,"Approved Industrial Supplier"
2026-04-21,RM-046,"Fresh Kabasi Fish",156,kg,"Approved Industrial Supplier"
2026-05-02,RM-046,"Fresh Kabasi Fish",156,kg,"Approved Industrial Supplier"
2026-05-13,RM-046,"Fresh Kabasi Fish",160,kg,"Approved Industrial Supplier"
2026-05-24,RM-046,"Fresh Kabasi Fish",147,kg,"Approved Industrial Supplier"
2026-06-04,RM-046,"Fresh Kabasi Fish",170,kg,"Approved Industrial Supplier"
2026-06-15,RM-046,"Fresh Kabasi Fish",174,kg,"Approved Industrial Supplier"
2026-06-26,RM-046,"Fresh Kabasi Fish",160,kg,"Approved Industrial Supplier"
2026-07-07,RM-046,"Fresh Kabasi Fish",163,kg,"Approved Industrial Supplier"
2026-07-18,RM-046,"Fresh Kabasi Fish",170,kg,"Approved Industrial Supplier"
2026-07-29,RM-046,"Fresh Kabasi Fish",162,kg,"Approved Industrial Supplier"
2026-08-09,RM-046,"Fresh Kabasi Fish",165,kg,"Approved Industrial Supplier"
2026-08-20,RM-046,"Fresh Kabasi Fish",175,kg,"Approved Industrial Supplier"
2026-08-31,RM-046,"Fresh Kabasi Fish",171,kg,"Approved Industrial Supplier"
2026-01-01,RM-047,"Fresh Sapsap Fish",185,kg,"Approved Industrial Supplier"
2026-01-13,RM-047,"Fresh Sapsap Fish",163,kg,"Approved Industrial Supplier"
2026-01-25,RM-047,"Fresh Sapsap Fish",163,kg,"Approved Industrial Supplier"
2026-02-06,RM-047,"Fresh Sapsap Fish",181,kg,"Approved Industrial Supplier"
2026-02-18,RM-047,"Fresh Sapsap Fish",173,kg,"Approved Industrial Supplier"
2026-03-02,RM-047,"Fresh Sapsap Fish",185,kg,"Approved Industrial Supplier"
2026-03-14,RM-047,"Fresh Sapsap Fish",172,kg,"Approved Industrial Supplier"
2026-03-26,RM-047,"Fresh Sapsap Fish",175,kg,"Approved Industrial Supplier"
2026-04-07,RM-047,"Fresh Sapsap Fish",165,kg,"Approved Industrial Supplier"
2026-04-19,RM-047,"Fresh Sapsap Fish",181,kg,"Approved Industrial Supplier"
2026-05-01,RM-047,"Fresh Sapsap Fish",186,kg,"Approved Industrial Supplier"
2026-05-13,RM-047,"Fresh Sapsap Fish",181,kg,"Approved Industrial Supplier"
2026-05-25,RM-047,"Fresh Sapsap Fish",180,kg,"Approved Industrial Supplier"
2026-06-06,RM-047,"Fresh Sapsap Fish",170,kg,"Approved Industrial Supplier"
2026-06-18,RM-047,"Fresh Sapsap Fish",174,kg,"Approved Industrial Supplier"
2026-06-30,RM-047,"Fresh Sapsap Fish",171,kg,"Approved Industrial Supplier"
2026-07-12,RM-047,"Fresh Sapsap Fish",180,kg,"Approved Industrial Supplier"
2026-07-24,RM-047,"Fresh Sapsap Fish",160,kg,"Approved Industrial Supplier"
2026-08-05,RM-047,"Fresh Sapsap Fish",177,kg,"Approved Industrial Supplier"
2026-08-17,RM-047,"Fresh Sapsap Fish",168,kg,"Approved Industrial Supplier"
2026-08-29,RM-047,"Fresh Sapsap Fish",173,kg,"Approved Industrial Supplier"
2026-01-01,RM-048,"Cheese Seasoning Powder",62,kg,"Approved Industrial Supplier"
2026-01-14,RM-048,"Cheese Seasoning Powder",61,kg,"Approved Industrial Supplier"
2026-01-27,RM-048,"Cheese Seasoning Powder",57,kg,"Approved Industrial Supplier"
2026-02-09,RM-048,"Cheese Seasoning Powder",62,kg,"Approved Industrial Supplier"
2026-02-22,RM-048,"Cheese Seasoning Powder",62,kg,"Approved Industrial Supplier"
2026-03-07,RM-048,"Cheese Seasoning Powder",59,kg,"Approved Industrial Supplier"
2026-03-20,RM-048,"Cheese Seasoning Powder",56,kg,"Approved Industrial Supplier"
2026-04-02,RM-048,"Cheese Seasoning Powder",56,kg,"Approved Industrial Supplier"
2026-04-15,RM-048,"Cheese Seasoning Powder",58,kg,"Approved Industrial Supplier"
2026-04-28,RM-048,"Cheese Seasoning Powder",65,kg,"Approved Industrial Supplier"
2026-05-11,RM-048,"Cheese Seasoning Powder",56,kg,"Approved Industrial Supplier"
2026-05-24,RM-048,"Cheese Seasoning Powder",57,kg,"Approved Industrial Supplier"
2026-06-06,RM-048,"Cheese Seasoning Powder",56,kg,"Approved Industrial Supplier"
2026-06-19,RM-048,"Cheese Seasoning Powder",59,kg,"Approved Industrial Supplier"
2026-07-02,RM-048,"Cheese Seasoning Powder",63,kg,"Approved Industrial Supplier"
2026-07-15,RM-048,"Cheese Seasoning Powder",59,kg,"Approved Industrial Supplier"
2026-07-28,RM-048,"Cheese Seasoning Powder",66,kg,"Approved Industrial Supplier"
2026-08-10,RM-048,"Cheese Seasoning Powder",61,kg,"Approved Industrial Supplier"
2026-08-23,RM-048,"Cheese Seasoning Powder",61,kg,"Approved Industrial Supplier"
2026-01-01,RM-049,"Coarse Rock Salt",152,kg,"Approved Industrial Supplier"
2026-01-09,RM-049,"Coarse Rock Salt",139,kg,"Approved Industrial Supplier"
2026-01-17,RM-049,"Coarse Rock Salt",151,kg,"Approved Industrial Supplier"
2026-01-25,RM-049,"Coarse Rock Salt",140,kg,"Approved Industrial Supplier"
2026-02-02,RM-049,"Coarse Rock Salt",151,kg,"Approved Industrial Supplier"
2026-02-10,RM-049,"Coarse Rock Salt",157,kg,"Approved Industrial Supplier"
2026-02-18,RM-049,"Coarse Rock Salt",158,kg,"Approved Industrial Supplier"
2026-02-26,RM-049,"Coarse Rock Salt",143,kg,"Approved Industrial Supplier"
2026-03-06,RM-049,"Coarse Rock Salt",146,kg,"Approved Industrial Supplier"
2026-03-14,RM-049,"Coarse Rock Salt",146,kg,"Approved Industrial Supplier"
2026-03-22,RM-049,"Coarse Rock Salt",147,kg,"Approved Industrial Supplier"
2026-03-30,RM-049,"Coarse Rock Salt",156,kg,"Approved Industrial Supplier"
2026-04-07,RM-049,"Coarse Rock Salt",160,kg,"Approved Industrial Supplier"
2026-04-15,RM-049,"Coarse Rock Salt",151,kg,"Approved Industrial Supplier"
2026-04-23,RM-049,"Coarse Rock Salt",160,kg,"Approved Industrial Supplier"
2026-05-01,RM-049,"Coarse Rock Salt",151,kg,"Approved Industrial Supplier"
2026-05-09,RM-049,"Coarse Rock Salt",147,kg,"Approved Industrial Supplier"
2026-05-17,RM-049,"Coarse Rock Salt",140,kg,"Approved Industrial Supplier"
2026-05-25,RM-049,"Coarse Rock Salt",144,kg,"Approved Industrial Supplier"
2026-06-02,RM-049,"Coarse Rock Salt",157,kg,"Approved Industrial Supplier"
2026-06-10,RM-049,"Coarse Rock Salt",163,kg,"Approved Industrial Supplier"
2026-06-18,RM-049,"Coarse Rock Salt",147,kg,"Approved Industrial Supplier"
2026-06-26,RM-049,"Coarse Rock Salt",148,kg,"Approved Industrial Supplier"
2026-07-04,RM-049,"Coarse Rock Salt",163,kg,"Approved Industrial Supplier"
2026-07-12,RM-049,"Coarse Rock Salt",163,kg,"Approved Industrial Supplier"
2026-07-20,RM-049,"Coarse Rock Salt",164,kg,"Approved Industrial Supplier"
2026-07-28,RM-049,"Coarse Rock Salt",144,kg,"Approved Industrial Supplier"
2026-08-05,RM-049,"Coarse Rock Salt",140,kg,"Approved Industrial Supplier"
2026-08-13,RM-049,"Coarse Rock Salt",162,kg,"Approved Industrial Supplier"
2026-08-21,RM-049,"Coarse Rock Salt",153,kg,"Approved Industrial Supplier"
2026-08-29,RM-049,"Coarse Rock Salt",158,kg,"Approved Industrial Supplier"
2026-01-01,RM-050,"Iodized Salt",106,kg,"Approved Industrial Supplier"
2026-01-10,RM-050,"Iodized Salt",100,kg,"Approved Industrial Supplier"
2026-01-19,RM-050,"Iodized Salt",103,kg,"Approved Industrial Supplier"
2026-01-28,RM-050,"Iodized Salt",106,kg,"Approved Industrial Supplier"
2026-02-06,RM-050,"Iodized Salt",106,kg,"Approved Industrial Supplier"
2026-02-15,RM-050,"Iodized Salt",104,kg,"Approved Industrial Supplier"
2026-02-24,RM-050,"Iodized Salt",100,kg,"Approved Industrial Supplier"
2026-03-05,RM-050,"Iodized Salt",95,kg,"Approved Industrial Supplier"
2026-03-14,RM-050,"Iodized Salt",109,kg,"Approved Industrial Supplier"
2026-03-23,RM-050,"Iodized Salt",103,kg,"Approved Industrial Supplier"
2026-04-01,RM-050,"Iodized Salt",101,kg,"Approved Industrial Supplier"
2026-04-10,RM-050,"Iodized Salt",100,kg,"Approved Industrial Supplier"
2026-04-19,RM-050,"Iodized Salt",93,kg,"Approved Industrial Supplier"
2026-04-28,RM-050,"Iodized Salt",104,kg,"Approved Industrial Supplier"
2026-05-07,RM-050,"Iodized Salt",103,kg,"Approved Industrial Supplier"
2026-05-16,RM-050,"Iodized Salt",94,kg,"Approved Industrial Supplier"
2026-05-25,RM-050,"Iodized Salt",95,kg,"Approved Industrial Supplier"
2026-06-03,RM-050,"Iodized Salt",102,kg,"Approved Industrial Supplier"
2026-06-12,RM-050,"Iodized Salt",97,kg,"Approved Industrial Supplier"
2026-06-21,RM-050,"Iodized Salt",110,kg,"Approved Industrial Supplier"
2026-06-30,RM-050,"Iodized Salt",107,kg,"Approved Industrial Supplier"
2026-07-09,RM-050,"Iodized Salt",102,kg,"Approved Industrial Supplier"
2026-07-18,RM-050,"Iodized Salt",100,kg,"Approved Industrial Supplier"
2026-07-27,RM-050,"Iodized Salt",97,kg,"Approved Industrial Supplier"
2026-08-05,RM-050,"Iodized Salt",104,kg,"Approved Industrial Supplier"
2026-08-14,RM-050,"Iodized Salt",101,kg,"Approved Industrial Supplier"
2026-08-23,RM-050,"Iodized Salt",93,kg,"Approved Industrial Supplier"
2026-09-01,RM-050,"Iodized Salt",99,kg,"Approved Industrial Supplier"
2026-01-01,RM-051,"Dried Bay Leaves (Laurel)",26,kg,"Approved Industrial Supplier"
2026-01-11,RM-051,"Dried Bay Leaves (Laurel)",24,kg,"Approved Industrial Supplier"
2026-01-21,RM-051,"Dried Bay Leaves (Laurel)",27,kg,"Approved Industrial Supplier"
2026-01-31,RM-051,"Dried Bay Leaves (Laurel)",25,kg,"Approved Industrial Supplier"
2026-02-10,RM-051,"Dried Bay Leaves (Laurel)",26,kg,"Approved Industrial Supplier"
2026-02-20,RM-051,"Dried Bay Leaves (Laurel)",27,kg,"Approved Industrial Supplier"
2026-03-02,RM-051,"Dried Bay Leaves (Laurel)",27,kg,"Approved Industrial Supplier"
2026-03-12,RM-051,"Dried Bay Leaves (Laurel)",23,kg,"Approved Industrial Supplier"
2026-03-22,RM-051,"Dried Bay Leaves (Laurel)",25,kg,"Approved Industrial Supplier"
2026-04-01,RM-051,"Dried Bay Leaves (Laurel)",24,kg,"Approved Industrial Supplier"
2026-04-11,RM-051,"Dried Bay Leaves (Laurel)",25,kg,"Approved Industrial Supplier"
2026-04-21,RM-051,"Dried Bay Leaves (Laurel)",27,kg,"Approved Industrial Supplier"
2026-05-01,RM-051,"Dried Bay Leaves (Laurel)",26,kg,"Approved Industrial Supplier"
2026-05-11,RM-051,"Dried Bay Leaves (Laurel)",26,kg,"Approved Industrial Supplier"
2026-05-21,RM-051,"Dried Bay Leaves (Laurel)",27,kg,"Approved Industrial Supplier"
2026-05-31,RM-051,"Dried Bay Leaves (Laurel)",27,kg,"Approved Industrial Supplier"
2026-06-10,RM-051,"Dried Bay Leaves (Laurel)",26,kg,"Approved Industrial Supplier"
2026-06-20,RM-051,"Dried Bay Leaves (Laurel)",24,kg,"Approved Industrial Supplier"
2026-06-30,RM-051,"Dried Bay Leaves (Laurel)",26,kg,"Approved Industrial Supplier"
2026-07-10,RM-051,"Dried Bay Leaves (Laurel)",24,kg,"Approved Industrial Supplier"
2026-07-20,RM-051,"Dried Bay Leaves (Laurel)",26,kg,"Approved Industrial Supplier"
2026-07-30,RM-051,"Dried Bay Leaves (Laurel)",27,kg,"Approved Industrial Supplier"
2026-08-09,RM-051,"Dried Bay Leaves (Laurel)",24,kg,"Approved Industrial Supplier"
2026-08-19,RM-051,"Dried Bay Leaves (Laurel)",24,kg,"Approved Industrial Supplier"
2026-08-29,RM-051,"Dried Bay Leaves (Laurel)",23,kg,"Approved Industrial Supplier"
2026-01-01,RM-052,"Dried Red Chili Flakes",41,kg,"Approved Industrial Supplier"
2026-01-12,RM-052,"Dried Red Chili Flakes",39,kg,"Approved Industrial Supplier"
2026-01-23,RM-052,"Dried Red Chili Flakes",39,kg,"Approved Industrial Supplier"
2026-02-03,RM-052,"Dried Red Chili Flakes",39,kg,"Approved Industrial Supplier"
2026-02-14,RM-052,"Dried Red Chili Flakes",37,kg,"Approved Industrial Supplier"
2026-02-25,RM-052,"Dried Red Chili Flakes",41,kg,"Approved Industrial Supplier"
2026-03-08,RM-052,"Dried Red Chili Flakes",42,kg,"Approved Industrial Supplier"
2026-03-19,RM-052,"Dried Red Chili Flakes",41,kg,"Approved Industrial Supplier"
2026-03-30,RM-052,"Dried Red Chili Flakes",42,kg,"Approved Industrial Supplier"
2026-04-10,RM-052,"Dried Red Chili Flakes",42,kg,"Approved Industrial Supplier"
2026-04-21,RM-052,"Dried Red Chili Flakes",38,kg,"Approved Industrial Supplier"
2026-05-02,RM-052,"Dried Red Chili Flakes",43,kg,"Approved Industrial Supplier"
2026-05-13,RM-052,"Dried Red Chili Flakes",38,kg,"Approved Industrial Supplier"
2026-05-24,RM-052,"Dried Red Chili Flakes",44,kg,"Approved Industrial Supplier"
2026-06-04,RM-052,"Dried Red Chili Flakes",42,kg,"Approved Industrial Supplier"
2026-06-15,RM-052,"Dried Red Chili Flakes",39,kg,"Approved Industrial Supplier"
2026-06-26,RM-052,"Dried Red Chili Flakes",40,kg,"Approved Industrial Supplier"
2026-07-07,RM-052,"Dried Red Chili Flakes",37,kg,"Approved Industrial Supplier"
2026-07-18,RM-052,"Dried Red Chili Flakes",39,kg,"Approved Industrial Supplier"
2026-07-29,RM-052,"Dried Red Chili Flakes",39,kg,"Approved Industrial Supplier"
2026-08-09,RM-052,"Dried Red Chili Flakes",37,kg,"Approved Industrial Supplier"
2026-08-20,RM-052,"Dried Red Chili Flakes",43,kg,"Approved Industrial Supplier"
2026-08-31,RM-052,"Dried Red Chili Flakes",38,kg,"Approved Industrial Supplier"
2026-01-01,RM-053,"Garlic Powder",61,kg,"Approved Industrial Supplier"
2026-01-13,RM-053,"Garlic Powder",59,kg,"Approved Industrial Supplier"
2026-01-25,RM-053,"Garlic Powder",62,kg,"Approved Industrial Supplier"
2026-02-06,RM-053,"Garlic Powder",56,kg,"Approved Industrial Supplier"
2026-02-18,RM-053,"Garlic Powder",61,kg,"Approved Industrial Supplier"
2026-03-02,RM-053,"Garlic Powder",60,kg,"Approved Industrial Supplier"
2026-03-14,RM-053,"Garlic Powder",62,kg,"Approved Industrial Supplier"
2026-03-26,RM-053,"Garlic Powder",59,kg,"Approved Industrial Supplier"
2026-04-07,RM-053,"Garlic Powder",63,kg,"Approved Industrial Supplier"
2026-04-19,RM-053,"Garlic Powder",56,kg,"Approved Industrial Supplier"
2026-05-01,RM-053,"Garlic Powder",65,kg,"Approved Industrial Supplier"
2026-05-13,RM-053,"Garlic Powder",58,kg,"Approved Industrial Supplier"
2026-05-25,RM-053,"Garlic Powder",58,kg,"Approved Industrial Supplier"
2026-06-06,RM-053,"Garlic Powder",62,kg,"Approved Industrial Supplier"
2026-06-18,RM-053,"Garlic Powder",59,kg,"Approved Industrial Supplier"
2026-06-30,RM-053,"Garlic Powder",61,kg,"Approved Industrial Supplier"
2026-07-12,RM-053,"Garlic Powder",59,kg,"Approved Industrial Supplier"
2026-07-24,RM-053,"Garlic Powder",64,kg,"Approved Industrial Supplier"
2026-08-05,RM-053,"Garlic Powder",57,kg,"Approved Industrial Supplier"
2026-08-17,RM-053,"Garlic Powder",60,kg,"Approved Industrial Supplier"
2026-08-29,RM-053,"Garlic Powder",59,kg,"Approved Industrial Supplier"
2026-01-01,RM-054,"Ground Black Pepper",51,kg,"Approved Industrial Supplier"
2026-01-14,RM-054,"Ground Black Pepper",53,kg,"Approved Industrial Supplier"
2026-01-27,RM-054,"Ground Black Pepper",52,kg,"Approved Industrial Supplier"
2026-02-09,RM-054,"Ground Black Pepper",52,kg,"Approved Industrial Supplier"
2026-02-22,RM-054,"Ground Black Pepper",48,kg,"Approved Industrial Supplier"
2026-03-07,RM-054,"Ground Black Pepper",46,kg,"Approved Industrial Supplier"
2026-03-20,RM-054,"Ground Black Pepper",53,kg,"Approved Industrial Supplier"
2026-04-02,RM-054,"Ground Black Pepper",54,kg,"Approved Industrial Supplier"
2026-04-15,RM-054,"Ground Black Pepper",54,kg,"Approved Industrial Supplier"
2026-04-28,RM-054,"Ground Black Pepper",53,kg,"Approved Industrial Supplier"
2026-05-11,RM-054,"Ground Black Pepper",50,kg,"Approved Industrial Supplier"
2026-05-24,RM-054,"Ground Black Pepper",50,kg,"Approved Industrial Supplier"
2026-06-06,RM-054,"Ground Black Pepper",49,kg,"Approved Industrial Supplier"
2026-06-19,RM-054,"Ground Black Pepper",53,kg,"Approved Industrial Supplier"
2026-07-02,RM-054,"Ground Black Pepper",49,kg,"Approved Industrial Supplier"
2026-07-15,RM-054,"Ground Black Pepper",54,kg,"Approved Industrial Supplier"
2026-07-28,RM-054,"Ground Black Pepper",54,kg,"Approved Industrial Supplier"
2026-08-10,RM-054,"Ground Black Pepper",51,kg,"Approved Industrial Supplier"
2026-08-23,RM-054,"Ground Black Pepper",53,kg,"Approved Industrial Supplier"
2026-01-01,RM-055,"White Pepper Powder",44,kg,"Approved Industrial Supplier"
2026-01-09,RM-055,"White Pepper Powder",41,kg,"Approved Industrial Supplier"
2026-01-17,RM-055,"White Pepper Powder",38,kg,"Approved Industrial Supplier"
2026-01-25,RM-055,"White Pepper Powder",42,kg,"Approved Industrial Supplier"
2026-02-02,RM-055,"White Pepper Powder",41,kg,"Approved Industrial Supplier"
2026-02-10,RM-055,"White Pepper Powder",40,kg,"Approved Industrial Supplier"
2026-02-18,RM-055,"White Pepper Powder",39,kg,"Approved Industrial Supplier"
2026-02-26,RM-055,"White Pepper Powder",37,kg,"Approved Industrial Supplier"
2026-03-06,RM-055,"White Pepper Powder",42,kg,"Approved Industrial Supplier"
2026-03-14,RM-055,"White Pepper Powder",40,kg,"Approved Industrial Supplier"
2026-03-22,RM-055,"White Pepper Powder",38,kg,"Approved Industrial Supplier"
2026-03-30,RM-055,"White Pepper Powder",38,kg,"Approved Industrial Supplier"
2026-04-07,RM-055,"White Pepper Powder",44,kg,"Approved Industrial Supplier"
2026-04-15,RM-055,"White Pepper Powder",39,kg,"Approved Industrial Supplier"
2026-04-23,RM-055,"White Pepper Powder",37,kg,"Approved Industrial Supplier"
2026-05-01,RM-055,"White Pepper Powder",42,kg,"Approved Industrial Supplier"
2026-05-09,RM-055,"White Pepper Powder",38,kg,"Approved Industrial Supplier"
2026-05-17,RM-055,"White Pepper Powder",37,kg,"Approved Industrial Supplier"
2026-05-25,RM-055,"White Pepper Powder",44,kg,"Approved Industrial Supplier"
2026-06-02,RM-055,"White Pepper Powder",44,kg,"Approved Industrial Supplier"
2026-06-10,RM-055,"White Pepper Powder",38,kg,"Approved Industrial Supplier"
2026-06-18,RM-055,"White Pepper Powder",37,kg,"Approved Industrial Supplier"
2026-06-26,RM-055,"White Pepper Powder",41,kg,"Approved Industrial Supplier"
2026-07-04,RM-055,"White Pepper Powder",42,kg,"Approved Industrial Supplier"
2026-07-12,RM-055,"White Pepper Powder",38,kg,"Approved Industrial Supplier"
2026-07-20,RM-055,"White Pepper Powder",37,kg,"Approved Industrial Supplier"
2026-07-28,RM-055,"White Pepper Powder",41,kg,"Approved Industrial Supplier"
2026-08-05,RM-055,"White Pepper Powder",40,kg,"Approved Industrial Supplier"
2026-08-13,RM-055,"White Pepper Powder",37,kg,"Approved Industrial Supplier"
2026-08-21,RM-055,"White Pepper Powder",39,kg,"Approved Industrial Supplier"
2026-08-29,RM-055,"White Pepper Powder",42,kg,"Approved Industrial Supplier"
2026-01-01,RM-056,"Whole Black Peppercorns",58,kg,"Approved Industrial Supplier"
2026-01-10,RM-056,"Whole Black Peppercorns",62,kg,"Approved Industrial Supplier"
2026-01-19,RM-056,"Whole Black Peppercorns",56,kg,"Approved Industrial Supplier"
2026-01-28,RM-056,"Whole Black Peppercorns",56,kg,"Approved Industrial Supplier"
2026-02-06,RM-056,"Whole Black Peppercorns",61,kg,"Approved Industrial Supplier"
2026-02-15,RM-056,"Whole Black Peppercorns",57,kg,"Approved Industrial Supplier"
2026-02-24,RM-056,"Whole Black Peppercorns",61,kg,"Approved Industrial Supplier"
2026-03-05,RM-056,"Whole Black Peppercorns",65,kg,"Approved Industrial Supplier"
2026-03-14,RM-056,"Whole Black Peppercorns",65,kg,"Approved Industrial Supplier"
2026-03-23,RM-056,"Whole Black Peppercorns",61,kg,"Approved Industrial Supplier"
2026-04-01,RM-056,"Whole Black Peppercorns",59,kg,"Approved Industrial Supplier"
2026-04-10,RM-056,"Whole Black Peppercorns",63,kg,"Approved Industrial Supplier"
2026-04-19,RM-056,"Whole Black Peppercorns",56,kg,"Approved Industrial Supplier"
2026-04-28,RM-056,"Whole Black Peppercorns",58,kg,"Approved Industrial Supplier"
2026-05-07,RM-056,"Whole Black Peppercorns",56,kg,"Approved Industrial Supplier"
2026-05-16,RM-056,"Whole Black Peppercorns",64,kg,"Approved Industrial Supplier"
2026-05-25,RM-056,"Whole Black Peppercorns",60,kg,"Approved Industrial Supplier"
2026-06-03,RM-056,"Whole Black Peppercorns",60,kg,"Approved Industrial Supplier"
2026-06-12,RM-056,"Whole Black Peppercorns",60,kg,"Approved Industrial Supplier"
2026-06-21,RM-056,"Whole Black Peppercorns",65,kg,"Approved Industrial Supplier"
2026-06-30,RM-056,"Whole Black Peppercorns",57,kg,"Approved Industrial Supplier"
2026-07-09,RM-056,"Whole Black Peppercorns",65,kg,"Approved Industrial Supplier"
2026-07-18,RM-056,"Whole Black Peppercorns",58,kg,"Approved Industrial Supplier"
2026-07-27,RM-056,"Whole Black Peppercorns",60,kg,"Approved Industrial Supplier"
2026-08-05,RM-056,"Whole Black Peppercorns",62,kg,"Approved Industrial Supplier"
2026-08-14,RM-056,"Whole Black Peppercorns",65,kg,"Approved Industrial Supplier"
2026-08-23,RM-056,"Whole Black Peppercorns",60,kg,"Approved Industrial Supplier"
2026-09-01,RM-056,"Whole Black Peppercorns",65,kg,"Approved Industrial Supplier"
2026-01-01,RM-057,"Muscovado Brown Sugar",227,kg,"Approved Industrial Supplier"
2026-01-11,RM-057,"Muscovado Brown Sugar",229,kg,"Approved Industrial Supplier"
2026-01-21,RM-057,"Muscovado Brown Sugar",238,kg,"Approved Industrial Supplier"
2026-01-31,RM-057,"Muscovado Brown Sugar",247,kg,"Approved Industrial Supplier"
2026-02-10,RM-057,"Muscovado Brown Sugar",259,kg,"Approved Industrial Supplier"
2026-02-20,RM-057,"Muscovado Brown Sugar",225,kg,"Approved Industrial Supplier"
2026-03-02,RM-057,"Muscovado Brown Sugar",247,kg,"Approved Industrial Supplier"
2026-03-12,RM-057,"Muscovado Brown Sugar",231,kg,"Approved Industrial Supplier"
2026-03-22,RM-057,"Muscovado Brown Sugar",264,kg,"Approved Industrial Supplier"
2026-04-01,RM-057,"Muscovado Brown Sugar",242,kg,"Approved Industrial Supplier"
2026-04-11,RM-057,"Muscovado Brown Sugar",259,kg,"Approved Industrial Supplier"
2026-04-21,RM-057,"Muscovado Brown Sugar",261,kg,"Approved Industrial Supplier"
2026-05-01,RM-057,"Muscovado Brown Sugar",260,kg,"Approved Industrial Supplier"
2026-05-11,RM-057,"Muscovado Brown Sugar",241,kg,"Approved Industrial Supplier"
2026-05-21,RM-057,"Muscovado Brown Sugar",259,kg,"Approved Industrial Supplier"
2026-05-31,RM-057,"Muscovado Brown Sugar",250,kg,"Approved Industrial Supplier"
2026-06-10,RM-057,"Muscovado Brown Sugar",241,kg,"Approved Industrial Supplier"
2026-06-20,RM-057,"Muscovado Brown Sugar",237,kg,"Approved Industrial Supplier"
2026-06-30,RM-057,"Muscovado Brown Sugar",252,kg,"Approved Industrial Supplier"
2026-07-10,RM-057,"Muscovado Brown Sugar",249,kg,"Approved Industrial Supplier"
2026-07-20,RM-057,"Muscovado Brown Sugar",259,kg,"Approved Industrial Supplier"
2026-07-30,RM-057,"Muscovado Brown Sugar",241,kg,"Approved Industrial Supplier"
2026-08-09,RM-057,"Muscovado Brown Sugar",254,kg,"Approved Industrial Supplier"
2026-08-19,RM-057,"Muscovado Brown Sugar",221,kg,"Approved Industrial Supplier"
2026-08-29,RM-057,"Muscovado Brown Sugar",245,kg,"Approved Industrial Supplier"
2026-01-01,RM-058,"Panutsa Cane Sugar",190,kg,"Approved Industrial Supplier"
2026-01-12,RM-058,"Panutsa Cane Sugar",181,kg,"Approved Industrial Supplier"
2026-01-23,RM-058,"Panutsa Cane Sugar",195,kg,"Approved Industrial Supplier"
2026-02-03,RM-058,"Panutsa Cane Sugar",181,kg,"Approved Industrial Supplier"
2026-02-14,RM-058,"Panutsa Cane Sugar",179,kg,"Approved Industrial Supplier"
2026-02-25,RM-058,"Panutsa Cane Sugar",185,kg,"Approved Industrial Supplier"
2026-03-08,RM-058,"Panutsa Cane Sugar",185,kg,"Approved Industrial Supplier"
2026-03-19,RM-058,"Panutsa Cane Sugar",195,kg,"Approved Industrial Supplier"
2026-03-30,RM-058,"Panutsa Cane Sugar",196,kg,"Approved Industrial Supplier"
2026-04-10,RM-058,"Panutsa Cane Sugar",196,kg,"Approved Industrial Supplier"
2026-04-21,RM-058,"Panutsa Cane Sugar",201,kg,"Approved Industrial Supplier"
2026-05-02,RM-058,"Panutsa Cane Sugar",191,kg,"Approved Industrial Supplier"
2026-05-13,RM-058,"Panutsa Cane Sugar",182,kg,"Approved Industrial Supplier"
2026-05-24,RM-058,"Panutsa Cane Sugar",204,kg,"Approved Industrial Supplier"
2026-06-04,RM-058,"Panutsa Cane Sugar",184,kg,"Approved Industrial Supplier"
2026-06-15,RM-058,"Panutsa Cane Sugar",199,kg,"Approved Industrial Supplier"
2026-06-26,RM-058,"Panutsa Cane Sugar",196,kg,"Approved Industrial Supplier"
2026-07-07,RM-058,"Panutsa Cane Sugar",178,kg,"Approved Industrial Supplier"
2026-07-18,RM-058,"Panutsa Cane Sugar",183,kg,"Approved Industrial Supplier"
2026-07-29,RM-058,"Panutsa Cane Sugar",192,kg,"Approved Industrial Supplier"
2026-08-09,RM-058,"Panutsa Cane Sugar",190,kg,"Approved Industrial Supplier"
2026-08-20,RM-058,"Panutsa Cane Sugar",178,kg,"Approved Industrial Supplier"
2026-08-31,RM-058,"Panutsa Cane Sugar",204,kg,"Approved Industrial Supplier"
2026-01-01,RM-059,"Refined White Sugar",442,kg,"Approved Industrial Supplier"
2026-01-13,RM-059,"Refined White Sugar",453,kg,"Approved Industrial Supplier"
2026-01-25,RM-059,"Refined White Sugar",518,kg,"Approved Industrial Supplier"
2026-02-06,RM-059,"Refined White Sugar",467,kg,"Approved Industrial Supplier"
2026-02-18,RM-059,"Refined White Sugar",455,kg,"Approved Industrial Supplier"
2026-03-02,RM-059,"Refined White Sugar",484,kg,"Approved Industrial Supplier"
2026-03-14,RM-059,"Refined White Sugar",511,kg,"Approved Industrial Supplier"
2026-03-26,RM-059,"Refined White Sugar",451,kg,"Approved Industrial Supplier"
2026-04-07,RM-059,"Refined White Sugar",453,kg,"Approved Industrial Supplier"
2026-04-19,RM-059,"Refined White Sugar",495,kg,"Approved Industrial Supplier"
2026-05-01,RM-059,"Refined White Sugar",523,kg,"Approved Industrial Supplier"
2026-05-13,RM-059,"Refined White Sugar",518,kg,"Approved Industrial Supplier"
2026-05-25,RM-059,"Refined White Sugar",526,kg,"Approved Industrial Supplier"
2026-06-06,RM-059,"Refined White Sugar",498,kg,"Approved Industrial Supplier"
2026-06-18,RM-059,"Refined White Sugar",481,kg,"Approved Industrial Supplier"
2026-06-30,RM-059,"Refined White Sugar",524,kg,"Approved Industrial Supplier"
2026-07-12,RM-059,"Refined White Sugar",507,kg,"Approved Industrial Supplier"
2026-07-24,RM-059,"Refined White Sugar",504,kg,"Approved Industrial Supplier"
2026-08-05,RM-059,"Refined White Sugar",486,kg,"Approved Industrial Supplier"
2026-08-17,RM-059,"Refined White Sugar",528,kg,"Approved Industrial Supplier"
2026-08-29,RM-059,"Refined White Sugar",467,kg,"Approved Industrial Supplier"